ISO-10303-21;
HEADER;
FILE_DESCRIPTION((''),'2;1');
FILE_NAME('R30-100','2025-06-16T16:28:34',('wpreston'),(''),
'CREO PARAMETRIC BY PTC INC, 2022484','CREO PARAMETRIC BY PTC INC, 2022484','');
FILE_SCHEMA((
'AP242_MANAGED_MODEL_BASED_3D_ENGINEERING_MIM_LF { 1 0 10303 442 1 1 4 }'));
ENDSEC;
DATA;
#21=DIRECTION('',(5.E-1,8.660254037844E-1,0.E0));
#22=VECTOR('',#21,2.886751345948E0);
#23=CARTESIAN_POINT('',(-2.886751345948E0,0.E0,0.E0));
#24=LINE('',#23,#22);
#25=DRAUGHTING_PRE_DEFINED_CURVE_FONT('continuous');
#26=CURVE_STYLE('',#25,POSITIVE_LENGTH_MEASURE(2.E-2),#13);
#27=PRESENTATION_STYLE_ASSIGNMENT((#26));
#28=STYLED_ITEM('',(#27),#24);
#29=DIRECTION('',(1.E0,0.E0,0.E0));
#30=VECTOR('',#29,2.886751345948E0);
#31=CARTESIAN_POINT('',(-1.443375672974E0,2.5E0,0.E0));
#32=LINE('',#31,#30);
#33=CURVE_STYLE('',#25,POSITIVE_LENGTH_MEASURE(2.E-2),#13);
#34=PRESENTATION_STYLE_ASSIGNMENT((#33));
#35=STYLED_ITEM('',(#34),#32);
#36=DIRECTION('',(5.E-1,-8.660254037844E-1,0.E0));
#37=VECTOR('',#36,2.886751345948E0);
#38=CARTESIAN_POINT('',(1.443375672974E0,2.5E0,0.E0));
#39=LINE('',#38,#37);
#40=CURVE_STYLE('',#25,POSITIVE_LENGTH_MEASURE(2.E-2),#13);
#41=PRESENTATION_STYLE_ASSIGNMENT((#40));
#42=STYLED_ITEM('',(#41),#39);
#43=DIRECTION('',(-5.E-1,-8.660254037844E-1,0.E0));
#44=VECTOR('',#43,2.886751345948E0);
#45=CARTESIAN_POINT('',(2.886751345948E0,0.E0,0.E0));
#46=LINE('',#45,#44);
#47=CURVE_STYLE('',#25,POSITIVE_LENGTH_MEASURE(2.E-2),#13);
#48=PRESENTATION_STYLE_ASSIGNMENT((#47));
#49=STYLED_ITEM('',(#48),#46);
#50=DIRECTION('',(-1.E0,0.E0,0.E0));
#51=VECTOR('',#50,2.886751345948E0);
#52=CARTESIAN_POINT('',(1.443375672974E0,-2.5E0,0.E0));
#53=LINE('',#52,#51);
#54=CURVE_STYLE('',#25,POSITIVE_LENGTH_MEASURE(2.E-2),#13);
#55=PRESENTATION_STYLE_ASSIGNMENT((#54));
#56=STYLED_ITEM('',(#55),#53);
#57=DIRECTION('',(-5.E-1,8.660254037844E-1,0.E0));
#58=VECTOR('',#57,2.886751345948E0);
#59=CARTESIAN_POINT('',(-1.443375672974E0,-2.5E0,0.E0));
#60=LINE('',#59,#58);
#61=CURVE_STYLE('',#25,POSITIVE_LENGTH_MEASURE(2.E-2),#13);
#62=PRESENTATION_STYLE_ASSIGNMENT((#61));
#63=STYLED_ITEM('',(#62),#60);
#64=CARTESIAN_POINT('',(0.E0,0.E0,0.E0));
#65=DIRECTION('',(0.E0,0.E0,-1.E0));
#66=DIRECTION('',(-1.E0,0.E0,0.E0));
#67=AXIS2_PLACEMENT_3D('',#64,#65,#66);
#69=CURVE_STYLE('',#25,POSITIVE_LENGTH_MEASURE(2.E-2),#13);
#70=PRESENTATION_STYLE_ASSIGNMENT((#69));
#71=STYLED_ITEM('',(#70),#68);
#72=CARTESIAN_POINT('',(0.E0,0.E0,0.E0));
#73=DIRECTION('',(0.E0,0.E0,-1.E0));
#74=DIRECTION('',(1.E0,0.E0,0.E0));
#75=AXIS2_PLACEMENT_3D('',#72,#73,#74);
#77=CURVE_STYLE('',#25,POSITIVE_LENGTH_MEASURE(2.E-2),#13);
#78=PRESENTATION_STYLE_ASSIGNMENT((#77));
#79=STYLED_ITEM('',(#78),#76);
#80=DIRECTION('',(0.E0,0.E0,-1.E0));
#81=VECTOR('',#80,8.E0);
#82=CARTESIAN_POINT('',(-2.886751345948E0,0.E0,0.E0));
#83=LINE('',#82,#81);
#84=CURVE_STYLE('',#25,POSITIVE_LENGTH_MEASURE(2.E-2),#13);
#85=PRESENTATION_STYLE_ASSIGNMENT((#84));
#86=STYLED_ITEM('',(#85),#83);
#87=DIRECTION('',(0.E0,0.E0,-1.E0));
#88=VECTOR('',#87,8.E0);
#89=CARTESIAN_POINT('',(-1.443375672974E0,-2.5E0,0.E0));
#90=LINE('',#89,#88);
#91=CURVE_STYLE('',#25,POSITIVE_LENGTH_MEASURE(2.E-2),#13);
#92=PRESENTATION_STYLE_ASSIGNMENT((#91));
#93=STYLED_ITEM('',(#92),#90);
#94=DIRECTION('',(0.E0,0.E0,-1.E0));
#95=VECTOR('',#94,8.E0);
#96=CARTESIAN_POINT('',(1.443375672974E0,-2.5E0,0.E0));
#97=LINE('',#96,#95);
#98=CURVE_STYLE('',#25,POSITIVE_LENGTH_MEASURE(2.E-2),#13);
#99=PRESENTATION_STYLE_ASSIGNMENT((#98));
#100=STYLED_ITEM('',(#99),#97);
#101=DIRECTION('',(0.E0,0.E0,-1.E0));
#102=VECTOR('',#101,8.E0);
#103=CARTESIAN_POINT('',(2.886751345948E0,0.E0,0.E0));
#104=LINE('',#103,#102);
#105=CURVE_STYLE('',#25,POSITIVE_LENGTH_MEASURE(2.E-2),#13);
#106=PRESENTATION_STYLE_ASSIGNMENT((#105));
#107=STYLED_ITEM('',(#106),#104);
#108=DIRECTION('',(0.E0,0.E0,-1.E0));
#109=VECTOR('',#108,8.E0);
#110=CARTESIAN_POINT('',(1.443375672974E0,2.5E0,0.E0));
#111=LINE('',#110,#109);
#112=CURVE_STYLE('',#25,POSITIVE_LENGTH_MEASURE(2.E-2),#13);
#113=PRESENTATION_STYLE_ASSIGNMENT((#112));
#114=STYLED_ITEM('',(#113),#111);
#115=DIRECTION('',(0.E0,0.E0,-1.E0));
#116=VECTOR('',#115,8.E0);
#117=CARTESIAN_POINT('',(-1.443375672974E0,2.5E0,0.E0));
#118=LINE('',#117,#116);
#119=CURVE_STYLE('',#25,POSITIVE_LENGTH_MEASURE(2.E-2),#13);
#120=PRESENTATION_STYLE_ASSIGNMENT((#119));
#121=STYLED_ITEM('',(#120),#118);
#122=DIRECTION('',(5.E-1,8.660254037844E-1,0.E0));
#123=VECTOR('',#122,2.886751345948E0);
#124=CARTESIAN_POINT('',(-2.886751345948E0,0.E0,-8.E0));
#125=LINE('',#124,#123);
#126=CURVE_STYLE('',#25,POSITIVE_LENGTH_MEASURE(2.E-2),#13);
#127=PRESENTATION_STYLE_ASSIGNMENT((#126));
#128=STYLED_ITEM('',(#127),#125);
#129=DIRECTION('',(-5.E-1,8.660254037844E-1,0.E0));
#130=VECTOR('',#129,2.886751345948E0);
#131=CARTESIAN_POINT('',(-1.443375672974E0,-2.5E0,-8.E0));
#132=LINE('',#131,#130);
#133=CURVE_STYLE('',#25,POSITIVE_LENGTH_MEASURE(2.E-2),#13);
#134=PRESENTATION_STYLE_ASSIGNMENT((#133));
#135=STYLED_ITEM('',(#134),#132);
#136=DIRECTION('',(-1.E0,0.E0,0.E0));
#137=VECTOR('',#136,2.886751345948E0);
#138=CARTESIAN_POINT('',(1.443375672974E0,-2.5E0,-8.E0));
#139=LINE('',#138,#137);
#140=CURVE_STYLE('',#25,POSITIVE_LENGTH_MEASURE(2.E-2),#13);
#141=PRESENTATION_STYLE_ASSIGNMENT((#140));
#142=STYLED_ITEM('',(#141),#139);
#143=DIRECTION('',(-5.E-1,-8.660254037844E-1,0.E0));
#144=VECTOR('',#143,2.886751345948E0);
#145=CARTESIAN_POINT('',(2.886751345948E0,0.E0,-8.E0));
#146=LINE('',#145,#144);
#147=CURVE_STYLE('',#25,POSITIVE_LENGTH_MEASURE(2.E-2),#13);
#148=PRESENTATION_STYLE_ASSIGNMENT((#147));
#149=STYLED_ITEM('',(#148),#146);
#150=DIRECTION('',(5.E-1,-8.660254037844E-1,0.E0));
#151=VECTOR('',#150,2.886751345948E0);
#152=CARTESIAN_POINT('',(1.443375672974E0,2.5E0,-8.E0));
#153=LINE('',#152,#151);
#154=CURVE_STYLE('',#25,POSITIVE_LENGTH_MEASURE(2.E-2),#13);
#155=PRESENTATION_STYLE_ASSIGNMENT((#154));
#156=STYLED_ITEM('',(#155),#153);
#157=DIRECTION('',(1.E0,0.E0,0.E0));
#158=VECTOR('',#157,2.886751345948E0);
#159=CARTESIAN_POINT('',(-1.443375672974E0,2.5E0,-8.E0));
#160=LINE('',#159,#158);
#161=CURVE_STYLE('',#25,POSITIVE_LENGTH_MEASURE(2.E-2),#13);
#162=PRESENTATION_STYLE_ASSIGNMENT((#161));
#163=STYLED_ITEM('',(#162),#160);
#164=CARTESIAN_POINT('',(0.E0,0.E0,-8.E0));
#165=DIRECTION('',(0.E0,0.E0,-1.E0));
#166=DIRECTION('',(-1.E0,0.E0,0.E0));
#167=AXIS2_PLACEMENT_3D('',#164,#165,#166);
#169=CURVE_STYLE('',#25,POSITIVE_LENGTH_MEASURE(2.E-2),#13);
#170=PRESENTATION_STYLE_ASSIGNMENT((#169));
#171=STYLED_ITEM('',(#170),#168);
#172=CARTESIAN_POINT('',(0.E0,0.E0,-8.E0));
#173=DIRECTION('',(0.E0,0.E0,-1.E0));
#174=DIRECTION('',(1.E0,0.E0,0.E0));
#175=AXIS2_PLACEMENT_3D('',#172,#173,#174);
#177=CURVE_STYLE('',#25,POSITIVE_LENGTH_MEASURE(2.E-2),#13);
#178=PRESENTATION_STYLE_ASSIGNMENT((#177));
#179=STYLED_ITEM('',(#178),#176);
#180=CARTESIAN_POINT('',(1.196305009678E0,9.049056988540E-1,-7.75E0));
#181=CARTESIAN_POINT('',(1.144753101233E0,9.684970460574E-1,-7.747248244101E0));
#182=CARTESIAN_POINT('',(1.031444180742E0,1.087016930345E0,-7.741740198911E0));
#183=CARTESIAN_POINT('',(8.342776044596E-1,1.234669368886E0,-7.733419138791E0));
#184=CARTESIAN_POINT('',(6.188098624475E-1,1.346329331478E0,-7.725175262832E0));
#185=CARTESIAN_POINT('',(3.888809752032E-1,1.421322308918E0,-7.716913561795E0));
#186=CARTESIAN_POINT('',(1.477034223681E-1,1.457913188972E0,-7.708534368936E0));
#187=CARTESIAN_POINT('',(-9.831825786148E-2,1.453612565500E0,
-7.700034182861E0));
#188=CARTESIAN_POINT('',(-3.372843269750E-1,1.408343729248E0,
-7.691581531555E0));
#189=CARTESIAN_POINT('',(-5.600755415390E-1,1.326464726062E0,
-7.683284724816E0));
#190=CARTESIAN_POINT('',(-7.696445587548E-1,1.207154941785E0,
-7.674806390478E0));
#191=CARTESIAN_POINT('',(-9.563291892779E-1,1.053774082157E0,
-7.666262164090E0));
#192=CARTESIAN_POINT('',(-1.112214029263E0,8.736237525844E-1,
-7.657785374201E0));
#193=CARTESIAN_POINT('',(-1.233245431543E0,6.748174140433E-1,
-7.649453465653E0));
#194=CARTESIAN_POINT('',(-1.319940785726E0,4.593729880101E-1,
-7.641091097148E0));
#195=CARTESIAN_POINT('',(-1.369859471140E0,2.305333787240E-1,
-7.632606227174E0));
#196=CARTESIAN_POINT('',(-1.376987479341E0,7.653635067924E-2,
-7.626987479341E0));
#197=CARTESIAN_POINT('',(-1.374177605145E0,0.E0,-7.624177605145E0));
#199=CURVE_STYLE('',#25,POSITIVE_LENGTH_MEASURE(2.E-2),#13);
#200=PRESENTATION_STYLE_ASSIGNMENT((#199));
#201=STYLED_ITEM('',(#200),#198);
#202=CARTESIAN_POINT('',(0.E0,0.E0,-7.75E0));
#203=DIRECTION('',(0.E0,0.E0,1.E0));
#204=DIRECTION('',(1.E0,0.E0,0.E0));
#205=AXIS2_PLACEMENT_3D('',#202,#203,#204);
#207=CURVE_STYLE('',#25,POSITIVE_LENGTH_MEASURE(2.E-2),#13);
#208=PRESENTATION_STYLE_ASSIGNMENT((#207));
#209=STYLED_ITEM('',(#208),#206);
#210=CARTESIAN_POINT('',(1.196305009678E0,-9.049056988540E-1,-7.75E0));
#211=CARTESIAN_POINT('',(1.234892579606E0,-8.379353056721E-1,
-7.740373741847E0));
#212=CARTESIAN_POINT('',(1.301060550674E0,-6.989324561248E-1,
-7.721076248177E0));
#213=CARTESIAN_POINT('',(1.365621298012E0,-4.807431893212E-1,
-7.691996096234E0));
#214=CARTESIAN_POINT('',(1.394730368241E0,-2.585217394602E-1,
-7.662778970898E0));
#215=CARTESIAN_POINT('',(1.388552513813E0,-3.798655286976E-2,
-7.633427215464E0));
#216=CARTESIAN_POINT('',(1.348142709916E0,1.754018197773E-1,-7.603924482828E0));
#217=CARTESIAN_POINT('',(1.275444563865E0,3.762752025381E-1,-7.574277474624E0));
#218=CARTESIAN_POINT('',(1.173224275013E0,5.597747039502E-1,-7.544479188530E0));
#219=CARTESIAN_POINT('',(1.087737056367E0,6.676255462570E-1,-7.524510165602E0));
#220=CARTESIAN_POINT('',(1.041356969701E0,7.173115861708E-1,-7.5145E0));
#222=CURVE_STYLE('',#25,POSITIVE_LENGTH_MEASURE(2.E-2),#13);
#223=PRESENTATION_STYLE_ASSIGNMENT((#222));
#224=STYLED_ITEM('',(#223),#221);
#225=CARTESIAN_POINT('',(-1.374177605145E0,0.E0,-7.624177605145E0));
#226=CARTESIAN_POINT('',(-1.371411830380E0,-7.533515474829E-2,
-7.621411830380E0));
#227=CARTESIAN_POINT('',(-1.353521777173E0,-2.253355680500E-1,
-7.615872106372E0));
#228=CARTESIAN_POINT('',(-1.289522849709E0,-4.436574954381E-1,
-7.607477529950E0));
#229=CARTESIAN_POINT('',(-1.192007564812E0,-6.447701246525E-1,
-7.599179364049E0));
#230=CARTESIAN_POINT('',(-1.064093871291E0,-8.259772948028E-1,
-7.590893962465E0));
#231=CARTESIAN_POINT('',(-9.057950232072E-1,-9.858480280006E-1,
-7.582438318544E0));
#232=CARTESIAN_POINT('',(-7.218762220968E-1,-1.117368131247E0,
-7.573887432678E0));
#233=CARTESIAN_POINT('',(-5.203751880368E-1,-1.214695474717E0,
-7.565368084964E0));
#234=CARTESIAN_POINT('',(-3.112449651622E-1,-1.275665060557E0,
-7.557022119821E0));
#235=CARTESIAN_POINT('',(-9.140457784109E-2,-1.301601929852E0,
-7.548486558118E0));
#236=CARTESIAN_POINT('',(1.300666950950E-1,-1.289562261474E0,
-7.539878695286E0));
#237=CARTESIAN_POINT('',(3.424643016597E-1,-1.240983394108E0,
-7.531365208979E0));
#238=CARTESIAN_POINT('',(5.402608113455E-1,-1.159153985422E0,
-7.522945782622E0));
#239=CARTESIAN_POINT('',(6.608255399843E-1,-1.083682753511E0,
-7.517313882627E0));
#240=CARTESIAN_POINT('',(7.173115861708E-1,-1.041356969701E0,-7.5145E0));
#242=CURVE_STYLE('',#25,POSITIVE_LENGTH_MEASURE(2.E-2),#13);
#243=PRESENTATION_STYLE_ASSIGNMENT((#242));
#244=STYLED_ITEM('',(#243),#241);
#245=DIRECTION('',(7.071067811865E-1,0.E0,7.071067811865E-1));
#246=VECTOR('',#245,5.314931278471E-1);
#247=CARTESIAN_POINT('',(-1.75E0,0.E0,-8.E0));
#248=LINE('',#247,#246);
#249=CURVE_STYLE('',#25,POSITIVE_LENGTH_MEASURE(2.E-2),#13);
#250=PRESENTATION_STYLE_ASSIGNMENT((#249));
#251=STYLED_ITEM('',(#250),#248);
#252=DIRECTION('',(-7.071067811865E-1,0.E0,7.071067811865E-1));
#253=VECTOR('',#252,3.535533905933E-1);
#254=CARTESIAN_POINT('',(1.75E0,0.E0,-8.E0));
#255=LINE('',#254,#253);
#256=CURVE_STYLE('',#25,POSITIVE_LENGTH_MEASURE(2.E-2),#13);
#257=PRESENTATION_STYLE_ASSIGNMENT((#256));
#258=STYLED_ITEM('',(#257),#255);
#259=CARTESIAN_POINT('',(0.E0,0.E0,-7.75E0));
#260=DIRECTION('',(0.E0,0.E0,1.E0));
#261=DIRECTION('',(7.975366731189E-1,-6.032704659027E-1,0.E0));
#262=AXIS2_PLACEMENT_3D('',#259,#260,#261);
#264=CURVE_STYLE('',#25,POSITIVE_LENGTH_MEASURE(2.E-2),#13);
#265=PRESENTATION_STYLE_ASSIGNMENT((#264));
#266=STYLED_ITEM('',(#265),#263);
#267=CARTESIAN_POINT('',(-1.5E0,0.E0,-6.948465988394E0));
#268=CARTESIAN_POINT('',(-1.5E0,8.683080560218E-2,-6.953072505702E0));
#269=CARTESIAN_POINT('',(-1.484882887484E0,2.604908914673E-1,
-6.962285540318E0));
#270=CARTESIAN_POINT('',(-1.417538025086E0,5.131459871994E-1,
-6.976105092243E0));
#271=CARTESIAN_POINT('',(-1.307549880146E0,7.503639713214E-1,
-6.989924644167E0));
#272=CARTESIAN_POINT('',(-1.158227186158E0,9.650091156976E-1,
-7.003744196091E0));
#273=CARTESIAN_POINT('',(-9.740619635931E-1,1.150624217198E0,
-7.017563748015E0));
#274=CARTESIAN_POINT('',(-7.605943880818E-1,1.301625513771E0,
-7.031383299940E0));
#275=CARTESIAN_POINT('',(-5.242461273143E-1,1.413470480176E0,
-7.045202851864E0));
#276=CARTESIAN_POINT('',(-2.721271603416E-1,1.482794526970E0,
-7.059022403788E0));
#277=CARTESIAN_POINT('',(-1.182189065219E-2,1.507512203411E0,
-7.072841955712E0));
#278=CARTESIAN_POINT('',(2.488390126881E-1,1.486879936752E0,-7.086661507637E0));
#279=CARTESIAN_POINT('',(5.020141822156E-1,1.421518399951E0,-7.100481059561E0));
#280=CARTESIAN_POINT('',(7.400874410830E-1,1.313393840437E0,-7.114300611485E0));
#281=CARTESIAN_POINT('',(9.558969177469E-1,1.165758930135E0,-7.128120163409E0));
#282=CARTESIAN_POINT('',(1.142950493953E0,9.830549165324E-1,-7.141939715333E0));
#283=CARTESIAN_POINT('',(1.295621104777E0,7.707780182402E-1,-7.155759267258E0));
#284=CARTESIAN_POINT('',(1.409316015578E0,5.353140842374E-1,-7.169578819182E0));
#285=CARTESIAN_POINT('',(1.480614983568E0,2.837464906935E-1,-7.183398371106E0));
#286=CARTESIAN_POINT('',(1.507373147740E0,2.364305433E-2,-7.197217923030E0));
#287=CARTESIAN_POINT('',(1.488785551942E0,-2.371716274661E-1,
-7.211037474955E0));
#288=CARTESIAN_POINT('',(1.425411360080E0,-4.908515611694E-1,
-7.224857026879E0));
#289=CARTESIAN_POINT('',(1.319157034993E0,-7.297653852951E-1,
-7.238676578803E0));
#290=CARTESIAN_POINT('',(1.173218987026E0,-9.467259418798E-1,
-7.252496130727E0));
#291=CARTESIAN_POINT('',(9.919874175721E-1,-1.135206485149E0,
-7.266315682652E0));
#292=CARTESIAN_POINT('',(7.809142502374E-1,-1.289537023246E0,
-7.280135234576E0));
#293=CARTESIAN_POINT('',(5.463491225995E-1,-1.405074886539E0,
-7.293954786500E0));
#294=CARTESIAN_POINT('',(2.953483723616E-1,-1.478344391368E0,
-7.307774338424E0));
#295=CARTESIAN_POINT('',(3.546276410374E-2,-1.507141397782E0,
-7.321593890349E0));
#296=CARTESIAN_POINT('',(-2.254896576312E-1,-1.490599615875E0,
-7.335413442273E0));
#297=CARTESIAN_POINT('',(-4.796587557371E-1,-1.429216666077E0,
-7.349232994197E0));
#298=CARTESIAN_POINT('',(-7.193984533736E-1,-1.324839109413E0,
-7.363052546121E0));
#299=CARTESIAN_POINT('',(-9.374967481241E-1,-1.180606898084E0,
-7.376872098046E0));
#300=CARTESIAN_POINT('',(-1.127392668050E0,-1.000858917418E0,
-7.390691649970E0));
#301=CARTESIAN_POINT('',(-1.283373643030E0,-7.910024607568E-1,
-7.404511201894E0));
#302=CARTESIAN_POINT('',(-1.400747353938E0,-5.573505638127E-1,
-7.418330753818E0));
#303=CARTESIAN_POINT('',(-1.475982889978E0,-3.069320919008E-1,
-7.432150305743E0));
#304=CARTESIAN_POINT('',(-1.506816967793E0,-4.728029313311E-2,
-7.445969857667E0));
#305=CARTESIAN_POINT('',(-1.492322016996E0,2.137938215534E-1,
-7.459789409591E0));
#306=CARTESIAN_POINT('',(-1.432934083940E0,4.684364542079E-1,
-7.473608961515E0));
#307=CARTESIAN_POINT('',(-1.330439714284E0,7.089872828218E-1,
-7.487428513439E0));
#308=CARTESIAN_POINT('',(-1.187922208997E0,9.282099040192E-1,
-7.501248065364E0));
#309=CARTESIAN_POINT('',(-1.009668870526E0,1.119509523156E0,-7.515067617288E0));
#310=CARTESIAN_POINT('',(-8.010420294348E-1,1.277131343138E0,
-7.528887169212E0));
#311=CARTESIAN_POINT('',(-5.683177313555E-1,1.396333683893E0,
-7.542706721136E0));
#312=CARTESIAN_POINT('',(-3.184969369827E-1,1.473530624615E0,
-7.556526273061E0));
#313=CARTESIAN_POINT('',(-5.909491471200E-2,1.506399877722E0,
-7.570345824985E0));
#314=CARTESIAN_POINT('',(2.020848384558E-1,1.493952649388E0,-7.584165376909E0));
#315=CARTESIAN_POINT('',(4.571853466851E-1,1.436563385069E0,-7.597984928833E0));
#316=CARTESIAN_POINT('',(6.985325138642E-1,1.335958505203E0,-7.611804480758E0));
#317=CARTESIAN_POINT('',(9.188659806462E-1,1.195164469913E0,-7.625624032682E0));
#318=CARTESIAN_POINT('',(1.111557535247E0,1.018416735154E0,-7.639443584606E0));
#319=CARTESIAN_POINT('',(1.270810507389E0,8.110323388387E-1,-7.653263136530E0));
#320=CARTESIAN_POINT('',(1.391834147987E0,5.792499510387E-1,-7.667082688455E0));
#321=CARTESIAN_POINT('',(1.470987745444E0,3.300421955996E-1,-7.680902240379E0));
#322=CARTESIAN_POINT('',(1.505890155591E0,7.090590544834E-2,-7.694721792303E0));
#323=CARTESIAN_POINT('',(1.495491403925E0,-1.903634400709E-1,
-7.708541344227E0));
#324=CARTESIAN_POINT('',(1.440104379320E0,-4.459060813730E-1,
-7.722360896152E0));
#325=CARTESIAN_POINT('',(1.341395019514E0,-6.880349523848E-1,
-7.736180448076E0));
#326=CARTESIAN_POINT('',(1.248687470229E0,-8.356549470298E-1,
-7.745393482692E0));
#327=CARTESIAN_POINT('',(1.196305009678E0,-9.049056988540E-1,-7.75E0));
#329=CURVE_STYLE('',#25,POSITIVE_LENGTH_MEASURE(2.E-2),#13);
#330=PRESENTATION_STYLE_ASSIGNMENT((#329));
#331=STYLED_ITEM('',(#330),#328);
#332=DIRECTION('',(8.660254037844E-1,1.279006451108E-14,5.E-1));
#333=VECTOR('',#332,2.719319767883E-1);
#334=CARTESIAN_POINT('',(-1.5E0,0.E0,-6.948465988394E0));
#335=LINE('',#334,#333);
#336=CURVE_STYLE('',#25,POSITIVE_LENGTH_MEASURE(2.E-2),#13);
#337=PRESENTATION_STYLE_ASSIGNMENT((#336));
#338=STYLED_ITEM('',(#337),#335);
#339=CARTESIAN_POINT('',(1.2645E0,0.E0,-9.375E-1));
#340=CARTESIAN_POINT('',(1.2645E0,7.288872614947E-2,-9.329129691331E-1));
#341=CARTESIAN_POINT('',(1.251814899408E0,2.189676864011E-1,
-9.237191826540E-1));
#342=CARTESIAN_POINT('',(1.195399544346E0,4.316978664358E-1,
-9.099222761253E-1));
#343=CARTESIAN_POINT('',(1.101644433104E0,6.336832935111E-1,
-8.959603005080E-1));
#344=CARTESIAN_POINT('',(9.763620829956E-1,8.135187300634E-1,
-8.822205993622E-1));
#345=CARTESIAN_POINT('',(8.198437891248E-1,9.711901697016E-1,
-8.682910542932E-1));
#346=CARTESIAN_POINT('',(6.394919942267E-1,1.098210886931E0,
-8.544620967171E-1));
#347=CARTESIAN_POINT('',(4.409284292170E-1,1.191863804743E0,
-8.406967456137E-1));
#348=CARTESIAN_POINT('',(2.285034557665E-1,1.250279078053E0,
-8.268846003051E-1));
#349=CARTESIAN_POINT('',(4.638514011022E-3,1.271208327873E0,
-8.127906164629E-1));
#350=CARTESIAN_POINT('',(-2.195468271314E-1,1.251837733016E0,
-7.986842391219E-1));
#351=CARTESIAN_POINT('',(-4.314326120766E-1,1.195368257E0,-7.849369510066E-1));
#352=CARTESIAN_POINT('',(-6.336242119717E-1,1.101942291134E0,
-7.709727439424E-1));
#353=CARTESIAN_POINT('',(-8.183576996868E-1,9.727077479673E-1,
-7.568412774542E-1));
#354=CARTESIAN_POINT('',(-9.762366398998E-1,8.137774706707E-1,
-7.427976950937E-1));
#355=CARTESIAN_POINT('',(-1.101415768502E0,6.337876184295E-1,
-7.290519374757E-1));
#356=CARTESIAN_POINT('',(-1.194198604319E0,4.349192920886E-1,
-7.152934090541E-1));
#357=CARTESIAN_POINT('',(-1.251811118625E0,2.198661212915E-1,
-7.013355566406E-1));
#358=CARTESIAN_POINT('',(-1.2645E0,7.325916472767E-2,-6.921103432951E-1));
#359=CARTESIAN_POINT('',(-1.2645E0,0.E0,-6.875E-1));
#361=CURVE_STYLE('',#25,POSITIVE_LENGTH_MEASURE(2.E-2),#13);
#362=PRESENTATION_STYLE_ASSIGNMENT((#361));
#363=STYLED_ITEM('',(#362),#360);
#364=CARTESIAN_POINT('',(-1.2645E0,0.E0,-8.125E-1));
#365=CARTESIAN_POINT('',(-1.2645E0,7.314172770391E-2,-8.171029527522E-1));
#366=CARTESIAN_POINT('',(-1.251835882041E0,2.201328318191E-1,
-8.263521504447E-1));
#367=CARTESIAN_POINT('',(-1.193542898659E0,4.373929388111E-1,
-8.404528777062E-1));
#368=CARTESIAN_POINT('',(-1.098064555323E0,6.399250193925E-1,
-8.544893732148E-1));
#369=CARTESIAN_POINT('',(-9.717116953680E-1,8.188727430203E-1,
-8.682237794422E-1));
#370=CARTESIAN_POINT('',(-8.168396428573E-1,9.735772147094E-1,
-8.819489851936E-1));
#371=CARTESIAN_POINT('',(-6.356112591530E-1,1.100599355537E0,
-8.958233869151E-1));
#372=CARTESIAN_POINT('',(-4.352600005287E-1,1.193956844636E0,
-9.096815492984E-1));
#373=CARTESIAN_POINT('',(-2.236520894732E-1,1.251054692351E0,
-9.234222899081E-1));
#374=CARTESIAN_POINT('',(-2.525664069189E-3,1.270913699177E0,
-9.373420208022E-1));
#375=CARTESIAN_POINT('',(2.158582640548E-1,1.252269403488E0,
-9.510833650535E-1));
#376=CARTESIAN_POINT('',(4.274101013182E-1,1.196826662187E0,
-9.647956428652E-1));
#377=CARTESIAN_POINT('',(6.293622294714E-1,1.104320278744E0,
-9.787215441157E-1));
#378=CARTESIAN_POINT('',(8.140441351252E-1,9.762803810863E-1,
-9.928079100638E-1));
#379=CARTESIAN_POINT('',(9.720324570562E-1,8.186428543563E-1,
-1.006800228962E0));
#380=CARTESIAN_POINT('',(1.097857242445E0,6.401815291002E-1,-1.020489777810E0));
#381=CARTESIAN_POINT('',(1.193537452432E0,4.374798207588E-1,-1.034542212045E0));
#382=CARTESIAN_POINT('',(1.251820573692E0,2.201959060532E-1,-1.048643628040E0));
#383=CARTESIAN_POINT('',(1.2645E0,7.315975284399E-2,-1.057895912890E0));
#384=CARTESIAN_POINT('',(1.2645E0,0.E0,-1.0625E0));
#386=CURVE_STYLE('',#25,POSITIVE_LENGTH_MEASURE(2.E-2),#13);
#387=PRESENTATION_STYLE_ASSIGNMENT((#386));
#388=STYLED_ITEM('',(#387),#385);
#389=CARTESIAN_POINT('',(-1.2645E0,0.E0,-1.3125E0));
#390=CARTESIAN_POINT('',(-1.2645E0,7.324306016928E-2,-1.317109329804E0));
#391=CARTESIAN_POINT('',(-1.251810379493E0,2.197896679733E-1,
-1.326330856713E0));
#392=CARTESIAN_POINT('',(-1.194317643636E0,4.345488081984E-1,
-1.340269064310E0));
#393=CARTESIAN_POINT('',(-1.101661226997E0,6.333631938753E-1,
-1.354021243169E0));
#394=CARTESIAN_POINT('',(-9.765272414822E-1,8.134263240575E-1,
-1.367769177633E0));
#395=CARTESIAN_POINT('',(-8.187561551350E-1,9.723717775953E-1,
-1.381808600936E0));
#396=CARTESIAN_POINT('',(-6.340684615083E-1,1.101678114870E0,
-1.395940451536E0));
#397=CARTESIAN_POINT('',(-4.320466539698E-1,1.195154837380E0,
-1.409896230238E0));
#398=CARTESIAN_POINT('',(-2.197680090344E-1,1.251826573020E0,
-1.423670512181E0));
#399=CARTESIAN_POINT('',(4.718388537492E-3,1.271218503226E0,-1.437795598721E0));
#400=CARTESIAN_POINT('',(2.287231936492E-1,1.250248376689E0,-1.451898414116E0));
#401=CARTESIAN_POINT('',(4.411796883562E-1,1.191755919912E0,-1.465713915277E0));
#402=CARTESIAN_POINT('',(6.394660360061E-1,1.098229651387E0,-1.479460044786E0));
#403=CARTESIAN_POINT('',(8.201458681736E-1,9.709611440387E-1,
-1.493314830400E0));
#404=CARTESIAN_POINT('',(9.766361018032E-1,8.131858211437E-1,
-1.507247523345E0));
#405=CARTESIAN_POINT('',(1.101843551255E0,6.333278372560E-1,-1.520985815486E0));
#406=CARTESIAN_POINT('',(1.195454723693E0,4.314928923154E-1,-1.534935518341E0));
#407=CARTESIAN_POINT('',(1.251792707016E0,2.190428436306E-1,-1.548714319809E0));
#408=CARTESIAN_POINT('',(1.2645E0,7.293572503467E-2,-1.557910011401E0));
#409=CARTESIAN_POINT('',(1.2645E0,0.E0,-1.5625E0));
#411=CURVE_STYLE('',#25,POSITIVE_LENGTH_MEASURE(2.E-2),#13);
#412=PRESENTATION_STYLE_ASSIGNMENT((#411));
#413=STYLED_ITEM('',(#412),#410);
#414=CARTESIAN_POINT('',(1.2645E0,0.E0,-1.4375E0));
#415=CARTESIAN_POINT('',(1.2645E0,7.315975284405E-2,-1.432895912890E0));
#416=CARTESIAN_POINT('',(1.251820573692E0,2.201959060533E-1,-1.423643628040E0));
#417=CARTESIAN_POINT('',(1.193537452432E0,4.374798207588E-1,-1.409542212045E0));
#418=CARTESIAN_POINT('',(1.097857242445E0,6.401815291002E-1,-1.395489777810E0));
#419=CARTESIAN_POINT('',(9.720324570562E-1,8.186428543563E-1,
-1.381800228962E0));
#420=CARTESIAN_POINT('',(8.140441351252E-1,9.762803810863E-1,
-1.367807910064E0));
#421=CARTESIAN_POINT('',(6.293622294714E-1,1.104320278744E0,-1.353721544116E0));
#422=CARTESIAN_POINT('',(4.274101013182E-1,1.196826662187E0,-1.339795642865E0));
#423=CARTESIAN_POINT('',(2.158582640548E-1,1.252269403488E0,-1.326083365054E0));
#424=CARTESIAN_POINT('',(-2.525664069181E-3,1.270913699177E0,
-1.312342020802E0));
#425=CARTESIAN_POINT('',(-2.236520894731E-1,1.251054692351E0,
-1.298422289908E0));
#426=CARTESIAN_POINT('',(-4.352600005287E-1,1.193956844636E0,
-1.284681549298E0));
#427=CARTESIAN_POINT('',(-6.356112591530E-1,1.100599355537E0,
-1.270823386915E0));
#428=CARTESIAN_POINT('',(-8.168396428573E-1,9.735772147094E-1,
-1.256948985194E0));
#429=CARTESIAN_POINT('',(-9.717116953680E-1,8.188727430203E-1,
-1.243223779442E0));
#430=CARTESIAN_POINT('',(-1.098064555323E0,6.399250193925E-1,
-1.229489373215E0));
#431=CARTESIAN_POINT('',(-1.193542898659E0,4.373929388111E-1,
-1.215452877706E0));
#432=CARTESIAN_POINT('',(-1.251835882041E0,2.201328318191E-1,
-1.201352150445E0));
#433=CARTESIAN_POINT('',(-1.2645E0,7.314172770391E-2,-1.192102952752E0));
#434=CARTESIAN_POINT('',(-1.2645E0,0.E0,-1.1875E0));
#436=CURVE_STYLE('',#25,POSITIVE_LENGTH_MEASURE(2.E-2),#13);
#437=PRESENTATION_STYLE_ASSIGNMENT((#436));
#438=STYLED_ITEM('',(#437),#435);
#439=CARTESIAN_POINT('',(-1.2645E0,0.E0,-1.8125E0));
#440=CARTESIAN_POINT('',(-1.2645E0,7.297460105079E-2,-1.817092435143E0));
#441=CARTESIAN_POINT('',(-1.251893416659E0,2.196786869067E-1,
-1.826323544744E0));
#442=CARTESIAN_POINT('',(-1.193792201973E0,4.366748767704E-1,
-1.840405298700E0));
#443=CARTESIAN_POINT('',(-1.098513124574E0,6.391438158878E-1,
-1.854433027377E0));
#444=CARTESIAN_POINT('',(-9.722967874884E-1,8.181948167259E-1,
-1.868167639661E0));
#445=CARTESIAN_POINT('',(-8.174007912589E-1,9.730918215875E-1,
-1.881902583644E0));
#446=CARTESIAN_POINT('',(-6.366254703556E-1,1.099993696357E0,
-1.895749359947E0));
#447=CARTESIAN_POINT('',(-4.363694200102E-1,1.193553605966E0,
-1.909607718416E0));
#448=CARTESIAN_POINT('',(-2.248461382293E-1,1.250845171268E0,
-1.923346358015E0));
#449=CARTESIAN_POINT('',(-3.499102217339E-3,1.270928201048E0,
-1.937281075310E0));
#450=CARTESIAN_POINT('',(2.150610104424E-1,1.252404752701E0,-1.951032719430E0));
#451=CARTESIAN_POINT('',(4.265237429264E-1,1.197138960257E0,-1.964736775731E0));
#452=CARTESIAN_POINT('',(6.286181611468E-1,1.104752863875E0,-1.978667726425E0));
#453=CARTESIAN_POINT('',(8.135550836935E-1,9.767178712665E-1,
-1.992766833648E0));
#454=CARTESIAN_POINT('',(9.719434923736E-1,8.187839426051E-1,
-2.006789889963E0));
#455=CARTESIAN_POINT('',(1.097861457402E0,6.401764504005E-1,-2.020490149548E0));
#456=CARTESIAN_POINT('',(1.193532601506E0,4.374912472720E-1,-2.034541437550E0));
#457=CARTESIAN_POINT('',(1.251822044545E0,2.201927162534E-1,-2.048643845077E0));
#458=CARTESIAN_POINT('',(1.2645E0,7.315845528341E-2,-2.057895994548E0));
#459=CARTESIAN_POINT('',(1.2645E0,0.E0,-2.0625E0));
#461=CURVE_STYLE('',#25,POSITIVE_LENGTH_MEASURE(2.E-2),#13);
#462=PRESENTATION_STYLE_ASSIGNMENT((#461));
#463=STYLED_ITEM('',(#462),#460);
#464=CARTESIAN_POINT('',(1.2645E0,0.E0,-1.9375E0));
#465=CARTESIAN_POINT('',(1.2645E0,7.293572503467E-2,-1.932910011401E0));
#466=CARTESIAN_POINT('',(1.251792707016E0,2.190428436306E-1,-1.923714319809E0));
#467=CARTESIAN_POINT('',(1.195454723693E0,4.314928923154E-1,-1.909935518341E0));
#468=CARTESIAN_POINT('',(1.101843551255E0,6.333278372560E-1,-1.895985815486E0));
#469=CARTESIAN_POINT('',(9.766361018032E-1,8.131858211437E-1,
-1.882247523345E0));
#470=CARTESIAN_POINT('',(8.201458681736E-1,9.709611440387E-1,
-1.868314830400E0));
#471=CARTESIAN_POINT('',(6.394660360061E-1,1.098229651387E0,-1.854460044786E0));
#472=CARTESIAN_POINT('',(4.411796883562E-1,1.191755919912E0,-1.840713915277E0));
#473=CARTESIAN_POINT('',(2.287231936492E-1,1.250248376689E0,-1.826898414116E0));
#474=CARTESIAN_POINT('',(4.718388537525E-3,1.271218503226E0,-1.812795598721E0));
#475=CARTESIAN_POINT('',(-2.197680090344E-1,1.251826573020E0,
-1.798670512181E0));
#476=CARTESIAN_POINT('',(-4.320466539698E-1,1.195154837380E0,
-1.784896230238E0));
#477=CARTESIAN_POINT('',(-6.340684615082E-1,1.101678114870E0,
-1.770940451536E0));
#478=CARTESIAN_POINT('',(-8.187561551349E-1,9.723717775953E-1,
-1.756808600936E0));
#479=CARTESIAN_POINT('',(-9.765272414822E-1,8.134263240575E-1,
-1.742769177633E0));
#480=CARTESIAN_POINT('',(-1.101661226997E0,6.333631938752E-1,
-1.729021243169E0));
#481=CARTESIAN_POINT('',(-1.194317643636E0,4.345488081984E-1,
-1.715269064310E0));
#482=CARTESIAN_POINT('',(-1.251810379493E0,2.197896679733E-1,
-1.701330856713E0));
#483=CARTESIAN_POINT('',(-1.2645E0,7.324306016928E-2,-1.692109329804E0));
#484=CARTESIAN_POINT('',(-1.2645E0,0.E0,-1.6875E0));
#486=CURVE_STYLE('',#25,POSITIVE_LENGTH_MEASURE(2.E-2),#13);
#487=PRESENTATION_STYLE_ASSIGNMENT((#486));
#488=STYLED_ITEM('',(#487),#485);
#489=CARTESIAN_POINT('',(-1.2645E0,0.E0,-2.3125E0));
#490=CARTESIAN_POINT('',(-1.2645E0,7.325916472768E-2,-2.317110343295E0));
#491=CARTESIAN_POINT('',(-1.251811118625E0,2.198661212915E-1,
-2.326335556641E0));
#492=CARTESIAN_POINT('',(-1.194198604319E0,4.349192920886E-1,
-2.340293409054E0));
#493=CARTESIAN_POINT('',(-1.101415768502E0,6.337876184294E-1,
-2.354051937476E0));
#494=CARTESIAN_POINT('',(-9.762366398998E-1,8.137774706707E-1,
-2.367797695094E0));
#495=CARTESIAN_POINT('',(-8.183576996868E-1,9.727077479673E-1,
-2.381841277454E0));
#496=CARTESIAN_POINT('',(-6.336242119717E-1,1.101942291134E0,
-2.395972743942E0));
#497=CARTESIAN_POINT('',(-4.314326120766E-1,1.195368257E0,-2.409936951007E0));
#498=CARTESIAN_POINT('',(-2.195468271314E-1,1.251837733016E0,
-2.423684239122E0));
#499=CARTESIAN_POINT('',(4.638514011025E-3,1.271208327873E0,-2.437790616463E0));
#500=CARTESIAN_POINT('',(2.285034557665E-1,1.250279078053E0,-2.451884600305E0));
#501=CARTESIAN_POINT('',(4.409284292170E-1,1.191863804743E0,-2.465696745614E0));
#502=CARTESIAN_POINT('',(6.394919942267E-1,1.098210886931E0,-2.479462096717E0));
#503=CARTESIAN_POINT('',(8.198437891248E-1,9.711901697016E-1,
-2.493291054293E0));
#504=CARTESIAN_POINT('',(9.763620829956E-1,8.135187300634E-1,
-2.507220599362E0));
#505=CARTESIAN_POINT('',(1.101644433104E0,6.336832935111E-1,-2.520960300508E0));
#506=CARTESIAN_POINT('',(1.195399544346E0,4.316978664358E-1,-2.534922276125E0));
#507=CARTESIAN_POINT('',(1.251814899408E0,2.189676864011E-1,-2.548719182654E0));
#508=CARTESIAN_POINT('',(1.2645E0,7.288872614947E-2,-2.557912969133E0));
#509=CARTESIAN_POINT('',(1.2645E0,0.E0,-2.5625E0));
#511=CURVE_STYLE('',#25,POSITIVE_LENGTH_MEASURE(2.E-2),#13);
#512=PRESENTATION_STYLE_ASSIGNMENT((#511));
#513=STYLED_ITEM('',(#512),#510);
#514=CARTESIAN_POINT('',(1.2645E0,0.E0,-2.4375E0));
#515=CARTESIAN_POINT('',(1.2645E0,7.315824245716E-2,-2.432896007942E0));
#516=CARTESIAN_POINT('',(1.251822242716E0,2.201894562636E-1,-2.423644049864E0));
#517=CARTESIAN_POINT('',(1.193536301239E0,4.374780688787E-1,-2.409542292385E0));
#518=CARTESIAN_POINT('',(1.097878631037E0,6.401446257301E-1,-2.395492409977E0));
#519=CARTESIAN_POINT('',(9.719711084017E-1,8.187526138717E-1,
-2.381792503949E0));
#520=CARTESIAN_POINT('',(8.135666417151E-1,9.767099983763E-1,
-2.367767703087E0));
#521=CARTESIAN_POINT('',(6.286219286314E-1,1.104751055434E0,-2.353667990828E0));
#522=CARTESIAN_POINT('',(4.265228971760E-1,1.197139384216E0,-2.339736715865E0));
#523=CARTESIAN_POINT('',(2.150612914146E-1,1.252404627855E0,-2.326032738956E0));
#524=CARTESIAN_POINT('',(-3.499126643613E-3,1.270928232934E0,
-2.312281073272E0));
#525=CARTESIAN_POINT('',(-2.248460866036E-1,1.250845169308E0,
-2.298346361421E0));
#526=CARTESIAN_POINT('',(-4.363693963364E-1,1.193553618820E0,
-2.284607719982E0));
#527=CARTESIAN_POINT('',(-6.366254463329E-1,1.099993709225E0,
-2.270749361692E0));
#528=CARTESIAN_POINT('',(-8.174007752553E-1,9.730918358303E-1,
-2.256902584971E0));
#529=CARTESIAN_POINT('',(-9.722967764071E-1,8.181948301052E-1,
-2.243167640754E0));
#530=CARTESIAN_POINT('',(-1.098513118180E0,6.391438274173E-1,
-2.229433028201E0));
#531=CARTESIAN_POINT('',(-1.193792199153E0,4.366748852200E-1,
-2.215405299258E0));
#532=CARTESIAN_POINT('',(-1.251893416161E0,2.196786912762E-1,
-2.201323545019E0));
#533=CARTESIAN_POINT('',(-1.2645E0,7.297460250577E-2,-2.192092435235E0));
#534=CARTESIAN_POINT('',(-1.2645E0,0.E0,-2.1875E0));
#536=CURVE_STYLE('',#25,POSITIVE_LENGTH_MEASURE(2.E-2),#13);
#537=PRESENTATION_STYLE_ASSIGNMENT((#536));
#538=STYLED_ITEM('',(#537),#535);
#539=CARTESIAN_POINT('',(1.2645E0,0.E0,-2.9375E0));
#540=CARTESIAN_POINT('',(1.2645E0,7.288872614947E-2,-2.932912969133E0));
#541=CARTESIAN_POINT('',(1.251814899408E0,2.189676864011E-1,-2.923719182654E0));
#542=CARTESIAN_POINT('',(1.195399544346E0,4.316978664358E-1,-2.909922276125E0));
#543=CARTESIAN_POINT('',(1.101644433104E0,6.336832935111E-1,-2.895960300508E0));
#544=CARTESIAN_POINT('',(9.763620829956E-1,8.135187300634E-1,
-2.882220599362E0));
#545=CARTESIAN_POINT('',(8.198437891248E-1,9.711901697016E-1,
-2.868291054293E0));
#546=CARTESIAN_POINT('',(6.394919942267E-1,1.098210886931E0,-2.854462096717E0));
#547=CARTESIAN_POINT('',(4.409284292170E-1,1.191863804743E0,-2.840696745614E0));
#548=CARTESIAN_POINT('',(2.285034557665E-1,1.250279078053E0,-2.826884600305E0));
#549=CARTESIAN_POINT('',(4.638514011024E-3,1.271208327873E0,-2.812790616463E0));
#550=CARTESIAN_POINT('',(-2.195468271314E-1,1.251837733016E0,
-2.798684239122E0));
#551=CARTESIAN_POINT('',(-4.314326120766E-1,1.195368257E0,-2.784936951007E0));
#552=CARTESIAN_POINT('',(-6.336242119717E-1,1.101942291134E0,
-2.770972743942E0));
#553=CARTESIAN_POINT('',(-8.183576996868E-1,9.727077479673E-1,
-2.756841277454E0));
#554=CARTESIAN_POINT('',(-9.762366398998E-1,8.137774706707E-1,
-2.742797695094E0));
#555=CARTESIAN_POINT('',(-1.101415768502E0,6.337876184294E-1,
-2.729051937476E0));
#556=CARTESIAN_POINT('',(-1.194198604319E0,4.349192920886E-1,
-2.715293409054E0));
#557=CARTESIAN_POINT('',(-1.251811118625E0,2.198661212915E-1,
-2.701335556641E0));
#558=CARTESIAN_POINT('',(-1.2645E0,7.325916472768E-2,-2.692110343295E0));
#559=CARTESIAN_POINT('',(-1.2645E0,0.E0,-2.6875E0));
#561=CURVE_STYLE('',#25,POSITIVE_LENGTH_MEASURE(2.E-2),#13);
#562=PRESENTATION_STYLE_ASSIGNMENT((#561));
#563=STYLED_ITEM('',(#562),#560);
#564=CARTESIAN_POINT('',(-1.2645E0,0.E0,-2.8125E0));
#565=CARTESIAN_POINT('',(-1.2645E0,7.314172770391E-2,-2.817102952752E0));
#566=CARTESIAN_POINT('',(-1.251835882041E0,2.201328318191E-1,
-2.826352150445E0));
#567=CARTESIAN_POINT('',(-1.193542898659E0,4.373929388111E-1,
-2.840452877706E0));
#568=CARTESIAN_POINT('',(-1.098064555323E0,6.399250193925E-1,
-2.854489373215E0));
#569=CARTESIAN_POINT('',(-9.717116953680E-1,8.188727430203E-1,
-2.868223779442E0));
#570=CARTESIAN_POINT('',(-8.168396428573E-1,9.735772147094E-1,
-2.881948985194E0));
#571=CARTESIAN_POINT('',(-6.356112591530E-1,1.100599355537E0,
-2.895823386915E0));
#572=CARTESIAN_POINT('',(-4.352600005287E-1,1.193956844636E0,
-2.909681549298E0));
#573=CARTESIAN_POINT('',(-2.236520894731E-1,1.251054692351E0,
-2.923422289908E0));
#574=CARTESIAN_POINT('',(-2.525664069177E-3,1.270913699177E0,
-2.937342020802E0));
#575=CARTESIAN_POINT('',(2.158582640548E-1,1.252269403488E0,-2.951083365054E0));
#576=CARTESIAN_POINT('',(4.274101013182E-1,1.196826662187E0,-2.964795642865E0));
#577=CARTESIAN_POINT('',(6.293622294714E-1,1.104320278744E0,-2.978721544116E0));
#578=CARTESIAN_POINT('',(8.140441351252E-1,9.762803810863E-1,
-2.992807910064E0));
#579=CARTESIAN_POINT('',(9.720324570562E-1,8.186428543563E-1,
-3.006800228962E0));
#580=CARTESIAN_POINT('',(1.097857242445E0,6.401815291002E-1,-3.020489777810E0));
#581=CARTESIAN_POINT('',(1.193537452432E0,4.374798207589E-1,-3.034542212045E0));
#582=CARTESIAN_POINT('',(1.251820573692E0,2.201959060533E-1,-3.048643628040E0));
#583=CARTESIAN_POINT('',(1.2645E0,7.315975284406E-2,-3.057895912890E0));
#584=CARTESIAN_POINT('',(1.2645E0,0.E0,-3.0625E0));
#586=CURVE_STYLE('',#25,POSITIVE_LENGTH_MEASURE(2.E-2),#13);
#587=PRESENTATION_STYLE_ASSIGNMENT((#586));
#588=STYLED_ITEM('',(#587),#585);
#589=CARTESIAN_POINT('',(-1.2645E0,0.E0,-3.3125E0));
#590=CARTESIAN_POINT('',(-1.2645E0,7.324306016927E-2,-3.317109329804E0));
#591=CARTESIAN_POINT('',(-1.251810379493E0,2.197896679732E-1,
-3.326330856713E0));
#592=CARTESIAN_POINT('',(-1.194317643636E0,4.345488081984E-1,
-3.340269064310E0));
#593=CARTESIAN_POINT('',(-1.101661226997E0,6.333631938753E-1,
-3.354021243169E0));
#594=CARTESIAN_POINT('',(-9.765272414822E-1,8.134263240575E-1,
-3.367769177633E0));
#595=CARTESIAN_POINT('',(-8.187561551350E-1,9.723717775953E-1,
-3.381808600936E0));
#596=CARTESIAN_POINT('',(-6.340684615083E-1,1.101678114870E0,
-3.395940451536E0));
#597=CARTESIAN_POINT('',(-4.320466539698E-1,1.195154837380E0,
-3.409896230238E0));
#598=CARTESIAN_POINT('',(-2.197680090344E-1,1.251826573020E0,
-3.423670512181E0));
#599=CARTESIAN_POINT('',(4.718388537501E-3,1.271218503226E0,-3.437795598721E0));
#600=CARTESIAN_POINT('',(2.287231936492E-1,1.250248376689E0,-3.451898414116E0));
#601=CARTESIAN_POINT('',(4.411796883562E-1,1.191755919912E0,-3.465713915277E0));
#602=CARTESIAN_POINT('',(6.394660360061E-1,1.098229651387E0,-3.479460044786E0));
#603=CARTESIAN_POINT('',(8.201458681736E-1,9.709611440387E-1,
-3.493314830400E0));
#604=CARTESIAN_POINT('',(9.766361018032E-1,8.131858211437E-1,
-3.507247523345E0));
#605=CARTESIAN_POINT('',(1.101843551255E0,6.333278372560E-1,-3.520985815486E0));
#606=CARTESIAN_POINT('',(1.195454723693E0,4.314928923154E-1,-3.534935518341E0));
#607=CARTESIAN_POINT('',(1.251792707016E0,2.190428436306E-1,-3.548714319809E0));
#608=CARTESIAN_POINT('',(1.2645E0,7.293572503467E-2,-3.557910011401E0));
#609=CARTESIAN_POINT('',(1.2645E0,0.E0,-3.5625E0));
#611=CURVE_STYLE('',#25,POSITIVE_LENGTH_MEASURE(2.E-2),#13);
#612=PRESENTATION_STYLE_ASSIGNMENT((#611));
#613=STYLED_ITEM('',(#612),#610);
#614=CARTESIAN_POINT('',(1.2645E0,0.E0,-3.4375E0));
#615=CARTESIAN_POINT('',(1.2645E0,7.315975284404E-2,-3.432895912890E0));
#616=CARTESIAN_POINT('',(1.251820573692E0,2.201959060533E-1,-3.423643628040E0));
#617=CARTESIAN_POINT('',(1.193537452432E0,4.374798207588E-1,-3.409542212045E0));
#618=CARTESIAN_POINT('',(1.097857242445E0,6.401815291002E-1,-3.395489777810E0));
#619=CARTESIAN_POINT('',(9.720324570562E-1,8.186428543563E-1,
-3.381800228962E0));
#620=CARTESIAN_POINT('',(8.140441351252E-1,9.762803810863E-1,
-3.367807910064E0));
#621=CARTESIAN_POINT('',(6.293622294714E-1,1.104320278744E0,-3.353721544116E0));
#622=CARTESIAN_POINT('',(4.274101013182E-1,1.196826662187E0,-3.339795642865E0));
#623=CARTESIAN_POINT('',(2.158582640548E-1,1.252269403488E0,-3.326083365054E0));
#624=CARTESIAN_POINT('',(-2.525664069180E-3,1.270913699177E0,
-3.312342020802E0));
#625=CARTESIAN_POINT('',(-2.236520894731E-1,1.251054692351E0,
-3.298422289908E0));
#626=CARTESIAN_POINT('',(-4.352600005287E-1,1.193956844636E0,
-3.284681549298E0));
#627=CARTESIAN_POINT('',(-6.356112591530E-1,1.100599355537E0,
-3.270823386915E0));
#628=CARTESIAN_POINT('',(-8.168396428573E-1,9.735772147094E-1,
-3.256948985194E0));
#629=CARTESIAN_POINT('',(-9.717116953680E-1,8.188727430203E-1,
-3.243223779442E0));
#630=CARTESIAN_POINT('',(-1.098064555323E0,6.399250193925E-1,
-3.229489373215E0));
#631=CARTESIAN_POINT('',(-1.193542898659E0,4.373929388111E-1,
-3.215452877706E0));
#632=CARTESIAN_POINT('',(-1.251835882041E0,2.201328318191E-1,
-3.201352150445E0));
#633=CARTESIAN_POINT('',(-1.2645E0,7.314172770391E-2,-3.192102952752E0));
#634=CARTESIAN_POINT('',(-1.2645E0,0.E0,-3.1875E0));
#636=CURVE_STYLE('',#25,POSITIVE_LENGTH_MEASURE(2.E-2),#13);
#637=PRESENTATION_STYLE_ASSIGNMENT((#636));
#638=STYLED_ITEM('',(#637),#635);
#639=CARTESIAN_POINT('',(-1.2645E0,0.E0,-3.8125E0));
#640=CARTESIAN_POINT('',(-1.2645E0,7.311511535973E-2,-3.817101277985E0));
#641=CARTESIAN_POINT('',(-1.251845116509E0,2.201004773001E-1,
-3.826350076182E0));
#642=CARTESIAN_POINT('',(-1.193520356225E0,4.374906464006E-1,
-3.840459106247E0));
#643=CARTESIAN_POINT('',(-1.097893397719E0,6.402546332561E-1,
-3.854512650820E0));
#644=CARTESIAN_POINT('',(-9.712350470895E-1,8.194901814906E-1,
-3.868272524193E0));
#645=CARTESIAN_POINT('',(-8.158182979293E-1,9.744531691115E-1,
-3.882033276183E0));
#646=CARTESIAN_POINT('',(-6.344289077872E-1,1.101289760774E0,
-3.895909048153E0));
#647=CARTESIAN_POINT('',(-4.336325212878E-1,1.194575135078E0,
-3.909790646975E0));
#648=CARTESIAN_POINT('',(-2.215193999712E-1,1.251467873959E0,
-3.923558239582E0));
#649=CARTESIAN_POINT('',(3.152862984136E-4,1.270949909873E0,-3.937519974695E0));
#650=CARTESIAN_POINT('',(2.191414513122E-1,1.251732404351E0,-3.951291578999E0));
#651=CARTESIAN_POINT('',(4.310373667427E-1,1.195534572481E0,-3.965036822579E0));
#652=CARTESIAN_POINT('',(6.323287901157E-1,1.102567641319E0,-3.978936757284E0));
#653=CARTESIAN_POINT('',(8.151155777155E-1,9.751073816995E-1,
-3.992906848989E0));
#654=CARTESIAN_POINT('',(9.705349317105E-1,8.202861754770E-1,
-4.006660915795E0));
#655=CARTESIAN_POINT('',(1.097338910307E0,6.412214370009E-1,-4.020417679364E0));
#656=CARTESIAN_POINT('',(1.193232895573E0,4.383267108146E-1,-4.034485550400E0));
#657=CARTESIAN_POINT('',(1.251781168309E0,2.206101748468E-1,-4.048617821809E0));
#658=CARTESIAN_POINT('',(1.2645E0,7.329925934402E-2,-4.057887133472E0));
#659=CARTESIAN_POINT('',(1.2645E0,0.E0,-4.0625E0));
#661=CURVE_STYLE('',#25,POSITIVE_LENGTH_MEASURE(2.E-2),#13);
#662=PRESENTATION_STYLE_ASSIGNMENT((#661));
#663=STYLED_ITEM('',(#662),#660);
#664=CARTESIAN_POINT('',(1.2645E0,0.E0,-3.9375E0));
#665=CARTESIAN_POINT('',(1.2645E0,7.293572503467E-2,-3.932910011401E0));
#666=CARTESIAN_POINT('',(1.251792707016E0,2.190428436306E-1,-3.923714319809E0));
#667=CARTESIAN_POINT('',(1.195454723693E0,4.314928923154E-1,-3.909935518341E0));
#668=CARTESIAN_POINT('',(1.101843551255E0,6.333278372560E-1,-3.895985815486E0));
#669=CARTESIAN_POINT('',(9.766361018032E-1,8.131858211437E-1,
-3.882247523345E0));
#670=CARTESIAN_POINT('',(8.201458681736E-1,9.709611440387E-1,
-3.868314830400E0));
#671=CARTESIAN_POINT('',(6.394660360061E-1,1.098229651387E0,-3.854460044786E0));
#672=CARTESIAN_POINT('',(4.411796883562E-1,1.191755919912E0,-3.840713915277E0));
#673=CARTESIAN_POINT('',(2.287231936492E-1,1.250248376689E0,-3.826898414116E0));
#674=CARTESIAN_POINT('',(4.718388537503E-3,1.271218503226E0,-3.812795598721E0));
#675=CARTESIAN_POINT('',(-2.197680090344E-1,1.251826573020E0,
-3.798670512181E0));
#676=CARTESIAN_POINT('',(-4.320466539698E-1,1.195154837380E0,
-3.784896230238E0));
#677=CARTESIAN_POINT('',(-6.340684615082E-1,1.101678114870E0,
-3.770940451536E0));
#678=CARTESIAN_POINT('',(-8.187561551349E-1,9.723717775953E-1,
-3.756808600936E0));
#679=CARTESIAN_POINT('',(-9.765272414822E-1,8.134263240575E-1,
-3.742769177633E0));
#680=CARTESIAN_POINT('',(-1.101661226997E0,6.333631938753E-1,
-3.729021243169E0));
#681=CARTESIAN_POINT('',(-1.194317643636E0,4.345488081984E-1,
-3.715269064310E0));
#682=CARTESIAN_POINT('',(-1.251810379493E0,2.197896679733E-1,
-3.701330856713E0));
#683=CARTESIAN_POINT('',(-1.2645E0,7.324306016928E-2,-3.692109329804E0));
#684=CARTESIAN_POINT('',(-1.2645E0,0.E0,-3.6875E0));
#686=CURVE_STYLE('',#25,POSITIVE_LENGTH_MEASURE(2.E-2),#13);
#687=PRESENTATION_STYLE_ASSIGNMENT((#686));
#688=STYLED_ITEM('',(#687),#685);
#689=CARTESIAN_POINT('',(-1.2645E0,0.E0,-4.3125E0));
#690=CARTESIAN_POINT('',(-1.2645E0,7.325916472768E-2,-4.317110343295E0));
#691=CARTESIAN_POINT('',(-1.251811118625E0,2.198661212915E-1,
-4.326335556641E0));
#692=CARTESIAN_POINT('',(-1.194198604319E0,4.349192920886E-1,
-4.340293409054E0));
#693=CARTESIAN_POINT('',(-1.101415768502E0,6.337876184295E-1,
-4.354051937476E0));
#694=CARTESIAN_POINT('',(-9.762366398998E-1,8.137774706707E-1,
-4.367797695094E0));
#695=CARTESIAN_POINT('',(-8.183576996868E-1,9.727077479673E-1,
-4.381841277454E0));
#696=CARTESIAN_POINT('',(-6.336242119717E-1,1.101942291134E0,
-4.395972743942E0));
#697=CARTESIAN_POINT('',(-4.314326120766E-1,1.195368257E0,-4.409936951007E0));
#698=CARTESIAN_POINT('',(-2.195468271314E-1,1.251837733016E0,
-4.423684239122E0));
#699=CARTESIAN_POINT('',(4.638514011026E-3,1.271208327873E0,-4.437790616463E0));
#700=CARTESIAN_POINT('',(2.285034557665E-1,1.250279078053E0,-4.451884600305E0));
#701=CARTESIAN_POINT('',(4.409284292170E-1,1.191863804743E0,-4.465696745614E0));
#702=CARTESIAN_POINT('',(6.394919942267E-1,1.098210886931E0,-4.479462096717E0));
#703=CARTESIAN_POINT('',(8.198437891248E-1,9.711901697016E-1,
-4.493291054293E0));
#704=CARTESIAN_POINT('',(9.763620829956E-1,8.135187300634E-1,
-4.507220599362E0));
#705=CARTESIAN_POINT('',(1.101644433104E0,6.336832935111E-1,-4.520960300508E0));
#706=CARTESIAN_POINT('',(1.195399544346E0,4.316978664358E-1,-4.534922276125E0));
#707=CARTESIAN_POINT('',(1.251814899408E0,2.189676864011E-1,-4.548719182654E0));
#708=CARTESIAN_POINT('',(1.2645E0,7.288872614947E-2,-4.557912969133E0));
#709=CARTESIAN_POINT('',(1.2645E0,0.E0,-4.5625E0));
#711=CURVE_STYLE('',#25,POSITIVE_LENGTH_MEASURE(2.E-2),#13);
#712=PRESENTATION_STYLE_ASSIGNMENT((#711));
#713=STYLED_ITEM('',(#712),#710);
#714=CARTESIAN_POINT('',(1.2645E0,0.E0,-4.4375E0));
#715=CARTESIAN_POINT('',(1.2645E0,7.315824245716E-2,-4.432896007942E0));
#716=CARTESIAN_POINT('',(1.251822242716E0,2.201894562636E-1,-4.423644049864E0));
#717=CARTESIAN_POINT('',(1.193536301239E0,4.374780688787E-1,-4.409542292385E0));
#718=CARTESIAN_POINT('',(1.097878631037E0,6.401446257301E-1,-4.395492409977E0));
#719=CARTESIAN_POINT('',(9.719711084017E-1,8.187526138717E-1,
-4.381792503949E0));
#720=CARTESIAN_POINT('',(8.135666417151E-1,9.767099983763E-1,
-4.367767703087E0));
#721=CARTESIAN_POINT('',(6.286219286314E-1,1.104751055434E0,-4.353667990828E0));
#722=CARTESIAN_POINT('',(4.265228971760E-1,1.197139384216E0,-4.339736715865E0));
#723=CARTESIAN_POINT('',(2.150612914146E-1,1.252404627855E0,-4.326032738956E0));
#724=CARTESIAN_POINT('',(-3.499126643621E-3,1.270928232934E0,
-4.312281073272E0));
#725=CARTESIAN_POINT('',(-2.248460866036E-1,1.250845169308E0,
-4.298346361421E0));
#726=CARTESIAN_POINT('',(-4.363693963364E-1,1.193553618820E0,
-4.284607719982E0));
#727=CARTESIAN_POINT('',(-6.366254463329E-1,1.099993709225E0,
-4.270749361692E0));
#728=CARTESIAN_POINT('',(-8.174007752553E-1,9.730918358303E-1,
-4.256902584971E0));
#729=CARTESIAN_POINT('',(-9.722967764071E-1,8.181948301052E-1,
-4.243167640754E0));
#730=CARTESIAN_POINT('',(-1.098513118180E0,6.391438274173E-1,
-4.229433028201E0));
#731=CARTESIAN_POINT('',(-1.193792199153E0,4.366748852200E-1,
-4.215405299258E0));
#732=CARTESIAN_POINT('',(-1.251893416161E0,2.196786912762E-1,
-4.201323545019E0));
#733=CARTESIAN_POINT('',(-1.2645E0,7.297460250577E-2,-4.192092435235E0));
#734=CARTESIAN_POINT('',(-1.2645E0,0.E0,-4.1875E0));
#736=CURVE_STYLE('',#25,POSITIVE_LENGTH_MEASURE(2.E-2),#13);
#737=PRESENTATION_STYLE_ASSIGNMENT((#736));
#738=STYLED_ITEM('',(#737),#735);
#739=CARTESIAN_POINT('',(1.2645E0,0.E0,-4.9375E0));
#740=CARTESIAN_POINT('',(1.2645E0,7.288872614947E-2,-4.932912969133E0));
#741=CARTESIAN_POINT('',(1.251814899408E0,2.189676864011E-1,-4.923719182654E0));
#742=CARTESIAN_POINT('',(1.195399544346E0,4.316978664358E-1,-4.909922276125E0));
#743=CARTESIAN_POINT('',(1.101644433104E0,6.336832935111E-1,-4.895960300508E0));
#744=CARTESIAN_POINT('',(9.763620829956E-1,8.135187300634E-1,
-4.882220599362E0));
#745=CARTESIAN_POINT('',(8.198437891248E-1,9.711901697016E-1,
-4.868291054293E0));
#746=CARTESIAN_POINT('',(6.394919942267E-1,1.098210886931E0,-4.854462096717E0));
#747=CARTESIAN_POINT('',(4.409284292170E-1,1.191863804743E0,-4.840696745614E0));
#748=CARTESIAN_POINT('',(2.285034557665E-1,1.250279078053E0,-4.826884600305E0));
#749=CARTESIAN_POINT('',(4.638514011026E-3,1.271208327873E0,-4.812790616463E0));
#750=CARTESIAN_POINT('',(-2.195468271314E-1,1.251837733016E0,
-4.798684239122E0));
#751=CARTESIAN_POINT('',(-4.314326120766E-1,1.195368257E0,-4.784936951007E0));
#752=CARTESIAN_POINT('',(-6.336242119717E-1,1.101942291134E0,
-4.770972743942E0));
#753=CARTESIAN_POINT('',(-8.183576996868E-1,9.727077479673E-1,
-4.756841277454E0));
#754=CARTESIAN_POINT('',(-9.762366398998E-1,8.137774706707E-1,
-4.742797695094E0));
#755=CARTESIAN_POINT('',(-1.101415768502E0,6.337876184295E-1,
-4.729051937476E0));
#756=CARTESIAN_POINT('',(-1.194198604319E0,4.349192920886E-1,
-4.715293409054E0));
#757=CARTESIAN_POINT('',(-1.251811118625E0,2.198661212915E-1,
-4.701335556641E0));
#758=CARTESIAN_POINT('',(-1.2645E0,7.325916472768E-2,-4.692110343295E0));
#759=CARTESIAN_POINT('',(-1.2645E0,0.E0,-4.6875E0));
#761=CURVE_STYLE('',#25,POSITIVE_LENGTH_MEASURE(2.E-2),#13);
#762=PRESENTATION_STYLE_ASSIGNMENT((#761));
#763=STYLED_ITEM('',(#762),#760);
#764=CARTESIAN_POINT('',(-1.2645E0,0.E0,-4.8125E0));
#765=CARTESIAN_POINT('',(-1.2645E0,7.314172770392E-2,-4.817102952752E0));
#766=CARTESIAN_POINT('',(-1.251835882041E0,2.201328318191E-1,
-4.826352150445E0));
#767=CARTESIAN_POINT('',(-1.193542898659E0,4.373929388111E-1,
-4.840452877706E0));
#768=CARTESIAN_POINT('',(-1.098064555323E0,6.399250193925E-1,
-4.854489373215E0));
#769=CARTESIAN_POINT('',(-9.717116953680E-1,8.188727430203E-1,
-4.868223779442E0));
#770=CARTESIAN_POINT('',(-8.168396428572E-1,9.735772147094E-1,
-4.881948985194E0));
#771=CARTESIAN_POINT('',(-6.356112591530E-1,1.100599355537E0,
-4.895823386915E0));
#772=CARTESIAN_POINT('',(-4.352600005287E-1,1.193956844636E0,
-4.909681549298E0));
#773=CARTESIAN_POINT('',(-2.236520894731E-1,1.251054692351E0,
-4.923422289908E0));
#774=CARTESIAN_POINT('',(-2.525664069154E-3,1.270913699177E0,
-4.937342020802E0));
#775=CARTESIAN_POINT('',(2.158582640548E-1,1.252269403488E0,-4.951083365054E0));
#776=CARTESIAN_POINT('',(4.274101013182E-1,1.196826662187E0,-4.964795642865E0));
#777=CARTESIAN_POINT('',(6.293622294714E-1,1.104320278744E0,-4.978721544116E0));
#778=CARTESIAN_POINT('',(8.140441351252E-1,9.762803810863E-1,
-4.992807910064E0));
#779=CARTESIAN_POINT('',(9.720324570562E-1,8.186428543563E-1,
-5.006800228962E0));
#780=CARTESIAN_POINT('',(1.097857242445E0,6.401815291001E-1,-5.020489777810E0));
#781=CARTESIAN_POINT('',(1.193537452432E0,4.374798207590E-1,-5.034542212045E0));
#782=CARTESIAN_POINT('',(1.251820573692E0,2.201959060536E-1,-5.048643628040E0));
#783=CARTESIAN_POINT('',(1.2645E0,7.315975284418E-2,-5.057895912890E0));
#784=CARTESIAN_POINT('',(1.2645E0,0.E0,-5.0625E0));
#786=CURVE_STYLE('',#25,POSITIVE_LENGTH_MEASURE(2.E-2),#13);
#787=PRESENTATION_STYLE_ASSIGNMENT((#786));
#788=STYLED_ITEM('',(#787),#785);
#789=CARTESIAN_POINT('',(-1.2645E0,0.E0,-5.3125E0));
#790=CARTESIAN_POINT('',(-1.2645E0,7.324306016928E-2,-5.317109329804E0));
#791=CARTESIAN_POINT('',(-1.251810379493E0,2.197896679733E-1,
-5.326330856713E0));
#792=CARTESIAN_POINT('',(-1.194317643636E0,4.345488081984E-1,
-5.340269064310E0));
#793=CARTESIAN_POINT('',(-1.101661226997E0,6.333631938753E-1,
-5.354021243169E0));
#794=CARTESIAN_POINT('',(-9.765272414822E-1,8.134263240575E-1,
-5.367769177633E0));
#795=CARTESIAN_POINT('',(-8.187561551349E-1,9.723717775953E-1,
-5.381808600936E0));
#796=CARTESIAN_POINT('',(-6.340684615082E-1,1.101678114870E0,
-5.395940451536E0));
#797=CARTESIAN_POINT('',(-4.320466539698E-1,1.195154837380E0,
-5.409896230238E0));
#798=CARTESIAN_POINT('',(-2.197680090344E-1,1.251826573020E0,
-5.423670512181E0));
#799=CARTESIAN_POINT('',(4.718388537529E-3,1.271218503226E0,-5.437795598721E0));
#800=CARTESIAN_POINT('',(2.287231936492E-1,1.250248376689E0,-5.451898414116E0));
#801=CARTESIAN_POINT('',(4.411796883562E-1,1.191755919912E0,-5.465713915277E0));
#802=CARTESIAN_POINT('',(6.394660360061E-1,1.098229651387E0,-5.479460044786E0));
#803=CARTESIAN_POINT('',(8.201458681736E-1,9.709611440387E-1,
-5.493314830400E0));
#804=CARTESIAN_POINT('',(9.766361018032E-1,8.131858211437E-1,
-5.507247523345E0));
#805=CARTESIAN_POINT('',(1.101843551255E0,6.333278372560E-1,-5.520985815486E0));
#806=CARTESIAN_POINT('',(1.195454723693E0,4.314928923154E-1,-5.534935518341E0));
#807=CARTESIAN_POINT('',(1.251792707016E0,2.190428436306E-1,-5.548714319809E0));
#808=CARTESIAN_POINT('',(1.2645E0,7.293572503467E-2,-5.557910011401E0));
#809=CARTESIAN_POINT('',(1.2645E0,0.E0,-5.5625E0));
#811=CURVE_STYLE('',#25,POSITIVE_LENGTH_MEASURE(2.E-2),#13);
#812=PRESENTATION_STYLE_ASSIGNMENT((#811));
#813=STYLED_ITEM('',(#812),#810);
#814=CARTESIAN_POINT('',(1.2645E0,0.E0,-5.4375E0));
#815=CARTESIAN_POINT('',(1.2645E0,7.315975284410E-2,-5.432895912890E0));
#816=CARTESIAN_POINT('',(1.251820573692E0,2.201959060534E-1,-5.423643628040E0));
#817=CARTESIAN_POINT('',(1.193537452432E0,4.374798207589E-1,-5.409542212045E0));
#818=CARTESIAN_POINT('',(1.097857242445E0,6.401815291002E-1,-5.395489777810E0));
#819=CARTESIAN_POINT('',(9.720324570562E-1,8.186428543563E-1,
-5.381800228962E0));
#820=CARTESIAN_POINT('',(8.140441351252E-1,9.762803810863E-1,
-5.367807910064E0));
#821=CARTESIAN_POINT('',(6.293622294714E-1,1.104320278744E0,-5.353721544116E0));
#822=CARTESIAN_POINT('',(4.274101013182E-1,1.196826662187E0,-5.339795642865E0));
#823=CARTESIAN_POINT('',(2.158582640548E-1,1.252269403488E0,-5.326083365054E0));
#824=CARTESIAN_POINT('',(-2.525664069164E-3,1.270913699177E0,
-5.312342020802E0));
#825=CARTESIAN_POINT('',(-2.236520894731E-1,1.251054692351E0,
-5.298422289908E0));
#826=CARTESIAN_POINT('',(-4.352600005287E-1,1.193956844636E0,
-5.284681549298E0));
#827=CARTESIAN_POINT('',(-6.356112591530E-1,1.100599355537E0,
-5.270823386915E0));
#828=CARTESIAN_POINT('',(-8.168396428572E-1,9.735772147094E-1,
-5.256948985194E0));
#829=CARTESIAN_POINT('',(-9.717116953680E-1,8.188727430203E-1,
-5.243223779442E0));
#830=CARTESIAN_POINT('',(-1.098064555323E0,6.399250193925E-1,
-5.229489373215E0));
#831=CARTESIAN_POINT('',(-1.193542898659E0,4.373929388111E-1,
-5.215452877706E0));
#832=CARTESIAN_POINT('',(-1.251835882041E0,2.201328318191E-1,
-5.201352150445E0));
#833=CARTESIAN_POINT('',(-1.2645E0,7.314172770392E-2,-5.192102952752E0));
#834=CARTESIAN_POINT('',(-1.2645E0,0.E0,-5.1875E0));
#836=CURVE_STYLE('',#25,POSITIVE_LENGTH_MEASURE(2.E-2),#13);
#837=PRESENTATION_STYLE_ASSIGNMENT((#836));
#838=STYLED_ITEM('',(#837),#835);
#839=CARTESIAN_POINT('',(-1.2645E0,0.E0,-5.8125E0));
#840=CARTESIAN_POINT('',(-1.2645E0,7.297460105079E-2,-5.817092435143E0));
#841=CARTESIAN_POINT('',(-1.251893416659E0,2.196786869067E-1,
-5.826323544744E0));
#842=CARTESIAN_POINT('',(-1.193792201973E0,4.366748767704E-1,
-5.840405298700E0));
#843=CARTESIAN_POINT('',(-1.098513124574E0,6.391438158878E-1,
-5.854433027377E0));
#844=CARTESIAN_POINT('',(-9.722967874884E-1,8.181948167259E-1,
-5.868167639661E0));
#845=CARTESIAN_POINT('',(-8.174007912589E-1,9.730918215875E-1,
-5.881902583645E0));
#846=CARTESIAN_POINT('',(-6.366254703556E-1,1.099993696357E0,
-5.895749359947E0));
#847=CARTESIAN_POINT('',(-4.363694200102E-1,1.193553605966E0,
-5.909607718416E0));
#848=CARTESIAN_POINT('',(-2.248461382293E-1,1.250845171268E0,
-5.923346358015E0));
#849=CARTESIAN_POINT('',(-3.499102217335E-3,1.270928201048E0,
-5.937281075310E0));
#850=CARTESIAN_POINT('',(2.150610104424E-1,1.252404752701E0,-5.951032719430E0));
#851=CARTESIAN_POINT('',(4.265237429264E-1,1.197138960257E0,-5.964736775731E0));
#852=CARTESIAN_POINT('',(6.286181611468E-1,1.104752863875E0,-5.978667726425E0));
#853=CARTESIAN_POINT('',(8.135550836935E-1,9.767178712665E-1,
-5.992766833648E0));
#854=CARTESIAN_POINT('',(9.719434923736E-1,8.187839426051E-1,
-6.006789889963E0));
#855=CARTESIAN_POINT('',(1.097861457402E0,6.401764504005E-1,-6.020490149548E0));
#856=CARTESIAN_POINT('',(1.193532601506E0,4.374912472720E-1,-6.034541437550E0));
#857=CARTESIAN_POINT('',(1.251822044545E0,2.201927162534E-1,-6.048643845077E0));
#858=CARTESIAN_POINT('',(1.2645E0,7.315845528341E-2,-6.057895994548E0));
#859=CARTESIAN_POINT('',(1.2645E0,0.E0,-6.0625E0));
#861=CURVE_STYLE('',#25,POSITIVE_LENGTH_MEASURE(2.E-2),#13);
#862=PRESENTATION_STYLE_ASSIGNMENT((#861));
#863=STYLED_ITEM('',(#862),#860);
#864=CARTESIAN_POINT('',(1.2645E0,0.E0,-5.9375E0));
#865=CARTESIAN_POINT('',(1.2645E0,7.293572503467E-2,-5.932910011401E0));
#866=CARTESIAN_POINT('',(1.251792707016E0,2.190428436306E-1,-5.923714319809E0));
#867=CARTESIAN_POINT('',(1.195454723693E0,4.314928923154E-1,-5.909935518341E0));
#868=CARTESIAN_POINT('',(1.101843551255E0,6.333278372560E-1,-5.895985815486E0));
#869=CARTESIAN_POINT('',(9.766361018032E-1,8.131858211437E-1,
-5.882247523345E0));
#870=CARTESIAN_POINT('',(8.201458681736E-1,9.709611440387E-1,
-5.868314830400E0));
#871=CARTESIAN_POINT('',(6.394660360061E-1,1.098229651387E0,-5.854460044786E0));
#872=CARTESIAN_POINT('',(4.411796883562E-1,1.191755919912E0,-5.840713915277E0));
#873=CARTESIAN_POINT('',(2.287231936492E-1,1.250248376689E0,-5.826898414116E0));
#874=CARTESIAN_POINT('',(4.718388537588E-3,1.271218503226E0,-5.812795598721E0));
#875=CARTESIAN_POINT('',(-2.197680090343E-1,1.251826573020E0,
-5.798670512181E0));
#876=CARTESIAN_POINT('',(-4.320466539699E-1,1.195154837380E0,
-5.784896230238E0));
#877=CARTESIAN_POINT('',(-6.340684615082E-1,1.101678114870E0,
-5.770940451536E0));
#878=CARTESIAN_POINT('',(-8.187561551349E-1,9.723717775953E-1,
-5.756808600936E0));
#879=CARTESIAN_POINT('',(-9.765272414822E-1,8.134263240575E-1,
-5.742769177633E0));
#880=CARTESIAN_POINT('',(-1.101661226997E0,6.333631938753E-1,
-5.729021243169E0));
#881=CARTESIAN_POINT('',(-1.194317643636E0,4.345488081984E-1,
-5.715269064310E0));
#882=CARTESIAN_POINT('',(-1.251810379493E0,2.197896679733E-1,
-5.701330856713E0));
#883=CARTESIAN_POINT('',(-1.2645E0,7.324306016928E-2,-5.692109329804E0));
#884=CARTESIAN_POINT('',(-1.2645E0,0.E0,-5.6875E0));
#886=CURVE_STYLE('',#25,POSITIVE_LENGTH_MEASURE(2.E-2),#13);
#887=PRESENTATION_STYLE_ASSIGNMENT((#886));
#888=STYLED_ITEM('',(#887),#885);
#889=CARTESIAN_POINT('',(-1.2645E0,0.E0,-6.3125E0));
#890=CARTESIAN_POINT('',(-1.2645E0,7.325916472768E-2,-6.317110343295E0));
#891=CARTESIAN_POINT('',(-1.251811118625E0,2.198661212915E-1,
-6.326335556641E0));
#892=CARTESIAN_POINT('',(-1.194198604319E0,4.349192920886E-1,
-6.340293409054E0));
#893=CARTESIAN_POINT('',(-1.101415768502E0,6.337876184294E-1,
-6.354051937476E0));
#894=CARTESIAN_POINT('',(-9.762366398998E-1,8.137774706707E-1,
-6.367797695094E0));
#895=CARTESIAN_POINT('',(-8.183576996868E-1,9.727077479673E-1,
-6.381841277454E0));
#896=CARTESIAN_POINT('',(-6.336242119717E-1,1.101942291134E0,
-6.395972743942E0));
#897=CARTESIAN_POINT('',(-4.314326120766E-1,1.195368257E0,-6.409936951007E0));
#898=CARTESIAN_POINT('',(-2.195468271314E-1,1.251837733016E0,
-6.423684239122E0));
#899=CARTESIAN_POINT('',(4.638514011022E-3,1.271208327873E0,-6.437790616463E0));
#900=CARTESIAN_POINT('',(2.285034557665E-1,1.250279078053E0,-6.451884600305E0));
#901=CARTESIAN_POINT('',(4.409284292170E-1,1.191863804743E0,-6.465696745614E0));
#902=CARTESIAN_POINT('',(6.394919942267E-1,1.098210886931E0,-6.479462096717E0));
#903=CARTESIAN_POINT('',(8.198437891248E-1,9.711901697016E-1,
-6.493291054293E0));
#904=CARTESIAN_POINT('',(9.763620829956E-1,8.135187300634E-1,
-6.507220599362E0));
#905=CARTESIAN_POINT('',(1.101644433104E0,6.336832935111E-1,-6.520960300508E0));
#906=CARTESIAN_POINT('',(1.195399544346E0,4.316978664358E-1,-6.534922276125E0));
#907=CARTESIAN_POINT('',(1.251814899408E0,2.189676864011E-1,-6.548719182654E0));
#908=CARTESIAN_POINT('',(1.2645E0,7.288872614947E-2,-6.557912969133E0));
#909=CARTESIAN_POINT('',(1.2645E0,0.E0,-6.5625E0));
#911=CURVE_STYLE('',#25,POSITIVE_LENGTH_MEASURE(2.E-2),#13);
#912=PRESENTATION_STYLE_ASSIGNMENT((#911));
#913=STYLED_ITEM('',(#912),#910);
#914=CARTESIAN_POINT('',(1.2645E0,0.E0,-6.4375E0));
#915=CARTESIAN_POINT('',(1.2645E0,7.315824245715E-2,-6.432896007942E0));
#916=CARTESIAN_POINT('',(1.251822242716E0,2.201894562636E-1,-6.423644049864E0));
#917=CARTESIAN_POINT('',(1.193536301239E0,4.374780688787E-1,-6.409542292385E0));
#918=CARTESIAN_POINT('',(1.097878631037E0,6.401446257301E-1,-6.395492409977E0));
#919=CARTESIAN_POINT('',(9.719711084017E-1,8.187526138717E-1,
-6.381792503949E0));
#920=CARTESIAN_POINT('',(8.135666417151E-1,9.767099983763E-1,
-6.367767703087E0));
#921=CARTESIAN_POINT('',(6.286219286314E-1,1.104751055434E0,-6.353667990828E0));
#922=CARTESIAN_POINT('',(4.265228971760E-1,1.197139384216E0,-6.339736715865E0));
#923=CARTESIAN_POINT('',(2.150612914146E-1,1.252404627855E0,-6.326032738956E0));
#924=CARTESIAN_POINT('',(-3.499126643619E-3,1.270928232934E0,
-6.312281073272E0));
#925=CARTESIAN_POINT('',(-2.248460866036E-1,1.250845169308E0,
-6.298346361421E0));
#926=CARTESIAN_POINT('',(-4.363693963364E-1,1.193553618820E0,
-6.284607719982E0));
#927=CARTESIAN_POINT('',(-6.366254463329E-1,1.099993709225E0,
-6.270749361692E0));
#928=CARTESIAN_POINT('',(-8.174007752553E-1,9.730918358303E-1,
-6.256902584971E0));
#929=CARTESIAN_POINT('',(-9.722967764071E-1,8.181948301052E-1,
-6.243167640754E0));
#930=CARTESIAN_POINT('',(-1.098513118180E0,6.391438274173E-1,
-6.229433028201E0));
#931=CARTESIAN_POINT('',(-1.193792199153E0,4.366748852200E-1,
-6.215405299258E0));
#932=CARTESIAN_POINT('',(-1.251893416161E0,2.196786912762E-1,
-6.201323545019E0));
#933=CARTESIAN_POINT('',(-1.2645E0,7.297460250577E-2,-6.192092435235E0));
#934=CARTESIAN_POINT('',(-1.2645E0,0.E0,-6.1875E0));
#936=CURVE_STYLE('',#25,POSITIVE_LENGTH_MEASURE(2.E-2),#13);
#937=PRESENTATION_STYLE_ASSIGNMENT((#936));
#938=STYLED_ITEM('',(#937),#935);
#939=CARTESIAN_POINT('',(1.2645E0,0.E0,-6.9375E0));
#940=CARTESIAN_POINT('',(1.2645E0,7.288872614947E-2,-6.932912969133E0));
#941=CARTESIAN_POINT('',(1.251814899408E0,2.189676864011E-1,-6.923719182654E0));
#942=CARTESIAN_POINT('',(1.195399544346E0,4.316978664358E-1,-6.909922276125E0));
#943=CARTESIAN_POINT('',(1.101644433104E0,6.336832935111E-1,-6.895960300508E0));
#944=CARTESIAN_POINT('',(9.763620829956E-1,8.135187300634E-1,
-6.882220599362E0));
#945=CARTESIAN_POINT('',(8.198437891248E-1,9.711901697016E-1,
-6.868291054293E0));
#946=CARTESIAN_POINT('',(6.394919942267E-1,1.098210886931E0,-6.854462096717E0));
#947=CARTESIAN_POINT('',(4.409284292170E-1,1.191863804743E0,-6.840696745614E0));
#948=CARTESIAN_POINT('',(2.285034557665E-1,1.250279078053E0,-6.826884600305E0));
#949=CARTESIAN_POINT('',(4.638514011028E-3,1.271208327873E0,-6.812790616463E0));
#950=CARTESIAN_POINT('',(-2.195468271314E-1,1.251837733016E0,
-6.798684239122E0));
#951=CARTESIAN_POINT('',(-4.314326120766E-1,1.195368257E0,-6.784936951007E0));
#952=CARTESIAN_POINT('',(-6.336242119717E-1,1.101942291134E0,
-6.770972743942E0));
#953=CARTESIAN_POINT('',(-8.183576996868E-1,9.727077479673E-1,
-6.756841277454E0));
#954=CARTESIAN_POINT('',(-9.762366398998E-1,8.137774706707E-1,
-6.742797695094E0));
#955=CARTESIAN_POINT('',(-1.101415768502E0,6.337876184295E-1,
-6.729051937476E0));
#956=CARTESIAN_POINT('',(-1.194198604319E0,4.349192920886E-1,
-6.715293409054E0));
#957=CARTESIAN_POINT('',(-1.251811118625E0,2.198661212915E-1,
-6.701335556641E0));
#958=CARTESIAN_POINT('',(-1.2645E0,7.325916472767E-2,-6.692110343295E0));
#959=CARTESIAN_POINT('',(-1.2645E0,0.E0,-6.6875E0));
#961=CURVE_STYLE('',#25,POSITIVE_LENGTH_MEASURE(2.E-2),#13);
#962=PRESENTATION_STYLE_ASSIGNMENT((#961));
#963=STYLED_ITEM('',(#962),#960);
#964=CARTESIAN_POINT('',(-1.2645E0,0.E0,-6.8125E0));
#965=CARTESIAN_POINT('',(-1.2645E0,7.314172770391E-2,-6.817102952752E0));
#966=CARTESIAN_POINT('',(-1.251835882041E0,2.201328318191E-1,
-6.826352150445E0));
#967=CARTESIAN_POINT('',(-1.193542898659E0,4.373929388111E-1,
-6.840452877706E0));
#968=CARTESIAN_POINT('',(-1.098064555323E0,6.399250193925E-1,
-6.854489373215E0));
#969=CARTESIAN_POINT('',(-9.717116953680E-1,8.188727430203E-1,
-6.868223779442E0));
#970=CARTESIAN_POINT('',(-8.168396428573E-1,9.735772147094E-1,
-6.881948985194E0));
#971=CARTESIAN_POINT('',(-6.356112591530E-1,1.100599355537E0,
-6.895823386915E0));
#972=CARTESIAN_POINT('',(-4.352600005287E-1,1.193956844636E0,
-6.909681549298E0));
#973=CARTESIAN_POINT('',(-2.236520894732E-1,1.251054692351E0,
-6.923422289908E0));
#974=CARTESIAN_POINT('',(-2.525664069176E-3,1.270913699177E0,
-6.937342020802E0));
#975=CARTESIAN_POINT('',(2.158582640548E-1,1.252269403488E0,-6.951083365054E0));
#976=CARTESIAN_POINT('',(4.274101013182E-1,1.196826662187E0,-6.964795642865E0));
#977=CARTESIAN_POINT('',(6.293622294714E-1,1.104320278744E0,-6.978721544116E0));
#978=CARTESIAN_POINT('',(8.140441351252E-1,9.762803810863E-1,
-6.992807910064E0));
#979=CARTESIAN_POINT('',(9.720324570562E-1,8.186428543563E-1,
-7.006800228962E0));
#980=CARTESIAN_POINT('',(1.097857242445E0,6.401815291002E-1,-7.020489777810E0));
#981=CARTESIAN_POINT('',(1.193537452432E0,4.374798207588E-1,-7.034542212045E0));
#982=CARTESIAN_POINT('',(1.251820573692E0,2.201959060533E-1,-7.048643628040E0));
#983=CARTESIAN_POINT('',(1.2645E0,7.315975284403E-2,-7.057895912890E0));
#984=CARTESIAN_POINT('',(1.2645E0,0.E0,-7.0625E0));
#986=CURVE_STYLE('',#25,POSITIVE_LENGTH_MEASURE(2.E-2),#13);
#987=PRESENTATION_STYLE_ASSIGNMENT((#986));
#988=STYLED_ITEM('',(#987),#985);
#989=CARTESIAN_POINT('',(-1.2645E0,0.E0,-7.1875E0));
#990=CARTESIAN_POINT('',(-1.2645E0,7.530518922150E-2,-7.192239103640E0));
#991=CARTESIAN_POINT('',(-1.251010388583E0,2.259168423135E-1,
-7.201717478884E0));
#992=CARTESIAN_POINT('',(-1.190943824802E0,4.446566072396E-1,
-7.215935921859E0));
#993=CARTESIAN_POINT('',(-1.092958891953E0,6.492344114170E-1,
-7.230154116296E0));
#994=CARTESIAN_POINT('',(-9.601864012264E-1,8.331297698298E-1,
-7.244371333143E0));
#995=CARTESIAN_POINT('',(-7.968465725924E-1,9.905048935808E-1,
-7.258588661715E0));
#996=CARTESIAN_POINT('',(-6.081319755325E-1,1.116351490580E0,
-7.272806500405E0));
#997=CARTESIAN_POINT('',(-4.000564785721E-1,1.206656213573E0,
-7.287024312423E0));
#998=CARTESIAN_POINT('',(-1.792478344546E-1,1.258544876743E0,
-7.301241919607E0));
#999=CARTESIAN_POINT('',(4.727460037945E-2,1.270366198342E0,-7.315459980193E0));
#1000=CARTESIAN_POINT('',(2.722857934742E-1,1.241742638826E0,
-7.329677650339E0));
#1001=CARTESIAN_POINT('',(4.886298748997E-1,1.173586882307E0,
-7.343895409119E0));
#1002=CARTESIAN_POINT('',(6.894247229292E-1,1.068063706166E0,
-7.358113679382E0));
#1003=CARTESIAN_POINT('',(8.682720624615E-1,9.285311262831E-1,
-7.372332223908E0));
#1004=CARTESIAN_POINT('',(1.019470042240E0,7.594379969633E-1,
-7.386550441208E0));
#1005=CARTESIAN_POINT('',(1.138208086009E0,5.661697016882E-1,
-7.400768387726E0));
#1006=CARTESIAN_POINT('',(1.220711419214E0,3.548671320881E-1,
-7.414986915963E0));
#1007=CARTESIAN_POINT('',(1.264346697657E0,1.322638285660E-1,
-7.429205532589E0));
#1008=CARTESIAN_POINT('',(1.267724175252E0,-9.453437156875E-2,
-7.443423140782E0));
#1009=CARTESIAN_POINT('',(1.230752029351E0,-3.182913742203E-1,
-7.457638719685E0));
#1010=CARTESIAN_POINT('',(1.154605186831E0,-5.319280720868E-1,
-7.471854979033E0));
#1011=CARTESIAN_POINT('',(1.041713309997E0,-7.286235502772E-1,
-7.486070501600E0));
#1012=CARTESIAN_POINT('',(8.956708621250E-1,-9.021260368204E-1,
-7.500285717649E0));
#1013=CARTESIAN_POINT('',(7.793137053066E-1,-9.986484271771E-1,
-7.509761978347E0));
#1014=CARTESIAN_POINT('',(7.173115861708E-1,-1.041356969701E0,-7.5145E0));
#1016=CURVE_STYLE('',#25,POSITIVE_LENGTH_MEASURE(2.E-2),#13);
#1017=PRESENTATION_STYLE_ASSIGNMENT((#1016));
#1018=STYLED_ITEM('',(#1017),#1015);
#1019=CARTESIAN_POINT('',(0.E0,0.E0,-7.5145E0));
#1020=DIRECTION('',(0.E0,0.E0,1.E0));
#1021=DIRECTION('',(5.672689491267E-1,-8.235325976284E-1,0.E0));
#1022=AXIS2_PLACEMENT_3D('',#1019,#1020,#1021);
#1024=CURVE_STYLE('',#25,POSITIVE_LENGTH_MEASURE(2.E-2),#13);
#1025=PRESENTATION_STYLE_ASSIGNMENT((#1024));
#1026=STYLED_ITEM('',(#1025),#1023);
#1027=CARTESIAN_POINT('',(-1.2645E0,0.E0,-7.3125E0));
#1028=CARTESIAN_POINT('',(-1.2645E0,7.603456983691E-2,-7.317285004996E0));
#1029=CARTESIAN_POINT('',(-1.250821934853E0,2.281353978309E-1,
-7.326855972735E0));
#1030=CARTESIAN_POINT('',(-1.188955024842E0,4.503813524039E-1,
-7.341315136810E0));
#1031=CARTESIAN_POINT('',(-1.089481499112E0,6.550365311163E-1,
-7.355577495669E0));
#1032=CARTESIAN_POINT('',(-9.551618639273E-1,8.392049076825E-1,
-7.369865235648E0));
#1033=CARTESIAN_POINT('',(-7.860905941707E-1,9.996956786205E-1,
-7.384473394381E0));
#1034=CARTESIAN_POINT('',(-5.892895189688E-1,1.126708055570E0,
-7.399152109399E0));
#1035=CARTESIAN_POINT('',(-3.780051259470E-1,1.213839700965E0,
-7.413475878771E0));
#1036=CARTESIAN_POINT('',(-1.525390391252E-1,1.262429907513E0,
-7.427931551177E0));
#1037=CARTESIAN_POINT('',(8.147733363708E-2,1.269069241863E0,
-7.442601817392E0));
#1038=CARTESIAN_POINT('',(3.108812420447E-1,1.232823317042E0,
-7.457156810320E0));
#1039=CARTESIAN_POINT('',(5.256797876861E-1,1.157459504914E0,
-7.471425053590E0));
#1040=CARTESIAN_POINT('',(7.239517013929E-1,1.045184626863E0,
-7.485706366470E0));
#1041=CARTESIAN_POINT('',(9.010610238169E-1,8.970366342308E-1,
-7.500178281338E0));
#1042=CARTESIAN_POINT('',(9.983579519449E-1,7.797354026740E-1,
-7.509729753460E0));
#1043=CARTESIAN_POINT('',(1.041356969701E0,7.173115861708E-1,-7.5145E0));
#1045=CURVE_STYLE('',#25,POSITIVE_LENGTH_MEASURE(2.E-2),#13);
#1046=PRESENTATION_STYLE_ASSIGNMENT((#1045));
#1047=STYLED_ITEM('',(#1046),#1044);
#1048=CARTESIAN_POINT('',(-1.2645E0,0.E0,-8.125E-1));
#1049=CARTESIAN_POINT('',(-1.2645E0,-7.530527585369E-2,-8.077608909083E-1));
#1050=CARTESIAN_POINT('',(-1.251010358859E0,-2.259171041512E-1,
-7.982825046624E-1));
#1051=CARTESIAN_POINT('',(-1.190943643368E0,-4.446571416107E-1,
-7.840640428187E-1));
#1052=CARTESIAN_POINT('',(-1.092958490858E0,-6.492351097525E-1,
-7.698458333630E-1));
#1053=CARTESIAN_POINT('',(-9.601858248693E-1,-8.331304187523E-1,
-7.556286124645E-1));
#1054=CARTESIAN_POINT('',(-7.968460191870E-1,-9.905053566365E-1,
-7.414112931588E-1));
#1055=CARTESIAN_POINT('',(-6.081308528617E-1,-1.116352137094E0,
-7.271934184709E-1));
#1056=CARTESIAN_POINT('',(-4.000550809330E-1,-1.206656673587E0,
-7.129755955615E-1));
#1057=CARTESIAN_POINT('',(-1.792465510081E-1,-1.258545041403E0,
-6.987579993947E-1));
#1058=CARTESIAN_POINT('',(4.727555997144E-2,-1.270366146585E0,
-6.845399596336E-1));
#1059=CARTESIAN_POINT('',(2.722866354097E-1,-1.241742459266E0,
-6.703222957809E-1));
#1060=CARTESIAN_POINT('',(4.886307664565E-1,-1.173586507917E0,
-6.561045303342E-1));
#1061=CARTESIAN_POINT('',(6.894253261180E-1,-1.068063296772E0,
-6.418862750670E-1));
#1062=CARTESIAN_POINT('',(8.682723549656E-1,-9.285308165384E-1,
-6.276677494275E-1));
#1063=CARTESIAN_POINT('',(1.019469988957E0,-7.594380370343E-1,
-6.134495628124E-1));
#1064=CARTESIAN_POINT('',(1.138208026976E0,-5.661698238450E-1,
-5.992316207126E-1));
#1065=CARTESIAN_POINT('',(1.220711389309E0,-3.548672453402E-1,
-5.850130913838E-1));
#1066=CARTESIAN_POINT('',(1.264346696993E0,-1.322638702333E-1,
-5.707944700099E-1));
#1067=CARTESIAN_POINT('',(1.267724175655E0,9.453434408023E-2,
-5.565768609260E-1));
#1068=CARTESIAN_POINT('',(1.230752040562E0,3.182913627825E-1,
-5.423612811722E-1));
#1069=CARTESIAN_POINT('',(1.154605102739E0,5.319282955218E-1,
-5.281450060660E-1));
#1070=CARTESIAN_POINT('',(1.041713068486E0,7.286238979869E-1,
-5.139294719209E-1));
#1071=CARTESIAN_POINT('',(8.956706452924E-1,9.021262339362E-1,
-4.997142640574E-1));
#1072=CARTESIAN_POINT('',(7.793136080678E-1,9.986484941574E-1,
-4.902380142227E-1));
#1073=CARTESIAN_POINT('',(7.173115861708E-1,1.041356969701E0,-4.855E-1));
#1075=CURVE_STYLE('',#25,POSITIVE_LENGTH_MEASURE(2.E-2),#13);
#1076=PRESENTATION_STYLE_ASSIGNMENT((#1075));
#1077=STYLED_ITEM('',(#1076),#1074);
#1078=CARTESIAN_POINT('',(-1.2645E0,0.E0,-6.875E-1));
#1079=CARTESIAN_POINT('',(-1.2645E0,-7.603597630647E-2,-6.827149064919E-1));
#1080=CARTESIAN_POINT('',(-1.250814846364E0,-2.281285166755E-1,
-6.731443473951E-1));
#1081=CARTESIAN_POINT('',(-1.189014696464E0,-4.502124013665E-1,
-6.586960894692E-1));
#1082=CARTESIAN_POINT('',(-1.089542483260E0,-6.549457433906E-1,
-6.444293213800E-1));
#1083=CARTESIAN_POINT('',(-9.552226834633E-1,-8.391308875847E-1,
-6.301407780181E-1));
#1084=CARTESIAN_POINT('',(-7.862341617600E-1,-9.995734894126E-1,
-6.155384020996E-1));
#1085=CARTESIAN_POINT('',(-5.895720040741E-1,-1.126549417744E0,
-6.008681459373E-1));
#1086=CARTESIAN_POINT('',(-3.784456145451E-1,-1.213698084446E0,
-5.865530865923E-1));
#1087=CARTESIAN_POINT('',(-1.529992477458E-1,-1.262375310687E0,
-5.720974153749E-1));
#1088=CARTESIAN_POINT('',(8.106090855198E-2,-1.269104034277E0,
-5.574243547787E-1));
#1089=CARTESIAN_POINT('',(3.106221518253E-1,-1.232890904186E0,
-5.428599322822E-1));
#1090=CARTESIAN_POINT('',(5.253664936626E-1,-1.157598353261E0,
-5.285964050829E-1));
#1091=CARTESIAN_POINT('',(7.237428193021E-1,-1.045343135420E0,
-5.143100139161E-1));
#1092=CARTESIAN_POINT('',(9.010284421580E-1,-8.970825888650E-1,
-4.998251988475E-1));
#1093=CARTESIAN_POINT('',(9.983508057225E-1,-7.797457772011E-1,
-4.902710393311E-1));
#1094=CARTESIAN_POINT('',(1.041356969701E0,-7.173115861708E-1,-4.855E-1));
#1096=CURVE_STYLE('',#25,POSITIVE_LENGTH_MEASURE(2.E-2),#13);
#1097=PRESENTATION_STYLE_ASSIGNMENT((#1096));
#1098=STYLED_ITEM('',(#1097),#1095);
#1099=DIRECTION('',(0.E0,0.E0,1.E0));
#1100=VECTOR('',#1099,1.25E-1);
#1101=CARTESIAN_POINT('',(-1.2645E0,0.E0,-8.125E-1));
#1102=LINE('',#1101,#1100);
#1103=CURVE_STYLE('',#25,POSITIVE_LENGTH_MEASURE(2.E-2),#13);
#1104=PRESENTATION_STYLE_ASSIGNMENT((#1103));
#1105=STYLED_ITEM('',(#1104),#1102);
#1106=CARTESIAN_POINT('',(-1.2645E0,0.E0,-1.1875E0));
#1107=CARTESIAN_POINT('',(-1.2645E0,-7.316536651731E-2,-1.182895559611E0));
#1108=CARTESIAN_POINT('',(-1.251828048602E0,-2.202049407568E-1,
-1.173643320951E0));
#1109=CARTESIAN_POINT('',(-1.193493321175E0,-4.375416476045E-1,
-1.159537306998E0));
#1110=CARTESIAN_POINT('',(-1.097953463730E0,-6.401239374608E-1,
-1.145496384041E0));
#1111=CARTESIAN_POINT('',(-9.715379802262E-1,-8.190754638702E-1,
-1.131759479931E0));
#1112=CARTESIAN_POINT('',(-8.166654876970E-1,-9.737302666041E-1,
-1.118036513005E0));
#1113=CARTESIAN_POINT('',(-6.352335240951E-1,-1.100830669091E0,
-1.104148870591E0));
#1114=CARTESIAN_POINT('',(-4.347586581992E-1,-1.194140857419E0,
-1.090285040026E0));
#1115=CARTESIAN_POINT('',(-2.231498194110E-1,-1.251139330796E0,
-1.076545820406E0));
#1116=CARTESIAN_POINT('',(-2.137501154502E-3,-1.270907624459E0,
-1.062633661668E0));
#1117=CARTESIAN_POINT('',(2.162001792116E-1,-1.252214339073E0,
-1.048894956727E0));
#1118=CARTESIAN_POINT('',(4.278291306975E-1,-1.196677923727E0,
-1.035176499340E0));
#1119=CARTESIAN_POINT('',(6.296705177967E-1,-1.104137911059E0,
-1.021256075743E0));
#1120=CARTESIAN_POINT('',(8.142297040560E-1,-9.761100680254E-1,
-1.007176315053E0));
#1121=CARTESIAN_POINT('',(9.720184748008E-1,-8.186423515421E-1,
-9.932003226335E-1));
#1122=CARTESIAN_POINT('',(1.097822852451E0,-6.402408990865E-1,
-9.795144922458E-1));
#1123=CARTESIAN_POINT('',(1.193516636547E0,-4.375389238059E-1,
-9.654617162653E-1));
#1124=CARTESIAN_POINT('',(1.251815565356E0,-2.202348591759E-1,
-9.513588240342E-1));
#1125=CARTESIAN_POINT('',(1.2645E0,-7.317437546426E-2,-9.421050073400E-1));
#1126=CARTESIAN_POINT('',(1.2645E0,0.E0,-9.375E-1));
#1128=CURVE_STYLE('',#25,POSITIVE_LENGTH_MEASURE(2.E-2),#13);
#1129=PRESENTATION_STYLE_ASSIGNMENT((#1128));
#1130=STYLED_ITEM('',(#1129),#1127);
#1131=DIRECTION('',(0.E0,0.E0,1.E0));
#1132=VECTOR('',#1131,1.25E-1);
#1133=CARTESIAN_POINT('',(-1.2645E0,0.E0,-1.3125E0));
#1134=LINE('',#1133,#1132);
#1135=CURVE_STYLE('',#25,POSITIVE_LENGTH_MEASURE(2.E-2),#13);
#1136=PRESENTATION_STYLE_ASSIGNMENT((#1135));
#1137=STYLED_ITEM('',(#1136),#1134);
#1138=CARTESIAN_POINT('',(1.2645E0,0.E0,-1.0625E0));
#1139=CARTESIAN_POINT('',(1.2645E0,-7.291863411856E-2,-1.067088913034E0));
#1140=CARTESIAN_POINT('',(1.251801156398E0,-2.190165709404E-1,
-1.076283971812E0));
#1141=CARTESIAN_POINT('',(1.195430454289E0,-4.315801701711E-1,
-1.090070137707E0));
#1142=CARTESIAN_POINT('',(1.101764903743E0,-6.334678802360E-1,
-1.104024242526E0));
#1143=CARTESIAN_POINT('',(9.765258001769E-1,-8.133204890636E-1,
-1.117763347950E0));
#1144=CARTESIAN_POINT('',(8.200200995891E-1,-9.710570844581E-1,
-1.131695088515E0));
#1145=CARTESIAN_POINT('',(6.394740554619E-1,-1.098222661563E0,
-1.145539280686E0));
#1146=CARTESIAN_POINT('',(4.410869522480E-1,-1.191796544013E0,
-1.159292441785E0));
#1147=CARTESIAN_POINT('',(2.286212842078E-1,-1.250264852841E0,
-1.173108023136E0));
#1148=CARTESIAN_POINT('',(4.655003732814E-3,-1.271214733998E0,
-1.187208358214E0));
#1149=CARTESIAN_POINT('',(-2.197005445230E-1,-1.251826224632E0,
-1.201325346356E0));
#1150=CARTESIAN_POINT('',(-4.318097059326E-1,-1.195237496712E0,
-1.215088050335E0));
#1151=CARTESIAN_POINT('',(-6.339179854477E-1,-1.101769626895E0,
-1.229048551062E0));
#1152=CARTESIAN_POINT('',(-8.186245161747E-1,-9.724820242166E-1,
-1.243180627587E0));
#1153=CARTESIAN_POINT('',(-9.764203538069E-1,-8.135535461328E-1,
-1.257220426935E0));
#1154=CARTESIAN_POINT('',(-1.101563317762E0,-6.335318200227E-1,
-1.270966551943E0));
#1155=CARTESIAN_POINT('',(-1.194271477337E0,-4.346943697036E-1,
-1.284721383479E0));
#1156=CARTESIAN_POINT('',(-1.251812378043E0,-2.198107403252E-1,
-1.298667867642E0));
#1157=CARTESIAN_POINT('',(-1.2645E0,-7.324537933656E-2,-1.307890524247E0));
#1158=CARTESIAN_POINT('',(-1.2645E0,0.E0,-1.3125E0));
#1160=CURVE_STYLE('',#25,POSITIVE_LENGTH_MEASURE(2.E-2),#13);
#1161=PRESENTATION_STYLE_ASSIGNMENT((#1160));
#1162=STYLED_ITEM('',(#1161),#1159);
#1163=DIRECTION('',(0.E0,0.E0,1.E0));
#1164=VECTOR('',#1163,1.25E-1);
#1165=CARTESIAN_POINT('',(1.2645E0,0.E0,-1.0625E0));
#1166=LINE('',#1165,#1164);
#1167=CURVE_STYLE('',#25,POSITIVE_LENGTH_MEASURE(2.E-2),#13);
#1168=PRESENTATION_STYLE_ASSIGNMENT((#1167));
#1169=STYLED_ITEM('',(#1168),#1166);
#1170=CARTESIAN_POINT('',(1.2645E0,0.E0,-1.5625E0));
#1171=CARTESIAN_POINT('',(1.2645E0,-7.316908459460E-2,-1.567104674375E0));
#1172=CARTESIAN_POINT('',(1.251818145093E0,-2.202174665634E-1,
-1.576357721891E0));
#1173=CARTESIAN_POINT('',(1.193524368334E0,-4.375127237415E-1,
-1.590460001691E0));
#1174=CARTESIAN_POINT('',(1.097856592351E0,-6.401795864163E-1,
-1.604510153324E0));
#1175=CARTESIAN_POINT('',(9.720073007306E-1,-8.186878820201E-1,
-1.618202941660E0));
#1176=CARTESIAN_POINT('',(8.138405187853E-1,-9.764637460737E-1,
-1.632209238882E0));
#1177=CARTESIAN_POINT('',(6.290568413141E-1,-1.104495939271E0,
-1.646300486536E0));
#1178=CARTESIAN_POINT('',(4.270767503067E-1,-1.196943336155E0,
-1.660226478317E0));
#1179=CARTESIAN_POINT('',(2.155550028420E-1,-1.252321283027E0,
-1.673935911085E0));
#1180=CARTESIAN_POINT('',(-2.899875125072E-3,-1.270920189499E0,
-1.687681399484E0));
#1181=CARTESIAN_POINT('',(-2.241248153287E-1,-1.250971149836E0,
-1.701607787003E0));
#1182=CARTESIAN_POINT('',(-4.356789021271E-1,-1.193805231162E0,
-1.715346305185E0));
#1183=CARTESIAN_POINT('',(-6.360236936502E-1,-1.100354591741E0,
-1.729206673399E0));
#1184=CARTESIAN_POINT('',(-8.170574245354E-1,-9.733868019877E-1,
-1.743069099717E0));
#1185=CARTESIAN_POINT('',(-9.719349871474E-1,-8.186153738826E-1,
-1.756797586445E0));
#1186=CARTESIAN_POINT('',(-1.098249935240E0,-6.396061459396E-1,
-1.770533699239E0));
#1187=CARTESIAN_POINT('',(-1.193655424943E0,-4.370738587370E-1,
-1.784568298965E0));
#1188=CARTESIAN_POINT('',(-1.251864607694E0,-2.199140705454E-1,
-1.798661638437E0));
#1189=CARTESIAN_POINT('',(-1.2645E0,-7.305900185454E-2,-1.807902253348E0));
#1190=CARTESIAN_POINT('',(-1.2645E0,0.E0,-1.8125E0));
#1192=CURVE_STYLE('',#25,POSITIVE_LENGTH_MEASURE(2.E-2),#13);
#1193=PRESENTATION_STYLE_ASSIGNMENT((#1192));
#1194=STYLED_ITEM('',(#1193),#1191);
#1195=DIRECTION('',(0.E0,0.E0,1.E0));
#1196=VECTOR('',#1195,1.25E-1);
#1197=CARTESIAN_POINT('',(1.2645E0,0.E0,-1.5625E0));
#1198=LINE('',#1197,#1196);
#1199=CURVE_STYLE('',#25,POSITIVE_LENGTH_MEASURE(2.E-2),#13);
#1200=PRESENTATION_STYLE_ASSIGNMENT((#1199));
#1201=STYLED_ITEM('',(#1200),#1198);
#1202=CARTESIAN_POINT('',(-1.2645E0,0.E0,-1.6875E0));
#1203=CARTESIAN_POINT('',(-1.2645E0,-7.324537933655E-2,-1.682890524247E0));
#1204=CARTESIAN_POINT('',(-1.251812378043E0,-2.198107403252E-1,
-1.673667867642E0));
#1205=CARTESIAN_POINT('',(-1.194271477337E0,-4.346943697036E-1,
-1.659721383479E0));
#1206=CARTESIAN_POINT('',(-1.101563317762E0,-6.335318200227E-1,
-1.645966551943E0));
#1207=CARTESIAN_POINT('',(-9.764203538069E-1,-8.135535461328E-1,
-1.632220426935E0));
#1208=CARTESIAN_POINT('',(-8.186245161747E-1,-9.724820242166E-1,
-1.618180627587E0));
#1209=CARTESIAN_POINT('',(-6.339179854477E-1,-1.101769626895E0,
-1.604048551062E0));
#1210=CARTESIAN_POINT('',(-4.318097059326E-1,-1.195237496712E0,
-1.590088050335E0));
#1211=CARTESIAN_POINT('',(-2.197005445230E-1,-1.251826224632E0,
-1.576325346356E0));
#1212=CARTESIAN_POINT('',(4.655003732818E-3,-1.271214733998E0,
-1.562208358214E0));
#1213=CARTESIAN_POINT('',(2.286212842078E-1,-1.250264852841E0,
-1.548108023136E0));
#1214=CARTESIAN_POINT('',(4.410869522480E-1,-1.191796544013E0,
-1.534292441785E0));
#1215=CARTESIAN_POINT('',(6.394740554619E-1,-1.098222661563E0,
-1.520539280686E0));
#1216=CARTESIAN_POINT('',(8.200200995891E-1,-9.710570844581E-1,
-1.506695088515E0));
#1217=CARTESIAN_POINT('',(9.765258001769E-1,-8.133204890636E-1,
-1.492763347950E0));
#1218=CARTESIAN_POINT('',(1.101764903743E0,-6.334678802360E-1,
-1.479024242526E0));
#1219=CARTESIAN_POINT('',(1.195430454289E0,-4.315801701711E-1,
-1.465070137707E0));
#1220=CARTESIAN_POINT('',(1.251801156398E0,-2.190165709404E-1,
-1.451283971812E0));
#1221=CARTESIAN_POINT('',(1.2645E0,-7.291863411856E-2,-1.442088913034E0));
#1222=CARTESIAN_POINT('',(1.2645E0,0.E0,-1.4375E0));
#1224=CURVE_STYLE('',#25,POSITIVE_LENGTH_MEASURE(2.E-2),#13);
#1225=PRESENTATION_STYLE_ASSIGNMENT((#1224));
#1226=STYLED_ITEM('',(#1225),#1223);
#1227=DIRECTION('',(0.E0,0.E0,1.E0));
#1228=VECTOR('',#1227,1.25E-1);
#1229=CARTESIAN_POINT('',(-1.2645E0,0.E0,-1.8125E0));
#1230=LINE('',#1229,#1228);
#1231=CURVE_STYLE('',#25,POSITIVE_LENGTH_MEASURE(2.E-2),#13);
#1232=PRESENTATION_STYLE_ASSIGNMENT((#1231));
#1233=STYLED_ITEM('',(#1232),#1230);
#1234=CARTESIAN_POINT('',(1.2645E0,0.E0,-2.0625E0));
#1235=CARTESIAN_POINT('',(1.2645E0,-7.297728513818E-2,-2.067092604058E0));
#1236=CARTESIAN_POINT('',(1.251776471773E0,-2.191317973147E-1,
-2.076291328851E0));
#1237=CARTESIAN_POINT('',(1.195445076452E0,-4.314990801090E-1,
-2.090065057097E0));
#1238=CARTESIAN_POINT('',(1.101882611357E0,-6.332577584868E-1,
-2.104009153323E0));
#1239=CARTESIAN_POINT('',(9.766640854184E-1,-8.131559022848E-1,
-2.117749961968E0));
#1240=CARTESIAN_POINT('',(8.201175925484E-1,-9.710036293322E-1,
-2.131688195618E0));
#1241=CARTESIAN_POINT('',(6.391855802220E-1,-1.098398500406E0,
-2.145560484307E0));
#1242=CARTESIAN_POINT('',(4.409720538534E-1,-1.191828840039E0,
-2.159299823789E0));
#1243=CARTESIAN_POINT('',(2.284197957035E-1,-1.250311046558E0,
-2.173121005638E0));
#1244=CARTESIAN_POINT('',(4.349367221058E-3,-1.271221070202E0,
-2.187227501587E0));
#1245=CARTESIAN_POINT('',(-2.201731943265E-1,-1.251761334014E0,
-2.201355153174E0));
#1246=CARTESIAN_POINT('',(-4.324905441195E-1,-1.194987415227E0,
-2.215133489229E0));
#1247=CARTESIAN_POINT('',(-6.342604847097E-1,-1.101553829966E0,
-2.229073816890E0));
#1248=CARTESIAN_POINT('',(-8.188648225395E-1,-9.722754048053E-1,
-2.243200525828E0));
#1249=CARTESIAN_POINT('',(-9.765705236767E-1,-8.133721281380E-1,
-2.257235159295E0));
#1250=CARTESIAN_POINT('',(-1.101725024634E0,-6.332619493084E-1,
-2.270986240158E0));
#1251=CARTESIAN_POINT('',(-1.194363419480E0,-4.344091265608E-1,
-2.284740135701E0));
#1252=CARTESIAN_POINT('',(-1.251804918301E0,-2.197851606159E-1,
-2.298669351739E0));
#1253=CARTESIAN_POINT('',(-1.2645E0,-7.324558852879E-2,-2.307890511082E0));
#1254=CARTESIAN_POINT('',(-1.2645E0,0.E0,-2.3125E0));
#1256=CURVE_STYLE('',#25,POSITIVE_LENGTH_MEASURE(2.E-2),#13);
#1257=PRESENTATION_STYLE_ASSIGNMENT((#1256));
#1258=STYLED_ITEM('',(#1257),#1255);
#1259=DIRECTION('',(0.E0,0.E0,1.E0));
#1260=VECTOR('',#1259,1.25E-1);
#1261=CARTESIAN_POINT('',(1.2645E0,0.E0,-2.0625E0));
#1262=LINE('',#1261,#1260);
#1263=CURVE_STYLE('',#25,POSITIVE_LENGTH_MEASURE(2.E-2),#13);
#1264=PRESENTATION_STYLE_ASSIGNMENT((#1263));
#1265=STYLED_ITEM('',(#1264),#1262);
#1266=CARTESIAN_POINT('',(-1.2645E0,0.E0,-2.1875E0));
#1267=CARTESIAN_POINT('',(-1.2645E0,-7.305900185454E-2,-2.182902253348E0));
#1268=CARTESIAN_POINT('',(-1.251864607694E0,-2.199140705454E-1,
-2.173661638437E0));
#1269=CARTESIAN_POINT('',(-1.193655424943E0,-4.370738587370E-1,
-2.159568298965E0));
#1270=CARTESIAN_POINT('',(-1.098249935240E0,-6.396061459396E-1,
-2.145533699239E0));
#1271=CARTESIAN_POINT('',(-9.719349871474E-1,-8.186153738826E-1,
-2.131797586445E0));
#1272=CARTESIAN_POINT('',(-8.170574245354E-1,-9.733868019878E-1,
-2.118069099717E0));
#1273=CARTESIAN_POINT('',(-6.360236936502E-1,-1.100354591741E0,
-2.104206673399E0));
#1274=CARTESIAN_POINT('',(-4.356789021270E-1,-1.193805231162E0,
-2.090346305185E0));
#1275=CARTESIAN_POINT('',(-2.241248153286E-1,-1.250971149836E0,
-2.076607787003E0));
#1276=CARTESIAN_POINT('',(-2.899875124998E-3,-1.270920189499E0,
-2.062681399484E0));
#1277=CARTESIAN_POINT('',(2.155550028421E-1,-1.252321283027E0,
-2.048935911085E0));
#1278=CARTESIAN_POINT('',(4.270767503068E-1,-1.196943336155E0,
-2.035226478317E0));
#1279=CARTESIAN_POINT('',(6.290568413141E-1,-1.104495939271E0,
-2.021300486536E0));
#1280=CARTESIAN_POINT('',(8.138405187854E-1,-9.764637460736E-1,
-2.007209238882E0));
#1281=CARTESIAN_POINT('',(9.720073007306E-1,-8.186878820200E-1,
-1.993202941660E0));
#1282=CARTESIAN_POINT('',(1.097856592351E0,-6.401795864162E-1,
-1.979510153324E0));
#1283=CARTESIAN_POINT('',(1.193524368333E0,-4.375127237422E-1,
-1.965460001691E0));
#1284=CARTESIAN_POINT('',(1.251818145093E0,-2.202174665647E-1,
-1.951357721891E0));
#1285=CARTESIAN_POINT('',(1.2645E0,-7.316908459518E-2,-1.942104674375E0));
#1286=CARTESIAN_POINT('',(1.2645E0,0.E0,-1.9375E0));
#1288=CURVE_STYLE('',#25,POSITIVE_LENGTH_MEASURE(2.E-2),#13);
#1289=PRESENTATION_STYLE_ASSIGNMENT((#1288));
#1290=STYLED_ITEM('',(#1289),#1287);
#1291=DIRECTION('',(0.E0,0.E0,1.E0));
#1292=VECTOR('',#1291,1.25E-1);
#1293=CARTESIAN_POINT('',(-1.2645E0,0.E0,-2.3125E0));
#1294=LINE('',#1293,#1292);
#1295=CURVE_STYLE('',#25,POSITIVE_LENGTH_MEASURE(2.E-2),#13);
#1296=PRESENTATION_STYLE_ASSIGNMENT((#1295));
#1297=STYLED_ITEM('',(#1296),#1294);
#1298=CARTESIAN_POINT('',(1.2645E0,0.E0,-2.5625E0));
#1299=CARTESIAN_POINT('',(1.2645E0,-7.317437546423E-2,-2.567105007340E0));
#1300=CARTESIAN_POINT('',(1.251815565356E0,-2.202348591758E-1,
-2.576358824034E0));
#1301=CARTESIAN_POINT('',(1.193516636547E0,-4.375389238058E-1,
-2.590461716265E0));
#1302=CARTESIAN_POINT('',(1.097822852451E0,-6.402408990865E-1,
-2.604514492246E0));
#1303=CARTESIAN_POINT('',(9.720184748008E-1,-8.186423515421E-1,
-2.618200322634E0));
#1304=CARTESIAN_POINT('',(8.142297040560E-1,-9.761100680254E-1,
-2.632176315053E0));
#1305=CARTESIAN_POINT('',(6.296705177967E-1,-1.104137911059E0,
-2.646256075743E0));
#1306=CARTESIAN_POINT('',(4.278291306975E-1,-1.196677923727E0,
-2.660176499340E0));
#1307=CARTESIAN_POINT('',(2.162001792115E-1,-1.252214339073E0,
-2.673894956727E0));
#1308=CARTESIAN_POINT('',(-2.137501154502E-3,-1.270907624459E0,
-2.687633661668E0));
#1309=CARTESIAN_POINT('',(-2.231498194110E-1,-1.251139330796E0,
-2.701545820406E0));
#1310=CARTESIAN_POINT('',(-4.347586581992E-1,-1.194140857419E0,
-2.715285040026E0));
#1311=CARTESIAN_POINT('',(-6.352335240951E-1,-1.100830669091E0,
-2.729148870591E0));
#1312=CARTESIAN_POINT('',(-8.166654876970E-1,-9.737302666041E-1,
-2.743036513005E0));
#1313=CARTESIAN_POINT('',(-9.715379802262E-1,-8.190754638702E-1,
-2.756759479931E0));
#1314=CARTESIAN_POINT('',(-1.097953463730E0,-6.401239374608E-1,
-2.770496384041E0));
#1315=CARTESIAN_POINT('',(-1.193493321175E0,-4.375416476045E-1,
-2.784537306998E0));
#1316=CARTESIAN_POINT('',(-1.251828048602E0,-2.202049407568E-1,
-2.798643320951E0));
#1317=CARTESIAN_POINT('',(-1.2645E0,-7.316536651731E-2,-2.807895559611E0));
#1318=CARTESIAN_POINT('',(-1.2645E0,0.E0,-2.8125E0));
#1320=CURVE_STYLE('',#25,POSITIVE_LENGTH_MEASURE(2.E-2),#13);
#1321=PRESENTATION_STYLE_ASSIGNMENT((#1320));
#1322=STYLED_ITEM('',(#1321),#1319);
#1323=DIRECTION('',(0.E0,-1.879552758872E-14,1.E0));
#1324=VECTOR('',#1323,1.25E-1);
#1325=CARTESIAN_POINT('',(1.2645E0,0.E0,-2.5625E0));
#1326=LINE('',#1325,#1324);
#1327=CURVE_STYLE('',#25,POSITIVE_LENGTH_MEASURE(2.E-2),#13);
#1328=PRESENTATION_STYLE_ASSIGNMENT((#1327));
#1329=STYLED_ITEM('',(#1328),#1326);
#1330=CARTESIAN_POINT('',(-1.2645E0,0.E0,-2.6875E0));
#1331=CARTESIAN_POINT('',(-1.2645E0,-7.324558852878E-2,-2.682890511082E0));
#1332=CARTESIAN_POINT('',(-1.251804918301E0,-2.197851606159E-1,
-2.673669351739E0));
#1333=CARTESIAN_POINT('',(-1.194363419480E0,-4.344091265608E-1,
-2.659740135701E0));
#1334=CARTESIAN_POINT('',(-1.101725024634E0,-6.332619493084E-1,
-2.645986240158E0));
#1335=CARTESIAN_POINT('',(-9.765705236766E-1,-8.133721281381E-1,
-2.632235159295E0));
#1336=CARTESIAN_POINT('',(-8.188648225395E-1,-9.722754048053E-1,
-2.618200525828E0));
#1337=CARTESIAN_POINT('',(-6.342604847097E-1,-1.101553829966E0,
-2.604073816890E0));
#1338=CARTESIAN_POINT('',(-4.324905441195E-1,-1.194987415227E0,
-2.590133489229E0));
#1339=CARTESIAN_POINT('',(-2.201731943265E-1,-1.251761334014E0,
-2.576355153174E0));
#1340=CARTESIAN_POINT('',(4.349367221065E-3,-1.271221070202E0,
-2.562227501587E0));
#1341=CARTESIAN_POINT('',(2.284197957035E-1,-1.250311046558E0,
-2.548121005638E0));
#1342=CARTESIAN_POINT('',(4.409720538534E-1,-1.191828840039E0,
-2.534299823789E0));
#1343=CARTESIAN_POINT('',(6.391855802220E-1,-1.098398500406E0,
-2.520560484307E0));
#1344=CARTESIAN_POINT('',(8.201175925484E-1,-9.710036293322E-1,
-2.506688195618E0));
#1345=CARTESIAN_POINT('',(9.766640854184E-1,-8.131559022847E-1,
-2.492749961968E0));
#1346=CARTESIAN_POINT('',(1.101882611357E0,-6.332577584868E-1,
-2.479009153323E0));
#1347=CARTESIAN_POINT('',(1.195445076452E0,-4.314990801090E-1,
-2.465065057097E0));
#1348=CARTESIAN_POINT('',(1.251776471773E0,-2.191317973147E-1,
-2.451291328851E0));
#1349=CARTESIAN_POINT('',(1.2645E0,-7.297728513818E-2,-2.442092604058E0));
#1350=CARTESIAN_POINT('',(1.2645E0,0.E0,-2.4375E0));
#1352=CURVE_STYLE('',#25,POSITIVE_LENGTH_MEASURE(2.E-2),#13);
#1353=PRESENTATION_STYLE_ASSIGNMENT((#1352));
#1354=STYLED_ITEM('',(#1353),#1351);
#1355=DIRECTION('',(0.E0,0.E0,1.E0));
#1356=VECTOR('',#1355,1.25E-1);
#1357=CARTESIAN_POINT('',(-1.2645E0,0.E0,-2.8125E0));
#1358=LINE('',#1357,#1356);
#1359=CURVE_STYLE('',#25,POSITIVE_LENGTH_MEASURE(2.E-2),#13);
#1360=PRESENTATION_STYLE_ASSIGNMENT((#1359));
#1361=STYLED_ITEM('',(#1360),#1358);
#1362=CARTESIAN_POINT('',(-1.2645E0,0.E0,-3.1875E0));
#1363=CARTESIAN_POINT('',(-1.2645E0,-7.316536651732E-2,-3.182895559611E0));
#1364=CARTESIAN_POINT('',(-1.251828048602E0,-2.202049407568E-1,
-3.173643320951E0));
#1365=CARTESIAN_POINT('',(-1.193493321175E0,-4.375416476045E-1,
-3.159537306998E0));
#1366=CARTESIAN_POINT('',(-1.097953463730E0,-6.401239374608E-1,
-3.145496384041E0));
#1367=CARTESIAN_POINT('',(-9.715379802262E-1,-8.190754638702E-1,
-3.131759479931E0));
#1368=CARTESIAN_POINT('',(-8.166654876970E-1,-9.737302666041E-1,
-3.118036513005E0));
#1369=CARTESIAN_POINT('',(-6.352335240951E-1,-1.100830669091E0,
-3.104148870591E0));
#1370=CARTESIAN_POINT('',(-4.347586581992E-1,-1.194140857419E0,
-3.090285040026E0));
#1371=CARTESIAN_POINT('',(-2.231498194110E-1,-1.251139330796E0,
-3.076545820406E0));
#1372=CARTESIAN_POINT('',(-2.137501154499E-3,-1.270907624459E0,
-3.062633661668E0));
#1373=CARTESIAN_POINT('',(2.162001792115E-1,-1.252214339073E0,
-3.048894956727E0));
#1374=CARTESIAN_POINT('',(4.278291306975E-1,-1.196677923727E0,
-3.035176499340E0));
#1375=CARTESIAN_POINT('',(6.296705177967E-1,-1.104137911059E0,
-3.021256075743E0));
#1376=CARTESIAN_POINT('',(8.142297040560E-1,-9.761100680254E-1,
-3.007176315053E0));
#1377=CARTESIAN_POINT('',(9.720184748008E-1,-8.186423515421E-1,
-2.993200322634E0));
#1378=CARTESIAN_POINT('',(1.097822852451E0,-6.402408990865E-1,
-2.979514492246E0));
#1379=CARTESIAN_POINT('',(1.193516636547E0,-4.375389238058E-1,
-2.965461716265E0));
#1380=CARTESIAN_POINT('',(1.251815565356E0,-2.202348591758E-1,
-2.951358824034E0));
#1381=CARTESIAN_POINT('',(1.2645E0,-7.317437546423E-2,-2.942105007340E0));
#1382=CARTESIAN_POINT('',(1.2645E0,0.E0,-2.9375E0));
#1384=CURVE_STYLE('',#25,POSITIVE_LENGTH_MEASURE(2.E-2),#13);
#1385=PRESENTATION_STYLE_ASSIGNMENT((#1384));
#1386=STYLED_ITEM('',(#1385),#1383);
#1387=DIRECTION('',(0.E0,0.E0,1.E0));
#1388=VECTOR('',#1387,1.25E-1);
#1389=CARTESIAN_POINT('',(-1.2645E0,0.E0,-3.3125E0));
#1390=LINE('',#1389,#1388);
#1391=CURVE_STYLE('',#25,POSITIVE_LENGTH_MEASURE(2.E-2),#13);
#1392=PRESENTATION_STYLE_ASSIGNMENT((#1391));
#1393=STYLED_ITEM('',(#1392),#1390);
#1394=CARTESIAN_POINT('',(1.2645E0,0.E0,-3.0625E0));
#1395=CARTESIAN_POINT('',(1.2645E0,-7.291863411856E-2,-3.067088913034E0));
#1396=CARTESIAN_POINT('',(1.251801156398E0,-2.190165709404E-1,
-3.076283971812E0));
#1397=CARTESIAN_POINT('',(1.195430454289E0,-4.315801701712E-1,
-3.090070137707E0));
#1398=CARTESIAN_POINT('',(1.101764903743E0,-6.334678802360E-1,
-3.104024242526E0));
#1399=CARTESIAN_POINT('',(9.765258001769E-1,-8.133204890636E-1,
-3.117763347950E0));
#1400=CARTESIAN_POINT('',(8.200200995891E-1,-9.710570844581E-1,
-3.131695088515E0));
#1401=CARTESIAN_POINT('',(6.394740554619E-1,-1.098222661563E0,
-3.145539280686E0));
#1402=CARTESIAN_POINT('',(4.410869522480E-1,-1.191796544013E0,
-3.159292441785E0));
#1403=CARTESIAN_POINT('',(2.286212842078E-1,-1.250264852841E0,
-3.173108023136E0));
#1404=CARTESIAN_POINT('',(4.655003732821E-3,-1.271214733998E0,
-3.187208358214E0));
#1405=CARTESIAN_POINT('',(-2.197005445230E-1,-1.251826224632E0,
-3.201325346356E0));
#1406=CARTESIAN_POINT('',(-4.318097059326E-1,-1.195237496712E0,
-3.215088050335E0));
#1407=CARTESIAN_POINT('',(-6.339179854477E-1,-1.101769626895E0,
-3.229048551062E0));
#1408=CARTESIAN_POINT('',(-8.186245161747E-1,-9.724820242166E-1,
-3.243180627587E0));
#1409=CARTESIAN_POINT('',(-9.764203538069E-1,-8.135535461328E-1,
-3.257220426935E0));
#1410=CARTESIAN_POINT('',(-1.101563317762E0,-6.335318200227E-1,
-3.270966551943E0));
#1411=CARTESIAN_POINT('',(-1.194271477337E0,-4.346943697036E-1,
-3.284721383479E0));
#1412=CARTESIAN_POINT('',(-1.251812378043E0,-2.198107403252E-1,
-3.298667867642E0));
#1413=CARTESIAN_POINT('',(-1.2645E0,-7.324537933656E-2,-3.307890524247E0));
#1414=CARTESIAN_POINT('',(-1.2645E0,0.E0,-3.3125E0));
#1416=CURVE_STYLE('',#25,POSITIVE_LENGTH_MEASURE(2.E-2),#13);
#1417=PRESENTATION_STYLE_ASSIGNMENT((#1416));
#1418=STYLED_ITEM('',(#1417),#1415);
#1419=DIRECTION('',(0.E0,0.E0,1.E0));
#1420=VECTOR('',#1419,1.25E-1);
#1421=CARTESIAN_POINT('',(1.2645E0,0.E0,-3.0625E0));
#1422=LINE('',#1421,#1420);
#1423=CURVE_STYLE('',#25,POSITIVE_LENGTH_MEASURE(2.E-2),#13);
#1424=PRESENTATION_STYLE_ASSIGNMENT((#1423));
#1425=STYLED_ITEM('',(#1424),#1422);
#1426=CARTESIAN_POINT('',(1.2645E0,0.E0,-3.5625E0));
#1427=CARTESIAN_POINT('',(1.2645E0,-7.316908459485E-2,-3.567104674375E0));
#1428=CARTESIAN_POINT('',(1.251818145093E0,-2.202174665639E-1,
-3.576357721891E0));
#1429=CARTESIAN_POINT('',(1.193524368334E0,-4.375127237418E-1,
-3.590460001691E0));
#1430=CARTESIAN_POINT('',(1.097856592351E0,-6.401795864162E-1,
-3.604510153324E0));
#1431=CARTESIAN_POINT('',(9.720073007306E-1,-8.186878820201E-1,
-3.618202941660E0));
#1432=CARTESIAN_POINT('',(8.138405187854E-1,-9.764637460736E-1,
-3.632209238882E0));
#1433=CARTESIAN_POINT('',(6.290568413141E-1,-1.104495939271E0,
-3.646300486536E0));
#1434=CARTESIAN_POINT('',(4.270767503067E-1,-1.196943336155E0,
-3.660226478317E0));
#1435=CARTESIAN_POINT('',(2.155550028420E-1,-1.252321283027E0,
-3.673935911085E0));
#1436=CARTESIAN_POINT('',(-2.899875125048E-3,-1.270920189499E0,
-3.687681399484E0));
#1437=CARTESIAN_POINT('',(-2.241248153286E-1,-1.250971149836E0,
-3.701607787003E0));
#1438=CARTESIAN_POINT('',(-4.356789021270E-1,-1.193805231162E0,
-3.715346305185E0));
#1439=CARTESIAN_POINT('',(-6.360236936502E-1,-1.100354591741E0,
-3.729206673399E0));
#1440=CARTESIAN_POINT('',(-8.170574245354E-1,-9.733868019877E-1,
-3.743069099717E0));
#1441=CARTESIAN_POINT('',(-9.719349871474E-1,-8.186153738826E-1,
-3.756797586445E0));
#1442=CARTESIAN_POINT('',(-1.098249935240E0,-6.396061459396E-1,
-3.770533699239E0));
#1443=CARTESIAN_POINT('',(-1.193655424943E0,-4.370738587370E-1,
-3.784568298965E0));
#1444=CARTESIAN_POINT('',(-1.251864607694E0,-2.199140705454E-1,
-3.798661638437E0));
#1445=CARTESIAN_POINT('',(-1.2645E0,-7.305900185453E-2,-3.807902253348E0));
#1446=CARTESIAN_POINT('',(-1.2645E0,0.E0,-3.8125E0));
#1448=CURVE_STYLE('',#25,POSITIVE_LENGTH_MEASURE(2.E-2),#13);
#1449=PRESENTATION_STYLE_ASSIGNMENT((#1448));
#1450=STYLED_ITEM('',(#1449),#1447);
#1451=DIRECTION('',(0.E0,-1.580058995749E-14,1.E0));
#1452=VECTOR('',#1451,1.25E-1);
#1453=CARTESIAN_POINT('',(1.2645E0,0.E0,-3.5625E0));
#1454=LINE('',#1453,#1452);
#1455=CURVE_STYLE('',#25,POSITIVE_LENGTH_MEASURE(2.E-2),#13);
#1456=PRESENTATION_STYLE_ASSIGNMENT((#1455));
#1457=STYLED_ITEM('',(#1456),#1454);
#1458=CARTESIAN_POINT('',(-1.2645E0,0.E0,-3.6875E0));
#1459=CARTESIAN_POINT('',(-1.2645E0,-7.324537933656E-2,-3.682890524247E0));
#1460=CARTESIAN_POINT('',(-1.251812378043E0,-2.198107403252E-1,
-3.673667867642E0));
#1461=CARTESIAN_POINT('',(-1.194271477337E0,-4.346943697036E-1,
-3.659721383479E0));
#1462=CARTESIAN_POINT('',(-1.101563317762E0,-6.335318200227E-1,
-3.645966551943E0));
#1463=CARTESIAN_POINT('',(-9.764203538069E-1,-8.135535461328E-1,
-3.632220426935E0));
#1464=CARTESIAN_POINT('',(-8.186245161747E-1,-9.724820242166E-1,
-3.618180627587E0));
#1465=CARTESIAN_POINT('',(-6.339179854477E-1,-1.101769626895E0,
-3.604048551062E0));
#1466=CARTESIAN_POINT('',(-4.318097059326E-1,-1.195237496712E0,
-3.590088050335E0));
#1467=CARTESIAN_POINT('',(-2.197005445230E-1,-1.251826224632E0,
-3.576325346356E0));
#1468=CARTESIAN_POINT('',(4.655003732805E-3,-1.271214733998E0,
-3.562208358214E0));
#1469=CARTESIAN_POINT('',(2.286212842078E-1,-1.250264852841E0,
-3.548108023136E0));
#1470=CARTESIAN_POINT('',(4.410869522480E-1,-1.191796544013E0,
-3.534292441785E0));
#1471=CARTESIAN_POINT('',(6.394740554619E-1,-1.098222661563E0,
-3.520539280686E0));
#1472=CARTESIAN_POINT('',(8.200200995891E-1,-9.710570844581E-1,
-3.506695088515E0));
#1473=CARTESIAN_POINT('',(9.765258001769E-1,-8.133204890636E-1,
-3.492763347950E0));
#1474=CARTESIAN_POINT('',(1.101764903743E0,-6.334678802360E-1,
-3.479024242526E0));
#1475=CARTESIAN_POINT('',(1.195430454289E0,-4.315801701711E-1,
-3.465070137707E0));
#1476=CARTESIAN_POINT('',(1.251801156398E0,-2.190165709404E-1,
-3.451283971812E0));
#1477=CARTESIAN_POINT('',(1.2645E0,-7.291863411856E-2,-3.442088913034E0));
#1478=CARTESIAN_POINT('',(1.2645E0,0.E0,-3.4375E0));
#1480=CURVE_STYLE('',#25,POSITIVE_LENGTH_MEASURE(2.E-2),#13);
#1481=PRESENTATION_STYLE_ASSIGNMENT((#1480));
#1482=STYLED_ITEM('',(#1481),#1479);
#1483=DIRECTION('',(0.E0,-1.714372398603E-14,1.E0));
#1484=VECTOR('',#1483,1.25E-1);
#1485=CARTESIAN_POINT('',(-1.2645E0,0.E0,-3.8125E0));
#1486=LINE('',#1485,#1484);
#1487=CURVE_STYLE('',#25,POSITIVE_LENGTH_MEASURE(2.E-2),#13);
#1488=PRESENTATION_STYLE_ASSIGNMENT((#1487));
#1489=STYLED_ITEM('',(#1488),#1486);
#1490=CARTESIAN_POINT('',(1.2645E0,0.E0,-4.0625E0));
#1491=CARTESIAN_POINT('',(1.2645E0,-7.297728513818E-2,-4.067092604058E0));
#1492=CARTESIAN_POINT('',(1.251776471773E0,-2.191317973147E-1,
-4.076291328851E0));
#1493=CARTESIAN_POINT('',(1.195445076452E0,-4.314990801090E-1,
-4.090065057097E0));
#1494=CARTESIAN_POINT('',(1.101882611357E0,-6.332577584868E-1,
-4.104009153323E0));
#1495=CARTESIAN_POINT('',(9.766640854184E-1,-8.131559022847E-1,
-4.117749961968E0));
#1496=CARTESIAN_POINT('',(8.201175925484E-1,-9.710036293322E-1,
-4.131688195618E0));
#1497=CARTESIAN_POINT('',(6.391855802220E-1,-1.098398500406E0,
-4.145560484307E0));
#1498=CARTESIAN_POINT('',(4.409720538534E-1,-1.191828840039E0,
-4.159299823789E0));
#1499=CARTESIAN_POINT('',(2.284197957035E-1,-1.250311046558E0,
-4.173121005638E0));
#1500=CARTESIAN_POINT('',(4.349367221053E-3,-1.271221070202E0,
-4.187227501587E0));
#1501=CARTESIAN_POINT('',(-2.201731943265E-1,-1.251761334014E0,
-4.201355153174E0));
#1502=CARTESIAN_POINT('',(-4.324905441195E-1,-1.194987415227E0,
-4.215133489229E0));
#1503=CARTESIAN_POINT('',(-6.342604847097E-1,-1.101553829966E0,
-4.229073816890E0));
#1504=CARTESIAN_POINT('',(-8.188648225395E-1,-9.722754048053E-1,
-4.243200525828E0));
#1505=CARTESIAN_POINT('',(-9.765705236767E-1,-8.133721281380E-1,
-4.257235159295E0));
#1506=CARTESIAN_POINT('',(-1.101725024634E0,-6.332619493084E-1,
-4.270986240158E0));
#1507=CARTESIAN_POINT('',(-1.194363419480E0,-4.344091265608E-1,
-4.284740135701E0));
#1508=CARTESIAN_POINT('',(-1.251804918301E0,-2.197851606159E-1,
-4.298669351739E0));
#1509=CARTESIAN_POINT('',(-1.2645E0,-7.324558852879E-2,-4.307890511082E0));
#1510=CARTESIAN_POINT('',(-1.2645E0,0.E0,-4.3125E0));
#1512=CURVE_STYLE('',#25,POSITIVE_LENGTH_MEASURE(2.E-2),#13);
#1513=PRESENTATION_STYLE_ASSIGNMENT((#1512));
#1514=STYLED_ITEM('',(#1513),#1511);
#1515=DIRECTION('',(0.E0,0.E0,1.E0));
#1516=VECTOR('',#1515,1.25E-1);
#1517=CARTESIAN_POINT('',(1.2645E0,0.E0,-4.0625E0));
#1518=LINE('',#1517,#1516);
#1519=CURVE_STYLE('',#25,POSITIVE_LENGTH_MEASURE(2.E-2),#13);
#1520=PRESENTATION_STYLE_ASSIGNMENT((#1519));
#1521=STYLED_ITEM('',(#1520),#1518);
#1522=CARTESIAN_POINT('',(-1.2645E0,0.E0,-4.1875E0));
#1523=CARTESIAN_POINT('',(-1.2645E0,-7.319520649794E-2,-4.182893681722E0));
#1524=CARTESIAN_POINT('',(-1.251817725200E0,-2.203228367486E-1,
-4.173635925808E0));
#1525=CARTESIAN_POINT('',(-1.193391859623E0,-4.378640164908E-1,
-4.159516176589E0));
#1526=CARTESIAN_POINT('',(-1.097649211692E0,-6.406816782481E-1,
-4.145456583840E0));
#1527=CARTESIAN_POINT('',(-9.709073962130E-1,-8.198681544787E-1,
-4.131696119928E0));
#1528=CARTESIAN_POINT('',(-8.155231170896E-1,-9.747059239137E-1,
-4.117942418536E0));
#1529=CARTESIAN_POINT('',(-6.338956612E-1,-1.101608566617E0,-4.104052021146E0));
#1530=CARTESIAN_POINT('',(-4.330290060002E-1,-1.194792675643E0,
-4.090169227725E0));
#1531=CARTESIAN_POINT('',(-2.209045270648E-1,-1.251571921739E0,
-4.076402705727E0));
#1532=CARTESIAN_POINT('',(7.883477238619E-4,-1.270939759599E0,
-4.062450403877E0));
#1533=CARTESIAN_POINT('',(2.195068174883E-1,-1.251668836728E0,
-4.048685190286E0));
#1534=CARTESIAN_POINT('',(4.314501506607E-1,-1.195387811751E0,
-4.034935751587E0));
#1535=CARTESIAN_POINT('',(6.326387835763E-1,-1.102378165246E0,
-4.021040512973E0));
#1536=CARTESIAN_POINT('',(8.152405849895E-1,-9.749918240982E-1,
-4.007082503662E0));
#1537=CARTESIAN_POINT('',(9.705965213176E-1,-8.202098426776E-1,
-3.993332933327E0));
#1538=CARTESIAN_POINT('',(1.097361954998E0,-6.411756290721E-1,
-3.979579117783E0));
#1539=CARTESIAN_POINT('',(1.193231301627E0,-4.383254504979E-1,
-3.965514408247E0));
#1540=CARTESIAN_POINT('',(1.251779414635E0,-2.206204036355E-1,
-3.951382823253E0));
#1541=CARTESIAN_POINT('',(1.2645E0,-7.330539754129E-2,-3.942113252817E0));
#1542=CARTESIAN_POINT('',(1.2645E0,0.E0,-3.9375E0));
#1544=CURVE_STYLE('',#25,POSITIVE_LENGTH_MEASURE(2.E-2),#13);
#1545=PRESENTATION_STYLE_ASSIGNMENT((#1544));
#1546=STYLED_ITEM('',(#1545),#1543);
#1547=DIRECTION('',(0.E0,-1.115384872357E-14,1.E0));
#1548=VECTOR('',#1547,1.25E-1);
#1549=CARTESIAN_POINT('',(-1.2645E0,0.E0,-4.3125E0));
#1550=LINE('',#1549,#1548);
#1551=CURVE_STYLE('',#25,POSITIVE_LENGTH_MEASURE(2.E-2),#13);
#1552=PRESENTATION_STYLE_ASSIGNMENT((#1551));
#1553=STYLED_ITEM('',(#1552),#1550);
#1554=CARTESIAN_POINT('',(1.2645E0,0.E0,-4.5625E0));
#1555=CARTESIAN_POINT('',(1.2645E0,-7.317437546424E-2,-4.567105007340E0));
#1556=CARTESIAN_POINT('',(1.251815565356E0,-2.202348591758E-1,
-4.576358824034E0));
#1557=CARTESIAN_POINT('',(1.193516636547E0,-4.375389238058E-1,
-4.590461716265E0));
#1558=CARTESIAN_POINT('',(1.097822852451E0,-6.402408990865E-1,
-4.604514492246E0));
#1559=CARTESIAN_POINT('',(9.720184748008E-1,-8.186423515421E-1,
-4.618200322634E0));
#1560=CARTESIAN_POINT('',(8.142297040560E-1,-9.761100680254E-1,
-4.632176315053E0));
#1561=CARTESIAN_POINT('',(6.296705177967E-1,-1.104137911059E0,
-4.646256075743E0));
#1562=CARTESIAN_POINT('',(4.278291306975E-1,-1.196677923727E0,
-4.660176499340E0));
#1563=CARTESIAN_POINT('',(2.162001792115E-1,-1.252214339073E0,
-4.673894956727E0));
#1564=CARTESIAN_POINT('',(-2.137501154508E-3,-1.270907624459E0,
-4.687633661668E0));
#1565=CARTESIAN_POINT('',(-2.231498194110E-1,-1.251139330796E0,
-4.701545820406E0));
#1566=CARTESIAN_POINT('',(-4.347586581993E-1,-1.194140857419E0,
-4.715285040026E0));
#1567=CARTESIAN_POINT('',(-6.352335240951E-1,-1.100830669091E0,
-4.729148870591E0));
#1568=CARTESIAN_POINT('',(-8.166654876970E-1,-9.737302666041E-1,
-4.743036513005E0));
#1569=CARTESIAN_POINT('',(-9.715379802262E-1,-8.190754638702E-1,
-4.756759479931E0));
#1570=CARTESIAN_POINT('',(-1.097953463730E0,-6.401239374608E-1,
-4.770496384041E0));
#1571=CARTESIAN_POINT('',(-1.193493321175E0,-4.375416476045E-1,
-4.784537306998E0));
#1572=CARTESIAN_POINT('',(-1.251828048602E0,-2.202049407568E-1,
-4.798643320951E0));
#1573=CARTESIAN_POINT('',(-1.2645E0,-7.316536651730E-2,-4.807895559611E0));
#1574=CARTESIAN_POINT('',(-1.2645E0,0.E0,-4.8125E0));
#1576=CURVE_STYLE('',#25,POSITIVE_LENGTH_MEASURE(2.E-2),#13);
#1577=PRESENTATION_STYLE_ASSIGNMENT((#1576));
#1578=STYLED_ITEM('',(#1577),#1575);
#1579=DIRECTION('',(0.E0,-2.478540285118E-14,1.E0));
#1580=VECTOR('',#1579,1.25E-1);
#1581=CARTESIAN_POINT('',(1.2645E0,0.E0,-4.5625E0));
#1582=LINE('',#1581,#1580);
#1583=CURVE_STYLE('',#25,POSITIVE_LENGTH_MEASURE(2.E-2),#13);
#1584=PRESENTATION_STYLE_ASSIGNMENT((#1583));
#1585=STYLED_ITEM('',(#1584),#1582);
#1586=CARTESIAN_POINT('',(-1.2645E0,0.E0,-4.6875E0));
#1587=CARTESIAN_POINT('',(-1.2645E0,-7.324558852879E-2,-4.682890511082E0));
#1588=CARTESIAN_POINT('',(-1.251804918301E0,-2.197851606159E-1,
-4.673669351739E0));
#1589=CARTESIAN_POINT('',(-1.194363419480E0,-4.344091265608E-1,
-4.659740135701E0));
#1590=CARTESIAN_POINT('',(-1.101725024634E0,-6.332619493084E-1,
-4.645986240158E0));
#1591=CARTESIAN_POINT('',(-9.765705236766E-1,-8.133721281380E-1,
-4.632235159295E0));
#1592=CARTESIAN_POINT('',(-8.188648225395E-1,-9.722754048053E-1,
-4.618200525828E0));
#1593=CARTESIAN_POINT('',(-6.342604847097E-1,-1.101553829966E0,
-4.604073816890E0));
#1594=CARTESIAN_POINT('',(-4.324905441195E-1,-1.194987415227E0,
-4.590133489229E0));
#1595=CARTESIAN_POINT('',(-2.201731943265E-1,-1.251761334014E0,
-4.576355153174E0));
#1596=CARTESIAN_POINT('',(4.349367221060E-3,-1.271221070202E0,
-4.562227501587E0));
#1597=CARTESIAN_POINT('',(2.284197957036E-1,-1.250311046558E0,
-4.548121005638E0));
#1598=CARTESIAN_POINT('',(4.409720538534E-1,-1.191828840039E0,
-4.534299823789E0));
#1599=CARTESIAN_POINT('',(6.391855802220E-1,-1.098398500406E0,
-4.520560484307E0));
#1600=CARTESIAN_POINT('',(8.201175925484E-1,-9.710036293322E-1,
-4.506688195618E0));
#1601=CARTESIAN_POINT('',(9.766640854184E-1,-8.131559022848E-1,
-4.492749961968E0));
#1602=CARTESIAN_POINT('',(1.101882611357E0,-6.332577584868E-1,
-4.479009153323E0));
#1603=CARTESIAN_POINT('',(1.195445076452E0,-4.314990801090E-1,
-4.465065057097E0));
#1604=CARTESIAN_POINT('',(1.251776471773E0,-2.191317973147E-1,
-4.451291328851E0));
#1605=CARTESIAN_POINT('',(1.2645E0,-7.297728513818E-2,-4.442092604058E0));
#1606=CARTESIAN_POINT('',(1.2645E0,0.E0,-4.4375E0));
#1608=CURVE_STYLE('',#25,POSITIVE_LENGTH_MEASURE(2.E-2),#13);
#1609=PRESENTATION_STYLE_ASSIGNMENT((#1608));
#1610=STYLED_ITEM('',(#1609),#1607);
#1611=DIRECTION('',(0.E0,-6.587864934659E-14,1.E0));
#1612=VECTOR('',#1611,1.25E-1);
#1613=CARTESIAN_POINT('',(-1.2645E0,0.E0,-4.8125E0));
#1614=LINE('',#1613,#1612);
#1615=CURVE_STYLE('',#25,POSITIVE_LENGTH_MEASURE(2.E-2),#13);
#1616=PRESENTATION_STYLE_ASSIGNMENT((#1615));
#1617=STYLED_ITEM('',(#1616),#1614);
#1618=CARTESIAN_POINT('',(-1.2645E0,0.E0,-5.1875E0));
#1619=CARTESIAN_POINT('',(-1.2645E0,-7.316536651730E-2,-5.182895559611E0));
#1620=CARTESIAN_POINT('',(-1.251828048602E0,-2.202049407568E-1,
-5.173643320951E0));
#1621=CARTESIAN_POINT('',(-1.193493321175E0,-4.375416476045E-1,
-5.159537306998E0));
#1622=CARTESIAN_POINT('',(-1.097953463730E0,-6.401239374608E-1,
-5.145496384041E0));
#1623=CARTESIAN_POINT('',(-9.715379802262E-1,-8.190754638702E-1,
-5.131759479931E0));
#1624=CARTESIAN_POINT('',(-8.166654876970E-1,-9.737302666041E-1,
-5.118036513005E0));
#1625=CARTESIAN_POINT('',(-6.352335240951E-1,-1.100830669091E0,
-5.104148870591E0));
#1626=CARTESIAN_POINT('',(-4.347586581993E-1,-1.194140857419E0,
-5.090285040026E0));
#1627=CARTESIAN_POINT('',(-2.231498194110E-1,-1.251139330796E0,
-5.076545820406E0));
#1628=CARTESIAN_POINT('',(-2.137501154515E-3,-1.270907624459E0,
-5.062633661668E0));
#1629=CARTESIAN_POINT('',(2.162001792115E-1,-1.252214339073E0,
-5.048894956727E0));
#1630=CARTESIAN_POINT('',(4.278291306975E-1,-1.196677923727E0,
-5.035176499340E0));
#1631=CARTESIAN_POINT('',(6.296705177967E-1,-1.104137911059E0,
-5.021256075743E0));
#1632=CARTESIAN_POINT('',(8.142297040560E-1,-9.761100680254E-1,
-5.007176315053E0));
#1633=CARTESIAN_POINT('',(9.720184748008E-1,-8.186423515421E-1,
-4.993200322634E0));
#1634=CARTESIAN_POINT('',(1.097822852451E0,-6.402408990866E-1,
-4.979514492246E0));
#1635=CARTESIAN_POINT('',(1.193516636547E0,-4.375389238058E-1,
-4.965461716265E0));
#1636=CARTESIAN_POINT('',(1.251815565356E0,-2.202348591757E-1,
-4.951358824034E0));
#1637=CARTESIAN_POINT('',(1.2645E0,-7.317437546419E-2,-4.942105007340E0));
#1638=CARTESIAN_POINT('',(1.2645E0,0.E0,-4.9375E0));
#1640=CURVE_STYLE('',#25,POSITIVE_LENGTH_MEASURE(2.E-2),#13);
#1641=PRESENTATION_STYLE_ASSIGNMENT((#1640));
#1642=STYLED_ITEM('',(#1641),#1639);
#1643=DIRECTION('',(0.E0,6.175602850079E-14,1.E0));
#1644=VECTOR('',#1643,1.25E-1);
#1645=CARTESIAN_POINT('',(-1.2645E0,0.E0,-5.3125E0));
#1646=LINE('',#1645,#1644);
#1647=CURVE_STYLE('',#25,POSITIVE_LENGTH_MEASURE(2.E-2),#13);
#1648=PRESENTATION_STYLE_ASSIGNMENT((#1647));
#1649=STYLED_ITEM('',(#1648),#1646);
#1650=CARTESIAN_POINT('',(1.2645E0,0.E0,-5.0625E0));
#1651=CARTESIAN_POINT('',(1.2645E0,-7.291863411856E-2,-5.067088913034E0));
#1652=CARTESIAN_POINT('',(1.251801156398E0,-2.190165709404E-1,
-5.076283971812E0));
#1653=CARTESIAN_POINT('',(1.195430454289E0,-4.315801701711E-1,
-5.090070137707E0));
#1654=CARTESIAN_POINT('',(1.101764903743E0,-6.334678802360E-1,
-5.104024242526E0));
#1655=CARTESIAN_POINT('',(9.765258001769E-1,-8.133204890636E-1,
-5.117763347950E0));
#1656=CARTESIAN_POINT('',(8.200200995891E-1,-9.710570844581E-1,
-5.131695088515E0));
#1657=CARTESIAN_POINT('',(6.394740554619E-1,-1.098222661563E0,
-5.145539280686E0));
#1658=CARTESIAN_POINT('',(4.410869522480E-1,-1.191796544013E0,
-5.159292441785E0));
#1659=CARTESIAN_POINT('',(2.286212842078E-1,-1.250264852841E0,
-5.173108023136E0));
#1660=CARTESIAN_POINT('',(4.655003732830E-3,-1.271214733998E0,
-5.187208358214E0));
#1661=CARTESIAN_POINT('',(-2.197005445230E-1,-1.251826224632E0,
-5.201325346356E0));
#1662=CARTESIAN_POINT('',(-4.318097059326E-1,-1.195237496712E0,
-5.215088050335E0));
#1663=CARTESIAN_POINT('',(-6.339179854477E-1,-1.101769626895E0,
-5.229048551062E0));
#1664=CARTESIAN_POINT('',(-8.186245161747E-1,-9.724820242166E-1,
-5.243180627587E0));
#1665=CARTESIAN_POINT('',(-9.764203538069E-1,-8.135535461328E-1,
-5.257220426935E0));
#1666=CARTESIAN_POINT('',(-1.101563317762E0,-6.335318200227E-1,
-5.270966551943E0));
#1667=CARTESIAN_POINT('',(-1.194271477337E0,-4.346943697036E-1,
-5.284721383479E0));
#1668=CARTESIAN_POINT('',(-1.251812378043E0,-2.198107403252E-1,
-5.298667867642E0));
#1669=CARTESIAN_POINT('',(-1.2645E0,-7.324537933656E-2,-5.307890524247E0));
#1670=CARTESIAN_POINT('',(-1.2645E0,0.E0,-5.3125E0));
#1672=CURVE_STYLE('',#25,POSITIVE_LENGTH_MEASURE(2.E-2),#13);
#1673=PRESENTATION_STYLE_ASSIGNMENT((#1672));
#1674=STYLED_ITEM('',(#1673),#1671);
#1675=DIRECTION('',(0.E0,0.E0,1.E0));
#1676=VECTOR('',#1675,1.25E-1);
#1677=CARTESIAN_POINT('',(1.2645E0,0.E0,-5.0625E0));
#1678=LINE('',#1677,#1676);
#1679=CURVE_STYLE('',#25,POSITIVE_LENGTH_MEASURE(2.E-2),#13);
#1680=PRESENTATION_STYLE_ASSIGNMENT((#1679));
#1681=STYLED_ITEM('',(#1680),#1678);
#1682=CARTESIAN_POINT('',(1.2645E0,0.E0,-5.5625E0));
#1683=CARTESIAN_POINT('',(1.2645E0,-7.316908459481E-2,-5.567104674375E0));
#1684=CARTESIAN_POINT('',(1.251818145093E0,-2.202174665638E-1,
-5.576357721891E0));
#1685=CARTESIAN_POINT('',(1.193524368334E0,-4.375127237417E-1,
-5.590460001691E0));
#1686=CARTESIAN_POINT('',(1.097856592351E0,-6.401795864163E-1,
-5.604510153324E0));
#1687=CARTESIAN_POINT('',(9.720073007306E-1,-8.186878820201E-1,
-5.618202941660E0));
#1688=CARTESIAN_POINT('',(8.138405187854E-1,-9.764637460737E-1,
-5.632209238882E0));
#1689=CARTESIAN_POINT('',(6.290568413141E-1,-1.104495939271E0,
-5.646300486536E0));
#1690=CARTESIAN_POINT('',(4.270767503067E-1,-1.196943336155E0,
-5.660226478317E0));
#1691=CARTESIAN_POINT('',(2.155550028420E-1,-1.252321283027E0,
-5.673935911085E0));
#1692=CARTESIAN_POINT('',(-2.899875125048E-3,-1.270920189499E0,
-5.687681399484E0));
#1693=CARTESIAN_POINT('',(-2.241248153286E-1,-1.250971149836E0,
-5.701607787003E0));
#1694=CARTESIAN_POINT('',(-4.356789021270E-1,-1.193805231162E0,
-5.715346305185E0));
#1695=CARTESIAN_POINT('',(-6.360236936502E-1,-1.100354591741E0,
-5.729206673399E0));
#1696=CARTESIAN_POINT('',(-8.170574245354E-1,-9.733868019877E-1,
-5.743069099717E0));
#1697=CARTESIAN_POINT('',(-9.719349871474E-1,-8.186153738826E-1,
-5.756797586445E0));
#1698=CARTESIAN_POINT('',(-1.098249935240E0,-6.396061459396E-1,
-5.770533699239E0));
#1699=CARTESIAN_POINT('',(-1.193655424943E0,-4.370738587370E-1,
-5.784568298965E0));
#1700=CARTESIAN_POINT('',(-1.251864607694E0,-2.199140705454E-1,
-5.798661638437E0));
#1701=CARTESIAN_POINT('',(-1.2645E0,-7.305900185454E-2,-5.807902253348E0));
#1702=CARTESIAN_POINT('',(-1.2645E0,0.E0,-5.8125E0));
#1704=CURVE_STYLE('',#25,POSITIVE_LENGTH_MEASURE(2.E-2),#13);
#1705=PRESENTATION_STYLE_ASSIGNMENT((#1704));
#1706=STYLED_ITEM('',(#1705),#1703);
#1707=DIRECTION('',(0.E0,0.E0,1.E0));
#1708=VECTOR('',#1707,1.25E-1);
#1709=CARTESIAN_POINT('',(1.2645E0,0.E0,-5.5625E0));
#1710=LINE('',#1709,#1708);
#1711=CURVE_STYLE('',#25,POSITIVE_LENGTH_MEASURE(2.E-2),#13);
#1712=PRESENTATION_STYLE_ASSIGNMENT((#1711));
#1713=STYLED_ITEM('',(#1712),#1710);
#1714=CARTESIAN_POINT('',(-1.2645E0,0.E0,-5.6875E0));
#1715=CARTESIAN_POINT('',(-1.2645E0,-7.324537933656E-2,-5.682890524247E0));
#1716=CARTESIAN_POINT('',(-1.251812378043E0,-2.198107403252E-1,
-5.673667867642E0));
#1717=CARTESIAN_POINT('',(-1.194271477337E0,-4.346943697036E-1,
-5.659721383479E0));
#1718=CARTESIAN_POINT('',(-1.101563317762E0,-6.335318200227E-1,
-5.645966551943E0));
#1719=CARTESIAN_POINT('',(-9.764203538069E-1,-8.135535461328E-1,
-5.632220426935E0));
#1720=CARTESIAN_POINT('',(-8.186245161747E-1,-9.724820242166E-1,
-5.618180627587E0));
#1721=CARTESIAN_POINT('',(-6.339179854477E-1,-1.101769626895E0,
-5.604048551062E0));
#1722=CARTESIAN_POINT('',(-4.318097059326E-1,-1.195237496712E0,
-5.590088050335E0));
#1723=CARTESIAN_POINT('',(-2.197005445230E-1,-1.251826224632E0,
-5.576325346356E0));
#1724=CARTESIAN_POINT('',(4.655003732812E-3,-1.271214733998E0,
-5.562208358214E0));
#1725=CARTESIAN_POINT('',(2.286212842078E-1,-1.250264852841E0,
-5.548108023136E0));
#1726=CARTESIAN_POINT('',(4.410869522480E-1,-1.191796544013E0,
-5.534292441785E0));
#1727=CARTESIAN_POINT('',(6.394740554619E-1,-1.098222661563E0,
-5.520539280686E0));
#1728=CARTESIAN_POINT('',(8.200200995891E-1,-9.710570844581E-1,
-5.506695088515E0));
#1729=CARTESIAN_POINT('',(9.765258001769E-1,-8.133204890636E-1,
-5.492763347950E0));
#1730=CARTESIAN_POINT('',(1.101764903743E0,-6.334678802360E-1,
-5.479024242526E0));
#1731=CARTESIAN_POINT('',(1.195430454289E0,-4.315801701712E-1,
-5.465070137707E0));
#1732=CARTESIAN_POINT('',(1.251801156398E0,-2.190165709404E-1,
-5.451283971812E0));
#1733=CARTESIAN_POINT('',(1.2645E0,-7.291863411856E-2,-5.442088913034E0));
#1734=CARTESIAN_POINT('',(1.2645E0,0.E0,-5.4375E0));
#1736=CURVE_STYLE('',#25,POSITIVE_LENGTH_MEASURE(2.E-2),#13);
#1737=PRESENTATION_STYLE_ASSIGNMENT((#1736));
#1738=STYLED_ITEM('',(#1737),#1735);
#1739=DIRECTION('',(0.E0,0.E0,1.E0));
#1740=VECTOR('',#1739,1.25E-1);
#1741=CARTESIAN_POINT('',(-1.2645E0,0.E0,-5.8125E0));
#1742=LINE('',#1741,#1740);
#1743=CURVE_STYLE('',#25,POSITIVE_LENGTH_MEASURE(2.E-2),#13);
#1744=PRESENTATION_STYLE_ASSIGNMENT((#1743));
#1745=STYLED_ITEM('',(#1744),#1742);
#1746=CARTESIAN_POINT('',(1.2645E0,0.E0,-6.0625E0));
#1747=CARTESIAN_POINT('',(1.2645E0,-7.297728513818E-2,-6.067092604058E0));
#1748=CARTESIAN_POINT('',(1.251776471773E0,-2.191317973147E-1,
-6.076291328851E0));
#1749=CARTESIAN_POINT('',(1.195445076452E0,-4.314990801090E-1,
-6.090065057097E0));
#1750=CARTESIAN_POINT('',(1.101882611357E0,-6.332577584868E-1,
-6.104009153323E0));
#1751=CARTESIAN_POINT('',(9.766640854184E-1,-8.131559022847E-1,
-6.117749961968E0));
#1752=CARTESIAN_POINT('',(8.201175925484E-1,-9.710036293322E-1,
-6.131688195618E0));
#1753=CARTESIAN_POINT('',(6.391855802220E-1,-1.098398500406E0,
-6.145560484307E0));
#1754=CARTESIAN_POINT('',(4.409720538534E-1,-1.191828840039E0,
-6.159299823789E0));
#1755=CARTESIAN_POINT('',(2.284197957035E-1,-1.250311046558E0,
-6.173121005638E0));
#1756=CARTESIAN_POINT('',(4.349367221048E-3,-1.271221070202E0,
-6.187227501587E0));
#1757=CARTESIAN_POINT('',(-2.201731943265E-1,-1.251761334014E0,
-6.201355153174E0));
#1758=CARTESIAN_POINT('',(-4.324905441195E-1,-1.194987415227E0,
-6.215133489229E0));
#1759=CARTESIAN_POINT('',(-6.342604847097E-1,-1.101553829966E0,
-6.229073816890E0));
#1760=CARTESIAN_POINT('',(-8.188648225394E-1,-9.722754048053E-1,
-6.243200525828E0));
#1761=CARTESIAN_POINT('',(-9.765705236766E-1,-8.133721281381E-1,
-6.257235159295E0));
#1762=CARTESIAN_POINT('',(-1.101725024634E0,-6.332619493084E-1,
-6.270986240158E0));
#1763=CARTESIAN_POINT('',(-1.194363419480E0,-4.344091265608E-1,
-6.284740135701E0));
#1764=CARTESIAN_POINT('',(-1.251804918301E0,-2.197851606159E-1,
-6.298669351739E0));
#1765=CARTESIAN_POINT('',(-1.2645E0,-7.324558852879E-2,-6.307890511082E0));
#1766=CARTESIAN_POINT('',(-1.2645E0,0.E0,-6.3125E0));
#1768=CURVE_STYLE('',#25,POSITIVE_LENGTH_MEASURE(2.E-2),#13);
#1769=PRESENTATION_STYLE_ASSIGNMENT((#1768));
#1770=STYLED_ITEM('',(#1769),#1767);
#1771=DIRECTION('',(0.E0,0.E0,1.E0));
#1772=VECTOR('',#1771,1.25E-1);
#1773=CARTESIAN_POINT('',(1.2645E0,0.E0,-6.0625E0));
#1774=LINE('',#1773,#1772);
#1775=CURVE_STYLE('',#25,POSITIVE_LENGTH_MEASURE(2.E-2),#13);
#1776=PRESENTATION_STYLE_ASSIGNMENT((#1775));
#1777=STYLED_ITEM('',(#1776),#1774);
#1778=CARTESIAN_POINT('',(-1.2645E0,0.E0,-6.1875E0));
#1779=CARTESIAN_POINT('',(-1.2645E0,-7.305900185454E-2,-6.182902253348E0));
#1780=CARTESIAN_POINT('',(-1.251864607694E0,-2.199140705454E-1,
-6.173661638437E0));
#1781=CARTESIAN_POINT('',(-1.193655424943E0,-4.370738587371E-1,
-6.159568298965E0));
#1782=CARTESIAN_POINT('',(-1.098249935240E0,-6.396061459396E-1,
-6.145533699239E0));
#1783=CARTESIAN_POINT('',(-9.719349871473E-1,-8.186153738826E-1,
-6.131797586445E0));
#1784=CARTESIAN_POINT('',(-8.170574245354E-1,-9.733868019878E-1,
-6.118069099717E0));
#1785=CARTESIAN_POINT('',(-6.360236936502E-1,-1.100354591741E0,
-6.104206673399E0));
#1786=CARTESIAN_POINT('',(-4.356789021270E-1,-1.193805231162E0,
-6.090346305185E0));
#1787=CARTESIAN_POINT('',(-2.241248153286E-1,-1.250971149836E0,
-6.076607787003E0));
#1788=CARTESIAN_POINT('',(-2.899875124986E-3,-1.270920189499E0,
-6.062681399484E0));
#1789=CARTESIAN_POINT('',(2.155550028421E-1,-1.252321283027E0,
-6.048935911085E0));
#1790=CARTESIAN_POINT('',(4.270767503068E-1,-1.196943336155E0,
-6.035226478317E0));
#1791=CARTESIAN_POINT('',(6.290568413142E-1,-1.104495939271E0,
-6.021300486536E0));
#1792=CARTESIAN_POINT('',(8.138405187854E-1,-9.764637460736E-1,
-6.007209238882E0));
#1793=CARTESIAN_POINT('',(9.720073007307E-1,-8.186878820200E-1,
-5.993202941660E0));
#1794=CARTESIAN_POINT('',(1.097856592351E0,-6.401795864162E-1,
-5.979510153324E0));
#1795=CARTESIAN_POINT('',(1.193524368333E0,-4.375127237423E-1,
-5.965460001691E0));
#1796=CARTESIAN_POINT('',(1.251818145093E0,-2.202174665650E-1,
-5.951357721891E0));
#1797=CARTESIAN_POINT('',(1.2645E0,-7.316908459531E-2,-5.942104674375E0));
#1798=CARTESIAN_POINT('',(1.2645E0,0.E0,-5.9375E0));
#1800=CURVE_STYLE('',#25,POSITIVE_LENGTH_MEASURE(2.E-2),#13);
#1801=PRESENTATION_STYLE_ASSIGNMENT((#1800));
#1802=STYLED_ITEM('',(#1801),#1799);
#1803=DIRECTION('',(0.E0,0.E0,1.E0));
#1804=VECTOR('',#1803,1.25E-1);
#1805=CARTESIAN_POINT('',(-1.2645E0,0.E0,-6.3125E0));
#1806=LINE('',#1805,#1804);
#1807=CURVE_STYLE('',#25,POSITIVE_LENGTH_MEASURE(2.E-2),#13);
#1808=PRESENTATION_STYLE_ASSIGNMENT((#1807));
#1809=STYLED_ITEM('',(#1808),#1806);
#1810=CARTESIAN_POINT('',(1.2645E0,0.E0,-6.5625E0));
#1811=CARTESIAN_POINT('',(1.2645E0,-7.317437546423E-2,-6.567105007340E0));
#1812=CARTESIAN_POINT('',(1.251815565356E0,-2.202348591758E-1,
-6.576358824034E0));
#1813=CARTESIAN_POINT('',(1.193516636547E0,-4.375389238058E-1,
-6.590461716265E0));
#1814=CARTESIAN_POINT('',(1.097822852451E0,-6.402408990865E-1,
-6.604514492246E0));
#1815=CARTESIAN_POINT('',(9.720184748008E-1,-8.186423515421E-1,
-6.618200322634E0));
#1816=CARTESIAN_POINT('',(8.142297040560E-1,-9.761100680254E-1,
-6.632176315053E0));
#1817=CARTESIAN_POINT('',(6.296705177967E-1,-1.104137911059E0,
-6.646256075743E0));
#1818=CARTESIAN_POINT('',(4.278291306975E-1,-1.196677923727E0,
-6.660176499340E0));
#1819=CARTESIAN_POINT('',(2.162001792115E-1,-1.252214339073E0,
-6.673894956727E0));
#1820=CARTESIAN_POINT('',(-2.137501154498E-3,-1.270907624459E0,
-6.687633661668E0));
#1821=CARTESIAN_POINT('',(-2.231498194110E-1,-1.251139330796E0,
-6.701545820406E0));
#1822=CARTESIAN_POINT('',(-4.347586581992E-1,-1.194140857419E0,
-6.715285040026E0));
#1823=CARTESIAN_POINT('',(-6.352335240951E-1,-1.100830669091E0,
-6.729148870591E0));
#1824=CARTESIAN_POINT('',(-8.166654876970E-1,-9.737302666041E-1,
-6.743036513005E0));
#1825=CARTESIAN_POINT('',(-9.715379802262E-1,-8.190754638702E-1,
-6.756759479931E0));
#1826=CARTESIAN_POINT('',(-1.097953463730E0,-6.401239374608E-1,
-6.770496384041E0));
#1827=CARTESIAN_POINT('',(-1.193493321175E0,-4.375416476045E-1,
-6.784537306998E0));
#1828=CARTESIAN_POINT('',(-1.251828048602E0,-2.202049407568E-1,
-6.798643320951E0));
#1829=CARTESIAN_POINT('',(-1.2645E0,-7.316536651732E-2,-6.807895559611E0));
#1830=CARTESIAN_POINT('',(-1.2645E0,0.E0,-6.8125E0));
#1832=CURVE_STYLE('',#25,POSITIVE_LENGTH_MEASURE(2.E-2),#13);
#1833=PRESENTATION_STYLE_ASSIGNMENT((#1832));
#1834=STYLED_ITEM('',(#1833),#1831);
#1835=DIRECTION('',(0.E0,0.E0,1.E0));
#1836=VECTOR('',#1835,1.25E-1);
#1837=CARTESIAN_POINT('',(1.2645E0,0.E0,-6.5625E0));
#1838=LINE('',#1837,#1836);
#1839=CURVE_STYLE('',#25,POSITIVE_LENGTH_MEASURE(2.E-2),#13);
#1840=PRESENTATION_STYLE_ASSIGNMENT((#1839));
#1841=STYLED_ITEM('',(#1840),#1838);
#1842=CARTESIAN_POINT('',(-1.2645E0,0.E0,-6.6875E0));
#1843=CARTESIAN_POINT('',(-1.2645E0,-7.324558852878E-2,-6.682890511082E0));
#1844=CARTESIAN_POINT('',(-1.251804918301E0,-2.197851606159E-1,
-6.673669351739E0));
#1845=CARTESIAN_POINT('',(-1.194363419480E0,-4.344091265608E-1,
-6.659740135701E0));
#1846=CARTESIAN_POINT('',(-1.101725024634E0,-6.332619493084E-1,
-6.645986240158E0));
#1847=CARTESIAN_POINT('',(-9.765705236767E-1,-8.133721281380E-1,
-6.632235159295E0));
#1848=CARTESIAN_POINT('',(-8.188648225395E-1,-9.722754048053E-1,
-6.618200525828E0));
#1849=CARTESIAN_POINT('',(-6.342604847097E-1,-1.101553829966E0,
-6.604073816890E0));
#1850=CARTESIAN_POINT('',(-4.324905441195E-1,-1.194987415227E0,
-6.590133489229E0));
#1851=CARTESIAN_POINT('',(-2.201731943265E-1,-1.251761334014E0,
-6.576355153174E0));
#1852=CARTESIAN_POINT('',(4.349367221048E-3,-1.271221070202E0,
-6.562227501587E0));
#1853=CARTESIAN_POINT('',(2.284197957035E-1,-1.250311046558E0,
-6.548121005638E0));
#1854=CARTESIAN_POINT('',(4.409720538534E-1,-1.191828840039E0,
-6.534299823789E0));
#1855=CARTESIAN_POINT('',(6.391855802220E-1,-1.098398500406E0,
-6.520560484307E0));
#1856=CARTESIAN_POINT('',(8.201175925484E-1,-9.710036293322E-1,
-6.506688195618E0));
#1857=CARTESIAN_POINT('',(9.766640854184E-1,-8.131559022847E-1,
-6.492749961968E0));
#1858=CARTESIAN_POINT('',(1.101882611357E0,-6.332577584868E-1,
-6.479009153323E0));
#1859=CARTESIAN_POINT('',(1.195445076452E0,-4.314990801090E-1,
-6.465065057097E0));
#1860=CARTESIAN_POINT('',(1.251776471773E0,-2.191317973147E-1,
-6.451291328851E0));
#1861=CARTESIAN_POINT('',(1.2645E0,-7.297728513818E-2,-6.442092604058E0));
#1862=CARTESIAN_POINT('',(1.2645E0,0.E0,-6.4375E0));
#1864=CURVE_STYLE('',#25,POSITIVE_LENGTH_MEASURE(2.E-2),#13);
#1865=PRESENTATION_STYLE_ASSIGNMENT((#1864));
#1866=STYLED_ITEM('',(#1865),#1863);
#1867=DIRECTION('',(0.E0,1.961934218736E-14,1.E0));
#1868=VECTOR('',#1867,1.25E-1);
#1869=CARTESIAN_POINT('',(-1.2645E0,0.E0,-6.8125E0));
#1870=LINE('',#1869,#1868);
#1871=CURVE_STYLE('',#25,POSITIVE_LENGTH_MEASURE(2.E-2),#13);
#1872=PRESENTATION_STYLE_ASSIGNMENT((#1871));
#1873=STYLED_ITEM('',(#1872),#1870);
#1874=CARTESIAN_POINT('',(-1.2645E0,0.E0,-7.1875E0));
#1875=CARTESIAN_POINT('',(-1.2645E0,-7.316536651732E-2,-7.182895559611E0));
#1876=CARTESIAN_POINT('',(-1.251828048602E0,-2.202049407568E-1,
-7.173643320951E0));
#1877=CARTESIAN_POINT('',(-1.193493321175E0,-4.375416476045E-1,
-7.159537306998E0));
#1878=CARTESIAN_POINT('',(-1.097953463730E0,-6.401239374608E-1,
-7.145496384041E0));
#1879=CARTESIAN_POINT('',(-9.715379802262E-1,-8.190754638702E-1,
-7.131759479931E0));
#1880=CARTESIAN_POINT('',(-8.166654876970E-1,-9.737302666041E-1,
-7.118036513005E0));
#1881=CARTESIAN_POINT('',(-6.352335240951E-1,-1.100830669091E0,
-7.104148870591E0));
#1882=CARTESIAN_POINT('',(-4.347586581993E-1,-1.194140857419E0,
-7.090285040026E0));
#1883=CARTESIAN_POINT('',(-2.231498194110E-1,-1.251139330796E0,
-7.076545820406E0));
#1884=CARTESIAN_POINT('',(-2.137501154506E-3,-1.270907624459E0,
-7.062633661668E0));
#1885=CARTESIAN_POINT('',(2.162001792115E-1,-1.252214339073E0,
-7.048894956727E0));
#1886=CARTESIAN_POINT('',(4.278291306975E-1,-1.196677923727E0,
-7.035176499340E0));
#1887=CARTESIAN_POINT('',(6.296705177967E-1,-1.104137911059E0,
-7.021256075743E0));
#1888=CARTESIAN_POINT('',(8.142297040560E-1,-9.761100680254E-1,
-7.007176315053E0));
#1889=CARTESIAN_POINT('',(9.720184748008E-1,-8.186423515421E-1,
-6.993200322634E0));
#1890=CARTESIAN_POINT('',(1.097822852451E0,-6.402408990866E-1,
-6.979514492246E0));
#1891=CARTESIAN_POINT('',(1.193516636547E0,-4.375389238058E-1,
-6.965461716265E0));
#1892=CARTESIAN_POINT('',(1.251815565356E0,-2.202348591757E-1,
-6.951358824034E0));
#1893=CARTESIAN_POINT('',(1.2645E0,-7.317437546420E-2,-6.942105007340E0));
#1894=CARTESIAN_POINT('',(1.2645E0,0.E0,-6.9375E0));
#1896=CURVE_STYLE('',#25,POSITIVE_LENGTH_MEASURE(2.E-2),#13);
#1897=PRESENTATION_STYLE_ASSIGNMENT((#1896));
#1898=STYLED_ITEM('',(#1897),#1895);
#1899=DIRECTION('',(0.E0,-2.994728910958E-14,1.E0));
#1900=VECTOR('',#1899,1.25E-1);
#1901=CARTESIAN_POINT('',(-1.2645E0,0.E0,-7.3125E0));
#1902=LINE('',#1901,#1900);
#1903=CURVE_STYLE('',#25,POSITIVE_LENGTH_MEASURE(2.E-2),#13);
#1904=PRESENTATION_STYLE_ASSIGNMENT((#1903));
#1905=STYLED_ITEM('',(#1904),#1902);
#1906=CARTESIAN_POINT('',(1.2645E0,0.E0,-7.0625E0));
#1907=CARTESIAN_POINT('',(1.2645E0,-7.291863411856E-2,-7.067088913034E0));
#1908=CARTESIAN_POINT('',(1.251801156398E0,-2.190165709404E-1,
-7.076283971812E0));
#1909=CARTESIAN_POINT('',(1.195430454289E0,-4.315801701711E-1,
-7.090070137707E0));
#1910=CARTESIAN_POINT('',(1.101764903743E0,-6.334678802360E-1,
-7.104024242526E0));
#1911=CARTESIAN_POINT('',(9.765258001769E-1,-8.133204890636E-1,
-7.117763347950E0));
#1912=CARTESIAN_POINT('',(8.200200995891E-1,-9.710570844581E-1,
-7.131695088515E0));
#1913=CARTESIAN_POINT('',(6.394740554619E-1,-1.098222661563E0,
-7.145539280686E0));
#1914=CARTESIAN_POINT('',(4.410869522480E-1,-1.191796544013E0,
-7.159292441785E0));
#1915=CARTESIAN_POINT('',(2.286212842078E-1,-1.250264852841E0,
-7.173108023136E0));
#1916=CARTESIAN_POINT('',(4.655003732828E-3,-1.271214733998E0,
-7.187208358214E0));
#1917=CARTESIAN_POINT('',(-2.197005445230E-1,-1.251826224632E0,
-7.201325346356E0));
#1918=CARTESIAN_POINT('',(-4.318097059326E-1,-1.195237496712E0,
-7.215088050335E0));
#1919=CARTESIAN_POINT('',(-6.339179854477E-1,-1.101769626895E0,
-7.229048551062E0));
#1920=CARTESIAN_POINT('',(-8.186245161747E-1,-9.724820242166E-1,
-7.243180627587E0));
#1921=CARTESIAN_POINT('',(-9.764203538069E-1,-8.135535461328E-1,
-7.257220426935E0));
#1922=CARTESIAN_POINT('',(-1.101563317762E0,-6.335318200227E-1,
-7.270966551943E0));
#1923=CARTESIAN_POINT('',(-1.194271477337E0,-4.346943697036E-1,
-7.284721383479E0));
#1924=CARTESIAN_POINT('',(-1.251812378043E0,-2.198107403252E-1,
-7.298667867642E0));
#1925=CARTESIAN_POINT('',(-1.2645E0,-7.324537933656E-2,-7.307890524247E0));
#1926=CARTESIAN_POINT('',(-1.2645E0,0.E0,-7.3125E0));
#1928=CURVE_STYLE('',#25,POSITIVE_LENGTH_MEASURE(2.E-2),#13);
#1929=PRESENTATION_STYLE_ASSIGNMENT((#1928));
#1930=STYLED_ITEM('',(#1929),#1927);
#1931=DIRECTION('',(0.E0,0.E0,1.E0));
#1932=VECTOR('',#1931,1.25E-1);
#1933=CARTESIAN_POINT('',(1.2645E0,0.E0,-7.0625E0));
#1934=LINE('',#1933,#1932);
#1935=CURVE_STYLE('',#25,POSITIVE_LENGTH_MEASURE(2.E-2),#13);
#1936=PRESENTATION_STYLE_ASSIGNMENT((#1935));
#1937=STYLED_ITEM('',(#1936),#1934);
#1938=CARTESIAN_POINT('',(1.196305009678E0,-9.049056988540E-1,-2.5E-1));
#1939=CARTESIAN_POINT('',(1.144393098316E0,-9.735343744209E-1,
-2.545651371790E-1));
#1940=CARTESIAN_POINT('',(1.028729867662E0,-1.101834365558E0,
-2.636954115371E-1));
#1941=CARTESIAN_POINT('',(8.248395356211E-1,-1.261730559317E0,
-2.773908230743E-1));
#1942=CARTESIAN_POINT('',(5.965787394151E-1,-1.384347498787E0,
-2.910862346114E-1));
#1943=CARTESIAN_POINT('',(3.506914179411E-1,-1.466062668228E0,
-3.047816461486E-1));
#1944=CARTESIAN_POINT('',(9.444260527940E-2,-1.504461632146E0,
-3.184770576857E-1));
#1945=CARTESIAN_POINT('',(-1.645966057848E-1,-1.498409880058E0,
-3.321724692228E-1));
#1946=CARTESIAN_POINT('',(-4.187726557859E-1,-1.448086210540E0,
-3.458678807600E-1));
#1947=CARTESIAN_POINT('',(-6.605756777140E-1,-1.354977484928E0,
-3.595632922971E-1));
#1948=CARTESIAN_POINT('',(-8.828613756406E-1,-1.221834686846E0,
-3.732587038343E-1));
#1949=CARTESIAN_POINT('',(-1.079062111580E0,-1.052591644442E0,
-3.869541153714E-1));
#1950=CARTESIAN_POINT('',(-1.243380951943E0,-8.522488010773E-1,
-4.006495269085E-1));
#1951=CARTESIAN_POINT('',(-1.370962943482E0,-6.267254727491E-1,
-4.143449384457E-1));
#1952=CARTESIAN_POINT('',(-1.458038557373E0,-3.826849563365E-1,
-4.280403499828E-1));
#1953=CARTESIAN_POINT('',(-1.502035063466E0,-1.273376562979E-1,
-4.417357615200E-1));
#1954=CARTESIAN_POINT('',(-1.501652543992E0,1.317719534511E-1,
-4.554311730571E-1));
#1955=CARTESIAN_POINT('',(-1.456902300844E0,3.869882380484E-1,
-4.691265845942E-1));
#1956=CARTESIAN_POINT('',(-1.369106521656E0,6.307705945515E-1,
-4.828219961314E-1));
#1957=CARTESIAN_POINT('',(-1.240859214534E0,8.559162460777E-1,
-4.965174076685E-1));
#1958=CARTESIAN_POINT('',(-1.075949565668E0,1.055773054559E0,
-5.102128192057E-1));
#1959=CARTESIAN_POINT('',(-8.792499842990E-1,1.224436064359E0,
-5.239082307428E-1));
#1960=CARTESIAN_POINT('',(-6.565721428469E-1,1.356921969691E0,
-5.376036422799E-1));
#1961=CARTESIAN_POINT('',(-4.144952656313E-1,1.449316351030E0,
-5.512990538171E-1));
#1962=CARTESIAN_POINT('',(-1.601717395602E-1,1.498889330284E0,
-5.649944653542E-1));
#1963=CARTESIAN_POINT('',(9.888420980653E-2,1.504176227589E0,
-5.786898768914E-1));
#1964=CARTESIAN_POINT('',(3.550185330528E-1,1.465020836637E0,
-5.923852884285E-1));
#1965=CARTESIAN_POINT('',(6.006635029288E-1,1.382580039941E0,
-6.060806999656E-1));
#1966=CARTESIAN_POINT('',(8.285613099042E-1,1.259289627656E0,
-6.197761115028E-1));
#1967=CARTESIAN_POINT('',(1.031978500913E0,1.098792329899E0,
-6.334715230399E-1));
#1968=CARTESIAN_POINT('',(1.204904925501E0,9.058301888852E-1,
-6.471669345771E-1));
#1969=CARTESIAN_POINT('',(1.342231311318E0,6.861044508754E-1,
-6.608623461142E-1));
#1970=CARTESIAN_POINT('',(1.439900222332E0,4.461071175427E-1,
-6.745577576514E-1));
#1971=CARTESIAN_POINT('',(1.495025939557E0,1.929291337335E-1,
-6.882531691885E-1));
#1972=CARTESIAN_POINT('',(1.505979722313E0,-6.594912110606E-2,
-7.019485807256E-1));
#1973=CARTESIAN_POINT('',(1.472437930880E0,-3.228788477102E-1,
-7.156439922628E-1));
#1974=CARTESIAN_POINT('',(1.395391588741E0,-5.702688178957E-1,
-7.293394037999E-1));
#1975=CARTESIAN_POINT('',(1.277117101867E0,-8.008096644720E-1,
-7.430348153371E-1));
#1976=CARTESIAN_POINT('',(1.121109000183E0,-1.007689843306E0,
-7.567302268742E-1));
#1977=CARTESIAN_POINT('',(9.319766884233E-1,-1.184796886740E0,
-7.704256384113E-1));
#1978=CARTESIAN_POINT('',(7.153082569754E-1,-1.326898002145E0,
-7.841210499485E-1));
#1979=CARTESIAN_POINT('',(4.775053765410E-1,-1.429794679654E0,
-7.978164614856E-1));
#1980=CARTESIAN_POINT('',(2.255941548105E-1,-1.490446741052E0,
-8.115118730228E-1));
#1981=CARTESIAN_POINT('',(-3.298245643575E-2,-1.507062164658E0,
-8.252072845599E-1));
#1982=CARTESIAN_POINT('',(-2.905845702730E-1,-1.479150032339E0,
-8.389026960970E-1));
#1983=CARTESIAN_POINT('',(-5.396010922108E-1,-1.407535033906E0,
-8.525981076342E-1));
#1984=CARTESIAN_POINT('',(-7.726745970715E-1,-1.294333101768E0,
-8.662935191713E-1));
#1985=CARTESIAN_POINT('',(-9.829187109726E-1,-1.142888890449E0,
-8.799889307085E-1));
#1986=CARTESIAN_POINT('',(-1.164121575661E0,-9.576769679132E-1,
-8.936843422456E-1));
#1987=CARTESIAN_POINT('',(-1.310929383651E0,-7.441695645486E-1,
-9.073797537827E-1));
#1988=CARTESIAN_POINT('',(-1.419004561459E0,-5.086750617014E-1,
-9.210751653199E-1));
#1989=CARTESIAN_POINT('',(-1.485153927251E0,-2.581509676826E-1,
-9.347705768570E-1));
#1990=CARTESIAN_POINT('',(-1.5E0,-8.605080854594E-2,-9.439008512151E-1));
#1991=CARTESIAN_POINT('',(-1.5E0,0.E0,-9.484659883942E-1));
#1993=CURVE_STYLE('',#25,POSITIVE_LENGTH_MEASURE(2.E-2),#13);
#1994=PRESENTATION_STYLE_ASSIGNMENT((#1993));
#1995=STYLED_ITEM('',(#1994),#1992);
#1996=CARTESIAN_POINT('',(-1.5E0,0.E0,-9.484659883942E-1));
#1997=CARTESIAN_POINT('',(-1.5E0,8.726646259972E-2,-9.530956180238E-1));
#1998=CARTESIAN_POINT('',(-1.484730426636E0,2.617978237521E-1,
-9.623548772830E-1));
#1999=CARTESIAN_POINT('',(-1.416713283885E0,5.156415219706E-1,
-9.762437661719E-1));
#2000=CARTESIAN_POINT('',(-1.305650024896E0,7.538173782966E-1,
-9.901326550608E-1));
#2001=CARTESIAN_POINT('',(-1.154915250591E0,9.690889648429E-1,
-1.004021543950E0));
#2002=CARTESIAN_POINT('',(-9.690889608117E-1,1.154915249511E0,
-1.017910432839E0));
#2003=CARTESIAN_POINT('',(-7.538173933411E-1,1.305650025185E0,
-1.031799321727E0));
#2004=CARTESIAN_POINT('',(-5.156414658238E-1,1.416713283808E0,
-1.045688210616E0));
#2005=CARTESIAN_POINT('',(-2.617980332946E-1,1.484730426656E0,
-1.059577099505E0));
#2006=CARTESIAN_POINT('',(0.E0,1.507634786677E0,-1.073465988394E0));
#2007=CARTESIAN_POINT('',(2.617980332946E-1,1.484730426637E0,
-1.087354877283E0));
#2008=CARTESIAN_POINT('',(5.156414658238E-1,1.416713283885E0,
-1.101243766172E0));
#2009=CARTESIAN_POINT('',(7.538173933411E-1,1.305650024896E0,
-1.115132655061E0));
#2010=CARTESIAN_POINT('',(9.690889608117E-1,1.154915250591E0,
-1.129021543950E0));
#2011=CARTESIAN_POINT('',(1.154915250591E0,9.690889608117E-1,
-1.142910432839E0));
#2012=CARTESIAN_POINT('',(1.305650024896E0,7.538173933411E-1,
-1.156799321727E0));
#2013=CARTESIAN_POINT('',(1.416713283885E0,5.156414658238E-1,
-1.170688210616E0));
#2014=CARTESIAN_POINT('',(1.484730426636E0,2.617980332946E-1,
-1.184577099505E0));
#2015=CARTESIAN_POINT('',(1.507634786682E0,0.E0,-1.198465988394E0));
#2016=CARTESIAN_POINT('',(1.484730426636E0,-2.617980332946E-1,
-1.212354877283E0));
#2017=CARTESIAN_POINT('',(1.416713283885E0,-5.156414658238E-1,
-1.226243766172E0));
#2018=CARTESIAN_POINT('',(1.305650024896E0,-7.538173933411E-1,
-1.240132655061E0));
#2019=CARTESIAN_POINT('',(1.154915250591E0,-9.690889608117E-1,
-1.254021543950E0));
#2020=CARTESIAN_POINT('',(9.690889608117E-1,-1.154915250591E0,
-1.267910432839E0));
#2021=CARTESIAN_POINT('',(7.538173933411E-1,-1.305650024896E0,
-1.281799321727E0));
#2022=CARTESIAN_POINT('',(5.156414658238E-1,-1.416713283885E0,
-1.295688210616E0));
#2023=CARTESIAN_POINT('',(2.617980332946E-1,-1.484730426636E0,
-1.309577099505E0));
#2024=CARTESIAN_POINT('',(0.E0,-1.507634786682E0,-1.323465988394E0));
#2025=CARTESIAN_POINT('',(-2.617980332946E-1,-1.484730426636E0,
-1.337354877283E0));
#2026=CARTESIAN_POINT('',(-5.156414658238E-1,-1.416713283885E0,
-1.351243766172E0));
#2027=CARTESIAN_POINT('',(-7.538173933411E-1,-1.305650024896E0,
-1.365132655061E0));
#2028=CARTESIAN_POINT('',(-9.690889608117E-1,-1.154915250591E0,
-1.379021543950E0));
#2029=CARTESIAN_POINT('',(-1.154915250591E0,-9.690889608117E-1,
-1.392910432839E0));
#2030=CARTESIAN_POINT('',(-1.305650024896E0,-7.538173933411E-1,
-1.406799321727E0));
#2031=CARTESIAN_POINT('',(-1.416713283885E0,-5.156414658238E-1,
-1.420688210616E0));
#2032=CARTESIAN_POINT('',(-1.484730426636E0,-2.617980332946E-1,
-1.434577099505E0));
#2033=CARTESIAN_POINT('',(-1.507634786682E0,0.E0,-1.448465988394E0));
#2034=CARTESIAN_POINT('',(-1.484730426636E0,2.617980332946E-1,
-1.462354877283E0));
#2035=CARTESIAN_POINT('',(-1.416713283885E0,5.156414658238E-1,
-1.476243766172E0));
#2036=CARTESIAN_POINT('',(-1.305650024896E0,7.538173933411E-1,
-1.490132655061E0));
#2037=CARTESIAN_POINT('',(-1.154915250591E0,9.690889608117E-1,
-1.504021543950E0));
#2038=CARTESIAN_POINT('',(-9.690889608117E-1,1.154915250591E0,
-1.517910432839E0));
#2039=CARTESIAN_POINT('',(-7.538173933411E-1,1.305650024896E0,
-1.531799321727E0));
#2040=CARTESIAN_POINT('',(-5.156414658238E-1,1.416713283885E0,
-1.545688210616E0));
#2041=CARTESIAN_POINT('',(-2.617980332946E-1,1.484730426636E0,
-1.559577099505E0));
#2042=CARTESIAN_POINT('',(0.E0,1.507634786682E0,-1.573465988394E0));
#2043=CARTESIAN_POINT('',(2.617980332946E-1,1.484730426636E0,
-1.587354877283E0));
#2044=CARTESIAN_POINT('',(5.156414658238E-1,1.416713283885E0,
-1.601243766172E0));
#2045=CARTESIAN_POINT('',(7.538173933411E-1,1.305650024896E0,
-1.615132655061E0));
#2046=CARTESIAN_POINT('',(9.690889608117E-1,1.154915250591E0,
-1.629021543950E0));
#2047=CARTESIAN_POINT('',(1.154915250591E0,9.690889608117E-1,
-1.642910432839E0));
#2048=CARTESIAN_POINT('',(1.305650024896E0,7.538173933411E-1,
-1.656799321727E0));
#2049=CARTESIAN_POINT('',(1.416713283885E0,5.156414658238E-1,
-1.670688210616E0));
#2050=CARTESIAN_POINT('',(1.484730426636E0,2.617980332946E-1,
-1.684577099505E0));
#2051=CARTESIAN_POINT('',(1.507634786682E0,0.E0,-1.698465988394E0));
#2052=CARTESIAN_POINT('',(1.484730426636E0,-2.617980332946E-1,
-1.712354877283E0));
#2053=CARTESIAN_POINT('',(1.416713283885E0,-5.156414658238E-1,
-1.726243766172E0));
#2054=CARTESIAN_POINT('',(1.305650024896E0,-7.538173933411E-1,
-1.740132655061E0));
#2055=CARTESIAN_POINT('',(1.154915250591E0,-9.690889608117E-1,
-1.754021543950E0));
#2056=CARTESIAN_POINT('',(9.690889608117E-1,-1.154915250591E0,
-1.767910432839E0));
#2057=CARTESIAN_POINT('',(7.538173933411E-1,-1.305650024896E0,
-1.781799321727E0));
#2058=CARTESIAN_POINT('',(5.156414658238E-1,-1.416713283885E0,
-1.795688210616E0));
#2059=CARTESIAN_POINT('',(2.617980332946E-1,-1.484730426636E0,
-1.809577099505E0));
#2060=CARTESIAN_POINT('',(0.E0,-1.507634786682E0,-1.823465988394E0));
#2061=CARTESIAN_POINT('',(-2.617980332946E-1,-1.484730426636E0,
-1.837354877283E0));
#2062=CARTESIAN_POINT('',(-5.156414658238E-1,-1.416713283885E0,
-1.851243766172E0));
#2063=CARTESIAN_POINT('',(-7.538173933411E-1,-1.305650024896E0,
-1.865132655061E0));
#2064=CARTESIAN_POINT('',(-9.690889608117E-1,-1.154915250591E0,
-1.879021543950E0));
#2065=CARTESIAN_POINT('',(-1.154915250591E0,-9.690889608117E-1,
-1.892910432839E0));
#2066=CARTESIAN_POINT('',(-1.305650024896E0,-7.538173933411E-1,
-1.906799321727E0));
#2067=CARTESIAN_POINT('',(-1.416713283885E0,-5.156414658238E-1,
-1.920688210616E0));
#2068=CARTESIAN_POINT('',(-1.484730426636E0,-2.617980332946E-1,
-1.934577099505E0));
#2069=CARTESIAN_POINT('',(-1.507634786682E0,0.E0,-1.948465988394E0));
#2070=CARTESIAN_POINT('',(-1.484730426636E0,2.617980332946E-1,
-1.962354877283E0));
#2071=CARTESIAN_POINT('',(-1.416713283885E0,5.156414658238E-1,
-1.976243766172E0));
#2072=CARTESIAN_POINT('',(-1.305650024896E0,7.538173933411E-1,
-1.990132655061E0));
#2073=CARTESIAN_POINT('',(-1.154915250591E0,9.690889608117E-1,
-2.004021543950E0));
#2074=CARTESIAN_POINT('',(-9.690889608117E-1,1.154915250591E0,
-2.017910432839E0));
#2075=CARTESIAN_POINT('',(-7.538173933411E-1,1.305650024896E0,
-2.031799321727E0));
#2076=CARTESIAN_POINT('',(-5.156414658238E-1,1.416713283885E0,
-2.045688210616E0));
#2077=CARTESIAN_POINT('',(-2.617980332946E-1,1.484730426636E0,
-2.059577099505E0));
#2078=CARTESIAN_POINT('',(0.E0,1.507634786682E0,-2.073465988394E0));
#2079=CARTESIAN_POINT('',(2.617980332946E-1,1.484730426636E0,
-2.087354877283E0));
#2080=CARTESIAN_POINT('',(5.156414658238E-1,1.416713283885E0,
-2.101243766172E0));
#2081=CARTESIAN_POINT('',(7.538173933411E-1,1.305650024896E0,
-2.115132655061E0));
#2082=CARTESIAN_POINT('',(9.690889608117E-1,1.154915250591E0,
-2.129021543950E0));
#2083=CARTESIAN_POINT('',(1.154915250591E0,9.690889608117E-1,
-2.142910432839E0));
#2084=CARTESIAN_POINT('',(1.305650024896E0,7.538173933411E-1,
-2.156799321727E0));
#2085=CARTESIAN_POINT('',(1.416713283885E0,5.156414658238E-1,
-2.170688210616E0));
#2086=CARTESIAN_POINT('',(1.484730426636E0,2.617980332946E-1,
-2.184577099505E0));
#2087=CARTESIAN_POINT('',(1.507634786682E0,0.E0,-2.198465988394E0));
#2088=CARTESIAN_POINT('',(1.484730426636E0,-2.617980332946E-1,
-2.212354877283E0));
#2089=CARTESIAN_POINT('',(1.416713283885E0,-5.156414658238E-1,
-2.226243766172E0));
#2090=CARTESIAN_POINT('',(1.305650024896E0,-7.538173933411E-1,
-2.240132655061E0));
#2091=CARTESIAN_POINT('',(1.154915250591E0,-9.690889608117E-1,
-2.254021543950E0));
#2092=CARTESIAN_POINT('',(9.690889608117E-1,-1.154915250591E0,
-2.267910432839E0));
#2093=CARTESIAN_POINT('',(7.538173933411E-1,-1.305650024896E0,
-2.281799321727E0));
#2094=CARTESIAN_POINT('',(5.156414658238E-1,-1.416713283885E0,
-2.295688210616E0));
#2095=CARTESIAN_POINT('',(2.617980332946E-1,-1.484730426636E0,
-2.309577099505E0));
#2096=CARTESIAN_POINT('',(0.E0,-1.507634786682E0,-2.323465988394E0));
#2097=CARTESIAN_POINT('',(-2.617980332947E-1,-1.484730426636E0,
-2.337354877283E0));
#2098=CARTESIAN_POINT('',(-5.156414658238E-1,-1.416713283885E0,
-2.351243766172E0));
#2099=CARTESIAN_POINT('',(-7.538173933411E-1,-1.305650024896E0,
-2.365132655061E0));
#2100=CARTESIAN_POINT('',(-9.690889608117E-1,-1.154915250591E0,
-2.379021543950E0));
#2101=CARTESIAN_POINT('',(-1.154915250591E0,-9.690889608118E-1,
-2.392910432839E0));
#2102=CARTESIAN_POINT('',(-1.305650024896E0,-7.538173933411E-1,
-2.406799321727E0));
#2103=CARTESIAN_POINT('',(-1.416713283885E0,-5.156414658238E-1,
-2.420688210616E0));
#2104=CARTESIAN_POINT('',(-1.484730426636E0,-2.617980332946E-1,
-2.434577099505E0));
#2105=CARTESIAN_POINT('',(-1.507634786682E0,0.E0,-2.448465988394E0));
#2106=CARTESIAN_POINT('',(-1.484730426636E0,2.617980332946E-1,
-2.462354877283E0));
#2107=CARTESIAN_POINT('',(-1.416713283885E0,5.156414658238E-1,
-2.476243766172E0));
#2108=CARTESIAN_POINT('',(-1.305650024896E0,7.538173933411E-1,
-2.490132655061E0));
#2109=CARTESIAN_POINT('',(-1.154915250591E0,9.690889608117E-1,
-2.504021543950E0));
#2110=CARTESIAN_POINT('',(-9.690889608117E-1,1.154915250591E0,
-2.517910432839E0));
#2111=CARTESIAN_POINT('',(-7.538173933411E-1,1.305650024896E0,
-2.531799321727E0));
#2112=CARTESIAN_POINT('',(-5.156414658238E-1,1.416713283885E0,
-2.545688210616E0));
#2113=CARTESIAN_POINT('',(-2.617980332946E-1,1.484730426636E0,
-2.559577099505E0));
#2114=CARTESIAN_POINT('',(0.E0,1.507634786682E0,-2.573465988394E0));
#2115=CARTESIAN_POINT('',(2.617980332946E-1,1.484730426636E0,
-2.587354877283E0));
#2116=CARTESIAN_POINT('',(5.156414658238E-1,1.416713283885E0,
-2.601243766172E0));
#2117=CARTESIAN_POINT('',(7.538173933411E-1,1.305650024896E0,
-2.615132655061E0));
#2118=CARTESIAN_POINT('',(9.690889608117E-1,1.154915250591E0,
-2.629021543950E0));
#2119=CARTESIAN_POINT('',(1.154915250591E0,9.690889608117E-1,
-2.642910432839E0));
#2120=CARTESIAN_POINT('',(1.305650024896E0,7.538173933411E-1,
-2.656799321727E0));
#2121=CARTESIAN_POINT('',(1.416713283885E0,5.156414658238E-1,
-2.670688210616E0));
#2122=CARTESIAN_POINT('',(1.484730426636E0,2.617980332946E-1,
-2.684577099505E0));
#2123=CARTESIAN_POINT('',(1.507634786682E0,0.E0,-2.698465988394E0));
#2124=CARTESIAN_POINT('',(1.484730426636E0,-2.617980332946E-1,
-2.712354877283E0));
#2125=CARTESIAN_POINT('',(1.416713283885E0,-5.156414658238E-1,
-2.726243766172E0));
#2126=CARTESIAN_POINT('',(1.305650024896E0,-7.538173933411E-1,
-2.740132655061E0));
#2127=CARTESIAN_POINT('',(1.154915250591E0,-9.690889608118E-1,
-2.754021543950E0));
#2128=CARTESIAN_POINT('',(9.690889608117E-1,-1.154915250591E0,
-2.767910432839E0));
#2129=CARTESIAN_POINT('',(7.538173933411E-1,-1.305650024896E0,
-2.781799321727E0));
#2130=CARTESIAN_POINT('',(5.156414658238E-1,-1.416713283885E0,
-2.795688210616E0));
#2131=CARTESIAN_POINT('',(2.617980332946E-1,-1.484730426637E0,
-2.809577099505E0));
#2132=CARTESIAN_POINT('',(0.E0,-1.507634786677E0,-2.823465988394E0));
#2133=CARTESIAN_POINT('',(-2.617980332946E-1,-1.484730426656E0,
-2.837354877283E0));
#2134=CARTESIAN_POINT('',(-5.156414658238E-1,-1.416713283808E0,
-2.851243766172E0));
#2135=CARTESIAN_POINT('',(-7.538173933411E-1,-1.305650025185E0,
-2.865132655061E0));
#2136=CARTESIAN_POINT('',(-9.690889608117E-1,-1.154915249511E0,
-2.879021543950E0));
#2137=CARTESIAN_POINT('',(-1.154915250591E0,-9.690889648429E-1,
-2.892910432839E0));
#2138=CARTESIAN_POINT('',(-1.305650024896E0,-7.538173782966E-1,
-2.906799321727E0));
#2139=CARTESIAN_POINT('',(-1.416713283885E0,-5.156415219706E-1,
-2.920688210616E0));
#2140=CARTESIAN_POINT('',(-1.484730426636E0,-2.617978237521E-1,
-2.934577099505E0));
#2141=CARTESIAN_POINT('',(-1.5E0,-8.726646259972E-2,-2.943836358765E0));
#2142=CARTESIAN_POINT('',(-1.5E0,0.E0,-2.948465988394E0));
#2144=CURVE_STYLE('',#25,POSITIVE_LENGTH_MEASURE(2.E-2),#13);
#2145=PRESENTATION_STYLE_ASSIGNMENT((#2144));
#2146=STYLED_ITEM('',(#2145),#2143);
#2147=DIRECTION('',(8.660254037844E-1,0.E0,5.E-1));
#2148=VECTOR('',#2147,2.719319767883E-1);
#2149=CARTESIAN_POINT('',(-1.5E0,0.E0,-9.484659883942E-1));
#2150=LINE('',#2149,#2148);
#2151=CURVE_STYLE('',#25,POSITIVE_LENGTH_MEASURE(2.E-2),#13);
#2152=PRESENTATION_STYLE_ASSIGNMENT((#2151));
#2153=STYLED_ITEM('',(#2152),#2150);
#2154=CARTESIAN_POINT('',(-1.5E0,0.E0,-2.948465988394E0));
#2155=CARTESIAN_POINT('',(-1.5E0,8.726646259971E-2,-2.953095618024E0));
#2156=CARTESIAN_POINT('',(-1.484730426636E0,2.617978237521E-1,
-2.962354877283E0));
#2157=CARTESIAN_POINT('',(-1.416713283885E0,5.156415219706E-1,
-2.976243766172E0));
#2158=CARTESIAN_POINT('',(-1.305650024896E0,7.538173782966E-1,
-2.990132655061E0));
#2159=CARTESIAN_POINT('',(-1.154915250591E0,9.690889648429E-1,
-3.004021543950E0));
#2160=CARTESIAN_POINT('',(-9.690889608117E-1,1.154915249511E0,
-3.017910432839E0));
#2161=CARTESIAN_POINT('',(-7.538173933411E-1,1.305650025185E0,
-3.031799321727E0));
#2162=CARTESIAN_POINT('',(-5.156414658238E-1,1.416713283808E0,
-3.045688210616E0));
#2163=CARTESIAN_POINT('',(-2.617980332946E-1,1.484730426656E0,
-3.059577099505E0));
#2164=CARTESIAN_POINT('',(0.E0,1.507634786677E0,-3.073465988394E0));
#2165=CARTESIAN_POINT('',(2.617980332946E-1,1.484730426637E0,
-3.087354877283E0));
#2166=CARTESIAN_POINT('',(5.156414658238E-1,1.416713283885E0,
-3.101243766172E0));
#2167=CARTESIAN_POINT('',(7.538173933411E-1,1.305650024896E0,
-3.115132655061E0));
#2168=CARTESIAN_POINT('',(9.690889608117E-1,1.154915250591E0,
-3.129021543950E0));
#2169=CARTESIAN_POINT('',(1.154915250591E0,9.690889608118E-1,
-3.142910432839E0));
#2170=CARTESIAN_POINT('',(1.305650024896E0,7.538173933411E-1,
-3.156799321727E0));
#2171=CARTESIAN_POINT('',(1.416713283885E0,5.156414658238E-1,
-3.170688210616E0));
#2172=CARTESIAN_POINT('',(1.484730426636E0,2.617980332946E-1,
-3.184577099505E0));
#2173=CARTESIAN_POINT('',(1.507634786682E0,0.E0,-3.198465988394E0));
#2174=CARTESIAN_POINT('',(1.484730426636E0,-2.617980332946E-1,
-3.212354877283E0));
#2175=CARTESIAN_POINT('',(1.416713283885E0,-5.156414658238E-1,
-3.226243766172E0));
#2176=CARTESIAN_POINT('',(1.305650024896E0,-7.538173933411E-1,
-3.240132655061E0));
#2177=CARTESIAN_POINT('',(1.154915250591E0,-9.690889608117E-1,
-3.254021543950E0));
#2178=CARTESIAN_POINT('',(9.690889608117E-1,-1.154915250591E0,
-3.267910432839E0));
#2179=CARTESIAN_POINT('',(7.538173933411E-1,-1.305650024896E0,
-3.281799321727E0));
#2180=CARTESIAN_POINT('',(5.156414658238E-1,-1.416713283885E0,
-3.295688210616E0));
#2181=CARTESIAN_POINT('',(2.617980332946E-1,-1.484730426636E0,
-3.309577099505E0));
#2182=CARTESIAN_POINT('',(0.E0,-1.507634786682E0,-3.323465988394E0));
#2183=CARTESIAN_POINT('',(-2.617980332946E-1,-1.484730426636E0,
-3.337354877283E0));
#2184=CARTESIAN_POINT('',(-5.156414658238E-1,-1.416713283885E0,
-3.351243766172E0));
#2185=CARTESIAN_POINT('',(-7.538173933411E-1,-1.305650024896E0,
-3.365132655061E0));
#2186=CARTESIAN_POINT('',(-9.690889608117E-1,-1.154915250591E0,
-3.379021543950E0));
#2187=CARTESIAN_POINT('',(-1.154915250591E0,-9.690889608117E-1,
-3.392910432839E0));
#2188=CARTESIAN_POINT('',(-1.305650024896E0,-7.538173933411E-1,
-3.406799321727E0));
#2189=CARTESIAN_POINT('',(-1.416713283885E0,-5.156414658238E-1,
-3.420688210616E0));
#2190=CARTESIAN_POINT('',(-1.484730426636E0,-2.617980332946E-1,
-3.434577099505E0));
#2191=CARTESIAN_POINT('',(-1.507634786682E0,0.E0,-3.448465988394E0));
#2192=CARTESIAN_POINT('',(-1.484730426636E0,2.617980332946E-1,
-3.462354877283E0));
#2193=CARTESIAN_POINT('',(-1.416713283885E0,5.156414658238E-1,
-3.476243766172E0));
#2194=CARTESIAN_POINT('',(-1.305650024896E0,7.538173933411E-1,
-3.490132655061E0));
#2195=CARTESIAN_POINT('',(-1.154915250591E0,9.690889608117E-1,
-3.504021543950E0));
#2196=CARTESIAN_POINT('',(-9.690889608117E-1,1.154915250591E0,
-3.517910432839E0));
#2197=CARTESIAN_POINT('',(-7.538173933411E-1,1.305650024896E0,
-3.531799321727E0));
#2198=CARTESIAN_POINT('',(-5.156414658238E-1,1.416713283885E0,
-3.545688210616E0));
#2199=CARTESIAN_POINT('',(-2.617980332946E-1,1.484730426636E0,
-3.559577099505E0));
#2200=CARTESIAN_POINT('',(0.E0,1.507634786682E0,-3.573465988394E0));
#2201=CARTESIAN_POINT('',(2.617980332946E-1,1.484730426636E0,
-3.587354877283E0));
#2202=CARTESIAN_POINT('',(5.156414658238E-1,1.416713283885E0,
-3.601243766172E0));
#2203=CARTESIAN_POINT('',(7.538173933411E-1,1.305650024896E0,
-3.615132655061E0));
#2204=CARTESIAN_POINT('',(9.690889608117E-1,1.154915250591E0,
-3.629021543950E0));
#2205=CARTESIAN_POINT('',(1.154915250591E0,9.690889608117E-1,
-3.642910432839E0));
#2206=CARTESIAN_POINT('',(1.305650024896E0,7.538173933411E-1,
-3.656799321727E0));
#2207=CARTESIAN_POINT('',(1.416713283885E0,5.156414658238E-1,
-3.670688210616E0));
#2208=CARTESIAN_POINT('',(1.484730426636E0,2.617980332946E-1,
-3.684577099505E0));
#2209=CARTESIAN_POINT('',(1.507634786682E0,0.E0,-3.698465988394E0));
#2210=CARTESIAN_POINT('',(1.484730426636E0,-2.617980332946E-1,
-3.712354877283E0));
#2211=CARTESIAN_POINT('',(1.416713283885E0,-5.156414658238E-1,
-3.726243766172E0));
#2212=CARTESIAN_POINT('',(1.305650024896E0,-7.538173933411E-1,
-3.740132655061E0));
#2213=CARTESIAN_POINT('',(1.154915250591E0,-9.690889608117E-1,
-3.754021543950E0));
#2214=CARTESIAN_POINT('',(9.690889608117E-1,-1.154915250591E0,
-3.767910432839E0));
#2215=CARTESIAN_POINT('',(7.538173933411E-1,-1.305650024896E0,
-3.781799321727E0));
#2216=CARTESIAN_POINT('',(5.156414658238E-1,-1.416713283885E0,
-3.795688210616E0));
#2217=CARTESIAN_POINT('',(2.617980332946E-1,-1.484730426636E0,
-3.809577099505E0));
#2218=CARTESIAN_POINT('',(0.E0,-1.507634786682E0,-3.823465988394E0));
#2219=CARTESIAN_POINT('',(-2.617980332946E-1,-1.484730426636E0,
-3.837354877283E0));
#2220=CARTESIAN_POINT('',(-5.156414658238E-1,-1.416713283885E0,
-3.851243766172E0));
#2221=CARTESIAN_POINT('',(-7.538173933411E-1,-1.305650024896E0,
-3.865132655061E0));
#2222=CARTESIAN_POINT('',(-9.690889608118E-1,-1.154915250591E0,
-3.879021543950E0));
#2223=CARTESIAN_POINT('',(-1.154915250591E0,-9.690889608117E-1,
-3.892910432839E0));
#2224=CARTESIAN_POINT('',(-1.305650024896E0,-7.538173933411E-1,
-3.906799321727E0));
#2225=CARTESIAN_POINT('',(-1.416713283885E0,-5.156414658238E-1,
-3.920688210616E0));
#2226=CARTESIAN_POINT('',(-1.484730426636E0,-2.617980332946E-1,
-3.934577099505E0));
#2227=CARTESIAN_POINT('',(-1.507634786682E0,0.E0,-3.948465988394E0));
#2228=CARTESIAN_POINT('',(-1.484730426636E0,2.617980332946E-1,
-3.962354877283E0));
#2229=CARTESIAN_POINT('',(-1.416713283885E0,5.156414658238E-1,
-3.976243766172E0));
#2230=CARTESIAN_POINT('',(-1.305650024896E0,7.538173933411E-1,
-3.990132655061E0));
#2231=CARTESIAN_POINT('',(-1.154915250591E0,9.690889608117E-1,
-4.004021543950E0));
#2232=CARTESIAN_POINT('',(-9.690889608117E-1,1.154915250591E0,
-4.017910432839E0));
#2233=CARTESIAN_POINT('',(-7.538173933411E-1,1.305650024896E0,
-4.031799321727E0));
#2234=CARTESIAN_POINT('',(-5.156414658238E-1,1.416713283885E0,
-4.045688210616E0));
#2235=CARTESIAN_POINT('',(-2.617980332946E-1,1.484730426636E0,
-4.059577099505E0));
#2236=CARTESIAN_POINT('',(1.219857548307E-14,1.507634786682E0,
-4.073465988394E0));
#2237=CARTESIAN_POINT('',(2.617980332947E-1,1.484730426636E0,
-4.087354877283E0));
#2238=CARTESIAN_POINT('',(5.156414658238E-1,1.416713283885E0,
-4.101243766172E0));
#2239=CARTESIAN_POINT('',(7.538173933411E-1,1.305650024896E0,
-4.115132655061E0));
#2240=CARTESIAN_POINT('',(9.690889608117E-1,1.154915250591E0,
-4.129021543950E0));
#2241=CARTESIAN_POINT('',(1.154915250591E0,9.690889608117E-1,
-4.142910432839E0));
#2242=CARTESIAN_POINT('',(1.305650024896E0,7.538173933411E-1,
-4.156799321727E0));
#2243=CARTESIAN_POINT('',(1.416713283885E0,5.156414658238E-1,
-4.170688210616E0));
#2244=CARTESIAN_POINT('',(1.484730426636E0,2.617980332946E-1,
-4.184577099505E0));
#2245=CARTESIAN_POINT('',(1.507634786682E0,0.E0,-4.198465988394E0));
#2246=CARTESIAN_POINT('',(1.484730426636E0,-2.617980332947E-1,
-4.212354877283E0));
#2247=CARTESIAN_POINT('',(1.416713283885E0,-5.156414658238E-1,
-4.226243766172E0));
#2248=CARTESIAN_POINT('',(1.305650024896E0,-7.538173933411E-1,
-4.240132655061E0));
#2249=CARTESIAN_POINT('',(1.154915250591E0,-9.690889608117E-1,
-4.254021543950E0));
#2250=CARTESIAN_POINT('',(9.690889608117E-1,-1.154915250591E0,
-4.267910432839E0));
#2251=CARTESIAN_POINT('',(7.538173933411E-1,-1.305650024896E0,
-4.281799321727E0));
#2252=CARTESIAN_POINT('',(5.156414658238E-1,-1.416713283885E0,
-4.295688210616E0));
#2253=CARTESIAN_POINT('',(2.617980332946E-1,-1.484730426636E0,
-4.309577099505E0));
#2254=CARTESIAN_POINT('',(-1.038058528025E-14,-1.507634786682E0,
-4.323465988394E0));
#2255=CARTESIAN_POINT('',(-2.617980332947E-1,-1.484730426636E0,
-4.337354877283E0));
#2256=CARTESIAN_POINT('',(-5.156414658238E-1,-1.416713283885E0,
-4.351243766172E0));
#2257=CARTESIAN_POINT('',(-7.538173933411E-1,-1.305650024896E0,
-4.365132655061E0));
#2258=CARTESIAN_POINT('',(-9.690889608117E-1,-1.154915250591E0,
-4.379021543950E0));
#2259=CARTESIAN_POINT('',(-1.154915250591E0,-9.690889608117E-1,
-4.392910432839E0));
#2260=CARTESIAN_POINT('',(-1.305650024896E0,-7.538173933411E-1,
-4.406799321727E0));
#2261=CARTESIAN_POINT('',(-1.416713283885E0,-5.156414658238E-1,
-4.420688210616E0));
#2262=CARTESIAN_POINT('',(-1.484730426636E0,-2.617980332946E-1,
-4.434577099505E0));
#2263=CARTESIAN_POINT('',(-1.507634786682E0,1.375288771754E-14,
-4.448465988394E0));
#2264=CARTESIAN_POINT('',(-1.484730426636E0,2.617980332947E-1,
-4.462354877283E0));
#2265=CARTESIAN_POINT('',(-1.416713283885E0,5.156414658238E-1,
-4.476243766172E0));
#2266=CARTESIAN_POINT('',(-1.305650024896E0,7.538173933411E-1,
-4.490132655061E0));
#2267=CARTESIAN_POINT('',(-1.154915250591E0,9.690889608117E-1,
-4.504021543950E0));
#2268=CARTESIAN_POINT('',(-9.690889608117E-1,1.154915250591E0,
-4.517910432839E0));
#2269=CARTESIAN_POINT('',(-7.538173933411E-1,1.305650024896E0,
-4.531799321727E0));
#2270=CARTESIAN_POINT('',(-5.156414658238E-1,1.416713283885E0,
-4.545688210616E0));
#2271=CARTESIAN_POINT('',(-2.617980332946E-1,1.484730426636E0,
-4.559577099505E0));
#2272=CARTESIAN_POINT('',(1.268429805634E-14,1.507634786682E0,
-4.573465988394E0));
#2273=CARTESIAN_POINT('',(2.617980332946E-1,1.484730426636E0,
-4.587354877283E0));
#2274=CARTESIAN_POINT('',(5.156414658238E-1,1.416713283885E0,
-4.601243766172E0));
#2275=CARTESIAN_POINT('',(7.538173933411E-1,1.305650024896E0,
-4.615132655061E0));
#2276=CARTESIAN_POINT('',(9.690889608118E-1,1.154915250591E0,
-4.629021543950E0));
#2277=CARTESIAN_POINT('',(1.154915250591E0,9.690889608117E-1,
-4.642910432839E0));
#2278=CARTESIAN_POINT('',(1.305650024896E0,7.538173933411E-1,
-4.656799321727E0));
#2279=CARTESIAN_POINT('',(1.416713283885E0,5.156414658238E-1,
-4.670688210616E0));
#2280=CARTESIAN_POINT('',(1.484730426636E0,2.617980332946E-1,
-4.684577099505E0));
#2281=CARTESIAN_POINT('',(1.507634786682E0,-1.366962099070E-14,
-4.698465988394E0));
#2282=CARTESIAN_POINT('',(1.484730426636E0,-2.617980332947E-1,
-4.712354877283E0));
#2283=CARTESIAN_POINT('',(1.416713283885E0,-5.156414658238E-1,
-4.726243766172E0));
#2284=CARTESIAN_POINT('',(1.305650024896E0,-7.538173933411E-1,
-4.740132655061E0));
#2285=CARTESIAN_POINT('',(1.154915250591E0,-9.690889608118E-1,
-4.754021543950E0));
#2286=CARTESIAN_POINT('',(9.690889608117E-1,-1.154915250591E0,
-4.767910432839E0));
#2287=CARTESIAN_POINT('',(7.538173933411E-1,-1.305650024896E0,
-4.781799321727E0));
#2288=CARTESIAN_POINT('',(5.156414658238E-1,-1.416713283885E0,
-4.795688210616E0));
#2289=CARTESIAN_POINT('',(2.617980332946E-1,-1.484730426637E0,
-4.809577099505E0));
#2290=CARTESIAN_POINT('',(-1.006139616067E-14,-1.507634786677E0,
-4.823465988394E0));
#2291=CARTESIAN_POINT('',(-2.617980332947E-1,-1.484730426656E0,
-4.837354877283E0));
#2292=CARTESIAN_POINT('',(-5.156414658238E-1,-1.416713283808E0,
-4.851243766172E0));
#2293=CARTESIAN_POINT('',(-7.538173933411E-1,-1.305650025185E0,
-4.865132655061E0));
#2294=CARTESIAN_POINT('',(-9.690889608118E-1,-1.154915249511E0,
-4.879021543950E0));
#2295=CARTESIAN_POINT('',(-1.154915250591E0,-9.690889648429E-1,
-4.892910432839E0));
#2296=CARTESIAN_POINT('',(-1.305650024896E0,-7.538173782966E-1,
-4.906799321727E0));
#2297=CARTESIAN_POINT('',(-1.416713283885E0,-5.156415219706E-1,
-4.920688210616E0));
#2298=CARTESIAN_POINT('',(-1.484730426636E0,-2.617978237520E-1,
-4.934577099505E0));
#2299=CARTESIAN_POINT('',(-1.5E0,-8.726646259970E-2,-4.943836358765E0));
#2300=CARTESIAN_POINT('',(-1.5E0,1.691382482384E-14,-4.948465988394E0));
#2302=CURVE_STYLE('',#25,POSITIVE_LENGTH_MEASURE(2.E-2),#13);
#2303=PRESENTATION_STYLE_ASSIGNMENT((#2302));
#2304=STYLED_ITEM('',(#2303),#2301);
#2305=DIRECTION('',(8.660254037844E-1,0.E0,5.E-1));
#2306=VECTOR('',#2305,2.719319767883E-1);
#2307=CARTESIAN_POINT('',(-1.5E0,0.E0,-2.948465988394E0));
#2308=LINE('',#2307,#2306);
#2309=CURVE_STYLE('',#25,POSITIVE_LENGTH_MEASURE(2.E-2),#13);
#2310=PRESENTATION_STYLE_ASSIGNMENT((#2309));
#2311=STYLED_ITEM('',(#2310),#2308);
#2312=CARTESIAN_POINT('',(-1.5E0,1.691382482384E-14,-4.948465988394E0));
#2313=CARTESIAN_POINT('',(-1.5E0,8.726646259973E-2,-4.953095618024E0));
#2314=CARTESIAN_POINT('',(-1.484730426636E0,2.617978237521E-1,
-4.962354877283E0));
#2315=CARTESIAN_POINT('',(-1.416713283885E0,5.156415219706E-1,
-4.976243766172E0));
#2316=CARTESIAN_POINT('',(-1.305650024896E0,7.538173782967E-1,
-4.990132655061E0));
#2317=CARTESIAN_POINT('',(-1.154915250591E0,9.690889648429E-1,
-5.004021543950E0));
#2318=CARTESIAN_POINT('',(-9.690889608117E-1,1.154915249511E0,
-5.017910432839E0));
#2319=CARTESIAN_POINT('',(-7.538173933411E-1,1.305650025185E0,
-5.031799321727E0));
#2320=CARTESIAN_POINT('',(-5.156414658238E-1,1.416713283808E0,
-5.045688210616E0));
#2321=CARTESIAN_POINT('',(-2.617980332946E-1,1.484730426656E0,
-5.059577099505E0));
#2322=CARTESIAN_POINT('',(1.808275751358E-14,1.507634786677E0,
-5.073465988394E0));
#2323=CARTESIAN_POINT('',(2.617980332947E-1,1.484730426637E0,
-5.087354877283E0));
#2324=CARTESIAN_POINT('',(5.156414658238E-1,1.416713283885E0,
-5.101243766172E0));
#2325=CARTESIAN_POINT('',(7.538173933411E-1,1.305650024896E0,
-5.115132655061E0));
#2326=CARTESIAN_POINT('',(9.690889608118E-1,1.154915250591E0,
-5.129021543950E0));
#2327=CARTESIAN_POINT('',(1.154915250591E0,9.690889608117E-1,
-5.142910432839E0));
#2328=CARTESIAN_POINT('',(1.305650024896E0,7.538173933411E-1,
-5.156799321727E0));
#2329=CARTESIAN_POINT('',(1.416713283885E0,5.156414658238E-1,
-5.170688210616E0));
#2330=CARTESIAN_POINT('',(1.484730426636E0,2.617980332946E-1,
-5.184577099505E0));
#2331=CARTESIAN_POINT('',(1.507634786682E0,-1.419697692739E-14,
-5.198465988394E0));
#2332=CARTESIAN_POINT('',(1.484730426636E0,-2.617980332947E-1,
-5.212354877283E0));
#2333=CARTESIAN_POINT('',(1.416713283885E0,-5.156414658238E-1,
-5.226243766172E0));
#2334=CARTESIAN_POINT('',(1.305650024896E0,-7.538173933411E-1,
-5.240132655061E0));
#2335=CARTESIAN_POINT('',(1.154915250591E0,-9.690889608117E-1,
-5.254021543950E0));
#2336=CARTESIAN_POINT('',(9.690889608117E-1,-1.154915250591E0,
-5.267910432839E0));
#2337=CARTESIAN_POINT('',(7.538173933411E-1,-1.305650024896E0,
-5.281799321727E0));
#2338=CARTESIAN_POINT('',(5.156414658238E-1,-1.416713283885E0,
-5.295688210616E0));
#2339=CARTESIAN_POINT('',(2.617980332946E-1,-1.484730426636E0,
-5.309577099505E0));
#2340=CARTESIAN_POINT('',(-1.067201882421E-14,-1.507634786682E0,
-5.323465988394E0));
#2341=CARTESIAN_POINT('',(-2.617980332947E-1,-1.484730426636E0,
-5.337354877283E0));
#2342=CARTESIAN_POINT('',(-5.156414658238E-1,-1.416713283885E0,
-5.351243766172E0));
#2343=CARTESIAN_POINT('',(-7.538173933411E-1,-1.305650024896E0,
-5.365132655061E0));
#2344=CARTESIAN_POINT('',(-9.690889608118E-1,-1.154915250591E0,
-5.379021543950E0));
#2345=CARTESIAN_POINT('',(-1.154915250591E0,-9.690889608117E-1,
-5.392910432839E0));
#2346=CARTESIAN_POINT('',(-1.305650024896E0,-7.538173933411E-1,
-5.406799321727E0));
#2347=CARTESIAN_POINT('',(-1.416713283885E0,-5.156414658238E-1,
-5.420688210616E0));
#2348=CARTESIAN_POINT('',(-1.484730426636E0,-2.617980332946E-1,
-5.434577099505E0));
#2349=CARTESIAN_POINT('',(-1.507634786682E0,1.168509733418E-14,
-5.448465988394E0));
#2350=CARTESIAN_POINT('',(-1.484730426636E0,2.617980332946E-1,
-5.462354877283E0));
#2351=CARTESIAN_POINT('',(-1.416713283885E0,5.156414658238E-1,
-5.476243766172E0));
#2352=CARTESIAN_POINT('',(-1.305650024896E0,7.538173933411E-1,
-5.490132655061E0));
#2353=CARTESIAN_POINT('',(-1.154915250591E0,9.690889608118E-1,
-5.504021543950E0));
#2354=CARTESIAN_POINT('',(-9.690889608117E-1,1.154915250591E0,
-5.517910432839E0));
#2355=CARTESIAN_POINT('',(-7.538173933411E-1,1.305650024896E0,
-5.531799321727E0));
#2356=CARTESIAN_POINT('',(-5.156414658238E-1,1.416713283885E0,
-5.545688210616E0));
#2357=CARTESIAN_POINT('',(-2.617980332946E-1,1.484730426636E0,
-5.559577099505E0));
#2358=CARTESIAN_POINT('',(1.421085471520E-14,1.507634786682E0,
-5.573465988394E0));
#2359=CARTESIAN_POINT('',(2.617980332946E-1,1.484730426636E0,
-5.587354877283E0));
#2360=CARTESIAN_POINT('',(5.156414658238E-1,1.416713283885E0,
-5.601243766172E0));
#2361=CARTESIAN_POINT('',(7.538173933411E-1,1.305650024896E0,
-5.615132655061E0));
#2362=CARTESIAN_POINT('',(9.690889608118E-1,1.154915250591E0,
-5.629021543950E0));
#2363=CARTESIAN_POINT('',(1.154915250591E0,9.690889608117E-1,
-5.642910432839E0));
#2364=CARTESIAN_POINT('',(1.305650024896E0,7.538173933411E-1,
-5.656799321727E0));
#2365=CARTESIAN_POINT('',(1.416713283885E0,5.156414658238E-1,
-5.670688210616E0));
#2366=CARTESIAN_POINT('',(1.484730426636E0,2.617980332946E-1,
-5.684577099505E0));
#2367=CARTESIAN_POINT('',(1.507634786682E0,0.E0,-5.698465988394E0));
#2368=CARTESIAN_POINT('',(1.484730426636E0,-2.617980332947E-1,
-5.712354877283E0));
#2369=CARTESIAN_POINT('',(1.416713283885E0,-5.156414658238E-1,
-5.726243766172E0));
#2370=CARTESIAN_POINT('',(1.305650024896E0,-7.538173933411E-1,
-5.740132655061E0));
#2371=CARTESIAN_POINT('',(1.154915250591E0,-9.690889608118E-1,
-5.754021543950E0));
#2372=CARTESIAN_POINT('',(9.690889608117E-1,-1.154915250591E0,
-5.767910432839E0));
#2373=CARTESIAN_POINT('',(7.538173933411E-1,-1.305650024896E0,
-5.781799321727E0));
#2374=CARTESIAN_POINT('',(5.156414658238E-1,-1.416713283885E0,
-5.795688210616E0));
#2375=CARTESIAN_POINT('',(2.617980332946E-1,-1.484730426636E0,
-5.809577099505E0));
#2376=CARTESIAN_POINT('',(0.E0,-1.507634786682E0,-5.823465988394E0));
#2377=CARTESIAN_POINT('',(-2.617980332946E-1,-1.484730426636E0,
-5.837354877283E0));
#2378=CARTESIAN_POINT('',(-5.156414658238E-1,-1.416713283885E0,
-5.851243766172E0));
#2379=CARTESIAN_POINT('',(-7.538173933411E-1,-1.305650024896E0,
-5.865132655061E0));
#2380=CARTESIAN_POINT('',(-9.690889608117E-1,-1.154915250591E0,
-5.879021543950E0));
#2381=CARTESIAN_POINT('',(-1.154915250591E0,-9.690889608117E-1,
-5.892910432839E0));
#2382=CARTESIAN_POINT('',(-1.305650024896E0,-7.538173933411E-1,
-5.906799321727E0));
#2383=CARTESIAN_POINT('',(-1.416713283885E0,-5.156414658238E-1,
-5.920688210616E0));
#2384=CARTESIAN_POINT('',(-1.484730426636E0,-2.617980332946E-1,
-5.934577099505E0));
#2385=CARTESIAN_POINT('',(-1.507634786682E0,0.E0,-5.948465988394E0));
#2386=CARTESIAN_POINT('',(-1.484730426636E0,2.617980332946E-1,
-5.962354877283E0));
#2387=CARTESIAN_POINT('',(-1.416713283885E0,5.156414658238E-1,
-5.976243766172E0));
#2388=CARTESIAN_POINT('',(-1.305650024896E0,7.538173933411E-1,
-5.990132655061E0));
#2389=CARTESIAN_POINT('',(-1.154915250591E0,9.690889608117E-1,
-6.004021543950E0));
#2390=CARTESIAN_POINT('',(-9.690889608117E-1,1.154915250591E0,
-6.017910432839E0));
#2391=CARTESIAN_POINT('',(-7.538173933411E-1,1.305650024896E0,
-6.031799321727E0));
#2392=CARTESIAN_POINT('',(-5.156414658238E-1,1.416713283885E0,
-6.045688210616E0));
#2393=CARTESIAN_POINT('',(-2.617980332946E-1,1.484730426636E0,
-6.059577099505E0));
#2394=CARTESIAN_POINT('',(0.E0,1.507634786682E0,-6.073465988394E0));
#2395=CARTESIAN_POINT('',(2.617980332946E-1,1.484730426636E0,
-6.087354877283E0));
#2396=CARTESIAN_POINT('',(5.156414658238E-1,1.416713283885E0,
-6.101243766172E0));
#2397=CARTESIAN_POINT('',(7.538173933411E-1,1.305650024896E0,
-6.115132655061E0));
#2398=CARTESIAN_POINT('',(9.690889608117E-1,1.154915250591E0,
-6.129021543950E0));
#2399=CARTESIAN_POINT('',(1.154915250591E0,9.690889608117E-1,
-6.142910432839E0));
#2400=CARTESIAN_POINT('',(1.305650024896E0,7.538173933411E-1,
-6.156799321727E0));
#2401=CARTESIAN_POINT('',(1.416713283885E0,5.156414658238E-1,
-6.170688210616E0));
#2402=CARTESIAN_POINT('',(1.484730426636E0,2.617980332946E-1,
-6.184577099505E0));
#2403=CARTESIAN_POINT('',(1.507634786682E0,0.E0,-6.198465988394E0));
#2404=CARTESIAN_POINT('',(1.484730426636E0,-2.617980332946E-1,
-6.212354877283E0));
#2405=CARTESIAN_POINT('',(1.416713283885E0,-5.156414658238E-1,
-6.226243766172E0));
#2406=CARTESIAN_POINT('',(1.305650024896E0,-7.538173933411E-1,
-6.240132655061E0));
#2407=CARTESIAN_POINT('',(1.154915250591E0,-9.690889608117E-1,
-6.254021543950E0));
#2408=CARTESIAN_POINT('',(9.690889608117E-1,-1.154915250591E0,
-6.267910432839E0));
#2409=CARTESIAN_POINT('',(7.538173933411E-1,-1.305650024896E0,
-6.281799321727E0));
#2410=CARTESIAN_POINT('',(5.156414658238E-1,-1.416713283885E0,
-6.295688210616E0));
#2411=CARTESIAN_POINT('',(2.617980332946E-1,-1.484730426636E0,
-6.309577099505E0));
#2412=CARTESIAN_POINT('',(1.630640067418E-14,-1.507634786682E0,
-6.323465988394E0));
#2413=CARTESIAN_POINT('',(-2.617980332946E-1,-1.484730426636E0,
-6.337354877283E0));
#2414=CARTESIAN_POINT('',(-5.156414658238E-1,-1.416713283885E0,
-6.351243766172E0));
#2415=CARTESIAN_POINT('',(-7.538173933411E-1,-1.305650024896E0,
-6.365132655061E0));
#2416=CARTESIAN_POINT('',(-9.690889608117E-1,-1.154915250591E0,
-6.379021543950E0));
#2417=CARTESIAN_POINT('',(-1.154915250591E0,-9.690889608118E-1,
-6.392910432839E0));
#2418=CARTESIAN_POINT('',(-1.305650024896E0,-7.538173933411E-1,
-6.406799321727E0));
#2419=CARTESIAN_POINT('',(-1.416713283885E0,-5.156414658238E-1,
-6.420688210616E0));
#2420=CARTESIAN_POINT('',(-1.484730426636E0,-2.617980332946E-1,
-6.434577099505E0));
#2421=CARTESIAN_POINT('',(-1.507634786682E0,-1.126876369995E-14,
-6.448465988394E0));
#2422=CARTESIAN_POINT('',(-1.484730426636E0,2.617980332946E-1,
-6.462354877283E0));
#2423=CARTESIAN_POINT('',(-1.416713283885E0,5.156414658238E-1,
-6.476243766172E0));
#2424=CARTESIAN_POINT('',(-1.305650024896E0,7.538173933411E-1,
-6.490132655061E0));
#2425=CARTESIAN_POINT('',(-1.154915250591E0,9.690889608117E-1,
-6.504021543950E0));
#2426=CARTESIAN_POINT('',(-9.690889608117E-1,1.154915250591E0,
-6.517910432839E0));
#2427=CARTESIAN_POINT('',(-7.538173933411E-1,1.305650024896E0,
-6.531799321727E0));
#2428=CARTESIAN_POINT('',(-5.156414658238E-1,1.416713283885E0,
-6.545688210616E0));
#2429=CARTESIAN_POINT('',(-2.617980332946E-1,1.484730426636E0,
-6.559577099505E0));
#2430=CARTESIAN_POINT('',(0.E0,1.507634786682E0,-6.573465988394E0));
#2431=CARTESIAN_POINT('',(2.617980332946E-1,1.484730426636E0,
-6.587354877283E0));
#2432=CARTESIAN_POINT('',(5.156414658238E-1,1.416713283885E0,
-6.601243766172E0));
#2433=CARTESIAN_POINT('',(7.538173933411E-1,1.305650024896E0,
-6.615132655061E0));
#2434=CARTESIAN_POINT('',(9.690889608117E-1,1.154915250591E0,
-6.629021543950E0));
#2435=CARTESIAN_POINT('',(1.154915250591E0,9.690889608117E-1,
-6.642910432839E0));
#2436=CARTESIAN_POINT('',(1.305650024896E0,7.538173933411E-1,
-6.656799321727E0));
#2437=CARTESIAN_POINT('',(1.416713283885E0,5.156414658238E-1,
-6.670688210616E0));
#2438=CARTESIAN_POINT('',(1.484730426636E0,2.617980332946E-1,
-6.684577099505E0));
#2439=CARTESIAN_POINT('',(1.507634786682E0,0.E0,-6.698465988394E0));
#2440=CARTESIAN_POINT('',(1.484730426636E0,-2.617980332946E-1,
-6.712354877283E0));
#2441=CARTESIAN_POINT('',(1.416713283885E0,-5.156414658238E-1,
-6.726243766172E0));
#2442=CARTESIAN_POINT('',(1.305650024896E0,-7.538173933411E-1,
-6.740132655061E0));
#2443=CARTESIAN_POINT('',(1.154915250591E0,-9.690889608117E-1,
-6.754021543950E0));
#2444=CARTESIAN_POINT('',(9.690889608117E-1,-1.154915250591E0,
-6.767910432839E0));
#2445=CARTESIAN_POINT('',(7.538173933411E-1,-1.305650024896E0,
-6.781799321727E0));
#2446=CARTESIAN_POINT('',(5.156414658238E-1,-1.416713283885E0,
-6.795688210616E0));
#2447=CARTESIAN_POINT('',(2.617980332946E-1,-1.484730426637E0,
-6.809577099505E0));
#2448=CARTESIAN_POINT('',(1.375288771754E-14,-1.507634786677E0,
-6.823465988394E0));
#2449=CARTESIAN_POINT('',(-2.617980332946E-1,-1.484730426656E0,
-6.837354877283E0));
#2450=CARTESIAN_POINT('',(-5.156414658238E-1,-1.416713283808E0,
-6.851243766172E0));
#2451=CARTESIAN_POINT('',(-7.538173933411E-1,-1.305650025185E0,
-6.865132655061E0));
#2452=CARTESIAN_POINT('',(-9.690889608117E-1,-1.154915249511E0,
-6.879021543950E0));
#2453=CARTESIAN_POINT('',(-1.154915250591E0,-9.690889648429E-1,
-6.892910432839E0));
#2454=CARTESIAN_POINT('',(-1.305650024896E0,-7.538173782966E-1,
-6.906799321727E0));
#2455=CARTESIAN_POINT('',(-1.416713283885E0,-5.156415219706E-1,
-6.920688210616E0));
#2456=CARTESIAN_POINT('',(-1.484730426636E0,-2.617978237521E-1,
-6.934577099505E0));
#2457=CARTESIAN_POINT('',(-1.5E0,-8.726646259972E-2,-6.943836358765E0));
#2458=CARTESIAN_POINT('',(-1.5E0,0.E0,-6.948465988394E0));
#2460=CURVE_STYLE('',#25,POSITIVE_LENGTH_MEASURE(2.E-2),#13);
#2461=PRESENTATION_STYLE_ASSIGNMENT((#2460));
#2462=STYLED_ITEM('',(#2461),#2459);
#2463=DIRECTION('',(8.660254037844E-1,-3.571250068453E-14,5.E-1));
#2464=VECTOR('',#2463,2.719319767883E-1);
#2465=CARTESIAN_POINT('',(-1.5E0,1.691382482384E-14,-4.948465988394E0));
#2466=LINE('',#2465,#2464);
#2467=CURVE_STYLE('',#25,POSITIVE_LENGTH_MEASURE(2.E-2),#13);
#2468=PRESENTATION_STYLE_ASSIGNMENT((#2467));
#2469=STYLED_ITEM('',(#2468),#2466);
#2470=DIRECTION('',(0.E0,0.E0,1.E0));
#2471=VECTOR('',#2470,1.030680232117E-1);
#2472=CARTESIAN_POINT('',(-1.5E0,1.692773116060E-14,-5.051534011606E0));
#2473=LINE('',#2472,#2471);
#2474=CURVE_STYLE('',#25,POSITIVE_LENGTH_MEASURE(2.E-2),#13);
#2475=PRESENTATION_STYLE_ASSIGNMENT((#2474));
#2476=STYLED_ITEM('',(#2475),#2473);
#2477=CARTESIAN_POINT('',(-1.5E0,1.692773116060E-14,-5.051534011606E0));
#2478=CARTESIAN_POINT('',(-1.5E0,8.726646259973E-2,-5.056163641235E0));
#2479=CARTESIAN_POINT('',(-1.484730426636E0,2.617978237521E-1,
-5.065422900495E0));
#2480=CARTESIAN_POINT('',(-1.416713283885E0,5.156415219706E-1,
-5.079311789384E0));
#2481=CARTESIAN_POINT('',(-1.305650024896E0,7.538173782966E-1,
-5.093200678273E0));
#2482=CARTESIAN_POINT('',(-1.154915250591E0,9.690889648429E-1,
-5.107089567161E0));
#2483=CARTESIAN_POINT('',(-9.690889608117E-1,1.154915249511E0,
-5.120978456050E0));
#2484=CARTESIAN_POINT('',(-7.538173933411E-1,1.305650025185E0,
-5.134867344939E0));
#2485=CARTESIAN_POINT('',(-5.156414658238E-1,1.416713283808E0,
-5.148756233828E0));
#2486=CARTESIAN_POINT('',(-2.617980332946E-1,1.484730426656E0,
-5.162645122717E0));
#2487=CARTESIAN_POINT('',(1.816602424043E-14,1.507634786677E0,
-5.176534011606E0));
#2488=CARTESIAN_POINT('',(2.617980332947E-1,1.484730426637E0,
-5.190422900495E0));
#2489=CARTESIAN_POINT('',(5.156414658238E-1,1.416713283885E0,
-5.204311789384E0));
#2490=CARTESIAN_POINT('',(7.538173933411E-1,1.305650024896E0,
-5.218200678273E0));
#2491=CARTESIAN_POINT('',(9.690889608118E-1,1.154915250591E0,
-5.232089567161E0));
#2492=CARTESIAN_POINT('',(1.154915250591E0,9.690889608117E-1,
-5.245978456050E0));
#2493=CARTESIAN_POINT('',(1.305650024896E0,7.538173933411E-1,
-5.259867344939E0));
#2494=CARTESIAN_POINT('',(1.416713283885E0,5.156414658238E-1,
-5.273756233828E0));
#2495=CARTESIAN_POINT('',(1.484730426636E0,2.617980332946E-1,
-5.287645122717E0));
#2496=CARTESIAN_POINT('',(1.507634786682E0,-1.421085471520E-14,
-5.301534011606E0));
#2497=CARTESIAN_POINT('',(1.484730426636E0,-2.617980332947E-1,
-5.315422900495E0));
#2498=CARTESIAN_POINT('',(1.416713283885E0,-5.156414658238E-1,
-5.329311789384E0));
#2499=CARTESIAN_POINT('',(1.305650024896E0,-7.538173933411E-1,
-5.343200678273E0));
#2500=CARTESIAN_POINT('',(1.154915250591E0,-9.690889608117E-1,
-5.357089567161E0));
#2501=CARTESIAN_POINT('',(9.690889608117E-1,-1.154915250591E0,
-5.370978456050E0));
#2502=CARTESIAN_POINT('',(7.538173933411E-1,-1.305650024896E0,
-5.384867344939E0));
#2503=CARTESIAN_POINT('',(5.156414658238E-1,-1.416713283885E0,
-5.398756233828E0));
#2504=CARTESIAN_POINT('',(2.617980332946E-1,-1.484730426636E0,
-5.412645122717E0));
#2505=CARTESIAN_POINT('',(-1.063038546079E-14,-1.507634786682E0,
-5.426534011606E0));
#2506=CARTESIAN_POINT('',(-2.617980332947E-1,-1.484730426636E0,
-5.440422900495E0));
#2507=CARTESIAN_POINT('',(-5.156414658238E-1,-1.416713283885E0,
-5.454311789384E0));
#2508=CARTESIAN_POINT('',(-7.538173933411E-1,-1.305650024896E0,
-5.468200678273E0));
#2509=CARTESIAN_POINT('',(-9.690889608118E-1,-1.154915250591E0,
-5.482089567161E0));
#2510=CARTESIAN_POINT('',(-1.154915250591E0,-9.690889608117E-1,
-5.495978456050E0));
#2511=CARTESIAN_POINT('',(-1.305650024896E0,-7.538173933411E-1,
-5.509867344939E0));
#2512=CARTESIAN_POINT('',(-1.416713283885E0,-5.156414658238E-1,
-5.523756233828E0));
#2513=CARTESIAN_POINT('',(-1.484730426636E0,-2.617980332946E-1,
-5.537645122717E0));
#2514=CARTESIAN_POINT('',(-1.507634786682E0,1.167121954637E-14,
-5.551534011606E0));
#2515=CARTESIAN_POINT('',(-1.484730426636E0,2.617980332946E-1,
-5.565422900495E0));
#2516=CARTESIAN_POINT('',(-1.416713283885E0,5.156414658238E-1,
-5.579311789384E0));
#2517=CARTESIAN_POINT('',(-1.305650024896E0,7.538173933411E-1,
-5.593200678273E0));
#2518=CARTESIAN_POINT('',(-1.154915250591E0,9.690889608118E-1,
-5.607089567161E0));
#2519=CARTESIAN_POINT('',(-9.690889608117E-1,1.154915250591E0,
-5.620978456050E0));
#2520=CARTESIAN_POINT('',(-7.538173933411E-1,1.305650024896E0,
-5.634867344939E0));
#2521=CARTESIAN_POINT('',(-5.156414658238E-1,1.416713283885E0,
-5.648756233828E0));
#2522=CARTESIAN_POINT('',(-2.617980332946E-1,1.484730426636E0,
-5.662645122717E0));
#2523=CARTESIAN_POINT('',(1.421085471520E-14,1.507634786682E0,
-5.676534011606E0));
#2524=CARTESIAN_POINT('',(2.617980332946E-1,1.484730426636E0,
-5.690422900495E0));
#2525=CARTESIAN_POINT('',(5.156414658238E-1,1.416713283885E0,
-5.704311789384E0));
#2526=CARTESIAN_POINT('',(7.538173933411E-1,1.305650024896E0,
-5.718200678273E0));
#2527=CARTESIAN_POINT('',(9.690889608118E-1,1.154915250591E0,
-5.732089567161E0));
#2528=CARTESIAN_POINT('',(1.154915250591E0,9.690889608117E-1,
-5.745978456050E0));
#2529=CARTESIAN_POINT('',(1.305650024896E0,7.538173933411E-1,
-5.759867344939E0));
#2530=CARTESIAN_POINT('',(1.416713283885E0,5.156414658238E-1,
-5.773756233828E0));
#2531=CARTESIAN_POINT('',(1.484730426636E0,2.617980332946E-1,
-5.787645122717E0));
#2532=CARTESIAN_POINT('',(1.507634786682E0,0.E0,-5.801534011606E0));
#2533=CARTESIAN_POINT('',(1.484730426636E0,-2.617980332947E-1,
-5.815422900495E0));
#2534=CARTESIAN_POINT('',(1.416713283885E0,-5.156414658238E-1,
-5.829311789384E0));
#2535=CARTESIAN_POINT('',(1.305650024896E0,-7.538173933411E-1,
-5.843200678273E0));
#2536=CARTESIAN_POINT('',(1.154915250591E0,-9.690889608118E-1,
-5.857089567161E0));
#2537=CARTESIAN_POINT('',(9.690889608117E-1,-1.154915250591E0,
-5.870978456050E0));
#2538=CARTESIAN_POINT('',(7.538173933411E-1,-1.305650024896E0,
-5.884867344939E0));
#2539=CARTESIAN_POINT('',(5.156414658238E-1,-1.416713283885E0,
-5.898756233828E0));
#2540=CARTESIAN_POINT('',(2.617980332946E-1,-1.484730426636E0,
-5.912645122717E0));
#2541=CARTESIAN_POINT('',(0.E0,-1.507634786682E0,-5.926534011606E0));
#2542=CARTESIAN_POINT('',(-2.617980332946E-1,-1.484730426636E0,
-5.940422900495E0));
#2543=CARTESIAN_POINT('',(-5.156414658238E-1,-1.416713283885E0,
-5.954311789384E0));
#2544=CARTESIAN_POINT('',(-7.538173933411E-1,-1.305650024896E0,
-5.968200678273E0));
#2545=CARTESIAN_POINT('',(-9.690889608117E-1,-1.154915250591E0,
-5.982089567161E0));
#2546=CARTESIAN_POINT('',(-1.154915250591E0,-9.690889608117E-1,
-5.995978456050E0));
#2547=CARTESIAN_POINT('',(-1.305650024896E0,-7.538173933411E-1,
-6.009867344939E0));
#2548=CARTESIAN_POINT('',(-1.416713283885E0,-5.156414658238E-1,
-6.023756233828E0));
#2549=CARTESIAN_POINT('',(-1.484730426636E0,-2.617980332946E-1,
-6.037645122717E0));
#2550=CARTESIAN_POINT('',(-1.507634786682E0,0.E0,-6.051534011606E0));
#2551=CARTESIAN_POINT('',(-1.484730426636E0,2.617980332946E-1,
-6.065422900495E0));
#2552=CARTESIAN_POINT('',(-1.416713283885E0,5.156414658238E-1,
-6.079311789384E0));
#2553=CARTESIAN_POINT('',(-1.305650024896E0,7.538173933411E-1,
-6.093200678273E0));
#2554=CARTESIAN_POINT('',(-1.154915250591E0,9.690889608117E-1,
-6.107089567161E0));
#2555=CARTESIAN_POINT('',(-9.690889608117E-1,1.154915250591E0,
-6.120978456050E0));
#2556=CARTESIAN_POINT('',(-7.538173933411E-1,1.305650024896E0,
-6.134867344939E0));
#2557=CARTESIAN_POINT('',(-5.156414658238E-1,1.416713283885E0,
-6.148756233828E0));
#2558=CARTESIAN_POINT('',(-2.617980332946E-1,1.484730426636E0,
-6.162645122717E0));
#2559=CARTESIAN_POINT('',(0.E0,1.507634786682E0,-6.176534011606E0));
#2560=CARTESIAN_POINT('',(2.617980332946E-1,1.484730426636E0,
-6.190422900495E0));
#2561=CARTESIAN_POINT('',(5.156414658238E-1,1.416713283885E0,
-6.204311789384E0));
#2562=CARTESIAN_POINT('',(7.538173933411E-1,1.305650024896E0,
-6.218200678273E0));
#2563=CARTESIAN_POINT('',(9.690889608117E-1,1.154915250591E0,
-6.232089567161E0));
#2564=CARTESIAN_POINT('',(1.154915250591E0,9.690889608117E-1,
-6.245978456050E0));
#2565=CARTESIAN_POINT('',(1.305650024896E0,7.538173933411E-1,
-6.259867344939E0));
#2566=CARTESIAN_POINT('',(1.416713283885E0,5.156414658238E-1,
-6.273756233828E0));
#2567=CARTESIAN_POINT('',(1.484730426636E0,2.617980332946E-1,
-6.287645122717E0));
#2568=CARTESIAN_POINT('',(1.507634786682E0,0.E0,-6.301534011606E0));
#2569=CARTESIAN_POINT('',(1.484730426636E0,-2.617980332946E-1,
-6.315422900495E0));
#2570=CARTESIAN_POINT('',(1.416713283885E0,-5.156414658238E-1,
-6.329311789384E0));
#2571=CARTESIAN_POINT('',(1.305650024896E0,-7.538173933411E-1,
-6.343200678273E0));
#2572=CARTESIAN_POINT('',(1.154915250591E0,-9.690889608117E-1,
-6.357089567161E0));
#2573=CARTESIAN_POINT('',(9.690889608117E-1,-1.154915250591E0,
-6.370978456050E0));
#2574=CARTESIAN_POINT('',(7.538173933411E-1,-1.305650024896E0,
-6.384867344939E0));
#2575=CARTESIAN_POINT('',(5.156414658238E-1,-1.416713283885E0,
-6.398756233828E0));
#2576=CARTESIAN_POINT('',(2.617980332946E-1,-1.484730426636E0,
-6.412645122717E0));
#2577=CARTESIAN_POINT('',(1.626476731076E-14,-1.507634786682E0,
-6.426534011606E0));
#2578=CARTESIAN_POINT('',(-2.617980332946E-1,-1.484730426636E0,
-6.440422900495E0));
#2579=CARTESIAN_POINT('',(-5.156414658238E-1,-1.416713283885E0,
-6.454311789384E0));
#2580=CARTESIAN_POINT('',(-7.538173933411E-1,-1.305650024896E0,
-6.468200678273E0));
#2581=CARTESIAN_POINT('',(-9.690889608117E-1,-1.154915250591E0,
-6.482089567161E0));
#2582=CARTESIAN_POINT('',(-1.154915250591E0,-9.690889608118E-1,
-6.495978456050E0));
#2583=CARTESIAN_POINT('',(-1.305650024896E0,-7.538173933411E-1,
-6.509867344939E0));
#2584=CARTESIAN_POINT('',(-1.416713283885E0,-5.156414658238E-1,
-6.523756233828E0));
#2585=CARTESIAN_POINT('',(-1.484730426636E0,-2.617980332946E-1,
-6.537645122717E0));
#2586=CARTESIAN_POINT('',(-1.507634786682E0,-1.119937476091E-14,
-6.551534011606E0));
#2587=CARTESIAN_POINT('',(-1.484730426636E0,2.617980332946E-1,
-6.565422900495E0));
#2588=CARTESIAN_POINT('',(-1.416713283885E0,5.156414658238E-1,
-6.579311789384E0));
#2589=CARTESIAN_POINT('',(-1.305650024896E0,7.538173933411E-1,
-6.593200678273E0));
#2590=CARTESIAN_POINT('',(-1.154915250591E0,9.690889608117E-1,
-6.607089567161E0));
#2591=CARTESIAN_POINT('',(-9.690889608117E-1,1.154915250591E0,
-6.620978456050E0));
#2592=CARTESIAN_POINT('',(-7.538173933411E-1,1.305650024896E0,
-6.634867344939E0));
#2593=CARTESIAN_POINT('',(-5.156414658238E-1,1.416713283885E0,
-6.648756233828E0));
#2594=CARTESIAN_POINT('',(-2.617980332946E-1,1.484730426636E0,
-6.662645122717E0));
#2595=CARTESIAN_POINT('',(0.E0,1.507634786682E0,-6.676534011606E0));
#2596=CARTESIAN_POINT('',(2.617980332946E-1,1.484730426636E0,
-6.690422900495E0));
#2597=CARTESIAN_POINT('',(5.156414658238E-1,1.416713283885E0,
-6.704311789384E0));
#2598=CARTESIAN_POINT('',(7.538173933411E-1,1.305650024896E0,
-6.718200678273E0));
#2599=CARTESIAN_POINT('',(9.690889608117E-1,1.154915250591E0,
-6.732089567161E0));
#2600=CARTESIAN_POINT('',(1.154915250591E0,9.690889608117E-1,
-6.745978456050E0));
#2601=CARTESIAN_POINT('',(1.305650024896E0,7.538173933411E-1,
-6.759867344939E0));
#2602=CARTESIAN_POINT('',(1.416713283885E0,5.156414658238E-1,
-6.773756233828E0));
#2603=CARTESIAN_POINT('',(1.484730426636E0,2.617980332946E-1,
-6.787645122717E0));
#2604=CARTESIAN_POINT('',(1.507634786682E0,0.E0,-6.801534011606E0));
#2605=CARTESIAN_POINT('',(1.484730426636E0,-2.617980332946E-1,
-6.815422900495E0));
#2606=CARTESIAN_POINT('',(1.416713283885E0,-5.156414658238E-1,
-6.829311789384E0));
#2607=CARTESIAN_POINT('',(1.305650024896E0,-7.538173933411E-1,
-6.843200678273E0));
#2608=CARTESIAN_POINT('',(1.154915250591E0,-9.690889608117E-1,
-6.857089567161E0));
#2609=CARTESIAN_POINT('',(9.690889608117E-1,-1.154915250591E0,
-6.870978456050E0));
#2610=CARTESIAN_POINT('',(7.538173933411E-1,-1.305650024896E0,
-6.884867344939E0));
#2611=CARTESIAN_POINT('',(5.156414658238E-1,-1.416713283885E0,
-6.898756233828E0));
#2612=CARTESIAN_POINT('',(2.617980332946E-1,-1.484730426637E0,
-6.912645122717E0));
#2613=CARTESIAN_POINT('',(1.379452108097E-14,-1.507634786677E0,
-6.926534011606E0));
#2614=CARTESIAN_POINT('',(-2.617980332946E-1,-1.484730426656E0,
-6.940422900495E0));
#2615=CARTESIAN_POINT('',(-5.156414658238E-1,-1.416713283808E0,
-6.954311789384E0));
#2616=CARTESIAN_POINT('',(-7.538173933411E-1,-1.305650025185E0,
-6.968200678273E0));
#2617=CARTESIAN_POINT('',(-9.690889608117E-1,-1.154915249511E0,
-6.982089567161E0));
#2618=CARTESIAN_POINT('',(-1.154915250591E0,-9.690889648429E-1,
-6.995978456050E0));
#2619=CARTESIAN_POINT('',(-1.305650024896E0,-7.538173782966E-1,
-7.009867344939E0));
#2620=CARTESIAN_POINT('',(-1.416713283885E0,-5.156415219706E-1,
-7.023756233828E0));
#2621=CARTESIAN_POINT('',(-1.484730426636E0,-2.617978237521E-1,
-7.037645122717E0));
#2622=CARTESIAN_POINT('',(-1.5E0,-8.726646259972E-2,-7.046904381976E0));
#2623=CARTESIAN_POINT('',(-1.5E0,0.E0,-7.051534011606E0));
#2625=CURVE_STYLE('',#25,POSITIVE_LENGTH_MEASURE(2.E-2),#13);
#2626=PRESENTATION_STYLE_ASSIGNMENT((#2625));
#2627=STYLED_ITEM('',(#2626),#2624);
#2628=DIRECTION('',(0.E0,0.E0,1.E0));
#2629=VECTOR('',#2628,1.030680232117E-1);
#2630=CARTESIAN_POINT('',(-1.5E0,0.E0,-3.051534011606E0));
#2631=LINE('',#2630,#2629);
#2632=CURVE_STYLE('',#25,POSITIVE_LENGTH_MEASURE(2.E-2),#13);
#2633=PRESENTATION_STYLE_ASSIGNMENT((#2632));
#2634=STYLED_ITEM('',(#2633),#2631);
#2635=CARTESIAN_POINT('',(-1.5E0,0.E0,-3.051534011606E0));
#2636=CARTESIAN_POINT('',(-1.5E0,8.726646259971E-2,-3.056163641235E0));
#2637=CARTESIAN_POINT('',(-1.484730426636E0,2.617978237521E-1,
-3.065422900495E0));
#2638=CARTESIAN_POINT('',(-1.416713283885E0,5.156415219706E-1,
-3.079311789384E0));
#2639=CARTESIAN_POINT('',(-1.305650024896E0,7.538173782966E-1,
-3.093200678273E0));
#2640=CARTESIAN_POINT('',(-1.154915250591E0,9.690889648429E-1,
-3.107089567161E0));
#2641=CARTESIAN_POINT('',(-9.690889608117E-1,1.154915249511E0,
-3.120978456050E0));
#2642=CARTESIAN_POINT('',(-7.538173933411E-1,1.305650025185E0,
-3.134867344939E0));
#2643=CARTESIAN_POINT('',(-5.156414658238E-1,1.416713283808E0,
-3.148756233828E0));
#2644=CARTESIAN_POINT('',(-2.617980332946E-1,1.484730426656E0,
-3.162645122717E0));
#2645=CARTESIAN_POINT('',(0.E0,1.507634786677E0,-3.176534011606E0));
#2646=CARTESIAN_POINT('',(2.617980332946E-1,1.484730426637E0,
-3.190422900495E0));
#2647=CARTESIAN_POINT('',(5.156414658238E-1,1.416713283885E0,
-3.204311789384E0));
#2648=CARTESIAN_POINT('',(7.538173933411E-1,1.305650024896E0,
-3.218200678273E0));
#2649=CARTESIAN_POINT('',(9.690889608117E-1,1.154915250591E0,
-3.232089567161E0));
#2650=CARTESIAN_POINT('',(1.154915250591E0,9.690889608118E-1,
-3.245978456050E0));
#2651=CARTESIAN_POINT('',(1.305650024896E0,7.538173933411E-1,
-3.259867344939E0));
#2652=CARTESIAN_POINT('',(1.416713283885E0,5.156414658238E-1,
-3.273756233828E0));
#2653=CARTESIAN_POINT('',(1.484730426636E0,2.617980332946E-1,
-3.287645122717E0));
#2654=CARTESIAN_POINT('',(1.507634786682E0,0.E0,-3.301534011606E0));
#2655=CARTESIAN_POINT('',(1.484730426636E0,-2.617980332946E-1,
-3.315422900495E0));
#2656=CARTESIAN_POINT('',(1.416713283885E0,-5.156414658238E-1,
-3.329311789384E0));
#2657=CARTESIAN_POINT('',(1.305650024896E0,-7.538173933411E-1,
-3.343200678273E0));
#2658=CARTESIAN_POINT('',(1.154915250591E0,-9.690889608117E-1,
-3.357089567161E0));
#2659=CARTESIAN_POINT('',(9.690889608117E-1,-1.154915250591E0,
-3.370978456050E0));
#2660=CARTESIAN_POINT('',(7.538173933411E-1,-1.305650024896E0,
-3.384867344939E0));
#2661=CARTESIAN_POINT('',(5.156414658238E-1,-1.416713283885E0,
-3.398756233828E0));
#2662=CARTESIAN_POINT('',(2.617980332946E-1,-1.484730426636E0,
-3.412645122717E0));
#2663=CARTESIAN_POINT('',(0.E0,-1.507634786682E0,-3.426534011606E0));
#2664=CARTESIAN_POINT('',(-2.617980332946E-1,-1.484730426636E0,
-3.440422900495E0));
#2665=CARTESIAN_POINT('',(-5.156414658238E-1,-1.416713283885E0,
-3.454311789384E0));
#2666=CARTESIAN_POINT('',(-7.538173933411E-1,-1.305650024896E0,
-3.468200678273E0));
#2667=CARTESIAN_POINT('',(-9.690889608117E-1,-1.154915250591E0,
-3.482089567161E0));
#2668=CARTESIAN_POINT('',(-1.154915250591E0,-9.690889608117E-1,
-3.495978456050E0));
#2669=CARTESIAN_POINT('',(-1.305650024896E0,-7.538173933411E-1,
-3.509867344939E0));
#2670=CARTESIAN_POINT('',(-1.416713283885E0,-5.156414658238E-1,
-3.523756233828E0));
#2671=CARTESIAN_POINT('',(-1.484730426636E0,-2.617980332946E-1,
-3.537645122717E0));
#2672=CARTESIAN_POINT('',(-1.507634786682E0,0.E0,-3.551534011606E0));
#2673=CARTESIAN_POINT('',(-1.484730426636E0,2.617980332946E-1,
-3.565422900495E0));
#2674=CARTESIAN_POINT('',(-1.416713283885E0,5.156414658238E-1,
-3.579311789384E0));
#2675=CARTESIAN_POINT('',(-1.305650024896E0,7.538173933411E-1,
-3.593200678273E0));
#2676=CARTESIAN_POINT('',(-1.154915250591E0,9.690889608117E-1,
-3.607089567161E0));
#2677=CARTESIAN_POINT('',(-9.690889608117E-1,1.154915250591E0,
-3.620978456050E0));
#2678=CARTESIAN_POINT('',(-7.538173933411E-1,1.305650024896E0,
-3.634867344939E0));
#2679=CARTESIAN_POINT('',(-5.156414658238E-1,1.416713283885E0,
-3.648756233828E0));
#2680=CARTESIAN_POINT('',(-2.617980332946E-1,1.484730426636E0,
-3.662645122717E0));
#2681=CARTESIAN_POINT('',(0.E0,1.507634786682E0,-3.676534011606E0));
#2682=CARTESIAN_POINT('',(2.617980332946E-1,1.484730426636E0,
-3.690422900495E0));
#2683=CARTESIAN_POINT('',(5.156414658238E-1,1.416713283885E0,
-3.704311789384E0));
#2684=CARTESIAN_POINT('',(7.538173933411E-1,1.305650024896E0,
-3.718200678273E0));
#2685=CARTESIAN_POINT('',(9.690889608117E-1,1.154915250591E0,
-3.732089567161E0));
#2686=CARTESIAN_POINT('',(1.154915250591E0,9.690889608117E-1,
-3.745978456050E0));
#2687=CARTESIAN_POINT('',(1.305650024896E0,7.538173933411E-1,
-3.759867344939E0));
#2688=CARTESIAN_POINT('',(1.416713283885E0,5.156414658238E-1,
-3.773756233828E0));
#2689=CARTESIAN_POINT('',(1.484730426636E0,2.617980332946E-1,
-3.787645122717E0));
#2690=CARTESIAN_POINT('',(1.507634786682E0,0.E0,-3.801534011606E0));
#2691=CARTESIAN_POINT('',(1.484730426636E0,-2.617980332946E-1,
-3.815422900495E0));
#2692=CARTESIAN_POINT('',(1.416713283885E0,-5.156414658238E-1,
-3.829311789384E0));
#2693=CARTESIAN_POINT('',(1.305650024896E0,-7.538173933411E-1,
-3.843200678273E0));
#2694=CARTESIAN_POINT('',(1.154915250591E0,-9.690889608118E-1,
-3.857089567161E0));
#2695=CARTESIAN_POINT('',(9.690889608117E-1,-1.154915250591E0,
-3.870978456050E0));
#2696=CARTESIAN_POINT('',(7.538173933411E-1,-1.305650024896E0,
-3.884867344939E0));
#2697=CARTESIAN_POINT('',(5.156414658238E-1,-1.416713283885E0,
-3.898756233828E0));
#2698=CARTESIAN_POINT('',(2.617980332946E-1,-1.484730426636E0,
-3.912645122717E0));
#2699=CARTESIAN_POINT('',(0.E0,-1.507634786682E0,-3.926534011606E0));
#2700=CARTESIAN_POINT('',(-2.617980332946E-1,-1.484730426636E0,
-3.940422900495E0));
#2701=CARTESIAN_POINT('',(-5.156414658238E-1,-1.416713283885E0,
-3.954311789384E0));
#2702=CARTESIAN_POINT('',(-7.538173933411E-1,-1.305650024896E0,
-3.968200678273E0));
#2703=CARTESIAN_POINT('',(-9.690889608118E-1,-1.154915250591E0,
-3.982089567161E0));
#2704=CARTESIAN_POINT('',(-1.154915250591E0,-9.690889608117E-1,
-3.995978456050E0));
#2705=CARTESIAN_POINT('',(-1.305650024896E0,-7.538173933411E-1,
-4.009867344939E0));
#2706=CARTESIAN_POINT('',(-1.416713283885E0,-5.156414658238E-1,
-4.023756233828E0));
#2707=CARTESIAN_POINT('',(-1.484730426636E0,-2.617980332946E-1,
-4.037645122717E0));
#2708=CARTESIAN_POINT('',(-1.507634786682E0,0.E0,-4.051534011606E0));
#2709=CARTESIAN_POINT('',(-1.484730426636E0,2.617980332946E-1,
-4.065422900495E0));
#2710=CARTESIAN_POINT('',(-1.416713283885E0,5.156414658238E-1,
-4.079311789384E0));
#2711=CARTESIAN_POINT('',(-1.305650024896E0,7.538173933411E-1,
-4.093200678273E0));
#2712=CARTESIAN_POINT('',(-1.154915250591E0,9.690889608117E-1,
-4.107089567161E0));
#2713=CARTESIAN_POINT('',(-9.690889608117E-1,1.154915250591E0,
-4.120978456050E0));
#2714=CARTESIAN_POINT('',(-7.538173933411E-1,1.305650024896E0,
-4.134867344939E0));
#2715=CARTESIAN_POINT('',(-5.156414658238E-1,1.416713283885E0,
-4.148756233828E0));
#2716=CARTESIAN_POINT('',(-2.617980332946E-1,1.484730426636E0,
-4.162645122717E0));
#2717=CARTESIAN_POINT('',(1.225408663430E-14,1.507634786682E0,
-4.176534011606E0));
#2718=CARTESIAN_POINT('',(2.617980332947E-1,1.484730426636E0,
-4.190422900495E0));
#2719=CARTESIAN_POINT('',(5.156414658238E-1,1.416713283885E0,
-4.204311789384E0));
#2720=CARTESIAN_POINT('',(7.538173933411E-1,1.305650024896E0,
-4.218200678273E0));
#2721=CARTESIAN_POINT('',(9.690889608117E-1,1.154915250591E0,
-4.232089567161E0));
#2722=CARTESIAN_POINT('',(1.154915250591E0,9.690889608117E-1,
-4.245978456050E0));
#2723=CARTESIAN_POINT('',(1.305650024896E0,7.538173933411E-1,
-4.259867344939E0));
#2724=CARTESIAN_POINT('',(1.416713283885E0,5.156414658238E-1,
-4.273756233828E0));
#2725=CARTESIAN_POINT('',(1.484730426636E0,2.617980332946E-1,
-4.287645122717E0));
#2726=CARTESIAN_POINT('',(1.507634786682E0,0.E0,-4.301534011606E0));
#2727=CARTESIAN_POINT('',(1.484730426636E0,-2.617980332947E-1,
-4.315422900495E0));
#2728=CARTESIAN_POINT('',(1.416713283885E0,-5.156414658238E-1,
-4.329311789384E0));
#2729=CARTESIAN_POINT('',(1.305650024896E0,-7.538173933411E-1,
-4.343200678273E0));
#2730=CARTESIAN_POINT('',(1.154915250591E0,-9.690889608117E-1,
-4.357089567161E0));
#2731=CARTESIAN_POINT('',(9.690889608117E-1,-1.154915250591E0,
-4.370978456050E0));
#2732=CARTESIAN_POINT('',(7.538173933411E-1,-1.305650024896E0,
-4.384867344939E0));
#2733=CARTESIAN_POINT('',(5.156414658238E-1,-1.416713283885E0,
-4.398756233828E0));
#2734=CARTESIAN_POINT('',(2.617980332946E-1,-1.484730426636E0,
-4.412645122717E0));
#2735=CARTESIAN_POINT('',(-1.035282970463E-14,-1.507634786682E0,
-4.426534011606E0));
#2736=CARTESIAN_POINT('',(-2.617980332947E-1,-1.484730426636E0,
-4.440422900495E0));
#2737=CARTESIAN_POINT('',(-5.156414658238E-1,-1.416713283885E0,
-4.454311789384E0));
#2738=CARTESIAN_POINT('',(-7.538173933411E-1,-1.305650024896E0,
-4.468200678273E0));
#2739=CARTESIAN_POINT('',(-9.690889608117E-1,-1.154915250591E0,
-4.482089567161E0));
#2740=CARTESIAN_POINT('',(-1.154915250591E0,-9.690889608117E-1,
-4.495978456050E0));
#2741=CARTESIAN_POINT('',(-1.305650024896E0,-7.538173933411E-1,
-4.509867344939E0));
#2742=CARTESIAN_POINT('',(-1.416713283885E0,-5.156414658238E-1,
-4.523756233828E0));
#2743=CARTESIAN_POINT('',(-1.484730426636E0,-2.617980332946E-1,
-4.537645122717E0));
#2744=CARTESIAN_POINT('',(-1.507634786682E0,1.373900992974E-14,
-4.551534011606E0));
#2745=CARTESIAN_POINT('',(-1.484730426636E0,2.617980332947E-1,
-4.565422900495E0));
#2746=CARTESIAN_POINT('',(-1.416713283885E0,5.156414658238E-1,
-4.579311789384E0));
#2747=CARTESIAN_POINT('',(-1.305650024896E0,7.538173933411E-1,
-4.593200678273E0));
#2748=CARTESIAN_POINT('',(-1.154915250591E0,9.690889608117E-1,
-4.607089567161E0));
#2749=CARTESIAN_POINT('',(-9.690889608117E-1,1.154915250591E0,
-4.620978456050E0));
#2750=CARTESIAN_POINT('',(-7.538173933411E-1,1.305650024896E0,
-4.634867344939E0));
#2751=CARTESIAN_POINT('',(-5.156414658238E-1,1.416713283885E0,
-4.648756233828E0));
#2752=CARTESIAN_POINT('',(-2.617980332946E-1,1.484730426636E0,
-4.662645122717E0));
#2753=CARTESIAN_POINT('',(1.264266469292E-14,1.507634786682E0,
-4.676534011606E0));
#2754=CARTESIAN_POINT('',(2.617980332946E-1,1.484730426636E0,
-4.690422900495E0));
#2755=CARTESIAN_POINT('',(5.156414658238E-1,1.416713283885E0,
-4.704311789384E0));
#2756=CARTESIAN_POINT('',(7.538173933411E-1,1.305650024896E0,
-4.718200678273E0));
#2757=CARTESIAN_POINT('',(9.690889608118E-1,1.154915250591E0,
-4.732089567161E0));
#2758=CARTESIAN_POINT('',(1.154915250591E0,9.690889608117E-1,
-4.745978456050E0));
#2759=CARTESIAN_POINT('',(1.305650024896E0,7.538173933411E-1,
-4.759867344939E0));
#2760=CARTESIAN_POINT('',(1.416713283885E0,5.156414658238E-1,
-4.773756233828E0));
#2761=CARTESIAN_POINT('',(1.484730426636E0,2.617980332946E-1,
-4.787645122717E0));
#2762=CARTESIAN_POINT('',(1.507634786682E0,-1.364186541508E-14,
-4.801534011606E0));
#2763=CARTESIAN_POINT('',(1.484730426636E0,-2.617980332947E-1,
-4.815422900495E0));
#2764=CARTESIAN_POINT('',(1.416713283885E0,-5.156414658238E-1,
-4.829311789384E0));
#2765=CARTESIAN_POINT('',(1.305650024896E0,-7.538173933411E-1,
-4.843200678273E0));
#2766=CARTESIAN_POINT('',(1.154915250591E0,-9.690889608118E-1,
-4.857089567161E0));
#2767=CARTESIAN_POINT('',(9.690889608117E-1,-1.154915250591E0,
-4.870978456050E0));
#2768=CARTESIAN_POINT('',(7.538173933411E-1,-1.305650024896E0,
-4.884867344939E0));
#2769=CARTESIAN_POINT('',(5.156414658238E-1,-1.416713283885E0,
-4.898756233828E0));
#2770=CARTESIAN_POINT('',(2.617980332946E-1,-1.484730426637E0,
-4.912645122717E0));
#2771=CARTESIAN_POINT('',(-1.011690731190E-14,-1.507634786677E0,
-4.926534011606E0));
#2772=CARTESIAN_POINT('',(-2.617980332947E-1,-1.484730426656E0,
-4.940422900495E0));
#2773=CARTESIAN_POINT('',(-5.156414658238E-1,-1.416713283808E0,
-4.954311789384E0));
#2774=CARTESIAN_POINT('',(-7.538173933411E-1,-1.305650025185E0,
-4.968200678273E0));
#2775=CARTESIAN_POINT('',(-9.690889608118E-1,-1.154915249511E0,
-4.982089567161E0));
#2776=CARTESIAN_POINT('',(-1.154915250591E0,-9.690889648429E-1,
-4.995978456050E0));
#2777=CARTESIAN_POINT('',(-1.305650024896E0,-7.538173782966E-1,
-5.009867344939E0));
#2778=CARTESIAN_POINT('',(-1.416713283885E0,-5.156415219706E-1,
-5.023756233828E0));
#2779=CARTESIAN_POINT('',(-1.484730426636E0,-2.617978237520E-1,
-5.037645122717E0));
#2780=CARTESIAN_POINT('',(-1.5E0,-8.726646259970E-2,-5.046904381976E0));
#2781=CARTESIAN_POINT('',(-1.5E0,1.692773116060E-14,-5.051534011606E0));
#2783=CURVE_STYLE('',#25,POSITIVE_LENGTH_MEASURE(2.E-2),#13);
#2784=PRESENTATION_STYLE_ASSIGNMENT((#2783));
#2785=STYLED_ITEM('',(#2784),#2782);
#2786=DIRECTION('',(0.E0,0.E0,1.E0));
#2787=VECTOR('',#2786,1.030680232117E-1);
#2788=CARTESIAN_POINT('',(-1.5E0,0.E0,-1.051534011606E0));
#2789=LINE('',#2788,#2787);
#2790=CURVE_STYLE('',#25,POSITIVE_LENGTH_MEASURE(2.E-2),#13);
#2791=PRESENTATION_STYLE_ASSIGNMENT((#2790));
#2792=STYLED_ITEM('',(#2791),#2789);
#2793=CARTESIAN_POINT('',(-1.5E0,0.E0,-1.051534011606E0));
#2794=CARTESIAN_POINT('',(-1.5E0,8.726646259972E-2,-1.056163641235E0));
#2795=CARTESIAN_POINT('',(-1.484730426636E0,2.617978237521E-1,
-1.065422900495E0));
#2796=CARTESIAN_POINT('',(-1.416713283885E0,5.156415219706E-1,
-1.079311789384E0));
#2797=CARTESIAN_POINT('',(-1.305650024896E0,7.538173782966E-1,
-1.093200678273E0));
#2798=CARTESIAN_POINT('',(-1.154915250591E0,9.690889648429E-1,
-1.107089567161E0));
#2799=CARTESIAN_POINT('',(-9.690889608117E-1,1.154915249511E0,
-1.120978456050E0));
#2800=CARTESIAN_POINT('',(-7.538173933411E-1,1.305650025185E0,
-1.134867344939E0));
#2801=CARTESIAN_POINT('',(-5.156414658238E-1,1.416713283808E0,
-1.148756233828E0));
#2802=CARTESIAN_POINT('',(-2.617980332946E-1,1.484730426656E0,
-1.162645122717E0));
#2803=CARTESIAN_POINT('',(0.E0,1.507634786677E0,-1.176534011606E0));
#2804=CARTESIAN_POINT('',(2.617980332946E-1,1.484730426637E0,
-1.190422900495E0));
#2805=CARTESIAN_POINT('',(5.156414658238E-1,1.416713283885E0,
-1.204311789384E0));
#2806=CARTESIAN_POINT('',(7.538173933411E-1,1.305650024896E0,
-1.218200678273E0));
#2807=CARTESIAN_POINT('',(9.690889608117E-1,1.154915250591E0,
-1.232089567161E0));
#2808=CARTESIAN_POINT('',(1.154915250591E0,9.690889608117E-1,
-1.245978456050E0));
#2809=CARTESIAN_POINT('',(1.305650024896E0,7.538173933411E-1,
-1.259867344939E0));
#2810=CARTESIAN_POINT('',(1.416713283885E0,5.156414658238E-1,
-1.273756233828E0));
#2811=CARTESIAN_POINT('',(1.484730426636E0,2.617980332946E-1,
-1.287645122717E0));
#2812=CARTESIAN_POINT('',(1.507634786682E0,0.E0,-1.301534011606E0));
#2813=CARTESIAN_POINT('',(1.484730426636E0,-2.617980332946E-1,
-1.315422900495E0));
#2814=CARTESIAN_POINT('',(1.416713283885E0,-5.156414658238E-1,
-1.329311789384E0));
#2815=CARTESIAN_POINT('',(1.305650024896E0,-7.538173933411E-1,
-1.343200678273E0));
#2816=CARTESIAN_POINT('',(1.154915250591E0,-9.690889608117E-1,
-1.357089567161E0));
#2817=CARTESIAN_POINT('',(9.690889608117E-1,-1.154915250591E0,
-1.370978456050E0));
#2818=CARTESIAN_POINT('',(7.538173933411E-1,-1.305650024896E0,
-1.384867344939E0));
#2819=CARTESIAN_POINT('',(5.156414658238E-1,-1.416713283885E0,
-1.398756233828E0));
#2820=CARTESIAN_POINT('',(2.617980332946E-1,-1.484730426636E0,
-1.412645122717E0));
#2821=CARTESIAN_POINT('',(0.E0,-1.507634786682E0,-1.426534011606E0));
#2822=CARTESIAN_POINT('',(-2.617980332946E-1,-1.484730426636E0,
-1.440422900495E0));
#2823=CARTESIAN_POINT('',(-5.156414658238E-1,-1.416713283885E0,
-1.454311789384E0));
#2824=CARTESIAN_POINT('',(-7.538173933411E-1,-1.305650024896E0,
-1.468200678273E0));
#2825=CARTESIAN_POINT('',(-9.690889608117E-1,-1.154915250591E0,
-1.482089567161E0));
#2826=CARTESIAN_POINT('',(-1.154915250591E0,-9.690889608117E-1,
-1.495978456050E0));
#2827=CARTESIAN_POINT('',(-1.305650024896E0,-7.538173933411E-1,
-1.509867344939E0));
#2828=CARTESIAN_POINT('',(-1.416713283885E0,-5.156414658238E-1,
-1.523756233828E0));
#2829=CARTESIAN_POINT('',(-1.484730426636E0,-2.617980332946E-1,
-1.537645122717E0));
#2830=CARTESIAN_POINT('',(-1.507634786682E0,0.E0,-1.551534011606E0));
#2831=CARTESIAN_POINT('',(-1.484730426636E0,2.617980332946E-1,
-1.565422900495E0));
#2832=CARTESIAN_POINT('',(-1.416713283885E0,5.156414658238E-1,
-1.579311789384E0));
#2833=CARTESIAN_POINT('',(-1.305650024896E0,7.538173933411E-1,
-1.593200678273E0));
#2834=CARTESIAN_POINT('',(-1.154915250591E0,9.690889608117E-1,
-1.607089567161E0));
#2835=CARTESIAN_POINT('',(-9.690889608117E-1,1.154915250591E0,
-1.620978456050E0));
#2836=CARTESIAN_POINT('',(-7.538173933411E-1,1.305650024896E0,
-1.634867344939E0));
#2837=CARTESIAN_POINT('',(-5.156414658238E-1,1.416713283885E0,
-1.648756233828E0));
#2838=CARTESIAN_POINT('',(-2.617980332946E-1,1.484730426636E0,
-1.662645122717E0));
#2839=CARTESIAN_POINT('',(0.E0,1.507634786682E0,-1.676534011606E0));
#2840=CARTESIAN_POINT('',(2.617980332946E-1,1.484730426636E0,
-1.690422900495E0));
#2841=CARTESIAN_POINT('',(5.156414658238E-1,1.416713283885E0,
-1.704311789384E0));
#2842=CARTESIAN_POINT('',(7.538173933411E-1,1.305650024896E0,
-1.718200678273E0));
#2843=CARTESIAN_POINT('',(9.690889608117E-1,1.154915250591E0,
-1.732089567161E0));
#2844=CARTESIAN_POINT('',(1.154915250591E0,9.690889608117E-1,
-1.745978456050E0));
#2845=CARTESIAN_POINT('',(1.305650024896E0,7.538173933411E-1,
-1.759867344939E0));
#2846=CARTESIAN_POINT('',(1.416713283885E0,5.156414658238E-1,
-1.773756233828E0));
#2847=CARTESIAN_POINT('',(1.484730426636E0,2.617980332946E-1,
-1.787645122717E0));
#2848=CARTESIAN_POINT('',(1.507634786682E0,0.E0,-1.801534011606E0));
#2849=CARTESIAN_POINT('',(1.484730426636E0,-2.617980332946E-1,
-1.815422900495E0));
#2850=CARTESIAN_POINT('',(1.416713283885E0,-5.156414658238E-1,
-1.829311789384E0));
#2851=CARTESIAN_POINT('',(1.305650024896E0,-7.538173933411E-1,
-1.843200678273E0));
#2852=CARTESIAN_POINT('',(1.154915250591E0,-9.690889608117E-1,
-1.857089567161E0));
#2853=CARTESIAN_POINT('',(9.690889608117E-1,-1.154915250591E0,
-1.870978456050E0));
#2854=CARTESIAN_POINT('',(7.538173933411E-1,-1.305650024896E0,
-1.884867344939E0));
#2855=CARTESIAN_POINT('',(5.156414658238E-1,-1.416713283885E0,
-1.898756233828E0));
#2856=CARTESIAN_POINT('',(2.617980332946E-1,-1.484730426636E0,
-1.912645122717E0));
#2857=CARTESIAN_POINT('',(0.E0,-1.507634786682E0,-1.926534011606E0));
#2858=CARTESIAN_POINT('',(-2.617980332946E-1,-1.484730426636E0,
-1.940422900495E0));
#2859=CARTESIAN_POINT('',(-5.156414658238E-1,-1.416713283885E0,
-1.954311789384E0));
#2860=CARTESIAN_POINT('',(-7.538173933411E-1,-1.305650024896E0,
-1.968200678273E0));
#2861=CARTESIAN_POINT('',(-9.690889608117E-1,-1.154915250591E0,
-1.982089567161E0));
#2862=CARTESIAN_POINT('',(-1.154915250591E0,-9.690889608117E-1,
-1.995978456050E0));
#2863=CARTESIAN_POINT('',(-1.305650024896E0,-7.538173933411E-1,
-2.009867344939E0));
#2864=CARTESIAN_POINT('',(-1.416713283885E0,-5.156414658238E-1,
-2.023756233828E0));
#2865=CARTESIAN_POINT('',(-1.484730426636E0,-2.617980332946E-1,
-2.037645122717E0));
#2866=CARTESIAN_POINT('',(-1.507634786682E0,0.E0,-2.051534011606E0));
#2867=CARTESIAN_POINT('',(-1.484730426636E0,2.617980332946E-1,
-2.065422900495E0));
#2868=CARTESIAN_POINT('',(-1.416713283885E0,5.156414658238E-1,
-2.079311789384E0));
#2869=CARTESIAN_POINT('',(-1.305650024896E0,7.538173933411E-1,
-2.093200678273E0));
#2870=CARTESIAN_POINT('',(-1.154915250591E0,9.690889608117E-1,
-2.107089567161E0));
#2871=CARTESIAN_POINT('',(-9.690889608117E-1,1.154915250591E0,
-2.120978456050E0));
#2872=CARTESIAN_POINT('',(-7.538173933411E-1,1.305650024896E0,
-2.134867344939E0));
#2873=CARTESIAN_POINT('',(-5.156414658238E-1,1.416713283885E0,
-2.148756233828E0));
#2874=CARTESIAN_POINT('',(-2.617980332946E-1,1.484730426636E0,
-2.162645122717E0));
#2875=CARTESIAN_POINT('',(0.E0,1.507634786682E0,-2.176534011606E0));
#2876=CARTESIAN_POINT('',(2.617980332946E-1,1.484730426636E0,
-2.190422900495E0));
#2877=CARTESIAN_POINT('',(5.156414658238E-1,1.416713283885E0,
-2.204311789384E0));
#2878=CARTESIAN_POINT('',(7.538173933411E-1,1.305650024896E0,
-2.218200678273E0));
#2879=CARTESIAN_POINT('',(9.690889608117E-1,1.154915250591E0,
-2.232089567161E0));
#2880=CARTESIAN_POINT('',(1.154915250591E0,9.690889608117E-1,
-2.245978456050E0));
#2881=CARTESIAN_POINT('',(1.305650024896E0,7.538173933411E-1,
-2.259867344939E0));
#2882=CARTESIAN_POINT('',(1.416713283885E0,5.156414658238E-1,
-2.273756233828E0));
#2883=CARTESIAN_POINT('',(1.484730426636E0,2.617980332946E-1,
-2.287645122717E0));
#2884=CARTESIAN_POINT('',(1.507634786682E0,0.E0,-2.301534011606E0));
#2885=CARTESIAN_POINT('',(1.484730426636E0,-2.617980332946E-1,
-2.315422900495E0));
#2886=CARTESIAN_POINT('',(1.416713283885E0,-5.156414658238E-1,
-2.329311789384E0));
#2887=CARTESIAN_POINT('',(1.305650024896E0,-7.538173933411E-1,
-2.343200678273E0));
#2888=CARTESIAN_POINT('',(1.154915250591E0,-9.690889608117E-1,
-2.357089567161E0));
#2889=CARTESIAN_POINT('',(9.690889608117E-1,-1.154915250591E0,
-2.370978456050E0));
#2890=CARTESIAN_POINT('',(7.538173933411E-1,-1.305650024896E0,
-2.384867344939E0));
#2891=CARTESIAN_POINT('',(5.156414658238E-1,-1.416713283885E0,
-2.398756233828E0));
#2892=CARTESIAN_POINT('',(2.617980332946E-1,-1.484730426636E0,
-2.412645122717E0));
#2893=CARTESIAN_POINT('',(0.E0,-1.507634786682E0,-2.426534011606E0));
#2894=CARTESIAN_POINT('',(-2.617980332947E-1,-1.484730426636E0,
-2.440422900495E0));
#2895=CARTESIAN_POINT('',(-5.156414658238E-1,-1.416713283885E0,
-2.454311789384E0));
#2896=CARTESIAN_POINT('',(-7.538173933411E-1,-1.305650024896E0,
-2.468200678273E0));
#2897=CARTESIAN_POINT('',(-9.690889608117E-1,-1.154915250591E0,
-2.482089567161E0));
#2898=CARTESIAN_POINT('',(-1.154915250591E0,-9.690889608118E-1,
-2.495978456050E0));
#2899=CARTESIAN_POINT('',(-1.305650024896E0,-7.538173933411E-1,
-2.509867344939E0));
#2900=CARTESIAN_POINT('',(-1.416713283885E0,-5.156414658238E-1,
-2.523756233828E0));
#2901=CARTESIAN_POINT('',(-1.484730426636E0,-2.617980332946E-1,
-2.537645122717E0));
#2902=CARTESIAN_POINT('',(-1.507634786682E0,0.E0,-2.551534011606E0));
#2903=CARTESIAN_POINT('',(-1.484730426636E0,2.617980332946E-1,
-2.565422900495E0));
#2904=CARTESIAN_POINT('',(-1.416713283885E0,5.156414658238E-1,
-2.579311789384E0));
#2905=CARTESIAN_POINT('',(-1.305650024896E0,7.538173933411E-1,
-2.593200678273E0));
#2906=CARTESIAN_POINT('',(-1.154915250591E0,9.690889608117E-1,
-2.607089567161E0));
#2907=CARTESIAN_POINT('',(-9.690889608117E-1,1.154915250591E0,
-2.620978456050E0));
#2908=CARTESIAN_POINT('',(-7.538173933411E-1,1.305650024896E0,
-2.634867344939E0));
#2909=CARTESIAN_POINT('',(-5.156414658238E-1,1.416713283885E0,
-2.648756233828E0));
#2910=CARTESIAN_POINT('',(-2.617980332946E-1,1.484730426636E0,
-2.662645122717E0));
#2911=CARTESIAN_POINT('',(0.E0,1.507634786682E0,-2.676534011606E0));
#2912=CARTESIAN_POINT('',(2.617980332946E-1,1.484730426636E0,
-2.690422900495E0));
#2913=CARTESIAN_POINT('',(5.156414658238E-1,1.416713283885E0,
-2.704311789384E0));
#2914=CARTESIAN_POINT('',(7.538173933411E-1,1.305650024896E0,
-2.718200678273E0));
#2915=CARTESIAN_POINT('',(9.690889608117E-1,1.154915250591E0,
-2.732089567161E0));
#2916=CARTESIAN_POINT('',(1.154915250591E0,9.690889608117E-1,
-2.745978456050E0));
#2917=CARTESIAN_POINT('',(1.305650024896E0,7.538173933411E-1,
-2.759867344939E0));
#2918=CARTESIAN_POINT('',(1.416713283885E0,5.156414658238E-1,
-2.773756233828E0));
#2919=CARTESIAN_POINT('',(1.484730426636E0,2.617980332946E-1,
-2.787645122717E0));
#2920=CARTESIAN_POINT('',(1.507634786682E0,0.E0,-2.801534011606E0));
#2921=CARTESIAN_POINT('',(1.484730426636E0,-2.617980332946E-1,
-2.815422900495E0));
#2922=CARTESIAN_POINT('',(1.416713283885E0,-5.156414658238E-1,
-2.829311789384E0));
#2923=CARTESIAN_POINT('',(1.305650024896E0,-7.538173933411E-1,
-2.843200678273E0));
#2924=CARTESIAN_POINT('',(1.154915250591E0,-9.690889608118E-1,
-2.857089567161E0));
#2925=CARTESIAN_POINT('',(9.690889608117E-1,-1.154915250591E0,
-2.870978456050E0));
#2926=CARTESIAN_POINT('',(7.538173933411E-1,-1.305650024896E0,
-2.884867344939E0));
#2927=CARTESIAN_POINT('',(5.156414658238E-1,-1.416713283885E0,
-2.898756233828E0));
#2928=CARTESIAN_POINT('',(2.617980332946E-1,-1.484730426637E0,
-2.912645122717E0));
#2929=CARTESIAN_POINT('',(0.E0,-1.507634786677E0,-2.926534011606E0));
#2930=CARTESIAN_POINT('',(-2.617980332946E-1,-1.484730426656E0,
-2.940422900495E0));
#2931=CARTESIAN_POINT('',(-5.156414658238E-1,-1.416713283808E0,
-2.954311789384E0));
#2932=CARTESIAN_POINT('',(-7.538173933411E-1,-1.305650025185E0,
-2.968200678273E0));
#2933=CARTESIAN_POINT('',(-9.690889608117E-1,-1.154915249511E0,
-2.982089567161E0));
#2934=CARTESIAN_POINT('',(-1.154915250591E0,-9.690889648429E-1,
-2.995978456050E0));
#2935=CARTESIAN_POINT('',(-1.305650024896E0,-7.538173782966E-1,
-3.009867344939E0));
#2936=CARTESIAN_POINT('',(-1.416713283885E0,-5.156415219706E-1,
-3.023756233828E0));
#2937=CARTESIAN_POINT('',(-1.484730426636E0,-2.617978237521E-1,
-3.037645122717E0));
#2938=CARTESIAN_POINT('',(-1.5E0,-8.726646259972E-2,-3.046904381976E0));
#2939=CARTESIAN_POINT('',(-1.5E0,0.E0,-3.051534011606E0));
#2941=CURVE_STYLE('',#25,POSITIVE_LENGTH_MEASURE(2.E-2),#13);
#2942=PRESENTATION_STYLE_ASSIGNMENT((#2941));
#2943=STYLED_ITEM('',(#2942),#2940);
#2944=CARTESIAN_POINT('',(1.196305009678E0,9.049056988540E-1,-2.5E-1));
#2945=CARTESIAN_POINT('',(1.248687470229E0,8.356549470298E-1,
-2.546065173081E-1));
#2946=CARTESIAN_POINT('',(1.341395019514E0,6.880349523847E-1,
-2.638195519242E-1));
#2947=CARTESIAN_POINT('',(1.440104379320E0,4.459060813730E-1,
-2.776391038485E-1));
#2948=CARTESIAN_POINT('',(1.495491403925E0,1.903634400709E-1,
-2.914586557727E-1));
#2949=CARTESIAN_POINT('',(1.505890155591E0,-7.090590544838E-2,
-3.052782076970E-1));
#2950=CARTESIAN_POINT('',(1.470987745444E0,-3.300421955996E-1,
-3.190977596212E-1));
#2951=CARTESIAN_POINT('',(1.391834147987E0,-5.792499510387E-1,
-3.329173115454E-1));
#2952=CARTESIAN_POINT('',(1.270810507389E0,-8.110323388388E-1,
-3.467368634697E-1));
#2953=CARTESIAN_POINT('',(1.111557535247E0,-1.018416735154E0,
-3.605564153939E-1));
#2954=CARTESIAN_POINT('',(9.188659806461E-1,-1.195164469913E0,
-3.743759673181E-1));
#2955=CARTESIAN_POINT('',(6.985325138641E-1,-1.335958505204E0,
-3.881955192424E-1));
#2956=CARTESIAN_POINT('',(4.571853466850E-1,-1.436563385069E0,
-4.020150711666E-1));
#2957=CARTESIAN_POINT('',(2.020848384558E-1,-1.493952649388E0,
-4.158346230909E-1));
#2958=CARTESIAN_POINT('',(-5.909491471202E-2,-1.506399877722E0,
-4.296541750151E-1));
#2959=CARTESIAN_POINT('',(-3.184969369827E-1,-1.473530624615E0,
-4.434737269393E-1));
#2960=CARTESIAN_POINT('',(-5.683177313555E-1,-1.396333683893E0,
-4.572932788636E-1));
#2961=CARTESIAN_POINT('',(-8.010420294349E-1,-1.277131343138E0,
-4.711128307878E-1));
#2962=CARTESIAN_POINT('',(-1.009668870526E0,-1.119509523156E0,
-4.849323827121E-1));
#2963=CARTESIAN_POINT('',(-1.187922208997E0,-9.282099040192E-1,
-4.987519346363E-1));
#2964=CARTESIAN_POINT('',(-1.330439714284E0,-7.089872828218E-1,
-5.125714865605E-1));
#2965=CARTESIAN_POINT('',(-1.432934083940E0,-4.684364542079E-1,
-5.263910384848E-1));
#2966=CARTESIAN_POINT('',(-1.492322016996E0,-2.137938215534E-1,
-5.402105904090E-1));
#2967=CARTESIAN_POINT('',(-1.506816967793E0,4.728029313313E-2,
-5.540301423333E-1));
#2968=CARTESIAN_POINT('',(-1.475982889978E0,3.069320919008E-1,
-5.678496942575E-1));
#2969=CARTESIAN_POINT('',(-1.400747353938E0,5.573505638127E-1,
-5.816692461817E-1));
#2970=CARTESIAN_POINT('',(-1.283373643030E0,7.910024607568E-1,
-5.954887981060E-1));
#2971=CARTESIAN_POINT('',(-1.127392668050E0,1.000858917418E0,
-6.093083500302E-1));
#2972=CARTESIAN_POINT('',(-9.374967481241E-1,1.180606898084E0,
-6.231279019544E-1));
#2973=CARTESIAN_POINT('',(-7.193984533736E-1,1.324839109413E0,
-6.369474538787E-1));
#2974=CARTESIAN_POINT('',(-4.796587557370E-1,1.429216666077E0,
-6.507670058029E-1));
#2975=CARTESIAN_POINT('',(-2.254896576312E-1,1.490599615875E0,
-6.645865577272E-1));
#2976=CARTESIAN_POINT('',(3.546276410376E-2,1.507141397782E0,
-6.784061096514E-1));
#2977=CARTESIAN_POINT('',(2.953483723616E-1,1.478344391368E0,
-6.922256615756E-1));
#2978=CARTESIAN_POINT('',(5.463491225995E-1,1.405074886539E0,
-7.060452134999E-1));
#2979=CARTESIAN_POINT('',(7.809142502374E-1,1.289537023246E0,
-7.198647654241E-1));
#2980=CARTESIAN_POINT('',(9.919874175721E-1,1.135206485149E0,
-7.336843173484E-1));
#2981=CARTESIAN_POINT('',(1.173218987026E0,9.467259418798E-1,
-7.475038692726E-1));
#2982=CARTESIAN_POINT('',(1.319157034993E0,7.297653852951E-1,
-7.613234211968E-1));
#2983=CARTESIAN_POINT('',(1.425411360080E0,4.908515611694E-1,
-7.751429731211E-1));
#2984=CARTESIAN_POINT('',(1.488785551942E0,2.371716274661E-1,
-7.889625250453E-1));
#2985=CARTESIAN_POINT('',(1.507373147740E0,-2.364305433E-2,-8.027820769695E-1));
#2986=CARTESIAN_POINT('',(1.480614983568E0,-2.837464906935E-1,
-8.166016288938E-1));
#2987=CARTESIAN_POINT('',(1.409316015578E0,-5.353140842374E-1,
-8.304211808180E-1));
#2988=CARTESIAN_POINT('',(1.295621104777E0,-7.707780182402E-1,
-8.442407327423E-1));
#2989=CARTESIAN_POINT('',(1.142950493953E0,-9.830549165324E-1,
-8.580602846665E-1));
#2990=CARTESIAN_POINT('',(9.558969177469E-1,-1.165758930135E0,
-8.718798365907E-1));
#2991=CARTESIAN_POINT('',(7.400874410830E-1,-1.313393840437E0,
-8.856993885150E-1));
#2992=CARTESIAN_POINT('',(5.020141822156E-1,-1.421518399951E0,
-8.995189404392E-1));
#2993=CARTESIAN_POINT('',(2.488390126881E-1,-1.486879936752E0,
-9.133384923635E-1));
#2994=CARTESIAN_POINT('',(-1.182189065220E-2,-1.507512203411E0,
-9.271580442877E-1));
#2995=CARTESIAN_POINT('',(-2.721271603416E-1,-1.482794526970E0,
-9.409775962119E-1));
#2996=CARTESIAN_POINT('',(-5.242461273143E-1,-1.413470480176E0,
-9.547971481362E-1));
#2997=CARTESIAN_POINT('',(-7.605943880818E-1,-1.301625513771E0,
-9.686167000604E-1));
#2998=CARTESIAN_POINT('',(-9.740619635931E-1,-1.150624217198E0,
-9.824362519847E-1));
#2999=CARTESIAN_POINT('',(-1.158227186158E0,-9.650091156976E-1,
-9.962558039089E-1));
#3000=CARTESIAN_POINT('',(-1.307549880146E0,-7.503639713214E-1,
-1.010075355833E0));
#3001=CARTESIAN_POINT('',(-1.417538025086E0,-5.131459871994E-1,
-1.023894907757E0));
#3002=CARTESIAN_POINT('',(-1.484882887484E0,-2.604908914674E-1,
-1.037714459682E0));
#3003=CARTESIAN_POINT('',(-1.5E0,-8.683080560218E-2,-1.046927494298E0));
#3004=CARTESIAN_POINT('',(-1.5E0,0.E0,-1.051534011606E0));
#3006=CURVE_STYLE('',#25,POSITIVE_LENGTH_MEASURE(2.E-2),#13);
#3007=PRESENTATION_STYLE_ASSIGNMENT((#3006));
#3008=STYLED_ITEM('',(#3007),#3005);
#3009=CARTESIAN_POINT('',(1.196305009678E0,9.049056988540E-1,-2.5E-1));
#3010=CARTESIAN_POINT('',(1.234892596121E0,8.379352770088E-1,
-2.596262622731E-1));
#3011=CARTESIAN_POINT('',(1.301060558741E0,6.989324100294E-1,
-2.789237577441E-1));
#3012=CARTESIAN_POINT('',(1.365621230199E0,4.807434322139E-1,
-3.080038716170E-1));
#3013=CARTESIAN_POINT('',(1.394730359398E0,2.585220929645E-1,
-3.372209824799E-1));
#3014=CARTESIAN_POINT('',(1.388552531579E0,3.798654548199E-2,
-3.665727849715E-1));
#3015=CARTESIAN_POINT('',(1.348142662495E0,-1.754020058576E-1,
-3.960755433496E-1));
#3016=CARTESIAN_POINT('',(1.275444493492E0,-3.762753382049E-1,
-4.257225469300E-1));
#3017=CARTESIAN_POINT('',(1.173224281321E0,-5.597746841087E-1,
-4.555208087111E-1));
#3018=CARTESIAN_POINT('',(1.087737065950E0,-6.676255359914E-1,
-4.754898323298E-1));
#3019=CARTESIAN_POINT('',(1.041356969701E0,-7.173115861708E-1,-4.855E-1));
#3021=CURVE_STYLE('',#25,POSITIVE_LENGTH_MEASURE(2.E-2),#13);
#3022=PRESENTATION_STYLE_ASSIGNMENT((#3021));
#3023=STYLED_ITEM('',(#3022),#3020);
#3024=CARTESIAN_POINT('',(0.E0,0.E0,-4.855E-1));
#3025=DIRECTION('',(0.E0,0.E0,1.E0));
#3026=DIRECTION('',(8.235325976284E-1,-5.672689491268E-1,0.E0));
#3027=AXIS2_PLACEMENT_3D('',#3024,#3025,#3026);
#3029=CURVE_STYLE('',#25,POSITIVE_LENGTH_MEASURE(2.E-2),#13);
#3030=PRESENTATION_STYLE_ASSIGNMENT((#3029));
#3031=STYLED_ITEM('',(#3030),#3028);
#3032=CARTESIAN_POINT('',(-1.374177605145E0,0.E0,-3.758223948547E-1));
#3033=CARTESIAN_POINT('',(-1.371411327017E0,7.534886552379E-2,
-3.785886729828E-1));
#3034=CARTESIAN_POINT('',(-1.353517789471E0,2.253936529603E-1,
-3.841300044927E-1));
#3035=CARTESIAN_POINT('',(-1.289445198745E0,4.438849674762E-1,
-3.925313316771E-1));
#3036=CARTESIAN_POINT('',(-1.191838897249E0,6.450557848577E-1,
-4.008329763044E-1));
#3037=CARTESIAN_POINT('',(-1.063901212406E0,8.262091406406E-1,
-4.091173139833E-1));
#3038=CARTESIAN_POINT('',(-9.055039514871E-1,9.861016125634E-1,
-4.175762129890E-1));
#3039=CARTESIAN_POINT('',(-7.215286800273E-1,1.117572712589E0,
-4.261278543419E-1));
#3040=CARTESIAN_POINT('',(-5.200196578221E-1,1.214832955031E0,
-4.346464379982E-1));
#3041=CARTESIAN_POINT('',(-3.108938098305E-1,1.275726304978E0,
-4.429915881638E-1));
#3042=CARTESIAN_POINT('',(-9.132457028443E-2,1.301593145996E0,
-4.515165135971E-1));
#3043=CARTESIAN_POINT('',(1.300559148270E-1,1.289556873526E0,
-4.601209621461E-1));
#3044=CARTESIAN_POINT('',(3.423227820691E-1,1.241028358929E0,
-4.686289605401E-1));
#3045=CARTESIAN_POINT('',(5.402539146366E-1,1.159165150834E0,
-4.770537830219E-1));
#3046=CARTESIAN_POINT('',(6.608219908529E-1,1.083685412924E0,
-4.826859405713E-1));
#3047=CARTESIAN_POINT('',(7.173115861708E-1,1.041356969701E0,-4.855E-1));
#3049=CURVE_STYLE('',#25,POSITIVE_LENGTH_MEASURE(2.E-2),#13);
#3050=PRESENTATION_STYLE_ASSIGNMENT((#3049));
#3051=STYLED_ITEM('',(#3050),#3048);
#3052=CARTESIAN_POINT('',(0.E0,0.E0,-2.5E-1));
#3053=DIRECTION('',(0.E0,0.E0,-1.E0));
#3054=DIRECTION('',(7.975366731189E-1,6.032704659027E-1,0.E0));
#3055=AXIS2_PLACEMENT_3D('',#3052,#3053,#3054);
#3057=CURVE_STYLE('',#25,POSITIVE_LENGTH_MEASURE(2.E-2),#13);
#3058=PRESENTATION_STYLE_ASSIGNMENT((#3057));
#3059=STYLED_ITEM('',(#3058),#3056);
#3060=CARTESIAN_POINT('',(0.E0,0.E0,-2.5E-1));
#3061=DIRECTION('',(0.E0,0.E0,-1.E0));
#3062=DIRECTION('',(1.E0,0.E0,0.E0));
#3063=AXIS2_PLACEMENT_3D('',#3060,#3061,#3062);
#3065=CURVE_STYLE('',#25,POSITIVE_LENGTH_MEASURE(2.E-2),#13);
#3066=PRESENTATION_STYLE_ASSIGNMENT((#3065));
#3067=STYLED_ITEM('',(#3066),#3064);
#3068=DIRECTION('',(7.071067811865E-1,0.E0,7.071067811865E-1));
#3069=VECTOR('',#3068,3.535533905933E-1);
#3070=CARTESIAN_POINT('',(1.5E0,0.E0,-2.5E-1));
#3071=LINE('',#3070,#3069);
#3072=CURVE_STYLE('',#25,POSITIVE_LENGTH_MEASURE(2.E-2),#13);
#3073=PRESENTATION_STYLE_ASSIGNMENT((#3072));
#3074=STYLED_ITEM('',(#3073),#3071);
#3075=DIRECTION('',(-7.071067811865E-1,0.E0,7.071067811865E-1));
#3076=VECTOR('',#3075,5.314931278471E-1);
#3077=CARTESIAN_POINT('',(-1.374177605145E0,0.E0,-3.758223948547E-1));
#3078=LINE('',#3077,#3076);
#3079=CURVE_STYLE('',#25,POSITIVE_LENGTH_MEASURE(2.E-2),#13);
#3080=PRESENTATION_STYLE_ASSIGNMENT((#3079));
#3081=STYLED_ITEM('',(#3080),#3078);
#3082=CARTESIAN_POINT('',(1.196305009678E0,-9.049056988540E-1,-2.5E-1));
#3083=CARTESIAN_POINT('',(1.144647188773E0,-9.686276933266E-1,
-2.527574093320E-1));
#3084=CARTESIAN_POINT('',(1.031120187531E0,-1.087309118076E0,
-2.582744966952E-1));
#3085=CARTESIAN_POINT('',(8.339729980074E-1,-1.234867027573E0,
-2.665931068392E-1));
#3086=CARTESIAN_POINT('',(6.182314291800E-1,-1.346578128479E0,
-2.748461770777E-1));
#3087=CARTESIAN_POINT('',(3.883896547656E-1,-1.421432126053E0,
-2.831036693177E-1));
#3088=CARTESIAN_POINT('',(1.471130584849E-1,-1.457966970632E0,
-2.914859691047E-1));
#3089=CARTESIAN_POINT('',(-9.901453332439E-2,-1.453522583649E0,
-2.999901918360E-1));
#3090=CARTESIAN_POINT('',(-3.375658836023E-1,-1.408275439591E0,
-3.084284561052E-1));
#3091=CARTESIAN_POINT('',(-5.608288263264E-1,-1.326116754506E0,
-3.167444067761E-1));
#3092=CARTESIAN_POINT('',(-7.698099992516E-1,-1.207006365959E0,
-3.252013297017E-1));
#3093=CARTESIAN_POINT('',(-9.564568997314E-1,-1.053654147038E0,
-3.337441052042E-1));
#3094=CARTESIAN_POINT('',(-1.112280023874E0,-8.735293347703E-1,
-3.422187096400E-1));
#3095=CARTESIAN_POINT('',(-1.233324316756E0,-6.746706578225E-1,
-3.505525048154E-1));
#3096=CARTESIAN_POINT('',(-1.319986775347E0,-4.592018709215E-1,
-3.589152975012E-1));
#3097=CARTESIAN_POINT('',(-1.369852251723E0,-2.305339573805E-1,
-3.673937224628E-1));
#3098=CARTESIAN_POINT('',(-1.376987700180E0,-7.654236599032E-2,
-3.730122998195E-1));
#3099=CARTESIAN_POINT('',(-1.374177605145E0,0.E0,-3.758223948547E-1));
#3101=CURVE_STYLE('',#25,POSITIVE_LENGTH_MEASURE(2.E-2),#13);
#3102=PRESENTATION_STYLE_ASSIGNMENT((#3101));
#3103=STYLED_ITEM('',(#3102),#3100);
#3104=DIRECTION('',(-8.660254037844E-1,0.E0,5.E-1));
#3105=VECTOR('',#3104,2.719319767883E-1);
#3106=CARTESIAN_POINT('',(-1.2645E0,0.E0,-1.1875E0));
#3107=LINE('',#3106,#3105);
#3108=CURVE_STYLE('',#25,POSITIVE_LENGTH_MEASURE(2.E-2),#13);
#3109=PRESENTATION_STYLE_ASSIGNMENT((#3108));
#3110=STYLED_ITEM('',(#3109),#3107);
#3111=DIRECTION('',(-8.660254037844E-1,0.E0,5.E-1));
#3112=VECTOR('',#3111,2.719319767883E-1);
#3113=CARTESIAN_POINT('',(-1.2645E0,0.E0,-3.1875E0));
#3114=LINE('',#3113,#3112);
#3115=CURVE_STYLE('',#25,POSITIVE_LENGTH_MEASURE(2.E-2),#13);
#3116=PRESENTATION_STYLE_ASSIGNMENT((#3115));
#3117=STYLED_ITEM('',(#3116),#3114);
#3118=DIRECTION('',(-8.660254037844E-1,3.566460262143E-14,5.E-1));
#3119=VECTOR('',#3118,2.719319767883E-1);
#3120=CARTESIAN_POINT('',(-1.2645E0,0.E0,-5.1875E0));
#3121=LINE('',#3120,#3119);
#3122=CURVE_STYLE('',#25,POSITIVE_LENGTH_MEASURE(2.E-2),#13);
#3123=PRESENTATION_STYLE_ASSIGNMENT((#3122));
#3124=STYLED_ITEM('',(#3123),#3121);
#3125=DIRECTION('',(-8.660254037844E-1,-1.279006451108E-14,5.E-1));
#3126=VECTOR('',#3125,2.719319767883E-1);
#3127=CARTESIAN_POINT('',(-1.2645E0,0.E0,-7.1875E0));
#3128=LINE('',#3127,#3126);
#3129=CURVE_STYLE('',#25,POSITIVE_LENGTH_MEASURE(2.E-2),#13);
#3130=PRESENTATION_STYLE_ASSIGNMENT((#3129));
#3131=STYLED_ITEM('',(#3130),#3128);
#3132=CARTESIAN_POINT('',(-1.5E0,0.E0,-7.051534011606E0));
#3133=CARTESIAN_POINT('',(-1.5E0,8.605080854593E-2,-7.056099148785E0));
#3134=CARTESIAN_POINT('',(-1.485153927251E0,2.581509676826E-1,
-7.065229423143E0));
#3135=CARTESIAN_POINT('',(-1.419004561459E0,5.086750617014E-1,
-7.078924834680E0));
#3136=CARTESIAN_POINT('',(-1.310929383651E0,7.441695645486E-1,
-7.092620246217E0));
#3137=CARTESIAN_POINT('',(-1.164121575661E0,9.576769679132E-1,
-7.106315657754E0));
#3138=CARTESIAN_POINT('',(-9.829187109726E-1,1.142888890449E0,
-7.120011069292E0));
#3139=CARTESIAN_POINT('',(-7.726745970714E-1,1.294333101768E0,
-7.133706480829E0));
#3140=CARTESIAN_POINT('',(-5.396010922108E-1,1.407535033906E0,
-7.147401892366E0));
#3141=CARTESIAN_POINT('',(-2.905845702730E-1,1.479150032339E0,
-7.161097303903E0));
#3142=CARTESIAN_POINT('',(-3.298245643574E-2,1.507062164658E0,
-7.174792715440E0));
#3143=CARTESIAN_POINT('',(2.255941548105E-1,1.490446741052E0,
-7.188488126977E0));
#3144=CARTESIAN_POINT('',(4.775053765410E-1,1.429794679654E0,
-7.202183538514E0));
#3145=CARTESIAN_POINT('',(7.153082569755E-1,1.326898002145E0,
-7.215878950052E0));
#3146=CARTESIAN_POINT('',(9.319766884233E-1,1.184796886740E0,
-7.229574361589E0));
#3147=CARTESIAN_POINT('',(1.121109000183E0,1.007689843306E0,-7.243269773126E0));
#3148=CARTESIAN_POINT('',(1.277117101867E0,8.008096644720E-1,
-7.256965184663E0));
#3149=CARTESIAN_POINT('',(1.395391588741E0,5.702688178957E-1,
-7.270660596200E0));
#3150=CARTESIAN_POINT('',(1.472437930880E0,3.228788477102E-1,
-7.284356007737E0));
#3151=CARTESIAN_POINT('',(1.505979722313E0,6.594912110605E-2,
-7.298051419274E0));
#3152=CARTESIAN_POINT('',(1.495025939557E0,-1.929291337335E-1,
-7.311746830812E0));
#3153=CARTESIAN_POINT('',(1.439900222332E0,-4.461071175427E-1,
-7.325442242349E0));
#3154=CARTESIAN_POINT('',(1.342231311318E0,-6.861044508754E-1,
-7.339137653886E0));
#3155=CARTESIAN_POINT('',(1.204904925501E0,-9.058301888852E-1,
-7.352833065423E0));
#3156=CARTESIAN_POINT('',(1.031978500913E0,-1.098792329899E0,
-7.366528476960E0));
#3157=CARTESIAN_POINT('',(8.285613099042E-1,-1.259289627656E0,
-7.380223888497E0));
#3158=CARTESIAN_POINT('',(6.006635029288E-1,-1.382580039941E0,
-7.393919300034E0));
#3159=CARTESIAN_POINT('',(3.550185330528E-1,-1.465020836637E0,
-7.407614711571E0));
#3160=CARTESIAN_POINT('',(9.888420980651E-2,-1.504176227589E0,
-7.421310123109E0));
#3161=CARTESIAN_POINT('',(-1.601717395602E-1,-1.498889330284E0,
-7.435005534646E0));
#3162=CARTESIAN_POINT('',(-4.144952656314E-1,-1.449316351030E0,
-7.448700946183E0));
#3163=CARTESIAN_POINT('',(-6.565721428469E-1,-1.356921969691E0,
-7.462396357720E0));
#3164=CARTESIAN_POINT('',(-8.792499842990E-1,-1.224436064359E0,
-7.476091769257E0));
#3165=CARTESIAN_POINT('',(-1.075949565668E0,-1.055773054559E0,
-7.489787180794E0));
#3166=CARTESIAN_POINT('',(-1.240859214534E0,-8.559162460777E-1,
-7.503482592331E0));
#3167=CARTESIAN_POINT('',(-1.369106521656E0,-6.307705945514E-1,
-7.517178003869E0));
#3168=CARTESIAN_POINT('',(-1.456902300844E0,-3.869882380483E-1,
-7.530873415406E0));
#3169=CARTESIAN_POINT('',(-1.501652543992E0,-1.317719534510E-1,
-7.544568826943E0));
#3170=CARTESIAN_POINT('',(-1.502035063466E0,1.273376562979E-1,
-7.558264238480E0));
#3171=CARTESIAN_POINT('',(-1.458038557373E0,3.826849563365E-1,
-7.571959650017E0));
#3172=CARTESIAN_POINT('',(-1.370962943482E0,6.267254727491E-1,
-7.585655061554E0));
#3173=CARTESIAN_POINT('',(-1.243380951943E0,8.522488010773E-1,
-7.599350473091E0));
#3174=CARTESIAN_POINT('',(-1.079062111580E0,1.052591644442E0,
-7.613045884629E0));
#3175=CARTESIAN_POINT('',(-8.828613756406E-1,1.221834686846E0,
-7.626741296166E0));
#3176=CARTESIAN_POINT('',(-6.605756777140E-1,1.354977484928E0,
-7.640436707703E0));
#3177=CARTESIAN_POINT('',(-4.187726557859E-1,1.448086210540E0,
-7.654132119240E0));
#3178=CARTESIAN_POINT('',(-1.645966057848E-1,1.498409880058E0,
-7.667827530777E0));
#3179=CARTESIAN_POINT('',(9.444260527943E-2,1.504461632146E0,
-7.681522942314E0));
#3180=CARTESIAN_POINT('',(3.506914179411E-1,1.466062668228E0,
-7.695218353851E0));
#3181=CARTESIAN_POINT('',(5.965787394151E-1,1.384347498787E0,
-7.708913765389E0));
#3182=CARTESIAN_POINT('',(8.248395356212E-1,1.261730559317E0,
-7.722609176926E0));
#3183=CARTESIAN_POINT('',(1.028729867662E0,1.101834365558E0,-7.736304588463E0));
#3184=CARTESIAN_POINT('',(1.144393098316E0,9.735343744209E-1,
-7.745434862821E0));
#3185=CARTESIAN_POINT('',(1.196305009678E0,9.049056988540E-1,-7.75E0));
#3187=CURVE_STYLE('',#25,POSITIVE_LENGTH_MEASURE(2.E-2),#13);
#3188=PRESENTATION_STYLE_ASSIGNMENT((#3187));
#3189=STYLED_ITEM('',(#3188),#3186);
#3190=DIRECTION('',(0.E0,0.E0,1.E0));
#3191=VECTOR('',#3190,1.030680232117E-1);
#3192=CARTESIAN_POINT('',(-1.5E0,0.E0,-7.051534011606E0));
#3193=LINE('',#3192,#3191);
#3194=CURVE_STYLE('',#25,POSITIVE_LENGTH_MEASURE(2.E-2),#13);
#3195=PRESENTATION_STYLE_ASSIGNMENT((#3194));
#3196=STYLED_ITEM('',(#3195),#3193);
#3197=CARTESIAN_POINT('',(-2.886751345948E0,0.E0,0.E0));
#3198=CARTESIAN_POINT('',(-1.443375672974E0,2.5E0,0.E0));
#3199=VERTEX_POINT('',#3197);
#3200=VERTEX_POINT('',#3198);
#3201=CARTESIAN_POINT('',(1.443375672974E0,2.5E0,0.E0));
#3202=VERTEX_POINT('',#3201);
#3203=CARTESIAN_POINT('',(2.886751345948E0,0.E0,0.E0));
#3204=VERTEX_POINT('',#3203);
#3205=CARTESIAN_POINT('',(1.443375672974E0,-2.5E0,0.E0));
#3206=VERTEX_POINT('',#3205);
#3207=CARTESIAN_POINT('',(-1.443375672974E0,-2.5E0,0.E0));
#3208=VERTEX_POINT('',#3207);
#3209=CARTESIAN_POINT('',(-2.886751345948E0,0.E0,-8.E0));
#3210=CARTESIAN_POINT('',(-1.443375672974E0,2.5E0,-8.E0));
#3211=VERTEX_POINT('',#3209);
#3212=VERTEX_POINT('',#3210);
#3213=CARTESIAN_POINT('',(1.443375672974E0,2.5E0,-8.E0));
#3214=VERTEX_POINT('',#3213);
#3215=CARTESIAN_POINT('',(2.886751345948E0,0.E0,-8.E0));
#3216=VERTEX_POINT('',#3215);
#3217=CARTESIAN_POINT('',(1.443375672974E0,-2.5E0,-8.E0));
#3218=VERTEX_POINT('',#3217);
#3219=CARTESIAN_POINT('',(-1.443375672974E0,-2.5E0,-8.E0));
#3220=VERTEX_POINT('',#3219);
#3221=CARTESIAN_POINT('',(-1.75E0,0.E0,0.E0));
#3222=CARTESIAN_POINT('',(1.75E0,0.E0,0.E0));
#3223=VERTEX_POINT('',#3221);
#3224=VERTEX_POINT('',#3222);
#3225=CARTESIAN_POINT('',(-1.75E0,0.E0,-8.E0));
#3226=CARTESIAN_POINT('',(1.75E0,0.E0,-8.E0));
#3227=VERTEX_POINT('',#3225);
#3228=VERTEX_POINT('',#3226);
#3229=CARTESIAN_POINT('',(-1.5E0,0.E0,-1.051534011606E0));
#3230=CARTESIAN_POINT('',(-1.5E0,0.E0,-9.484659883942E-1));
#3231=VERTEX_POINT('',#3229);
#3232=VERTEX_POINT('',#3230);
#3233=CARTESIAN_POINT('',(-1.5E0,0.E0,-3.051534011606E0));
#3234=CARTESIAN_POINT('',(-1.5E0,0.E0,-2.948465988394E0));
#3235=VERTEX_POINT('',#3233);
#3236=VERTEX_POINT('',#3234);
#3237=CARTESIAN_POINT('',(-1.5E0,1.692773116060E-14,-5.051534011606E0));
#3238=CARTESIAN_POINT('',(-1.5E0,1.691382482384E-14,-4.948465988394E0));
#3239=VERTEX_POINT('',#3237);
#3240=VERTEX_POINT('',#3238);
#3241=CARTESIAN_POINT('',(-1.5E0,0.E0,-7.051534011606E0));
#3242=CARTESIAN_POINT('',(-1.5E0,0.E0,-6.948465988394E0));
#3243=VERTEX_POINT('',#3241);
#3244=VERTEX_POINT('',#3242);
#3245=VERTEX_POINT('',#339);
#3246=VERTEX_POINT('',#359);
#3247=VERTEX_POINT('',#364);
#3248=VERTEX_POINT('',#384);
#3249=VERTEX_POINT('',#389);
#3250=VERTEX_POINT('',#409);
#3251=VERTEX_POINT('',#439);
#3252=VERTEX_POINT('',#459);
#3253=VERTEX_POINT('',#489);
#3254=VERTEX_POINT('',#509);
#3255=VERTEX_POINT('',#414);
#3256=VERTEX_POINT('',#434);
#3257=VERTEX_POINT('',#464);
#3258=VERTEX_POINT('',#484);
#3259=VERTEX_POINT('',#514);
#3260=VERTEX_POINT('',#534);
#3261=VERTEX_POINT('',#539);
#3262=VERTEX_POINT('',#559);
#3263=VERTEX_POINT('',#564);
#3264=VERTEX_POINT('',#584);
#3265=VERTEX_POINT('',#589);
#3266=VERTEX_POINT('',#609);
#3267=VERTEX_POINT('',#639);
#3268=VERTEX_POINT('',#659);
#3269=VERTEX_POINT('',#689);
#3270=VERTEX_POINT('',#709);
#3271=VERTEX_POINT('',#614);
#3272=VERTEX_POINT('',#634);
#3273=VERTEX_POINT('',#664);
#3274=VERTEX_POINT('',#684);
#3275=VERTEX_POINT('',#714);
#3276=VERTEX_POINT('',#734);
#3277=VERTEX_POINT('',#739);
#3278=VERTEX_POINT('',#759);
#3279=VERTEX_POINT('',#764);
#3280=VERTEX_POINT('',#784);
#3281=VERTEX_POINT('',#789);
#3282=VERTEX_POINT('',#809);
#3283=VERTEX_POINT('',#839);
#3284=VERTEX_POINT('',#859);
#3285=VERTEX_POINT('',#889);
#3286=VERTEX_POINT('',#909);
#3287=VERTEX_POINT('',#814);
#3288=VERTEX_POINT('',#834);
#3289=VERTEX_POINT('',#864);
#3290=VERTEX_POINT('',#884);
#3291=VERTEX_POINT('',#914);
#3292=VERTEX_POINT('',#934);
#3293=VERTEX_POINT('',#939);
#3294=VERTEX_POINT('',#959);
#3295=VERTEX_POINT('',#964);
#3296=VERTEX_POINT('',#984);
#3297=VERTEX_POINT('',#1027);
#3298=VERTEX_POINT('',#1043);
#3299=CARTESIAN_POINT('',(1.196305009678E0,9.049056988540E-1,-2.5E-1));
#3300=CARTESIAN_POINT('',(1.5E0,0.E0,-2.5E-1));
#3301=VERTEX_POINT('',#3299);
#3302=VERTEX_POINT('',#3300);
#3303=VERTEX_POINT('',#3032);
#3304=VERTEX_POINT('',#3047);
#3305=VERTEX_POINT('',#1094);
#3306=VERTEX_POINT('',#1874);
#3307=CARTESIAN_POINT('',(1.196305009678E0,-9.049056988540E-1,-2.5E-1));
#3308=VERTEX_POINT('',#3307);
#3309=CARTESIAN_POINT('',(-1.374177605145E0,0.E0,-7.624177605145E0));
#3310=VERTEX_POINT('',#3309);
#3311=CARTESIAN_POINT('',(1.5E0,0.E0,-7.75E0));
#3312=VERTEX_POINT('',#3311);
#3313=CARTESIAN_POINT('',(7.173115861708E-1,-1.041356969701E0,-7.5145E0));
#3314=VERTEX_POINT('',#3313);
#3315=CARTESIAN_POINT('',(1.196305009678E0,9.049056988540E-1,-7.75E0));
#3316=VERTEX_POINT('',#3315);
#3317=CARTESIAN_POINT('',(1.196305009678E0,-9.049056988540E-1,-7.75E0));
#3318=VERTEX_POINT('',#3317);
#3319=CARTESIAN_POINT('',(0.E0,0.E0,0.E0));
#3320=DIRECTION('',(0.E0,0.E0,-1.E0));
#3321=DIRECTION('',(-1.E0,0.E0,0.E0));
#3322=AXIS2_PLACEMENT_3D('',#3319,#3320,#3321);
#3323=PLANE('',#3322);
#3325=ORIENTED_EDGE('',*,*,#3324,.T.);
#3327=ORIENTED_EDGE('',*,*,#3326,.T.);
#3329=ORIENTED_EDGE('',*,*,#3328,.T.);
#3331=ORIENTED_EDGE('',*,*,#3330,.T.);
#3333=ORIENTED_EDGE('',*,*,#3332,.T.);
#3335=ORIENTED_EDGE('',*,*,#3334,.T.);
#3336=EDGE_LOOP('',(#3325,#3327,#3329,#3331,#3333,#3335));
#3337=FACE_OUTER_BOUND('',#3336,.F.);
#3339=ORIENTED_EDGE('',*,*,#3338,.F.);
#3341=ORIENTED_EDGE('',*,*,#3340,.F.);
#3342=EDGE_LOOP('',(#3339,#3341));
#3343=FACE_BOUND('',#3342,.F.);
#3345=CARTESIAN_POINT('',(-2.886751345948E0,0.E0,0.E0));
#3346=DIRECTION('',(-8.660254037844E-1,5.E-1,0.E0));
#3347=DIRECTION('',(5.E-1,8.660254037844E-1,0.E0));
#3348=AXIS2_PLACEMENT_3D('',#3345,#3346,#3347);
#3349=PLANE('',#3348);
#3350=ORIENTED_EDGE('',*,*,#3324,.F.);
#3352=ORIENTED_EDGE('',*,*,#3351,.T.);
#3354=ORIENTED_EDGE('',*,*,#3353,.T.);
#3356=ORIENTED_EDGE('',*,*,#3355,.F.);
#3357=EDGE_LOOP('',(#3350,#3352,#3354,#3356));
#3358=FACE_OUTER_BOUND('',#3357,.F.);
#3360=CARTESIAN_POINT('',(-1.443375672974E0,-2.5E0,0.E0));
#3361=DIRECTION('',(-8.660254037844E-1,-5.E-1,0.E0));
#3362=DIRECTION('',(-5.E-1,8.660254037844E-1,0.E0));
#3363=AXIS2_PLACEMENT_3D('',#3360,#3361,#3362);
#3364=PLANE('',#3363);
#3365=ORIENTED_EDGE('',*,*,#3334,.F.);
#3367=ORIENTED_EDGE('',*,*,#3366,.T.);
#3369=ORIENTED_EDGE('',*,*,#3368,.T.);
#3370=ORIENTED_EDGE('',*,*,#3351,.F.);
#3371=EDGE_LOOP('',(#3365,#3367,#3369,#3370));
#3372=FACE_OUTER_BOUND('',#3371,.F.);
#3374=CARTESIAN_POINT('',(1.443375672974E0,-2.5E0,0.E0));
#3375=DIRECTION('',(0.E0,-1.E0,0.E0));
#3376=DIRECTION('',(-1.E0,0.E0,0.E0));
#3377=AXIS2_PLACEMENT_3D('',#3374,#3375,#3376);
#3378=PLANE('',#3377);
#3379=ORIENTED_EDGE('',*,*,#3332,.F.);
#3381=ORIENTED_EDGE('',*,*,#3380,.T.);
#3383=ORIENTED_EDGE('',*,*,#3382,.T.);
#3384=ORIENTED_EDGE('',*,*,#3366,.F.);
#3385=EDGE_LOOP('',(#3379,#3381,#3383,#3384));
#3386=FACE_OUTER_BOUND('',#3385,.F.);
#3388=CARTESIAN_POINT('',(2.886751345948E0,0.E0,0.E0));
#3389=DIRECTION('',(8.660254037844E-1,-5.E-1,0.E0));
#3390=DIRECTION('',(-5.E-1,-8.660254037844E-1,0.E0));
#3391=AXIS2_PLACEMENT_3D('',#3388,#3389,#3390);
#3392=PLANE('',#3391);
#3393=ORIENTED_EDGE('',*,*,#3330,.F.);
#3395=ORIENTED_EDGE('',*,*,#3394,.T.);
#3397=ORIENTED_EDGE('',*,*,#3396,.T.);
#3398=ORIENTED_EDGE('',*,*,#3380,.F.);
#3399=EDGE_LOOP('',(#3393,#3395,#3397,#3398));
#3400=FACE_OUTER_BOUND('',#3399,.F.);
#3402=CARTESIAN_POINT('',(1.443375672974E0,2.5E0,0.E0));
#3403=DIRECTION('',(8.660254037844E-1,5.E-1,0.E0));
#3404=DIRECTION('',(5.E-1,-8.660254037844E-1,0.E0));
#3405=AXIS2_PLACEMENT_3D('',#3402,#3403,#3404);
#3406=PLANE('',#3405);
#3407=ORIENTED_EDGE('',*,*,#3328,.F.);
#3409=ORIENTED_EDGE('',*,*,#3408,.T.);
#3411=ORIENTED_EDGE('',*,*,#3410,.T.);
#3412=ORIENTED_EDGE('',*,*,#3394,.F.);
#3413=EDGE_LOOP('',(#3407,#3409,#3411,#3412));
#3414=FACE_OUTER_BOUND('',#3413,.F.);
#3416=CARTESIAN_POINT('',(-1.443375672974E0,2.5E0,0.E0));
#3417=DIRECTION('',(0.E0,1.E0,0.E0));
#3418=DIRECTION('',(1.E0,0.E0,0.E0));
#3419=AXIS2_PLACEMENT_3D('',#3416,#3417,#3418);
#3420=PLANE('',#3419);
#3421=ORIENTED_EDGE('',*,*,#3326,.F.);
#3422=ORIENTED_EDGE('',*,*,#3355,.T.);
#3424=ORIENTED_EDGE('',*,*,#3423,.T.);
#3425=ORIENTED_EDGE('',*,*,#3408,.F.);
#3426=EDGE_LOOP('',(#3421,#3422,#3424,#3425));
#3427=FACE_OUTER_BOUND('',#3426,.F.);
#3429=CARTESIAN_POINT('',(0.E0,0.E0,-8.E0));
#3430=DIRECTION('',(0.E0,0.E0,-1.E0));
#3431=DIRECTION('',(-1.E0,0.E0,0.E0));
#3432=AXIS2_PLACEMENT_3D('',#3429,#3430,#3431);
#3433=PLANE('',#3432);
#3434=ORIENTED_EDGE('',*,*,#3353,.F.);
#3435=ORIENTED_EDGE('',*,*,#3368,.F.);
#3436=ORIENTED_EDGE('',*,*,#3382,.F.);
#3437=ORIENTED_EDGE('',*,*,#3396,.F.);
#3438=ORIENTED_EDGE('',*,*,#3410,.F.);
#3439=ORIENTED_EDGE('',*,*,#3423,.F.);
#3440=EDGE_LOOP('',(#3434,#3435,#3436,#3437,#3438,#3439));
#3441=FACE_OUTER_BOUND('',#3440,.F.);
#3443=ORIENTED_EDGE('',*,*,#3442,.T.);
#3445=ORIENTED_EDGE('',*,*,#3444,.T.);
#3446=EDGE_LOOP('',(#3443,#3445));
#3447=FACE_BOUND('',#3446,.F.);
#3449=CARTESIAN_POINT('',(0.E0,0.E0,-7.812088802573E0));
#3450=DIRECTION('',(0.E0,0.E0,-1.E0));
#3451=DIRECTION('',(1.E0,0.E0,0.E0));
#3452=AXIS2_PLACEMENT_3D('',#3449,#3450,#3451);
#3453=CONICAL_SURFACE('',#3452,1.562088802573E0,4.5E1);
#3455=ORIENTED_EDGE('',*,*,#3454,.T.);
#3457=ORIENTED_EDGE('',*,*,#3456,.F.);
#3459=ORIENTED_EDGE('',*,*,#3458,.F.);
#3461=ORIENTED_EDGE('',*,*,#3460,.F.);
#3462=ORIENTED_EDGE('',*,*,#3442,.F.);
#3463=EDGE_LOOP('',(#3455,#3457,#3459,#3461,#3462));
#3464=FACE_OUTER_BOUND('',#3463,.F.);
#3466=CARTESIAN_POINT('',(0.E0,0.E0,-7.75725E0));
#3467=DIRECTION('',(0.E0,0.E0,-1.E0));
#3468=DIRECTION('',(1.E0,0.E0,0.E0));
#3469=AXIS2_PLACEMENT_3D('',#3466,#3467,#3468);
#3470=CONICAL_SURFACE('',#3469,1.50725E0,4.5E1);
#3472=ORIENTED_EDGE('',*,*,#3471,.T.);
#3474=ORIENTED_EDGE('',*,*,#3473,.F.);
#3476=ORIENTED_EDGE('',*,*,#3475,.F.);
#3477=ORIENTED_EDGE('',*,*,#3454,.F.);
#3478=ORIENTED_EDGE('',*,*,#3444,.F.);
#3479=ORIENTED_EDGE('',*,*,#3460,.T.);
#3481=ORIENTED_EDGE('',*,*,#3480,.F.);
#3482=EDGE_LOOP('',(#3472,#3474,#3476,#3477,#3478,#3479,#3481));
#3483=FACE_OUTER_BOUND('',#3482,.F.);
#3485=CARTESIAN_POINT('',(-1.480928882889E0,-3.024314850254E-1,
-6.939071572171E0));
#3486=CARTESIAN_POINT('',(-1.546929944859E0,2.075867146573E-2,
-6.956438142423E0));
#3487=CARTESIAN_POINT('',(-1.459431516438E0,7.107121410126E-1,
-6.991171282926E0));
#3488=CARTESIAN_POINT('',(-7.248286371103E-1,1.452631682466E0,
-7.043270993680E0));
#3489=CARTESIAN_POINT('',(3.095719710311E-1,1.593583055258E0,
-7.095370704434E0));
#3490=CARTESIAN_POINT('',(1.215937774988E0,1.075582455574E0,-7.147470415189E0));
#3491=CARTESIAN_POINT('',(1.619463434512E0,1.127639506565E-1,
-7.199570125943E0));
#3492=CARTESIAN_POINT('',(1.353268882802E0,-8.966827604263E-1,
-7.251669836698E0));
#3493=CARTESIAN_POINT('',(5.274384546811E-1,-1.535313010738E0,
-7.303769547452E0));
#3494=CARTESIAN_POINT('',(-5.165109918847E-1,-1.539023543267E0,
-7.355869258206E0));
#3495=CARTESIAN_POINT('',(-1.346860505716E0,-9.062803884897E-1,
-7.407968968961E0));
#3496=CARTESIAN_POINT('',(-1.620223789275E0,1.012497638261E-1,
-7.460068679715E0));
#3497=CARTESIAN_POINT('',(-1.223554318749E0,1.066907846705E0,
-7.512168390469E0));
#3498=CARTESIAN_POINT('',(-3.208878386925E-1,1.591355801310E0,
-7.564268101224E0));
#3499=CARTESIAN_POINT('',(7.144665923330E-1,1.457696555423E0,
-7.616367811978E0));
#3500=CARTESIAN_POINT('',(1.454407211688E0,7.212593296916E-1,
-7.668467522733E0));
#3501=CARTESIAN_POINT('',(1.592701800696E0,-3.136129343861E-1,
-7.720567233487E0));
#3502=CARTESIAN_POINT('',(1.246256455178E0,-9.166613467749E-1,
-7.755300373990E0));
#3503=CARTESIAN_POINT('',(9.986471115100E-1,-1.134600857563E0,
-7.772666944241E0));
#3504=CARTESIAN_POINT('',(-1.396508372798E0,-2.851913457262E-1,
-6.889325400034E0));
#3505=CARTESIAN_POINT('',(-1.458747037139E0,1.957532116837E-2,
-6.906691970285E0));
#3506=CARTESIAN_POINT('',(-1.376236466032E0,6.701979190502E-1,
-6.941425110788E0));
#3507=CARTESIAN_POINT('',(-6.835097027711E-1,1.369824257326E0,
-6.993524821542E0));
#3508=CARTESIAN_POINT('',(2.919247875599E-1,1.502740681967E0,
-7.045624532297E0));
#3509=CARTESIAN_POINT('',(1.146623111476E0,1.014268762126E0,-7.097724243051E0));
#3510=CARTESIAN_POINT('',(1.527145747421E0,1.063358295332E-1,
-7.149823953806E0));
#3511=CARTESIAN_POINT('',(1.276125644733E0,-8.455672633222E-1,
-7.201923664560E0));
#3512=CARTESIAN_POINT('',(4.973717689002E-1,-1.447792327596E0,
-7.254023375314E0));
#3513=CARTESIAN_POINT('',(-4.870672272947E-1,-1.451291340819E0,
-7.306123086069E0));
#3514=CARTESIAN_POINT('',(-1.270082577871E0,-8.546177775666E-1,
-7.358222796823E0));
#3515=CARTESIAN_POINT('',(-1.527862758079E0,9.547801016016E-2,
-7.410322507578E0));
#3516=CARTESIAN_POINT('',(-1.153805473341E0,1.006088650267E0,
-7.462422218332E0));
#3517=CARTESIAN_POINT('',(-3.025955929694E-1,1.500640392869E0,
-7.514521929086E0));
#3518=CARTESIAN_POINT('',(6.737383474697E-1,1.374600406656E0,
-7.566621639841E0));
#3519=CARTESIAN_POINT('',(1.371498572314E0,6.801438641053E-1,
-7.618721350595E0));
#3520=CARTESIAN_POINT('',(1.501909663416E0,-2.957353953646E-1,
-7.670821061349E0));
#3521=CARTESIAN_POINT('',(1.175213472044E0,-8.644069682094E-1,
-7.705554201852E0));
#3522=CARTESIAN_POINT('',(9.417191256166E-1,-1.069922813768E0,
-7.722920772104E0));
#3523=CARTESIAN_POINT('',(-1.312087862708E0,-2.679512064269E-1,
-6.839579227896E0));
#3524=CARTESIAN_POINT('',(-1.370564129420E0,1.839197087100E-2,
-6.856945798148E0));
#3525=CARTESIAN_POINT('',(-1.293041415626E0,6.296836970878E-1,
-6.891678938651E0));
#3526=CARTESIAN_POINT('',(-6.421907684319E-1,1.287016832186E0,
-6.943778649405E0));
#3527=CARTESIAN_POINT('',(2.742776040887E-1,1.411898308676E0,
-6.995878360159E0));
#3528=CARTESIAN_POINT('',(1.077308447964E0,9.529550686779E-1,
-7.047978070914E0));
#3529=CARTESIAN_POINT('',(1.434828060330E0,9.990770840986E-2,
-7.100077781668E0));
#3530=CARTESIAN_POINT('',(1.198982406664E0,-7.944517662182E-1,
-7.152177492422E0));
#3531=CARTESIAN_POINT('',(4.673050831194E-1,-1.360271644454E0,
-7.204277203177E0));
#3532=CARTESIAN_POINT('',(-4.576234627047E-1,-1.363559138372E0,
-7.256376913931E0));
#3533=CARTESIAN_POINT('',(-1.193304650026E0,-8.029551666436E-1,
-7.308476624686E0));
#3534=CARTESIAN_POINT('',(-1.435501726883E0,8.970625649426E-2,
-7.360576335440E0));
#3535=CARTESIAN_POINT('',(-1.084056627934E0,9.452694538297E-1,
-7.412676046194E0));
#3536=CARTESIAN_POINT('',(-2.843033472463E-1,1.409924984429E0,
-7.464775756949E0));
#3537=CARTESIAN_POINT('',(6.330101026064E-1,1.291504257889E0,
-7.516875467703E0));
#3538=CARTESIAN_POINT('',(1.288589932940E0,6.390283985190E-1,
-7.568975178458E0));
#3539=CARTESIAN_POINT('',(1.411117526136E0,-2.778578563432E-1,
-7.621074889212E0));
#3540=CARTESIAN_POINT('',(1.104170488910E0,-8.121525896439E-1,
-7.655808029715E0));
#3541=CARTESIAN_POINT('',(8.847911397233E-1,-1.005244769973E0,
-7.673174599966E0));
#3542=CARTESIAN_POINT('',(-1.227667352617E0,-2.507110671277E-1,
-6.789833055759E0));
#3543=CARTESIAN_POINT('',(-1.282381221700E0,1.720862057364E-2,
-6.807199626010E0));
#3544=CARTESIAN_POINT('',(-1.209846365219E0,5.891694751255E-1,
-6.841932766513E0));
#3545=CARTESIAN_POINT('',(-6.008718340927E-1,1.204209407046E0,
-6.894032477267E0));
#3546=CARTESIAN_POINT('',(2.566304206174E-1,1.321055935385E0,
-6.946132188022E0));
#3547=CARTESIAN_POINT('',(1.007993784452E0,8.916413752297E-1,
-6.998231898776E0));
#3548=CARTESIAN_POINT('',(1.342510373239E0,9.347958728652E-2,
-7.050331609531E0));
#3549=CARTESIAN_POINT('',(1.121839168595E0,-7.433362691141E-1,
-7.102431320285E0));
#3550=CARTESIAN_POINT('',(4.372383973386E-1,-1.272750961312E0,
-7.154531031039E0));
#3551=CARTESIAN_POINT('',(-4.281796981147E-1,-1.275826935924E0,
-7.206630741794E0));
#3552=CARTESIAN_POINT('',(-1.116526722182E0,-7.512925557205E-1,
-7.258730452548E0));
#3553=CARTESIAN_POINT('',(-1.343140695687E0,8.393450282837E-2,
-7.310830163302E0));
#3554=CARTESIAN_POINT('',(-1.014307782526E0,8.844502573922E-1,
-7.362929874057E0));
#3555=CARTESIAN_POINT('',(-2.660111015232E-1,1.319209575989E0,
-7.415029584811E0));
#3556=CARTESIAN_POINT('',(5.922818577431E-1,1.208408109122E0,
-7.467129295566E0));
#3557=CARTESIAN_POINT('',(1.205681293566E0,5.979129329327E-1,
-7.519229006320E0));
#3558=CARTESIAN_POINT('',(1.320325388857E0,-2.599803173217E-1,
-7.571328717074E0));
#3559=CARTESIAN_POINT('',(1.033127505776E0,-7.598982110784E-1,
-7.606061857577E0));
#3560=CARTESIAN_POINT('',(8.278631538299E-1,-9.405667261779E-1,
-7.623428427829E0));
#3561=B_SPLINE_SURFACE_WITH_KNOTS('',3,3,((#3485,#3486,#3487,#3488,#3489,#3490,
#3491,#3492,#3493,#3494,#3495,#3496,#3497,#3498,#3499,#3500,#3501,#3502,#3503),(
#3504,#3505,#3506,#3507,#3508,#3509,#3510,#3511,#3512,#3513,#3514,#3515,#3516,
#3517,#3518,#3519,#3520,#3521,#3522),(#3523,#3524,#3525,#3526,#3527,#3528,#3529,
#3530,#3531,#3532,#3533,#3534,#3535,#3536,#3537,#3538,#3539,#3540,#3541),(#3542,
#3543,#3544,#3545,#3546,#3547,#3548,#3549,#3550,#3551,#3552,#3553,#3554,#3555,
#3556,#3557,#3558,#3559,#3560)),.UNSPECIFIED.,.F.,.F.,.F.,(4,4),(4,1,1,1,1,1,1,
1,1,1,1,1,1,1,1,1,4),(-4.880826512273E-2,1.048808265123E0),(-8.015340116058E-3,
1.803451526113E-2,4.408437063832E-2,7.013422601551E-2,9.618408139270E-2,
1.222339367699E-1,1.482837921471E-1,1.743336475243E-1,2.003835029015E-1,
2.264333582787E-1,2.524832136558E-1,2.785330690330E-1,3.045829244102E-1,
3.306327797874E-1,3.566826351646E-1,3.827324905418E-1,4.087823459190E-1),
.UNSPECIFIED.);
#3563=ORIENTED_EDGE('',*,*,#3562,.T.);
#3565=ORIENTED_EDGE('',*,*,#3564,.T.);
#3567=ORIENTED_EDGE('',*,*,#3566,.T.);
#3568=ORIENTED_EDGE('',*,*,#3471,.F.);
#3570=ORIENTED_EDGE('',*,*,#3569,.F.);
#3572=ORIENTED_EDGE('',*,*,#3571,.T.);
#3573=EDGE_LOOP('',(#3563,#3565,#3567,#3568,#3570,#3572));
#3574=FACE_OUTER_BOUND('',#3573,.F.);
#3576=CARTESIAN_POINT('',(0.E0,0.E0,4.E-1));
#3577=DIRECTION('',(0.E0,0.E0,-1.E0));
#3578=DIRECTION('',(1.E0,0.E0,0.E0));
#3579=AXIS2_PLACEMENT_3D('',#3576,#3577,#3578);
#3580=CYLINDRICAL_SURFACE('',#3579,1.2645E0);
#3582=ORIENTED_EDGE('',*,*,#3581,.F.);
#3584=ORIENTED_EDGE('',*,*,#3583,.F.);
#3586=ORIENTED_EDGE('',*,*,#3585,.F.);
#3588=ORIENTED_EDGE('',*,*,#3587,.T.);
#3589=EDGE_LOOP('',(#3582,#3584,#3586,#3588));
#3590=FACE_OUTER_BOUND('',#3589,.F.);
#3592=CARTESIAN_POINT('',(0.E0,0.E0,4.E-1));
#3593=DIRECTION('',(0.E0,0.E0,-1.E0));
#3594=DIRECTION('',(1.E0,0.E0,0.E0));
#3595=AXIS2_PLACEMENT_3D('',#3592,#3593,#3594);
#3596=CYLINDRICAL_SURFACE('',#3595,1.2645E0);
#3598=ORIENTED_EDGE('',*,*,#3597,.F.);
#3600=ORIENTED_EDGE('',*,*,#3599,.T.);
#3602=ORIENTED_EDGE('',*,*,#3601,.F.);
#3604=ORIENTED_EDGE('',*,*,#3603,.F.);
#3605=EDGE_LOOP('',(#3598,#3600,#3602,#3604));
#3606=FACE_OUTER_BOUND('',#3605,.F.);
#3608=CARTESIAN_POINT('',(0.E0,0.E0,4.E-1));
#3609=DIRECTION('',(0.E0,0.E0,-1.E0));
#3610=DIRECTION('',(1.E0,0.E0,0.E0));
#3611=AXIS2_PLACEMENT_3D('',#3608,#3609,#3610);
#3612=CYLINDRICAL_SURFACE('',#3611,1.2645E0);
#3614=ORIENTED_EDGE('',*,*,#3613,.F.);
#3616=ORIENTED_EDGE('',*,*,#3615,.T.);
#3618=ORIENTED_EDGE('',*,*,#3617,.F.);
#3620=ORIENTED_EDGE('',*,*,#3619,.F.);
#3621=EDGE_LOOP('',(#3614,#3616,#3618,#3620));
#3622=FACE_OUTER_BOUND('',#3621,.F.);
#3624=CARTESIAN_POINT('',(0.E0,0.E0,4.E-1));
#3625=DIRECTION('',(0.E0,0.E0,-1.E0));
#3626=DIRECTION('',(1.E0,0.E0,0.E0));
#3627=AXIS2_PLACEMENT_3D('',#3624,#3625,#3626);
#3628=CYLINDRICAL_SURFACE('',#3627,1.2645E0);
#3630=ORIENTED_EDGE('',*,*,#3629,.F.);
#3632=ORIENTED_EDGE('',*,*,#3631,.T.);
#3634=ORIENTED_EDGE('',*,*,#3633,.F.);
#3636=ORIENTED_EDGE('',*,*,#3635,.F.);
#3637=EDGE_LOOP('',(#3630,#3632,#3634,#3636));
#3638=FACE_OUTER_BOUND('',#3637,.F.);
#3640=CARTESIAN_POINT('',(0.E0,0.E0,4.E-1));
#3641=DIRECTION('',(0.E0,0.E0,-1.E0));
#3642=DIRECTION('',(1.E0,0.E0,0.E0));
#3643=AXIS2_PLACEMENT_3D('',#3640,#3641,#3642);
#3644=CYLINDRICAL_SURFACE('',#3643,1.2645E0);
#3646=ORIENTED_EDGE('',*,*,#3645,.F.);
#3648=ORIENTED_EDGE('',*,*,#3647,.F.);
#3650=ORIENTED_EDGE('',*,*,#3649,.F.);
#3652=ORIENTED_EDGE('',*,*,#3651,.T.);
#3653=EDGE_LOOP('',(#3646,#3648,#3650,#3652));
#3654=FACE_OUTER_BOUND('',#3653,.F.);
#3656=CARTESIAN_POINT('',(0.E0,0.E0,4.E-1));
#3657=DIRECTION('',(0.E0,0.E0,-1.E0));
#3658=DIRECTION('',(1.E0,0.E0,0.E0));
#3659=AXIS2_PLACEMENT_3D('',#3656,#3657,#3658);
#3660=CYLINDRICAL_SURFACE('',#3659,1.2645E0);
#3662=ORIENTED_EDGE('',*,*,#3661,.F.);
#3664=ORIENTED_EDGE('',*,*,#3663,.T.);
#3666=ORIENTED_EDGE('',*,*,#3665,.F.);
#3668=ORIENTED_EDGE('',*,*,#3667,.F.);
#3669=EDGE_LOOP('',(#3662,#3664,#3666,#3668));
#3670=FACE_OUTER_BOUND('',#3669,.F.);
#3672=CARTESIAN_POINT('',(0.E0,0.E0,4.E-1));
#3673=DIRECTION('',(0.E0,0.E0,-1.E0));
#3674=DIRECTION('',(1.E0,0.E0,0.E0));
#3675=AXIS2_PLACEMENT_3D('',#3672,#3673,#3674);
#3676=CYLINDRICAL_SURFACE('',#3675,1.2645E0);
#3678=ORIENTED_EDGE('',*,*,#3677,.F.);
#3680=ORIENTED_EDGE('',*,*,#3679,.T.);
#3682=ORIENTED_EDGE('',*,*,#3681,.F.);
#3684=ORIENTED_EDGE('',*,*,#3683,.F.);
#3685=EDGE_LOOP('',(#3678,#3680,#3682,#3684));
#3686=FACE_OUTER_BOUND('',#3685,.F.);
#3688=CARTESIAN_POINT('',(0.E0,0.E0,4.E-1));
#3689=DIRECTION('',(0.E0,0.E0,-1.E0));
#3690=DIRECTION('',(1.E0,0.E0,0.E0));
#3691=AXIS2_PLACEMENT_3D('',#3688,#3689,#3690);
#3692=CYLINDRICAL_SURFACE('',#3691,1.2645E0);
#3694=ORIENTED_EDGE('',*,*,#3693,.F.);
#3696=ORIENTED_EDGE('',*,*,#3695,.T.);
#3698=ORIENTED_EDGE('',*,*,#3697,.F.);
#3700=ORIENTED_EDGE('',*,*,#3699,.F.);
#3701=EDGE_LOOP('',(#3694,#3696,#3698,#3700));
#3702=FACE_OUTER_BOUND('',#3701,.F.);
#3704=CARTESIAN_POINT('',(0.E0,0.E0,4.E-1));
#3705=DIRECTION('',(0.E0,0.E0,-1.E0));
#3706=DIRECTION('',(1.E0,0.E0,0.E0));
#3707=AXIS2_PLACEMENT_3D('',#3704,#3705,#3706);
#3708=CYLINDRICAL_SURFACE('',#3707,1.2645E0);
#3710=ORIENTED_EDGE('',*,*,#3709,.F.);
#3712=ORIENTED_EDGE('',*,*,#3711,.F.);
#3714=ORIENTED_EDGE('',*,*,#3713,.F.);
#3716=ORIENTED_EDGE('',*,*,#3715,.T.);
#3717=EDGE_LOOP('',(#3710,#3712,#3714,#3716));
#3718=FACE_OUTER_BOUND('',#3717,.F.);
#3720=CARTESIAN_POINT('',(0.E0,0.E0,4.E-1));
#3721=DIRECTION('',(0.E0,0.E0,-1.E0));
#3722=DIRECTION('',(1.E0,0.E0,0.E0));
#3723=AXIS2_PLACEMENT_3D('',#3720,#3721,#3722);
#3724=CYLINDRICAL_SURFACE('',#3723,1.2645E0);
#3726=ORIENTED_EDGE('',*,*,#3725,.F.);
#3728=ORIENTED_EDGE('',*,*,#3727,.T.);
#3730=ORIENTED_EDGE('',*,*,#3729,.F.);
#3732=ORIENTED_EDGE('',*,*,#3731,.F.);
#3733=EDGE_LOOP('',(#3726,#3728,#3730,#3732));
#3734=FACE_OUTER_BOUND('',#3733,.F.);
#3736=CARTESIAN_POINT('',(0.E0,0.E0,4.E-1));
#3737=DIRECTION('',(0.E0,0.E0,-1.E0));
#3738=DIRECTION('',(1.E0,0.E0,0.E0));
#3739=AXIS2_PLACEMENT_3D('',#3736,#3737,#3738);
#3740=CYLINDRICAL_SURFACE('',#3739,1.2645E0);
#3742=ORIENTED_EDGE('',*,*,#3741,.F.);
#3744=ORIENTED_EDGE('',*,*,#3743,.T.);
#3746=ORIENTED_EDGE('',*,*,#3745,.F.);
#3748=ORIENTED_EDGE('',*,*,#3747,.F.);
#3749=EDGE_LOOP('',(#3742,#3744,#3746,#3748));
#3750=FACE_OUTER_BOUND('',#3749,.F.);
#3752=CARTESIAN_POINT('',(0.E0,0.E0,4.E-1));
#3753=DIRECTION('',(0.E0,0.E0,-1.E0));
#3754=DIRECTION('',(1.E0,0.E0,0.E0));
#3755=AXIS2_PLACEMENT_3D('',#3752,#3753,#3754);
#3756=CYLINDRICAL_SURFACE('',#3755,1.2645E0);
#3758=ORIENTED_EDGE('',*,*,#3757,.F.);
#3760=ORIENTED_EDGE('',*,*,#3759,.T.);
#3762=ORIENTED_EDGE('',*,*,#3761,.F.);
#3764=ORIENTED_EDGE('',*,*,#3763,.F.);
#3765=EDGE_LOOP('',(#3758,#3760,#3762,#3764));
#3766=FACE_OUTER_BOUND('',#3765,.F.);
#3768=CARTESIAN_POINT('',(0.E0,0.E0,4.E-1));
#3769=DIRECTION('',(0.E0,0.E0,-1.E0));
#3770=DIRECTION('',(1.E0,0.E0,0.E0));
#3771=AXIS2_PLACEMENT_3D('',#3768,#3769,#3770);
#3772=CYLINDRICAL_SURFACE('',#3771,1.2645E0);
#3774=ORIENTED_EDGE('',*,*,#3773,.F.);
#3776=ORIENTED_EDGE('',*,*,#3775,.F.);
#3777=ORIENTED_EDGE('',*,*,#3562,.F.);
#3779=ORIENTED_EDGE('',*,*,#3778,.T.);
#3780=EDGE_LOOP('',(#3774,#3776,#3777,#3779));
#3781=FACE_OUTER_BOUND('',#3780,.F.);
#3783=CARTESIAN_POINT('',(0.E0,0.E0,4.E-1));
#3784=DIRECTION('',(0.E0,0.E0,-1.E0));
#3785=DIRECTION('',(1.E0,0.E0,0.E0));
#3786=AXIS2_PLACEMENT_3D('',#3783,#3784,#3785);
#3787=CYLINDRICAL_SURFACE('',#3786,1.2645E0);
#3789=ORIENTED_EDGE('',*,*,#3788,.T.);
#3790=ORIENTED_EDGE('',*,*,#3473,.T.);
#3791=ORIENTED_EDGE('',*,*,#3566,.F.);
#3793=ORIENTED_EDGE('',*,*,#3792,.T.);
#3794=EDGE_LOOP('',(#3789,#3790,#3791,#3793));
#3795=FACE_OUTER_BOUND('',#3794,.F.);
#3797=CARTESIAN_POINT('',(8.278631538299E-1,9.405667261779E-1,
-3.765715721713E-1));
#3798=CARTESIAN_POINT('',(1.033127505776E0,7.598982110784E-1,
-3.939381424227E-1));
#3799=CARTESIAN_POINT('',(1.320325388857E0,2.599803173217E-1,
-4.286712829256E-1));
#3800=CARTESIAN_POINT('',(1.205681293566E0,-5.979129329327E-1,
-4.807709936800E-1));
#3801=CARTESIAN_POINT('',(5.922818577431E-1,-1.208408109122E0,
-5.328707044344E-1));
#3802=CARTESIAN_POINT('',(-2.660111015231E-1,-1.319209575989E0,
-5.849704151888E-1));
#3803=CARTESIAN_POINT('',(-1.014307782526E0,-8.844502573922E-1,
-6.370701259432E-1));
#3804=CARTESIAN_POINT('',(-1.343140695687E0,-8.393450282835E-2,
-6.891698366975E-1));
#3805=CARTESIAN_POINT('',(-1.116526722182E0,7.512925557205E-1,
-7.412695474519E-1));
#3806=CARTESIAN_POINT('',(-4.281796981147E-1,1.275826935924E0,
-7.933692582063E-1));
#3807=CARTESIAN_POINT('',(4.372383973386E-1,1.272750961312E0,
-8.454689689607E-1));
#3808=CARTESIAN_POINT('',(1.121839168595E0,7.433362691141E-1,
-8.975686797151E-1));
#3809=CARTESIAN_POINT('',(1.342510373239E0,-9.347958728653E-2,
-9.496683904694E-1));
#3810=CARTESIAN_POINT('',(1.007993784452E0,-8.916413752297E-1,
-1.001768101224E0));
#3811=CARTESIAN_POINT('',(2.566304206174E-1,-1.321055935385E0,
-1.053867811978E0));
#3812=CARTESIAN_POINT('',(-6.008718340927E-1,-1.204209407046E0,
-1.105967522733E0));
#3813=CARTESIAN_POINT('',(-1.209846365219E0,-5.891694751255E-1,
-1.158067233487E0));
#3814=CARTESIAN_POINT('',(-1.282381221700E0,-1.720862057363E-2,
-1.192800373990E0));
#3815=CARTESIAN_POINT('',(-1.227667352617E0,2.507110671277E-1,
-1.210166944241E0));
#3816=CARTESIAN_POINT('',(8.847911397233E-1,1.005244769973E0,
-3.268254000337E-1));
#3817=CARTESIAN_POINT('',(1.104170488910E0,8.121525896439E-1,
-3.441919702852E-1));
#3818=CARTESIAN_POINT('',(1.411117526136E0,2.778578563432E-1,
-3.789251107881E-1));
#3819=CARTESIAN_POINT('',(1.288589932940E0,-6.390283985190E-1,
-4.310248215425E-1));
#3820=CARTESIAN_POINT('',(6.330101026064E-1,-1.291504257889E0,
-4.831245322969E-1));
#3821=CARTESIAN_POINT('',(-2.843033472463E-1,-1.409924984429E0,
-5.352242430512E-1));
#3822=CARTESIAN_POINT('',(-1.084056627934E0,-9.452694538297E-1,
-5.873239538056E-1));
#3823=CARTESIAN_POINT('',(-1.435501726883E0,-8.970625649425E-2,
-6.394236645600E-1));
#3824=CARTESIAN_POINT('',(-1.193304650026E0,8.029551666436E-1,
-6.915233753144E-1));
#3825=CARTESIAN_POINT('',(-4.576234627047E-1,1.363559138372E0,
-7.436230860688E-1));
#3826=CARTESIAN_POINT('',(4.673050831194E-1,1.360271644454E0,
-7.957227968231E-1));
#3827=CARTESIAN_POINT('',(1.198982406664E0,7.944517662182E-1,
-8.478225075775E-1));
#3828=CARTESIAN_POINT('',(1.434828060330E0,-9.990770840986E-2,
-8.999222183319E-1));
#3829=CARTESIAN_POINT('',(1.077308447964E0,-9.529550686779E-1,
-9.520219290863E-1));
#3830=CARTESIAN_POINT('',(2.742776040887E-1,-1.411898308676E0,
-1.004121639841E0));
#3831=CARTESIAN_POINT('',(-6.421907684319E-1,-1.287016832186E0,
-1.056221350595E0));
#3832=CARTESIAN_POINT('',(-1.293041415626E0,-6.296836970879E-1,
-1.108321061349E0));
#3833=CARTESIAN_POINT('',(-1.370564129420E0,-1.839197087099E-2,
-1.143054201852E0));
#3834=CARTESIAN_POINT('',(-1.312087862708E0,2.679512064269E-1,
-1.160420772104E0));
#3835=CARTESIAN_POINT('',(9.417191256166E-1,1.069922813768E0,
-2.770792278962E-1));
#3836=CARTESIAN_POINT('',(1.175213472044E0,8.644069682094E-1,
-2.944457981477E-1));
#3837=CARTESIAN_POINT('',(1.501909663416E0,2.957353953646E-1,
-3.291789386506E-1));
#3838=CARTESIAN_POINT('',(1.371498572314E0,-6.801438641053E-1,
-3.812786494050E-1));
#3839=CARTESIAN_POINT('',(6.737383474697E-1,-1.374600406656E0,
-4.333783601593E-1));
#3840=CARTESIAN_POINT('',(-3.025955929694E-1,-1.500640392869E0,
-4.854780709137E-1));
#3841=CARTESIAN_POINT('',(-1.153805473341E0,-1.006088650267E0,
-5.375777816681E-1));
#3842=CARTESIAN_POINT('',(-1.527862758079E0,-9.547801016014E-2,
-5.896774924225E-1));
#3843=CARTESIAN_POINT('',(-1.270082577871E0,8.546177775666E-1,
-6.417772031769E-1));
#3844=CARTESIAN_POINT('',(-4.870672272947E-1,1.451291340819E0,
-6.938769139312E-1));
#3845=CARTESIAN_POINT('',(4.973717689002E-1,1.447792327596E0,
-7.459766246856E-1));
#3846=CARTESIAN_POINT('',(1.276125644733E0,8.455672633223E-1,
-7.980763354400E-1));
#3847=CARTESIAN_POINT('',(1.527145747421E0,-1.063358295332E-1,
-8.501760461944E-1));
#3848=CARTESIAN_POINT('',(1.146623111476E0,-1.014268762126E0,
-9.022757569488E-1));
#3849=CARTESIAN_POINT('',(2.919247875599E-1,-1.502740681967E0,
-9.543754677031E-1));
#3850=CARTESIAN_POINT('',(-6.835097027711E-1,-1.369824257326E0,
-1.006475178458E0));
#3851=CARTESIAN_POINT('',(-1.376236466032E0,-6.701979190502E-1,
-1.058574889212E0));
#3852=CARTESIAN_POINT('',(-1.458747037139E0,-1.957532116836E-2,
-1.093308029715E0));
#3853=CARTESIAN_POINT('',(-1.396508372798E0,2.851913457262E-1,
-1.110674599966E0));
#3854=CARTESIAN_POINT('',(9.986471115100E-1,1.134600857563E0,
-2.273330557587E-1));
#3855=CARTESIAN_POINT('',(1.246256455178E0,9.166613467749E-1,
-2.446996260101E-1));
#3856=CARTESIAN_POINT('',(1.592701800696E0,3.136129343861E-1,
-2.794327665130E-1));
#3857=CARTESIAN_POINT('',(1.454407211688E0,-7.212593296916E-1,
-3.315324772674E-1));
#3858=CARTESIAN_POINT('',(7.144665923330E-1,-1.457696555423E0,
-3.836321880218E-1));
#3859=CARTESIAN_POINT('',(-3.208878386925E-1,-1.591355801309E0,
-4.357318987762E-1));
#3860=CARTESIAN_POINT('',(-1.223554318749E0,-1.066907846705E0,
-4.878316095306E-1));
#3861=CARTESIAN_POINT('',(-1.620223789275E0,-1.012497638260E-1,
-5.399313202849E-1));
#3862=CARTESIAN_POINT('',(-1.346860505716E0,9.062803884897E-1,
-5.920310310393E-1));
#3863=CARTESIAN_POINT('',(-5.165109918847E-1,1.539023543267E0,
-6.441307417937E-1));
#3864=CARTESIAN_POINT('',(5.274384546811E-1,1.535313010738E0,
-6.962304525481E-1));
#3865=CARTESIAN_POINT('',(1.353268882802E0,8.966827604263E-1,
-7.483301633025E-1));
#3866=CARTESIAN_POINT('',(1.619463434512E0,-1.127639506565E-1,
-8.004298740568E-1));
#3867=CARTESIAN_POINT('',(1.215937774988E0,-1.075582455574E0,
-8.525295848112E-1));
#3868=CARTESIAN_POINT('',(3.095719710311E-1,-1.593583055258E0,
-9.046292955656E-1));
#3869=CARTESIAN_POINT('',(-7.248286371103E-1,-1.452631682466E0,
-9.567290063200E-1));
#3870=CARTESIAN_POINT('',(-1.459431516438E0,-7.107121410126E-1,
-1.008828717074E0));
#3871=CARTESIAN_POINT('',(-1.546929944859E0,-2.075867146572E-2,
-1.043561857577E0));
#3872=CARTESIAN_POINT('',(-1.480928882889E0,3.024314850254E-1,
-1.060928427829E0));
#3873=B_SPLINE_SURFACE_WITH_KNOTS('',3,3,((#3797,#3798,#3799,#3800,#3801,#3802,
#3803,#3804,#3805,#3806,#3807,#3808,#3809,#3810,#3811,#3812,#3813,#3814,#3815),(
#3816,#3817,#3818,#3819,#3820,#3821,#3822,#3823,#3824,#3825,#3826,#3827,#3828,
#3829,#3830,#3831,#3832,#3833,#3834),(#3835,#3836,#3837,#3838,#3839,#3840,#3841,
#3842,#3843,#3844,#3845,#3846,#3847,#3848,#3849,#3850,#3851,#3852,#3853),(#3854,
#3855,#3856,#3857,#3858,#3859,#3860,#3861,#3862,#3863,#3864,#3865,#3866,#3867,
#3868,#3869,#3870,#3871,#3872)),.UNSPECIFIED.,.F.,.F.,.F.,(4,4),(4,1,1,1,1,1,1,
1,1,1,1,1,1,1,1,1,4),(-4.880826512273E-2,1.048808265123E0),(5.912176540810E-1,
6.172675094582E-1,6.433173648354E-1,6.693672202126E-1,6.954170755898E-1,
7.214669309670E-1,7.475167863442E-1,7.735666417213E-1,7.996164970985E-1,
8.256663524757E-1,8.517162078529E-1,8.777660632301E-1,9.038159186073E-1,
9.298657739845E-1,9.559156293617E-1,9.819654847389E-1,1.008015340116E0),
.UNSPECIFIED.);
#3874=ORIENTED_EDGE('',*,*,#3581,.T.);
#3876=ORIENTED_EDGE('',*,*,#3875,.T.);
#3878=ORIENTED_EDGE('',*,*,#3877,.F.);
#3880=ORIENTED_EDGE('',*,*,#3879,.T.);
#3882=ORIENTED_EDGE('',*,*,#3881,.F.);
#3884=ORIENTED_EDGE('',*,*,#3883,.T.);
#3885=EDGE_LOOP('',(#3874,#3876,#3878,#3880,#3882,#3884));
#3886=FACE_OUTER_BOUND('',#3885,.F.);
#3888=CARTESIAN_POINT('',(0.E0,0.E0,4.E-1));
#3889=DIRECTION('',(0.E0,0.E0,-1.E0));
#3890=DIRECTION('',(1.E0,0.E0,0.E0));
#3891=AXIS2_PLACEMENT_3D('',#3888,#3889,#3890);
#3892=CYLINDRICAL_SURFACE('',#3891,1.2645E0);
#3894=ORIENTED_EDGE('',*,*,#3893,.T.);
#3896=ORIENTED_EDGE('',*,*,#3895,.F.);
#3897=ORIENTED_EDGE('',*,*,#3875,.F.);
#3898=ORIENTED_EDGE('',*,*,#3587,.F.);
#3899=EDGE_LOOP('',(#3894,#3896,#3897,#3898));
#3900=FACE_OUTER_BOUND('',#3899,.F.);
#3902=CARTESIAN_POINT('',(0.E0,0.E0,4.E-1));
#3903=DIRECTION('',(0.E0,0.E0,-1.E0));
#3904=DIRECTION('',(1.E0,0.E0,0.E0));
#3905=AXIS2_PLACEMENT_3D('',#3902,#3903,#3904);
#3906=CYLINDRICAL_SURFACE('',#3905,1.2645E0);
#3907=ORIENTED_EDGE('',*,*,#3883,.F.);
#3908=ORIENTED_EDGE('',*,*,#3599,.F.);
#3910=ORIENTED_EDGE('',*,*,#3909,.F.);
#3911=ORIENTED_EDGE('',*,*,#3583,.T.);
#3912=EDGE_LOOP('',(#3907,#3908,#3910,#3911));
#3913=FACE_OUTER_BOUND('',#3912,.F.);
#3915=CARTESIAN_POINT('',(0.E0,0.E0,4.E-1));
#3916=DIRECTION('',(0.E0,0.E0,-1.E0));
#3917=DIRECTION('',(1.E0,0.E0,0.E0));
#3918=AXIS2_PLACEMENT_3D('',#3915,#3916,#3917);
#3919=CYLINDRICAL_SURFACE('',#3918,1.2645E0);
#3921=ORIENTED_EDGE('',*,*,#3920,.F.);
#3922=ORIENTED_EDGE('',*,*,#3603,.T.);
#3924=ORIENTED_EDGE('',*,*,#3923,.F.);
#3925=ORIENTED_EDGE('',*,*,#3615,.F.);
#3926=EDGE_LOOP('',(#3921,#3922,#3924,#3925));
#3927=FACE_OUTER_BOUND('',#3926,.F.);
#3929=CARTESIAN_POINT('',(0.E0,0.E0,4.E-1));
#3930=DIRECTION('',(0.E0,0.E0,-1.E0));
#3931=DIRECTION('',(1.E0,0.E0,0.E0));
#3932=AXIS2_PLACEMENT_3D('',#3929,#3930,#3931);
#3933=CYLINDRICAL_SURFACE('',#3932,1.2645E0);
#3935=ORIENTED_EDGE('',*,*,#3934,.F.);
#3936=ORIENTED_EDGE('',*,*,#3619,.T.);
#3938=ORIENTED_EDGE('',*,*,#3937,.F.);
#3939=ORIENTED_EDGE('',*,*,#3631,.F.);
#3940=EDGE_LOOP('',(#3935,#3936,#3938,#3939));
#3941=FACE_OUTER_BOUND('',#3940,.F.);
#3943=CARTESIAN_POINT('',(0.E0,0.E0,4.E-1));
#3944=DIRECTION('',(0.E0,0.E0,-1.E0));
#3945=DIRECTION('',(1.E0,0.E0,0.E0));
#3946=AXIS2_PLACEMENT_3D('',#3943,#3944,#3945);
#3947=CYLINDRICAL_SURFACE('',#3946,1.2645E0);
#3949=ORIENTED_EDGE('',*,*,#3948,.F.);
#3950=ORIENTED_EDGE('',*,*,#3635,.T.);
#3952=ORIENTED_EDGE('',*,*,#3951,.F.);
#3953=ORIENTED_EDGE('',*,*,#3651,.F.);
#3954=EDGE_LOOP('',(#3949,#3950,#3952,#3953));
#3955=FACE_OUTER_BOUND('',#3954,.F.);
#3957=CARTESIAN_POINT('',(0.E0,0.E0,4.E-1));
#3958=DIRECTION('',(0.E0,0.E0,-1.E0));
#3959=DIRECTION('',(1.E0,0.E0,0.E0));
#3960=AXIS2_PLACEMENT_3D('',#3957,#3958,#3959);
#3961=CYLINDRICAL_SURFACE('',#3960,1.2645E0);
#3963=ORIENTED_EDGE('',*,*,#3962,.F.);
#3964=ORIENTED_EDGE('',*,*,#3663,.F.);
#3966=ORIENTED_EDGE('',*,*,#3965,.F.);
#3967=ORIENTED_EDGE('',*,*,#3647,.T.);
#3968=EDGE_LOOP('',(#3963,#3964,#3966,#3967));
#3969=FACE_OUTER_BOUND('',#3968,.F.);
#3971=CARTESIAN_POINT('',(0.E0,0.E0,4.E-1));
#3972=DIRECTION('',(0.E0,0.E0,-1.E0));
#3973=DIRECTION('',(1.E0,0.E0,0.E0));
#3974=AXIS2_PLACEMENT_3D('',#3971,#3972,#3973);
#3975=CYLINDRICAL_SURFACE('',#3974,1.2645E0);
#3977=ORIENTED_EDGE('',*,*,#3976,.F.);
#3978=ORIENTED_EDGE('',*,*,#3667,.T.);
#3980=ORIENTED_EDGE('',*,*,#3979,.F.);
#3981=ORIENTED_EDGE('',*,*,#3679,.F.);
#3982=EDGE_LOOP('',(#3977,#3978,#3980,#3981));
#3983=FACE_OUTER_BOUND('',#3982,.F.);
#3985=CARTESIAN_POINT('',(0.E0,0.E0,4.E-1));
#3986=DIRECTION('',(0.E0,0.E0,-1.E0));
#3987=DIRECTION('',(1.E0,0.E0,0.E0));
#3988=AXIS2_PLACEMENT_3D('',#3985,#3986,#3987);
#3989=CYLINDRICAL_SURFACE('',#3988,1.2645E0);
#3991=ORIENTED_EDGE('',*,*,#3990,.F.);
#3992=ORIENTED_EDGE('',*,*,#3683,.T.);
#3994=ORIENTED_EDGE('',*,*,#3993,.F.);
#3995=ORIENTED_EDGE('',*,*,#3695,.F.);
#3996=EDGE_LOOP('',(#3991,#3992,#3994,#3995));
#3997=FACE_OUTER_BOUND('',#3996,.F.);
#3999=CARTESIAN_POINT('',(0.E0,0.E0,4.E-1));
#4000=DIRECTION('',(0.E0,0.E0,-1.E0));
#4001=DIRECTION('',(1.E0,0.E0,0.E0));
#4002=AXIS2_PLACEMENT_3D('',#3999,#4000,#4001);
#4003=CYLINDRICAL_SURFACE('',#4002,1.2645E0);
#4005=ORIENTED_EDGE('',*,*,#4004,.F.);
#4006=ORIENTED_EDGE('',*,*,#3699,.T.);
#4008=ORIENTED_EDGE('',*,*,#4007,.F.);
#4009=ORIENTED_EDGE('',*,*,#3715,.F.);
#4010=EDGE_LOOP('',(#4005,#4006,#4008,#4009));
#4011=FACE_OUTER_BOUND('',#4010,.F.);
#4013=CARTESIAN_POINT('',(0.E0,0.E0,4.E-1));
#4014=DIRECTION('',(0.E0,0.E0,-1.E0));
#4015=DIRECTION('',(1.E0,0.E0,0.E0));
#4016=AXIS2_PLACEMENT_3D('',#4013,#4014,#4015);
#4017=CYLINDRICAL_SURFACE('',#4016,1.2645E0);
#4019=ORIENTED_EDGE('',*,*,#4018,.F.);
#4020=ORIENTED_EDGE('',*,*,#3727,.F.);
#4022=ORIENTED_EDGE('',*,*,#4021,.F.);
#4023=ORIENTED_EDGE('',*,*,#3711,.T.);
#4024=EDGE_LOOP('',(#4019,#4020,#4022,#4023));
#4025=FACE_OUTER_BOUND('',#4024,.F.);
#4027=CARTESIAN_POINT('',(0.E0,0.E0,4.E-1));
#4028=DIRECTION('',(0.E0,0.E0,-1.E0));
#4029=DIRECTION('',(1.E0,0.E0,0.E0));
#4030=AXIS2_PLACEMENT_3D('',#4027,#4028,#4029);
#4031=CYLINDRICAL_SURFACE('',#4030,1.2645E0);
#4033=ORIENTED_EDGE('',*,*,#4032,.F.);
#4034=ORIENTED_EDGE('',*,*,#3731,.T.);
#4036=ORIENTED_EDGE('',*,*,#4035,.F.);
#4037=ORIENTED_EDGE('',*,*,#3743,.F.);
#4038=EDGE_LOOP('',(#4033,#4034,#4036,#4037));
#4039=FACE_OUTER_BOUND('',#4038,.F.);
#4041=CARTESIAN_POINT('',(0.E0,0.E0,4.E-1));
#4042=DIRECTION('',(0.E0,0.E0,-1.E0));
#4043=DIRECTION('',(1.E0,0.E0,0.E0));
#4044=AXIS2_PLACEMENT_3D('',#4041,#4042,#4043);
#4045=CYLINDRICAL_SURFACE('',#4044,1.2645E0);
#4047=ORIENTED_EDGE('',*,*,#4046,.F.);
#4048=ORIENTED_EDGE('',*,*,#3747,.T.);
#4050=ORIENTED_EDGE('',*,*,#4049,.F.);
#4051=ORIENTED_EDGE('',*,*,#3759,.F.);
#4052=EDGE_LOOP('',(#4047,#4048,#4050,#4051));
#4053=FACE_OUTER_BOUND('',#4052,.F.);
#4055=CARTESIAN_POINT('',(0.E0,0.E0,4.E-1));
#4056=DIRECTION('',(0.E0,0.E0,-1.E0));
#4057=DIRECTION('',(1.E0,0.E0,0.E0));
#4058=AXIS2_PLACEMENT_3D('',#4055,#4056,#4057);
#4059=CYLINDRICAL_SURFACE('',#4058,1.2645E0);
#4061=ORIENTED_EDGE('',*,*,#4060,.F.);
#4062=ORIENTED_EDGE('',*,*,#3763,.T.);
#4064=ORIENTED_EDGE('',*,*,#4063,.F.);
#4065=ORIENTED_EDGE('',*,*,#3778,.F.);
#4066=EDGE_LOOP('',(#4061,#4062,#4064,#4065));
#4067=FACE_OUTER_BOUND('',#4066,.F.);
#4069=CARTESIAN_POINT('',(0.E0,0.E0,4.E-1));
#4070=DIRECTION('',(0.E0,0.E0,-1.E0));
#4071=DIRECTION('',(1.E0,0.E0,0.E0));
#4072=AXIS2_PLACEMENT_3D('',#4069,#4070,#4071);
#4073=CYLINDRICAL_SURFACE('',#4072,1.2645E0);
#4075=ORIENTED_EDGE('',*,*,#4074,.F.);
#4076=ORIENTED_EDGE('',*,*,#3792,.F.);
#4077=ORIENTED_EDGE('',*,*,#3564,.F.);
#4078=ORIENTED_EDGE('',*,*,#3775,.T.);
#4079=EDGE_LOOP('',(#4075,#4076,#4077,#4078));
#4080=FACE_OUTER_BOUND('',#4079,.F.);
#4082=CARTESIAN_POINT('',(1.346193035148E0,-6.872986770160E-1,
-2.426669442413E-1));
#4083=CARTESIAN_POINT('',(1.215487873966E0,-9.433072851008E-1,
-2.578003739899E-1));
#4084=CARTESIAN_POINT('',(8.042941887561E-1,-1.378168615666E0,
-2.880672334870E-1));
#4085=CARTESIAN_POINT('',(-6.747235391580E-2,-1.594330416484E0,
-3.334675227326E-1));
#4086=CARTESIAN_POINT('',(-9.178101004348E-1,-1.305367629771E0,
-3.788678119782E-1));
#4087=CARTESIAN_POINT('',(-1.477441039076E0,-6.029513399066E-1,
-4.242681012238E-1));
#4088=CARTESIAN_POINT('',(-1.569079452991E0,2.904614150182E-1,
-4.696683904694E-1));
#4089=CARTESIAN_POINT('',(-1.163703460366E0,1.091866613400E0,
-5.150686797151E-1));
#4090=CARTESIAN_POINT('',(-3.897170018526E-1,1.547416971415E0,
-5.604689689607E-1));
#4091=CARTESIAN_POINT('',(5.077146155048E-1,1.512813393712E0,
-6.058692582063E-1));
#4092=CARTESIAN_POINT('',(1.244324558406E0,9.990170260320E-1,
-6.512695474519E-1));
#4093=CARTESIAN_POINT('',(1.586787066846E0,1.687757376329E-1,
-6.966698366975E-1));
#4094=CARTESIAN_POINT('',(1.426625199962E0,-7.149256620411E-1,
-7.420701259432E-1));
#4095=CARTESIAN_POINT('',(8.145706752923E-1,-1.372172349669E0,
-7.874704151888E-1));
#4096=CARTESIAN_POINT('',(-5.550252413025E-2,-1.594766283544E0,
-8.328707044344E-1));
#4097=CARTESIAN_POINT('',(-9.080007764857E-1,-1.312241054597E0,
-8.782709936800E-1));
#4098=CARTESIAN_POINT('',(-1.472862534374E0,-6.139330827612E-1,
-9.236712829256E-1));
#4099=CARTESIAN_POINT('',(-1.538465580591E0,-1.905421786168E-2,
-9.539381424227E-1));
#4100=CARTESIAN_POINT('',(-1.488265307726E0,2.639725992024E-1,
-9.690715721713E-1));
#4101=CARTESIAN_POINT('',(1.269453156535E0,-6.481191420844E-1,
-1.929207721038E-1));
#4102=CARTESIAN_POINT('',(1.146198857110E0,-8.895339519580E-1,
-2.080542018523E-1));
#4103=CARTESIAN_POINT('',(7.584453121070E-1,-1.299605965649E0,
-2.383210613494E-1));
#4104=CARTESIAN_POINT('',(-6.362608513113E-2,-1.503445439786E0,
-2.837213505950E-1));
#4105=CARTESIAN_POINT('',(-8.654902370435E-1,-1.230955007778E0,
-3.291216398407E-1));
#4106=CARTESIAN_POINT('',(-1.393219353897E0,-5.685800339899E-1,
-3.745219290863E-1));
#4107=CARTESIAN_POINT('',(-1.479633910180E0,2.739036308458E-1,
-4.199222183319E-1));
#4108=CARTESIAN_POINT('',(-1.097366419571E0,1.029624639785E0,
-4.653225075775E-1));
#4109=CARTESIAN_POINT('',(-3.675011422880E-1,1.459206300694E0,
-5.107227968231E-1));
#4110=CARTESIAN_POINT('',(4.787722892955E-1,1.426575303656E0,
-5.561230860688E-1));
#4111=CARTESIAN_POINT('',(1.173391703255E0,9.420679531216E-1,
-6.015233753144E-1));
#4112=CARTESIAN_POINT('',(1.496332099605E0,1.591546585746E-1,
-6.469236645600E-1));
#4113=CARTESIAN_POINT('',(1.345300277152E0,-6.741712478598E-1,
-6.923239538056E-1));
#4114=CARTESIAN_POINT('',(7.681359864241E-1,-1.293951517440E0,
-7.377242430512E-1));
#4115=CARTESIAN_POINT('',(-5.233859677862E-2,-1.503856460197E0,
-7.831245322969E-1));
#4116=CARTESIAN_POINT('',(-8.562400946601E-1,-1.237436612284E0,
-8.285248215425E-1));
#4117=CARTESIAN_POINT('',(-1.388901847348E0,-5.789357614131E-1,
-8.739251107881E-1));
#4118=CARTESIAN_POINT('',(-1.450765184866E0,-1.796803012516E-2,
-9.041919702852E-1));
#4119=CARTESIAN_POINT('',(-1.403426583949E0,2.489248128217E-1,
-9.193254000337E-1));
#4120=CARTESIAN_POINT('',(1.192713277922E0,-6.089396071529E-1,
-1.431745999663E-1));
#4121=CARTESIAN_POINT('',(1.076909840254E0,-8.357606188152E-1,
-1.583080297148E-1));
#4122=CARTESIAN_POINT('',(7.125964354579E-1,-1.221043315633E0,
-1.885748892119E-1));
#4123=CARTESIAN_POINT('',(-5.977981634645E-2,-1.412560463089E0,
-2.339751784575E-1));
#4124=CARTESIAN_POINT('',(-8.131703736522E-1,-1.156542385785E0,
-2.793754677031E-1));
#4125=CARTESIAN_POINT('',(-1.308997668718E0,-5.342087280731E-1,
-3.247757569488E-1));
#4126=CARTESIAN_POINT('',(-1.390188367369E0,2.573458466735E-1,
-3.701760461944E-1));
#4127=CARTESIAN_POINT('',(-1.031029378777E0,9.673826661702E-1,
-4.155763354400E-1));
#4128=CARTESIAN_POINT('',(-3.452852827235E-1,1.370995629973E0,
-4.609766246856E-1));
#4129=CARTESIAN_POINT('',(4.498299630862E-1,1.340337213600E0,
-5.063769139312E-1));
#4130=CARTESIAN_POINT('',(1.102458848104E0,8.851188802112E-1,
-5.517772031769E-1));
#4131=CARTESIAN_POINT('',(1.405877132364E0,1.495335795164E-1,
-5.971774924225E-1));
#4132=CARTESIAN_POINT('',(1.263975354341E0,-6.334168336784E-1,
-6.425777816681E-1));
#4133=CARTESIAN_POINT('',(7.217012975558E-1,-1.215730685211E0,
-6.879780709137E-1));
#4134=CARTESIAN_POINT('',(-4.917466942699E-2,-1.412946636851E0,
-7.333783601593E-1));
#4135=CARTESIAN_POINT('',(-8.044794128345E-1,-1.162632169970E0,
-7.787786494050E-1));
#4136=CARTESIAN_POINT('',(-1.304941160321E0,-5.439384400650E-1,
-8.241789386506E-1));
#4137=CARTESIAN_POINT('',(-1.363064789141E0,-1.688184238863E-2,
-8.544457981477E-1));
#4138=CARTESIAN_POINT('',(-1.318587860172E0,2.338770264411E-1,
-8.695792278962E-1));
#4139=CARTESIAN_POINT('',(1.115973399309E0,-5.697600722214E-1,
-9.342842782874E-2));
#4140=CARTESIAN_POINT('',(1.007620823398E0,-7.819872856724E-1,
-1.085618575773E-1));
#4141=CARTESIAN_POINT('',(6.667475588088E-1,-1.142480665617E0,
-1.388287170744E-1));
#4142=CARTESIAN_POINT('',(-5.593354756177E-2,-1.321675486391E0,
-1.842290063200E-1));
#4143=CARTESIAN_POINT('',(-7.608505102609E-1,-1.082129763792E0,
-2.296292955656E-1));
#4144=CARTESIAN_POINT('',(-1.224775983539E0,-4.998374221564E-1,
-2.750295848112E-1));
#4145=CARTESIAN_POINT('',(-1.300742824559E0,2.407880625011E-1,
-3.204298740568E-1));
#4146=CARTESIAN_POINT('',(-9.646923379819E-1,9.051406925555E-1,
-3.658301633025E-1));
#4147=CARTESIAN_POINT('',(-3.230694231589E-1,1.282784959252E0,
-4.112304525481E-1));
#4148=CARTESIAN_POINT('',(4.208876368769E-1,1.254099123544E0,
-4.566307417937E-1));
#4149=CARTESIAN_POINT('',(1.031525992953E0,8.281698073008E-1,
-5.020310310393E-1));
#4150=CARTESIAN_POINT('',(1.315422165123E0,1.399125004582E-1,
-5.474313202849E-1));
#4151=CARTESIAN_POINT('',(1.182650431531E0,-5.926624194971E-1,
-5.928316095306E-1));
#4152=CARTESIAN_POINT('',(6.752666086875E-1,-1.137509852983E0,
-6.382318987762E-1));
#4153=CARTESIAN_POINT('',(-4.601074207536E-2,-1.322036813505E0,
-6.836321880218E-1));
#4154=CARTESIAN_POINT('',(-7.527187310089E-1,-1.087827727656E0,
-7.290324772674E-1));
#4155=CARTESIAN_POINT('',(-1.220980473294E0,-5.089411187169E-1,
-7.744327665130E-1));
#4156=CARTESIAN_POINT('',(-1.275364393416E0,-1.579565465211E-2,
-8.046996260101E-1));
#4157=CARTESIAN_POINT('',(-1.233749136396E0,2.188292400605E-1,
-8.198330557587E-1));
#4158=B_SPLINE_SURFACE_WITH_KNOTS('',3,3,((#4082,#4083,#4084,#4085,#4086,#4087,
#4088,#4089,#4090,#4091,#4092,#4093,#4094,#4095,#4096,#4097,#4098,#4099,#4100),(
#4101,#4102,#4103,#4104,#4105,#4106,#4107,#4108,#4109,#4110,#4111,#4112,#4113,
#4114,#4115,#4116,#4117,#4118,#4119),(#4120,#4121,#4122,#4123,#4124,#4125,#4126,
#4127,#4128,#4129,#4130,#4131,#4132,#4133,#4134,#4135,#4136,#4137,#4138),(#4139,
#4140,#4141,#4142,#4143,#4144,#4145,#4146,#4147,#4148,#4149,#4150,#4151,#4152,
#4153,#4154,#4155,#4156,#4157)),.UNSPECIFIED.,.F.,.F.,.F.,(4,4),(4,1,1,1,1,1,1,
1,1,1,1,1,1,1,1,1,4),(-4.880826512272E-2,1.048808265123E0),(6.437823459190E-1,
6.664824905418E-1,6.891826351646E-1,7.118827797874E-1,7.345829244102E-1,
7.572830690330E-1,7.799832136558E-1,8.026833582787E-1,8.253835029015E-1,
8.480836475243E-1,8.707837921471E-1,8.934839367699E-1,9.161840813927E-1,
9.388842260155E-1,9.615843706383E-1,9.842845152611E-1,1.006984659884E0),
.UNSPECIFIED.);
#4159=ORIENTED_EDGE('',*,*,#3893,.F.);
#4161=ORIENTED_EDGE('',*,*,#4160,.F.);
#4163=ORIENTED_EDGE('',*,*,#4162,.F.);
#4165=ORIENTED_EDGE('',*,*,#4164,.T.);
#4167=ORIENTED_EDGE('',*,*,#4166,.T.);
#4168=EDGE_LOOP('',(#4159,#4161,#4163,#4165,#4167));
#4169=FACE_OUTER_BOUND('',#4168,.F.);
#4171=CARTESIAN_POINT('',(-1.324532592631E0,-7.281679547797E-1,
-9.151022524034E-1));
#4172=CARTESIAN_POINT('',(-1.423662233514E0,-5.478518074069E-1,
-9.259355857367E-1));
#4173=CARTESIAN_POINT('',(-1.547195792222E0,-1.462669420765E-1,
-9.476022524034E-1));
#4174=CARTESIAN_POINT('',(-1.478039063100E0,4.802469071765E-1,
-9.801022524034E-1));
#4175=CARTESIAN_POINT('',(-1.165747240507E0,1.027743953074E0,
-1.012602252403E0));
#4176=CARTESIAN_POINT('',(-6.617038205462E-1,1.406192154537E0,
-1.045102252403E0));
#4177=CARTESIAN_POINT('',(-4.881542948980E-2,1.553333274608E0,
-1.077602252403E0));
#4178=CARTESIAN_POINT('',(5.721024299222E-1,1.444965838343E0,
-1.110102252403E0));
#4179=CARTESIAN_POINT('',(1.098914790805E0,1.098914783237E0,-1.142602252403E0));
#4180=CARTESIAN_POINT('',(1.444965819400E0,5.721024412491E-1,
-1.175102252403E0));
#4181=CARTESIAN_POINT('',(1.553333342812E0,-4.881546722974E-2,
-1.207602252403E0));
#4182=CARTESIAN_POINT('',(1.406191900665E0,-6.617036809133E-1,
-1.240102252403E0));
#4183=CARTESIAN_POINT('',(1.027744900359E0,-1.165747761299E0,
-1.272602252403E0));
#4184=CARTESIAN_POINT('',(4.802433719087E-1,-1.478037119566E0,
-1.305102252403E0));
#4185=CARTESIAN_POINT('',(-1.462537482904E-1,-1.547203045568E0,
-1.337602252403E0));
#4186=CARTESIAN_POINT('',(-7.486934799488E-1,-1.361868384309E0,
-1.370102252403E0));
#4187=CARTESIAN_POINT('',(-1.227980060593E0,-9.525189729795E-1,
-1.402602252403E0));
#4188=CARTESIAN_POINT('',(-1.505275281765E0,-3.864890026975E-1,
-1.435102252403E0));
#4189=CARTESIAN_POINT('',(-1.534966644943E0,2.431148329761E-1,
-1.467602252403E0));
#4190=CARTESIAN_POINT('',(-1.312170195568E0,8.327285277699E-1,
-1.500102252403E0));
#4191=CARTESIAN_POINT('',(-8.735338883922E-1,1.285366083624E0,
-1.532602252403E0));
#4192=CARTESIAN_POINT('',(-2.912093379591E-1,1.526572810116E0,
-1.565102252403E0));
#4193=CARTESIAN_POINT('',(3.390164544836E-1,1.516672432231E0,
-1.597602252403E0));
#4194=CARTESIAN_POINT('',(9.134771765297E-1,1.257293470539E0,
-1.630102252403E0));
#4195=CARTESIAN_POINT('',(1.337679353950E0,7.911013646272E-1,
-1.662602252403E0));
#4196=CARTESIAN_POINT('',(1.541845653010E0,1.947804030046E-1,
-1.695102252403E0));
#4197=CARTESIAN_POINT('',(1.492392606331E0,-4.335801329272E-1,
-1.727602252403E0));
#4198=CARTESIAN_POINT('',(1.197454782583E0,-9.906207482018E-1,
-1.760102252403E0));
#4199=CARTESIAN_POINT('',(7.055467251959E-1,-1.384713414994E0,
-1.792602252403E0));
#4200=CARTESIAN_POINT('',(9.758275878607E-2,-1.551033535513E0,
-1.825102252403E0));
#4201=CARTESIAN_POINT('',(-5.264326686700E-1,-1.462222988623E0,
-1.857602252403E0));
#4202=CARTESIAN_POINT('',(-1.063854792352E0,-1.132890287666E0,
-1.890102252403E0));
#4203=CARTESIAN_POINT('',(-1.426282644805E0,-6.172076151738E-1,
-1.922602252403E0));
#4204=CARTESIAN_POINT('',(-1.554100197252E0,0.E0,-1.955102252403E0));
#4205=CARTESIAN_POINT('',(-1.426282644805E0,6.172076151738E-1,
-1.987602252403E0));
#4206=CARTESIAN_POINT('',(-1.063854792352E0,1.132890287666E0,
-2.020102252403E0));
#4207=CARTESIAN_POINT('',(-5.264326686700E-1,1.462222988623E0,
-2.052602252403E0));
#4208=CARTESIAN_POINT('',(9.758275878608E-2,1.551033535513E0,
-2.085102252403E0));
#4209=CARTESIAN_POINT('',(7.055467251959E-1,1.384713414994E0,
-2.117602252403E0));
#4210=CARTESIAN_POINT('',(1.197454782583E0,9.906207482018E-1,
-2.150102252403E0));
#4211=CARTESIAN_POINT('',(1.492392606331E0,4.335801329272E-1,
-2.182602252403E0));
#4212=CARTESIAN_POINT('',(1.541845653010E0,-1.947804030046E-1,
-2.215102252403E0));
#4213=CARTESIAN_POINT('',(1.337679353950E0,-7.911013646272E-1,
-2.247602252403E0));
#4214=CARTESIAN_POINT('',(9.134771765297E-1,-1.257293470539E0,
-2.280102252403E0));
#4215=CARTESIAN_POINT('',(3.390164544836E-1,-1.516672432231E0,
-2.312602252403E0));
#4216=CARTESIAN_POINT('',(-2.912093379591E-1,-1.526572810116E0,
-2.345102252403E0));
#4217=CARTESIAN_POINT('',(-8.735338883922E-1,-1.285366083624E0,
-2.377602252403E0));
#4218=CARTESIAN_POINT('',(-1.312170195568E0,-8.327285277699E-1,
-2.410102252403E0));
#4219=CARTESIAN_POINT('',(-1.534966644943E0,-2.431148329761E-1,
-2.442602252403E0));
#4220=CARTESIAN_POINT('',(-1.505275281765E0,3.864890026975E-1,
-2.475102252403E0));
#4221=CARTESIAN_POINT('',(-1.227980060593E0,9.525189729795E-1,
-2.507602252403E0));
#4222=CARTESIAN_POINT('',(-7.486934799487E-1,1.361868384309E0,
-2.540102252403E0));
#4223=CARTESIAN_POINT('',(-1.462537482904E-1,1.547203045568E0,
-2.572602252403E0));
#4224=CARTESIAN_POINT('',(4.802433719087E-1,1.478037119566E0,
-2.605102252403E0));
#4225=CARTESIAN_POINT('',(1.027744900359E0,1.165747761299E0,-2.637602252403E0));
#4226=CARTESIAN_POINT('',(1.406191900665E0,6.617036809133E-1,
-2.670102252403E0));
#4227=CARTESIAN_POINT('',(1.553333342812E0,4.881546722973E-2,
-2.702602252403E0));
#4228=CARTESIAN_POINT('',(1.444965819400E0,-5.721024412490E-1,
-2.735102252403E0));
#4229=CARTESIAN_POINT('',(1.098914790805E0,-1.098914783237E0,
-2.767602252403E0));
#4230=CARTESIAN_POINT('',(5.721024299222E-1,-1.444965838343E0,
-2.800102252403E0));
#4231=CARTESIAN_POINT('',(-4.881542948979E-2,-1.553333274608E0,
-2.832602252403E0));
#4232=CARTESIAN_POINT('',(-6.617038205462E-1,-1.406192154537E0,
-2.865102252403E0));
#4233=CARTESIAN_POINT('',(-1.165747240507E0,-1.027743953074E0,
-2.897602252403E0));
#4234=CARTESIAN_POINT('',(-1.478039063100E0,-4.802469071765E-1,
-2.930102252403E0));
#4235=CARTESIAN_POINT('',(-1.547195792222E0,1.462669420765E-1,
-2.962602252403E0));
#4236=CARTESIAN_POINT('',(-1.423662233514E0,5.478518074069E-1,
-2.984268919070E0));
#4237=CARTESIAN_POINT('',(-1.324532592631E0,7.281679547797E-1,
-2.995102252403E0));
#4238=CARTESIAN_POINT('',(-1.249027469871E0,-6.866586622780E-1,
-8.653560802658E-1));
#4239=CARTESIAN_POINT('',(-1.342506214925E0,-5.166214562606E-1,
-8.761894135992E-1));
#4240=CARTESIAN_POINT('',(-1.458997729844E0,-1.379289793274E-1,
-8.978560802658E-1));
#4241=CARTESIAN_POINT('',(-1.393783287497E0,4.528703806317E-1,
-9.303560802658E-1));
#4242=CARTESIAN_POINT('',(-1.099293693806E0,9.691572986006E-1,
-9.628560802658E-1));
#4243=CARTESIAN_POINT('',(-6.239833231579E-1,1.326032019677E0,
-9.953560802658E-1));
#4244=CARTESIAN_POINT('',(-4.603270068665E-2,1.464785344388E0,
-1.027856080266E0));
#4245=CARTESIAN_POINT('',(5.394896694338E-1,1.362595405471E0,
-1.060356080266E0));
#4246=CARTESIAN_POINT('',(1.036271035080E0,1.036271027944E0,-1.092856080266E0));
#4247=CARTESIAN_POINT('',(1.362595387608E0,5.394896801149E-1,
-1.125356080266E0));
#4248=CARTESIAN_POINT('',(1.464785408704E0,-4.603273627523E-2,
-1.157856080266E0));
#4249=CARTESIAN_POINT('',(1.326031780276E0,-6.239831914847E-1,
-1.190356080266E0));
#4250=CARTESIAN_POINT('',(9.691581918855E-1,-1.099294184910E0,
-1.222856080266E0));
#4251=CARTESIAN_POINT('',(4.528670468923E-1,-1.393781454754E0,
-1.255356080266E0));
#4252=CARTESIAN_POINT('',(-1.379165376545E-1,-1.459004569713E0,
-1.287856080266E0));
#4253=CARTESIAN_POINT('',(-7.060141276793E-1,-1.284234930733E0,
-1.320356080266E0));
#4254=CARTESIAN_POINT('',(-1.157978925296E0,-8.982205265794E-1,
-1.352856080266E0));
#4255=CARTESIAN_POINT('',(-1.419466902591E0,-3.644571555716E-1,
-1.385356080266E0));
#4256=CARTESIAN_POINT('',(-1.447465706420E0,2.292560458003E-1,
-1.417856080266E0));
#4257=CARTESIAN_POINT('',(-1.237369792581E0,7.852587485701E-1,
-1.450356080266E0));
#4258=CARTESIAN_POINT('',(-8.237379952257E-1,1.212093651918E0,
-1.482856080266E0));
#4259=CARTESIAN_POINT('',(-2.746089183591E-1,1.439550363049E0,
-1.515356080266E0));
#4260=CARTESIAN_POINT('',(3.196907850695E-1,1.430214357269E0,
-1.547856080266E0));
#4261=CARTESIAN_POINT('',(8.614043119312E-1,1.185621321158E0,
-1.580356080266E0));
#4262=CARTESIAN_POINT('',(1.261424798648E0,7.460045463351E-1,
-1.612856080266E0));
#4263=CARTESIAN_POINT('',(1.453952575893E0,1.836769252027E-1,
-1.645356080266E0));
#4264=CARTESIAN_POINT('',(1.407318605454E0,-4.088638508628E-1,
-1.677856080266E0));
#4265=CARTESIAN_POINT('',(1.129193744039E0,-9.341503060112E-1,
-1.710356080266E0));
#4266=CARTESIAN_POINT('',(6.653269583172E-1,-1.305777677989E0,
-1.742856080266E0));
#4267=CARTESIAN_POINT('',(9.202004313649E-2,-1.462616702167E0,
-1.775356080266E0));
#4268=CARTESIAN_POINT('',(-4.964233178288E-1,-1.378868810045E0,
-1.807856080266E0));
#4269=CARTESIAN_POINT('',(-1.003209635606E0,-1.068309755092E0,
-1.840356080266E0));
#4270=CARTESIAN_POINT('',(-1.344977249388E0,-5.820236287537E-1,
-1.872856080266E0));
#4271=CARTESIAN_POINT('',(-1.465508548524E0,0.E0,-1.905356080266E0));
#4272=CARTESIAN_POINT('',(-1.344977249388E0,5.820236287537E-1,
-1.937856080266E0));
#4273=CARTESIAN_POINT('',(-1.003209635606E0,1.068309755092E0,
-1.970356080266E0));
#4274=CARTESIAN_POINT('',(-4.964233178288E-1,1.378868810045E0,
-2.002856080266E0));
#4275=CARTESIAN_POINT('',(9.202004313650E-2,1.462616702167E0,
-2.035356080266E0));
#4276=CARTESIAN_POINT('',(6.653269583172E-1,1.305777677989E0,
-2.067856080266E0));
#4277=CARTESIAN_POINT('',(1.129193744039E0,9.341503060112E-1,
-2.100356080266E0));
#4278=CARTESIAN_POINT('',(1.407318605454E0,4.088638508628E-1,
-2.132856080266E0));
#4279=CARTESIAN_POINT('',(1.453952575893E0,-1.836769252027E-1,
-2.165356080266E0));
#4280=CARTESIAN_POINT('',(1.261424798648E0,-7.460045463351E-1,
-2.197856080266E0));
#4281=CARTESIAN_POINT('',(8.614043119312E-1,-1.185621321158E0,
-2.230356080266E0));
#4282=CARTESIAN_POINT('',(3.196907850694E-1,-1.430214357269E0,
-2.262856080266E0));
#4283=CARTESIAN_POINT('',(-2.746089183591E-1,-1.439550363049E0,
-2.295356080266E0));
#4284=CARTESIAN_POINT('',(-8.237379952257E-1,-1.212093651918E0,
-2.327856080266E0));
#4285=CARTESIAN_POINT('',(-1.237369792581E0,-7.852587485701E-1,
-2.360356080266E0));
#4286=CARTESIAN_POINT('',(-1.447465706420E0,-2.292560458003E-1,
-2.392856080266E0));
#4287=CARTESIAN_POINT('',(-1.419466902591E0,3.644571555716E-1,
-2.425356080266E0));
#4288=CARTESIAN_POINT('',(-1.157978925296E0,8.982205265794E-1,
-2.457856080266E0));
#4289=CARTESIAN_POINT('',(-7.060141276793E-1,1.284234930733E0,
-2.490356080266E0));
#4290=CARTESIAN_POINT('',(-1.379165376546E-1,1.459004569713E0,
-2.522856080266E0));
#4291=CARTESIAN_POINT('',(4.528670468923E-1,1.393781454754E0,
-2.555356080266E0));
#4292=CARTESIAN_POINT('',(9.691581918855E-1,1.099294184910E0,
-2.587856080266E0));
#4293=CARTESIAN_POINT('',(1.326031780276E0,6.239831914847E-1,
-2.620356080266E0));
#4294=CARTESIAN_POINT('',(1.464785408704E0,4.603273627522E-2,
-2.652856080266E0));
#4295=CARTESIAN_POINT('',(1.362595387608E0,-5.394896801149E-1,
-2.685356080266E0));
#4296=CARTESIAN_POINT('',(1.036271035080E0,-1.036271027944E0,
-2.717856080266E0));
#4297=CARTESIAN_POINT('',(5.394896694338E-1,-1.362595405471E0,
-2.750356080266E0));
#4298=CARTESIAN_POINT('',(-4.603270068665E-2,-1.464785344388E0,
-2.782856080266E0));
#4299=CARTESIAN_POINT('',(-6.239833231578E-1,-1.326032019677E0,
-2.815356080266E0));
#4300=CARTESIAN_POINT('',(-1.099293693806E0,-9.691572986006E-1,
-2.847856080266E0));
#4301=CARTESIAN_POINT('',(-1.393783287497E0,-4.528703806317E-1,
-2.880356080266E0));
#4302=CARTESIAN_POINT('',(-1.458997729844E0,1.379289793275E-1,
-2.912856080266E0));
#4303=CARTESIAN_POINT('',(-1.342506214925E0,5.166214562606E-1,
-2.934522746933E0));
#4304=CARTESIAN_POINT('',(-1.249027469871E0,6.866586622780E-1,
-2.945356080266E0));
#4305=CARTESIAN_POINT('',(-1.173522347111E0,-6.451493697762E-1,
-8.156099081283E-1));
#4306=CARTESIAN_POINT('',(-1.261350196335E0,-4.853911051143E-1,
-8.264432414616E-1));
#4307=CARTESIAN_POINT('',(-1.370799667467E0,-1.295910165784E-1,
-8.481099081283E-1));
#4308=CARTESIAN_POINT('',(-1.309527511894E0,4.254938540870E-1,
-8.806099081283E-1));
#4309=CARTESIAN_POINT('',(-1.032840147105E0,9.105706441275E-1,
-9.131099081283E-1));
#4310=CARTESIAN_POINT('',(-5.862628257695E-1,1.245871884816E0,
-9.456099081283E-1));
#4311=CARTESIAN_POINT('',(-4.324997188351E-2,1.376237414168E0,
-9.781099081283E-1));
#4312=CARTESIAN_POINT('',(5.068769089453E-1,1.280224972599E0,
-1.010609908128E0));
#4313=CARTESIAN_POINT('',(9.736272793548E-1,9.736272726502E-1,
-1.043109908128E0));
#4314=CARTESIAN_POINT('',(1.280224955816E0,5.068769189808E-1,
-1.075609908128E0));
#4315=CARTESIAN_POINT('',(1.376237474596E0,-4.325000532072E-2,
-1.108109908128E0));
#4316=CARTESIAN_POINT('',(1.245871659888E0,-5.862627020561E-1,
-1.140609908128E0));
#4317=CARTESIAN_POINT('',(9.105714834123E-1,-1.032840608521E0,
-1.173109908128E0));
#4318=CARTESIAN_POINT('',(4.254907218759E-1,-1.309525789942E0,
-1.205609908128E0));
#4319=CARTESIAN_POINT('',(-1.295793270187E-1,-1.370806093858E0,
-1.238109908128E0));
#4320=CARTESIAN_POINT('',(-6.633347754099E-1,-1.206601477157E0,
-1.270609908128E0));
#4321=CARTESIAN_POINT('',(-1.087977789999E0,-8.439220801794E-1,
-1.303109908128E0));
#4322=CARTESIAN_POINT('',(-1.333658523416E0,-3.424253084457E-1,
-1.335609908128E0));
#4323=CARTESIAN_POINT('',(-1.359964767897E0,2.153972586245E-1,
-1.368109908128E0));
#4324=CARTESIAN_POINT('',(-1.162569389594E0,7.377889693704E-1,
-1.400609908128E0));
#4325=CARTESIAN_POINT('',(-7.739421020593E-1,1.138821220212E0,
-1.433109908128E0));
#4326=CARTESIAN_POINT('',(-2.580084987592E-1,1.352527915983E0,
-1.465609908128E0));
#4327=CARTESIAN_POINT('',(3.003651156553E-1,1.343756282308E0,
-1.498109908128E0));
#4328=CARTESIAN_POINT('',(8.093314473326E-1,1.113949171777E0,
-1.530609908128E0));
#4329=CARTESIAN_POINT('',(1.185170243347E0,7.009077280430E-1,
-1.563109908128E0));
#4330=CARTESIAN_POINT('',(1.366059498776E0,1.725734474008E-1,
-1.595609908128E0));
#4331=CARTESIAN_POINT('',(1.322244604576E0,-3.841475687983E-1,
-1.628109908128E0));
#4332=CARTESIAN_POINT('',(1.060932705495E0,-8.776798638207E-1,
-1.660609908128E0));
#4333=CARTESIAN_POINT('',(6.251071914384E-1,-1.226841940984E0,
-1.693109908128E0));
#4334=CARTESIAN_POINT('',(8.645732748691E-2,-1.374199868821E0,
-1.725609908128E0));
#4335=CARTESIAN_POINT('',(-4.664139669876E-1,-1.295514631467E0,
-1.758109908128E0));
#4336=CARTESIAN_POINT('',(-9.425644788600E-1,-1.003729222518E0,
-1.790609908128E0));
#4337=CARTESIAN_POINT('',(-1.263671853971E0,-5.468396423335E-1,
-1.823109908128E0));
#4338=CARTESIAN_POINT('',(-1.376916899796E0,0.E0,-1.855609908128E0));
#4339=CARTESIAN_POINT('',(-1.263671853971E0,5.468396423335E-1,
-1.888109908128E0));
#4340=CARTESIAN_POINT('',(-9.425644788600E-1,1.003729222518E0,
-1.920609908128E0));
#4341=CARTESIAN_POINT('',(-4.664139669877E-1,1.295514631467E0,
-1.953109908128E0));
#4342=CARTESIAN_POINT('',(8.645732748692E-2,1.374199868821E0,
-1.985609908128E0));
#4343=CARTESIAN_POINT('',(6.251071914384E-1,1.226841940984E0,
-2.018109908128E0));
#4344=CARTESIAN_POINT('',(1.060932705495E0,8.776798638207E-1,
-2.050609908128E0));
#4345=CARTESIAN_POINT('',(1.322244604576E0,3.841475687983E-1,
-2.083109908128E0));
#4346=CARTESIAN_POINT('',(1.366059498776E0,-1.725734474008E-1,
-2.115609908128E0));
#4347=CARTESIAN_POINT('',(1.185170243347E0,-7.009077280430E-1,
-2.148109908128E0));
#4348=CARTESIAN_POINT('',(8.093314473326E-1,-1.113949171777E0,
-2.180609908128E0));
#4349=CARTESIAN_POINT('',(3.003651156553E-1,-1.343756282308E0,
-2.213109908128E0));
#4350=CARTESIAN_POINT('',(-2.580084987592E-1,-1.352527915983E0,
-2.245609908128E0));
#4351=CARTESIAN_POINT('',(-7.739421020593E-1,-1.138821220212E0,
-2.278109908128E0));
#4352=CARTESIAN_POINT('',(-1.162569389594E0,-7.377889693704E-1,
-2.310609908128E0));
#4353=CARTESIAN_POINT('',(-1.359964767897E0,-2.153972586245E-1,
-2.343109908128E0));
#4354=CARTESIAN_POINT('',(-1.333658523416E0,3.424253084457E-1,
-2.375609908128E0));
#4355=CARTESIAN_POINT('',(-1.087977789999E0,8.439220801794E-1,
-2.408109908128E0));
#4356=CARTESIAN_POINT('',(-6.633347754099E-1,1.206601477157E0,
-2.440609908128E0));
#4357=CARTESIAN_POINT('',(-1.295793270187E-1,1.370806093858E0,
-2.473109908128E0));
#4358=CARTESIAN_POINT('',(4.254907218759E-1,1.309525789942E0,
-2.505609908128E0));
#4359=CARTESIAN_POINT('',(9.105714834123E-1,1.032840608521E0,
-2.538109908128E0));
#4360=CARTESIAN_POINT('',(1.245871659888E0,5.862627020561E-1,
-2.570609908128E0));
#4361=CARTESIAN_POINT('',(1.376237474596E0,4.325000532071E-2,
-2.603109908128E0));
#4362=CARTESIAN_POINT('',(1.280224955816E0,-5.068769189808E-1,
-2.635609908128E0));
#4363=CARTESIAN_POINT('',(9.736272793548E-1,-9.736272726502E-1,
-2.668109908128E0));
#4364=CARTESIAN_POINT('',(5.068769089453E-1,-1.280224972599E0,
-2.700609908128E0));
#4365=CARTESIAN_POINT('',(-4.324997188351E-2,-1.376237414168E0,
-2.733109908128E0));
#4366=CARTESIAN_POINT('',(-5.862628257695E-1,-1.245871884816E0,
-2.765609908128E0));
#4367=CARTESIAN_POINT('',(-1.032840147105E0,-9.105706441275E-1,
-2.798109908128E0));
#4368=CARTESIAN_POINT('',(-1.309527511894E0,-4.254938540870E-1,
-2.830609908128E0));
#4369=CARTESIAN_POINT('',(-1.370799667467E0,1.295910165784E-1,
-2.863109908128E0));
#4370=CARTESIAN_POINT('',(-1.261350196335E0,4.853911051143E-1,
-2.884776574795E0));
#4371=CARTESIAN_POINT('',(-1.173522347111E0,6.451493697762E-1,
-2.895609908128E0));
#4372=CARTESIAN_POINT('',(-1.098017224351E0,-6.036400772745E-1,
-7.658637359908E-1));
#4373=CARTESIAN_POINT('',(-1.180194177745E0,-4.541607539680E-1,
-7.766970693241E-1));
#4374=CARTESIAN_POINT('',(-1.282601605090E0,-1.212530538294E-1,
-7.983637359908E-1));
#4375=CARTESIAN_POINT('',(-1.225271736291E0,3.981173275423E-1,
-8.308637359908E-1));
#4376=CARTESIAN_POINT('',(-9.663866004033E-1,8.519839896545E-1,
-8.633637359908E-1));
#4377=CARTESIAN_POINT('',(-5.485423283811E-1,1.165711749955E0,
-8.958637359908E-1));
#4378=CARTESIAN_POINT('',(-4.046724308037E-2,1.287689483948E0,
-9.283637359908E-1));
#4379=CARTESIAN_POINT('',(4.742641484569E-1,1.197854539727E0,
-9.608637359908E-1));
#4380=CARTESIAN_POINT('',(9.109835236298E-1,9.109835173565E-1,
-9.933637359908E-1));
#4381=CARTESIAN_POINT('',(1.197854524023E0,4.742641578466E-1,
-1.025863735991E0));
#4382=CARTESIAN_POINT('',(1.287689540488E0,-4.046727436621E-2,
-1.058363735991E0));
#4383=CARTESIAN_POINT('',(1.165711539499E0,-5.485422126275E-1,
-1.090863735991E0));
#4384=CARTESIAN_POINT('',(8.519847749392E-1,-9.663870321318E-1,
-1.123363735991E0));
#4385=CARTESIAN_POINT('',(3.981143968595E-1,-1.225270125131E0,
-1.155863735991E0));
#4386=CARTESIAN_POINT('',(-1.212421163829E-1,-1.282607618003E0,
-1.188363735991E0));
#4387=CARTESIAN_POINT('',(-6.206554231405E-1,-1.128968023580E0,
-1.220863735991E0));
#4388=CARTESIAN_POINT('',(-1.017976654702E0,-7.896236337793E-1,
-1.253363735991E0));
#4389=CARTESIAN_POINT('',(-1.247850144242E0,-3.203934613198E-1,
-1.285863735991E0));
#4390=CARTESIAN_POINT('',(-1.272463829375E0,2.015384714487E-1,
-1.318363735991E0));
#4391=CARTESIAN_POINT('',(-1.087768986607E0,6.903191901706E-1,
-1.350863735991E0));
#4392=CARTESIAN_POINT('',(-7.241462088928E-1,1.065548788506E0,
-1.383363735991E0));
#4393=CARTESIAN_POINT('',(-2.414080791592E-1,1.265505468916E0,
-1.415863735991E0));
#4394=CARTESIAN_POINT('',(2.810394462411E-1,1.257298207347E0,
-1.448363735991E0));
#4395=CARTESIAN_POINT('',(7.572585827341E-1,1.042277022397E0,
-1.480863735991E0));
#4396=CARTESIAN_POINT('',(1.108915688045E0,6.558109097509E-1,
-1.513363735991E0));
#4397=CARTESIAN_POINT('',(1.278166421660E0,1.614699695990E-1,
-1.545863735991E0));
#4398=CARTESIAN_POINT('',(1.237170603699E0,-3.594312867339E-1,
-1.578363735991E0));
#4399=CARTESIAN_POINT('',(9.926716669508E-1,-8.212094216301E-1,
-1.610863735991E0));
#4400=CARTESIAN_POINT('',(5.848874245597E-1,-1.147906203979E0,
-1.643363735991E0));
#4401=CARTESIAN_POINT('',(8.089461183732E-2,-1.285783035475E0,
-1.675863735991E0));
#4402=CARTESIAN_POINT('',(-4.364046161465E-1,-1.212160452889E0,
-1.708363735991E0));
#4403=CARTESIAN_POINT('',(-8.819193221138E-1,-9.391486899438E-1,
-1.740863735991E0));
#4404=CARTESIAN_POINT('',(-1.182366458554E0,-5.116556559134E-1,
-1.773363735991E0));
#4405=CARTESIAN_POINT('',(-1.288325251069E0,0.E0,-1.805863735991E0));
#4406=CARTESIAN_POINT('',(-1.182366458554E0,5.116556559134E-1,
-1.838363735991E0));
#4407=CARTESIAN_POINT('',(-8.819193221138E-1,9.391486899438E-1,
-1.870863735991E0));
#4408=CARTESIAN_POINT('',(-4.364046161465E-1,1.212160452889E0,
-1.903363735991E0));
#4409=CARTESIAN_POINT('',(8.089461183733E-2,1.285783035475E0,
-1.935863735991E0));
#4410=CARTESIAN_POINT('',(5.848874245597E-1,1.147906203979E0,
-1.968363735991E0));
#4411=CARTESIAN_POINT('',(9.926716669508E-1,8.212094216301E-1,
-2.000863735991E0));
#4412=CARTESIAN_POINT('',(1.237170603699E0,3.594312867339E-1,
-2.033363735991E0));
#4413=CARTESIAN_POINT('',(1.278166421660E0,-1.614699695990E-1,
-2.065863735991E0));
#4414=CARTESIAN_POINT('',(1.108915688045E0,-6.558109097509E-1,
-2.098363735991E0));
#4415=CARTESIAN_POINT('',(7.572585827341E-1,-1.042277022397E0,
-2.130863735991E0));
#4416=CARTESIAN_POINT('',(2.810394462411E-1,-1.257298207347E0,
-2.163363735991E0));
#4417=CARTESIAN_POINT('',(-2.414080791592E-1,-1.265505468916E0,
-2.195863735991E0));
#4418=CARTESIAN_POINT('',(-7.241462088928E-1,-1.065548788506E0,
-2.228363735991E0));
#4419=CARTESIAN_POINT('',(-1.087768986607E0,-6.903191901706E-1,
-2.260863735991E0));
#4420=CARTESIAN_POINT('',(-1.272463829375E0,-2.015384714487E-1,
-2.293363735991E0));
#4421=CARTESIAN_POINT('',(-1.247850144242E0,3.203934613198E-1,
-2.325863735991E0));
#4422=CARTESIAN_POINT('',(-1.017976654702E0,7.896236337793E-1,
-2.358363735991E0));
#4423=CARTESIAN_POINT('',(-6.206554231405E-1,1.128968023580E0,
-2.390863735991E0));
#4424=CARTESIAN_POINT('',(-1.212421163829E-1,1.282607618003E0,
-2.423363735991E0));
#4425=CARTESIAN_POINT('',(3.981143968595E-1,1.225270125131E0,
-2.455863735991E0));
#4426=CARTESIAN_POINT('',(8.519847749392E-1,9.663870321318E-1,
-2.488363735991E0));
#4427=CARTESIAN_POINT('',(1.165711539499E0,5.485422126275E-1,
-2.520863735991E0));
#4428=CARTESIAN_POINT('',(1.287689540488E0,4.046727436620E-2,
-2.553363735991E0));
#4429=CARTESIAN_POINT('',(1.197854524023E0,-4.742641578466E-1,
-2.585863735991E0));
#4430=CARTESIAN_POINT('',(9.109835236298E-1,-9.109835173565E-1,
-2.618363735991E0));
#4431=CARTESIAN_POINT('',(4.742641484569E-1,-1.197854539727E0,
-2.650863735991E0));
#4432=CARTESIAN_POINT('',(-4.046724308037E-2,-1.287689483948E0,
-2.683363735991E0));
#4433=CARTESIAN_POINT('',(-5.485423283811E-1,-1.165711749955E0,
-2.715863735991E0));
#4434=CARTESIAN_POINT('',(-9.663866004033E-1,-8.519839896544E-1,
-2.748363735991E0));
#4435=CARTESIAN_POINT('',(-1.225271736291E0,-3.981173275423E-1,
-2.780863735991E0));
#4436=CARTESIAN_POINT('',(-1.282601605090E0,1.212530538294E-1,
-2.813363735991E0));
#4437=CARTESIAN_POINT('',(-1.180194177745E0,4.541607539680E-1,
-2.835030402657E0));
#4438=CARTESIAN_POINT('',(-1.098017224351E0,6.036400772745E-1,
-2.845863735991E0));
#4439=B_SPLINE_SURFACE_WITH_KNOTS('',3,3,((#4171,#4172,#4173,#4174,#4175,#4176,
#4177,#4178,#4179,#4180,#4181,#4182,#4183,#4184,#4185,#4186,#4187,#4188,#4189,
#4190,#4191,#4192,#4193,#4194,#4195,#4196,#4197,#4198,#4199,#4200,#4201,#4202,
#4203,#4204,#4205,#4206,#4207,#4208,#4209,#4210,#4211,#4212,#4213,#4214,#4215,
#4216,#4217,#4218,#4219,#4220,#4221,#4222,#4223,#4224,#4225,#4226,#4227,#4228,
#4229,#4230,#4231,#4232,#4233,#4234,#4235,#4236,#4237),(#4238,#4239,#4240,#4241,
#4242,#4243,#4244,#4245,#4246,#4247,#4248,#4249,#4250,#4251,#4252,#4253,#4254,
#4255,#4256,#4257,#4258,#4259,#4260,#4261,#4262,#4263,#4264,#4265,#4266,#4267,
#4268,#4269,#4270,#4271,#4272,#4273,#4274,#4275,#4276,#4277,#4278,#4279,#4280,
#4281,#4282,#4283,#4284,#4285,#4286,#4287,#4288,#4289,#4290,#4291,#4292,#4293,
#4294,#4295,#4296,#4297,#4298,#4299,#4300,#4301,#4302,#4303,#4304),(#4305,#4306,
#4307,#4308,#4309,#4310,#4311,#4312,#4313,#4314,#4315,#4316,#4317,#4318,#4319,
#4320,#4321,#4322,#4323,#4324,#4325,#4326,#4327,#4328,#4329,#4330,#4331,#4332,
#4333,#4334,#4335,#4336,#4337,#4338,#4339,#4340,#4341,#4342,#4343,#4344,#4345,
#4346,#4347,#4348,#4349,#4350,#4351,#4352,#4353,#4354,#4355,#4356,#4357,#4358,
#4359,#4360,#4361,#4362,#4363,#4364,#4365,#4366,#4367,#4368,#4369,#4370,#4371),(
#4372,#4373,#4374,#4375,#4376,#4377,#4378,#4379,#4380,#4381,#4382,#4383,#4384,
#4385,#4386,#4387,#4388,#4389,#4390,#4391,#4392,#4393,#4394,#4395,#4396,#4397,
#4398,#4399,#4400,#4401,#4402,#4403,#4404,#4405,#4406,#4407,#4408,#4409,#4410,
#4411,#4412,#4413,#4414,#4415,#4416,#4417,#4418,#4419,#4420,#4421,#4422,#4423,
#4424,#4425,#4426,#4427,#4428,#4429,#4430,#4431,#4432,#4433,#4434,#4435,#4436,
#4437,#4438)),.UNSPECIFIED.,.F.,.F.,.F.,(4,4),(4,1,1,1,1,1,1,1,1,1,1,1,1,1,1,1,
1,1,1,1,1,1,1,1,1,1,1,1,1,1,1,1,1,1,1,1,1,1,1,1,1,1,1,1,1,1,1,1,1,1,1,1,1,1,1,1,
1,1,1,1,1,1,1,1,4),(-4.880826512272E-2,1.048808265123E0),(-2.E-2,-3.75E-3,
1.25E-2,2.875E-2,4.5E-2,6.125E-2,7.75E-2,9.375E-2,1.1E-1,1.2625E-1,1.425E-1,
1.5875E-1,1.75E-1,1.9125E-1,2.075E-1,2.2375E-1,2.4E-1,2.5625E-1,2.725E-1,
2.8875E-1,3.05E-1,3.2125E-1,3.375E-1,3.5375E-1,3.7E-1,3.8625E-1,4.025E-1,
4.1875E-1,4.35E-1,4.5125E-1,4.675E-1,4.8375E-1,5.E-1,5.1625E-1,5.325E-1,
5.4875E-1,5.65E-1,5.8125E-1,5.975E-1,6.1375E-1,6.3E-1,6.4625E-1,6.625E-1,
6.7875E-1,6.95E-1,7.1125E-1,7.275E-1,7.4375E-1,7.6E-1,7.7625E-1,7.925E-1,
8.0875E-1,8.25E-1,8.4125E-1,8.575E-1,8.7375E-1,8.9E-1,9.0625E-1,9.225E-1,
9.3875E-1,9.55E-1,9.7125E-1,9.875E-1,1.00375E0,1.02E0),.UNSPECIFIED.);
#4440=ORIENTED_EDGE('',*,*,#3585,.T.);
#4441=ORIENTED_EDGE('',*,*,#3909,.T.);
#4442=ORIENTED_EDGE('',*,*,#3597,.T.);
#4443=ORIENTED_EDGE('',*,*,#3920,.T.);
#4444=ORIENTED_EDGE('',*,*,#3613,.T.);
#4445=ORIENTED_EDGE('',*,*,#3934,.T.);
#4446=ORIENTED_EDGE('',*,*,#3629,.T.);
#4447=ORIENTED_EDGE('',*,*,#3948,.T.);
#4449=ORIENTED_EDGE('',*,*,#4448,.F.);
#4451=ORIENTED_EDGE('',*,*,#4450,.F.);
#4452=ORIENTED_EDGE('',*,*,#4160,.T.);
#4453=EDGE_LOOP('',(#4440,#4441,#4442,#4443,#4444,#4445,#4446,#4447,#4449,#4451,
#4452));
#4454=FACE_OUTER_BOUND('',#4453,.F.);
#4456=CARTESIAN_POINT('',(-1.324532592631E0,-7.281679547797E-1,
-2.915102252403E0));
#4457=CARTESIAN_POINT('',(-1.423662233514E0,-5.478518074069E-1,
-2.925935585737E0));
#4458=CARTESIAN_POINT('',(-1.547195792222E0,-1.462669420765E-1,
-2.947602252403E0));
#4459=CARTESIAN_POINT('',(-1.478039063100E0,4.802469071765E-1,
-2.980102252403E0));
#4460=CARTESIAN_POINT('',(-1.165747240507E0,1.027743953074E0,
-3.012602252403E0));
#4461=CARTESIAN_POINT('',(-6.617038205462E-1,1.406192154537E0,
-3.045102252403E0));
#4462=CARTESIAN_POINT('',(-4.881542948980E-2,1.553333274608E0,
-3.077602252403E0));
#4463=CARTESIAN_POINT('',(5.721024299222E-1,1.444965838343E0,
-3.110102252403E0));
#4464=CARTESIAN_POINT('',(1.098914790805E0,1.098914783237E0,-3.142602252403E0));
#4465=CARTESIAN_POINT('',(1.444965819400E0,5.721024412491E-1,
-3.175102252403E0));
#4466=CARTESIAN_POINT('',(1.553333342812E0,-4.881546722974E-2,
-3.207602252403E0));
#4467=CARTESIAN_POINT('',(1.406191900665E0,-6.617036809133E-1,
-3.240102252403E0));
#4468=CARTESIAN_POINT('',(1.027744900359E0,-1.165747761299E0,
-3.272602252403E0));
#4469=CARTESIAN_POINT('',(4.802433719087E-1,-1.478037119566E0,
-3.305102252403E0));
#4470=CARTESIAN_POINT('',(-1.462537482904E-1,-1.547203045568E0,
-3.337602252403E0));
#4471=CARTESIAN_POINT('',(-7.486934799488E-1,-1.361868384309E0,
-3.370102252403E0));
#4472=CARTESIAN_POINT('',(-1.227980060593E0,-9.525189729795E-1,
-3.402602252403E0));
#4473=CARTESIAN_POINT('',(-1.505275281765E0,-3.864890026975E-1,
-3.435102252403E0));
#4474=CARTESIAN_POINT('',(-1.534966644943E0,2.431148329761E-1,
-3.467602252403E0));
#4475=CARTESIAN_POINT('',(-1.312170195568E0,8.327285277699E-1,
-3.500102252403E0));
#4476=CARTESIAN_POINT('',(-8.735338883922E-1,1.285366083624E0,
-3.532602252403E0));
#4477=CARTESIAN_POINT('',(-2.912093379591E-1,1.526572810116E0,
-3.565102252403E0));
#4478=CARTESIAN_POINT('',(3.390164544836E-1,1.516672432231E0,
-3.597602252403E0));
#4479=CARTESIAN_POINT('',(9.134771765297E-1,1.257293470539E0,
-3.630102252403E0));
#4480=CARTESIAN_POINT('',(1.337679353950E0,7.911013646272E-1,
-3.662602252403E0));
#4481=CARTESIAN_POINT('',(1.541845653010E0,1.947804030045E-1,
-3.695102252403E0));
#4482=CARTESIAN_POINT('',(1.492392606331E0,-4.335801329272E-1,
-3.727602252403E0));
#4483=CARTESIAN_POINT('',(1.197454782583E0,-9.906207482018E-1,
-3.760102252403E0));
#4484=CARTESIAN_POINT('',(7.055467251959E-1,-1.384713414994E0,
-3.792602252403E0));
#4485=CARTESIAN_POINT('',(9.758275878606E-2,-1.551033535513E0,
-3.825102252403E0));
#4486=CARTESIAN_POINT('',(-5.264326686700E-1,-1.462222988623E0,
-3.857602252403E0));
#4487=CARTESIAN_POINT('',(-1.063854792352E0,-1.132890287666E0,
-3.890102252403E0));
#4488=CARTESIAN_POINT('',(-1.426282644805E0,-6.172076151738E-1,
-3.922602252403E0));
#4489=CARTESIAN_POINT('',(-1.554100197252E0,0.E0,-3.955102252403E0));
#4490=CARTESIAN_POINT('',(-1.426282644805E0,6.172076151738E-1,
-3.987602252403E0));
#4491=CARTESIAN_POINT('',(-1.063854792352E0,1.132890287666E0,
-4.020102252403E0));
#4492=CARTESIAN_POINT('',(-5.264326686700E-1,1.462222988623E0,
-4.052602252403E0));
#4493=CARTESIAN_POINT('',(9.758275878608E-2,1.551033535513E0,
-4.085102252403E0));
#4494=CARTESIAN_POINT('',(7.055467251959E-1,1.384713414994E0,
-4.117602252403E0));
#4495=CARTESIAN_POINT('',(1.197454782583E0,9.906207482018E-1,
-4.150102252403E0));
#4496=CARTESIAN_POINT('',(1.492392606331E0,4.335801329272E-1,
-4.182602252403E0));
#4497=CARTESIAN_POINT('',(1.541845653010E0,-1.947804030046E-1,
-4.215102252403E0));
#4498=CARTESIAN_POINT('',(1.337679353950E0,-7.911013646272E-1,
-4.247602252403E0));
#4499=CARTESIAN_POINT('',(9.134771765297E-1,-1.257293470539E0,
-4.280102252403E0));
#4500=CARTESIAN_POINT('',(3.390164544836E-1,-1.516672432231E0,
-4.312602252403E0));
#4501=CARTESIAN_POINT('',(-2.912093379591E-1,-1.526572810116E0,
-4.345102252403E0));
#4502=CARTESIAN_POINT('',(-8.735338883922E-1,-1.285366083624E0,
-4.377602252403E0));
#4503=CARTESIAN_POINT('',(-1.312170195568E0,-8.327285277699E-1,
-4.410102252403E0));
#4504=CARTESIAN_POINT('',(-1.534966644943E0,-2.431148329761E-1,
-4.442602252403E0));
#4505=CARTESIAN_POINT('',(-1.505275281765E0,3.864890026975E-1,
-4.475102252403E0));
#4506=CARTESIAN_POINT('',(-1.227980060593E0,9.525189729795E-1,
-4.507602252403E0));
#4507=CARTESIAN_POINT('',(-7.486934799487E-1,1.361868384309E0,
-4.540102252403E0));
#4508=CARTESIAN_POINT('',(-1.462537482904E-1,1.547203045568E0,
-4.572602252403E0));
#4509=CARTESIAN_POINT('',(4.802433719087E-1,1.478037119566E0,
-4.605102252403E0));
#4510=CARTESIAN_POINT('',(1.027744900359E0,1.165747761299E0,-4.637602252403E0));
#4511=CARTESIAN_POINT('',(1.406191900665E0,6.617036809133E-1,
-4.670102252403E0));
#4512=CARTESIAN_POINT('',(1.553333342812E0,4.881546722972E-2,
-4.702602252403E0));
#4513=CARTESIAN_POINT('',(1.444965819400E0,-5.721024412491E-1,
-4.735102252403E0));
#4514=CARTESIAN_POINT('',(1.098914790805E0,-1.098914783237E0,
-4.767602252403E0));
#4515=CARTESIAN_POINT('',(5.721024299222E-1,-1.444965838343E0,
-4.800102252403E0));
#4516=CARTESIAN_POINT('',(-4.881542948981E-2,-1.553333274608E0,
-4.832602252403E0));
#4517=CARTESIAN_POINT('',(-6.617038205462E-1,-1.406192154537E0,
-4.865102252403E0));
#4518=CARTESIAN_POINT('',(-1.165747240507E0,-1.027743953074E0,
-4.897602252403E0));
#4519=CARTESIAN_POINT('',(-1.478039063100E0,-4.802469071765E-1,
-4.930102252403E0));
#4520=CARTESIAN_POINT('',(-1.547195792222E0,1.462669420765E-1,
-4.962602252403E0));
#4521=CARTESIAN_POINT('',(-1.423662233514E0,5.478518074069E-1,
-4.984268919070E0));
#4522=CARTESIAN_POINT('',(-1.324532592631E0,7.281679547797E-1,
-4.995102252403E0));
#4523=CARTESIAN_POINT('',(-1.249027469871E0,-6.866586622780E-1,
-2.865356080266E0));
#4524=CARTESIAN_POINT('',(-1.342506214925E0,-5.166214562606E-1,
-2.876189413599E0));
#4525=CARTESIAN_POINT('',(-1.458997729844E0,-1.379289793275E-1,
-2.897856080266E0));
#4526=CARTESIAN_POINT('',(-1.393783287497E0,4.528703806317E-1,
-2.930356080266E0));
#4527=CARTESIAN_POINT('',(-1.099293693806E0,9.691572986006E-1,
-2.962856080266E0));
#4528=CARTESIAN_POINT('',(-6.239833231579E-1,1.326032019677E0,
-2.995356080266E0));
#4529=CARTESIAN_POINT('',(-4.603270068665E-2,1.464785344388E0,
-3.027856080266E0));
#4530=CARTESIAN_POINT('',(5.394896694338E-1,1.362595405471E0,
-3.060356080266E0));
#4531=CARTESIAN_POINT('',(1.036271035080E0,1.036271027944E0,-3.092856080266E0));
#4532=CARTESIAN_POINT('',(1.362595387608E0,5.394896801149E-1,
-3.125356080266E0));
#4533=CARTESIAN_POINT('',(1.464785408704E0,-4.603273627523E-2,
-3.157856080266E0));
#4534=CARTESIAN_POINT('',(1.326031780276E0,-6.239831914847E-1,
-3.190356080266E0));
#4535=CARTESIAN_POINT('',(9.691581918855E-1,-1.099294184910E0,
-3.222856080266E0));
#4536=CARTESIAN_POINT('',(4.528670468923E-1,-1.393781454754E0,
-3.255356080266E0));
#4537=CARTESIAN_POINT('',(-1.379165376545E-1,-1.459004569713E0,
-3.287856080266E0));
#4538=CARTESIAN_POINT('',(-7.060141276793E-1,-1.284234930733E0,
-3.320356080266E0));
#4539=CARTESIAN_POINT('',(-1.157978925296E0,-8.982205265794E-1,
-3.352856080266E0));
#4540=CARTESIAN_POINT('',(-1.419466902591E0,-3.644571555716E-1,
-3.385356080266E0));
#4541=CARTESIAN_POINT('',(-1.447465706420E0,2.292560458003E-1,
-3.417856080266E0));
#4542=CARTESIAN_POINT('',(-1.237369792581E0,7.852587485701E-1,
-3.450356080266E0));
#4543=CARTESIAN_POINT('',(-8.237379952257E-1,1.212093651918E0,
-3.482856080266E0));
#4544=CARTESIAN_POINT('',(-2.746089183591E-1,1.439550363049E0,
-3.515356080266E0));
#4545=CARTESIAN_POINT('',(3.196907850695E-1,1.430214357269E0,
-3.547856080266E0));
#4546=CARTESIAN_POINT('',(8.614043119312E-1,1.185621321158E0,
-3.580356080266E0));
#4547=CARTESIAN_POINT('',(1.261424798648E0,7.460045463351E-1,
-3.612856080266E0));
#4548=CARTESIAN_POINT('',(1.453952575893E0,1.836769252027E-1,
-3.645356080266E0));
#4549=CARTESIAN_POINT('',(1.407318605454E0,-4.088638508628E-1,
-3.677856080266E0));
#4550=CARTESIAN_POINT('',(1.129193744039E0,-9.341503060112E-1,
-3.710356080266E0));
#4551=CARTESIAN_POINT('',(6.653269583172E-1,-1.305777677989E0,
-3.742856080266E0));
#4552=CARTESIAN_POINT('',(9.202004313648E-2,-1.462616702167E0,
-3.775356080266E0));
#4553=CARTESIAN_POINT('',(-4.964233178288E-1,-1.378868810045E0,
-3.807856080266E0));
#4554=CARTESIAN_POINT('',(-1.003209635606E0,-1.068309755092E0,
-3.840356080266E0));
#4555=CARTESIAN_POINT('',(-1.344977249388E0,-5.820236287537E-1,
-3.872856080266E0));
#4556=CARTESIAN_POINT('',(-1.465508548524E0,0.E0,-3.905356080266E0));
#4557=CARTESIAN_POINT('',(-1.344977249388E0,5.820236287537E-1,
-3.937856080266E0));
#4558=CARTESIAN_POINT('',(-1.003209635606E0,1.068309755092E0,
-3.970356080266E0));
#4559=CARTESIAN_POINT('',(-4.964233178288E-1,1.378868810045E0,
-4.002856080266E0));
#4560=CARTESIAN_POINT('',(9.202004313650E-2,1.462616702167E0,
-4.035356080266E0));
#4561=CARTESIAN_POINT('',(6.653269583172E-1,1.305777677989E0,
-4.067856080266E0));
#4562=CARTESIAN_POINT('',(1.129193744039E0,9.341503060112E-1,
-4.100356080266E0));
#4563=CARTESIAN_POINT('',(1.407318605454E0,4.088638508627E-1,
-4.132856080266E0));
#4564=CARTESIAN_POINT('',(1.453952575893E0,-1.836769252027E-1,
-4.165356080266E0));
#4565=CARTESIAN_POINT('',(1.261424798648E0,-7.460045463351E-1,
-4.197856080266E0));
#4566=CARTESIAN_POINT('',(8.614043119312E-1,-1.185621321158E0,
-4.230356080266E0));
#4567=CARTESIAN_POINT('',(3.196907850694E-1,-1.430214357269E0,
-4.262856080266E0));
#4568=CARTESIAN_POINT('',(-2.746089183591E-1,-1.439550363049E0,
-4.295356080266E0));
#4569=CARTESIAN_POINT('',(-8.237379952258E-1,-1.212093651918E0,
-4.327856080266E0));
#4570=CARTESIAN_POINT('',(-1.237369792581E0,-7.852587485701E-1,
-4.360356080266E0));
#4571=CARTESIAN_POINT('',(-1.447465706420E0,-2.292560458003E-1,
-4.392856080266E0));
#4572=CARTESIAN_POINT('',(-1.419466902591E0,3.644571555716E-1,
-4.425356080266E0));
#4573=CARTESIAN_POINT('',(-1.157978925296E0,8.982205265795E-1,
-4.457856080266E0));
#4574=CARTESIAN_POINT('',(-7.060141276793E-1,1.284234930733E0,
-4.490356080266E0));
#4575=CARTESIAN_POINT('',(-1.379165376545E-1,1.459004569713E0,
-4.522856080266E0));
#4576=CARTESIAN_POINT('',(4.528670468923E-1,1.393781454754E0,
-4.555356080266E0));
#4577=CARTESIAN_POINT('',(9.691581918855E-1,1.099294184910E0,
-4.587856080266E0));
#4578=CARTESIAN_POINT('',(1.326031780276E0,6.239831914847E-1,
-4.620356080266E0));
#4579=CARTESIAN_POINT('',(1.464785408704E0,4.603273627521E-2,
-4.652856080266E0));
#4580=CARTESIAN_POINT('',(1.362595387608E0,-5.394896801149E-1,
-4.685356080266E0));
#4581=CARTESIAN_POINT('',(1.036271035080E0,-1.036271027944E0,
-4.717856080266E0));
#4582=CARTESIAN_POINT('',(5.394896694337E-1,-1.362595405471E0,
-4.750356080266E0));
#4583=CARTESIAN_POINT('',(-4.603270068667E-2,-1.464785344388E0,
-4.782856080266E0));
#4584=CARTESIAN_POINT('',(-6.239833231579E-1,-1.326032019677E0,
-4.815356080266E0));
#4585=CARTESIAN_POINT('',(-1.099293693806E0,-9.691572986005E-1,
-4.847856080266E0));
#4586=CARTESIAN_POINT('',(-1.393783287497E0,-4.528703806317E-1,
-4.880356080266E0));
#4587=CARTESIAN_POINT('',(-1.458997729844E0,1.379289793275E-1,
-4.912856080266E0));
#4588=CARTESIAN_POINT('',(-1.342506214925E0,5.166214562606E-1,
-4.934522746933E0));
#4589=CARTESIAN_POINT('',(-1.249027469871E0,6.866586622780E-1,
-4.945356080266E0));
#4590=CARTESIAN_POINT('',(-1.173522347111E0,-6.451493697762E-1,
-2.815609908128E0));
#4591=CARTESIAN_POINT('',(-1.261350196335E0,-4.853911051143E-1,
-2.826443241462E0));
#4592=CARTESIAN_POINT('',(-1.370799667467E0,-1.295910165784E-1,
-2.848109908128E0));
#4593=CARTESIAN_POINT('',(-1.309527511894E0,4.254938540870E-1,
-2.880609908128E0));
#4594=CARTESIAN_POINT('',(-1.032840147105E0,9.105706441275E-1,
-2.913109908128E0));
#4595=CARTESIAN_POINT('',(-5.862628257695E-1,1.245871884816E0,
-2.945609908128E0));
#4596=CARTESIAN_POINT('',(-4.324997188351E-2,1.376237414168E0,
-2.978109908128E0));
#4597=CARTESIAN_POINT('',(5.068769089453E-1,1.280224972599E0,
-3.010609908128E0));
#4598=CARTESIAN_POINT('',(9.736272793548E-1,9.736272726502E-1,
-3.043109908128E0));
#4599=CARTESIAN_POINT('',(1.280224955816E0,5.068769189808E-1,
-3.075609908128E0));
#4600=CARTESIAN_POINT('',(1.376237474596E0,-4.325000532072E-2,
-3.108109908128E0));
#4601=CARTESIAN_POINT('',(1.245871659888E0,-5.862627020561E-1,
-3.140609908128E0));
#4602=CARTESIAN_POINT('',(9.105714834123E-1,-1.032840608521E0,
-3.173109908128E0));
#4603=CARTESIAN_POINT('',(4.254907218759E-1,-1.309525789942E0,
-3.205609908128E0));
#4604=CARTESIAN_POINT('',(-1.295793270187E-1,-1.370806093858E0,
-3.238109908128E0));
#4605=CARTESIAN_POINT('',(-6.633347754099E-1,-1.206601477157E0,
-3.270609908128E0));
#4606=CARTESIAN_POINT('',(-1.087977789999E0,-8.439220801794E-1,
-3.303109908128E0));
#4607=CARTESIAN_POINT('',(-1.333658523416E0,-3.424253084457E-1,
-3.335609908128E0));
#4608=CARTESIAN_POINT('',(-1.359964767897E0,2.153972586245E-1,
-3.368109908128E0));
#4609=CARTESIAN_POINT('',(-1.162569389594E0,7.377889693704E-1,
-3.400609908128E0));
#4610=CARTESIAN_POINT('',(-7.739421020593E-1,1.138821220212E0,
-3.433109908128E0));
#4611=CARTESIAN_POINT('',(-2.580084987592E-1,1.352527915983E0,
-3.465609908128E0));
#4612=CARTESIAN_POINT('',(3.003651156553E-1,1.343756282308E0,
-3.498109908128E0));
#4613=CARTESIAN_POINT('',(8.093314473326E-1,1.113949171777E0,
-3.530609908128E0));
#4614=CARTESIAN_POINT('',(1.185170243347E0,7.009077280430E-1,
-3.563109908128E0));
#4615=CARTESIAN_POINT('',(1.366059498776E0,1.725734474008E-1,
-3.595609908128E0));
#4616=CARTESIAN_POINT('',(1.322244604576E0,-3.841475687983E-1,
-3.628109908128E0));
#4617=CARTESIAN_POINT('',(1.060932705495E0,-8.776798638207E-1,
-3.660609908128E0));
#4618=CARTESIAN_POINT('',(6.251071914384E-1,-1.226841940984E0,
-3.693109908128E0));
#4619=CARTESIAN_POINT('',(8.645732748690E-2,-1.374199868821E0,
-3.725609908128E0));
#4620=CARTESIAN_POINT('',(-4.664139669876E-1,-1.295514631467E0,
-3.758109908128E0));
#4621=CARTESIAN_POINT('',(-9.425644788600E-1,-1.003729222518E0,
-3.790609908128E0));
#4622=CARTESIAN_POINT('',(-1.263671853971E0,-5.468396423335E-1,
-3.823109908128E0));
#4623=CARTESIAN_POINT('',(-1.376916899796E0,0.E0,-3.855609908128E0));
#4624=CARTESIAN_POINT('',(-1.263671853971E0,5.468396423336E-1,
-3.888109908128E0));
#4625=CARTESIAN_POINT('',(-9.425644788600E-1,1.003729222518E0,
-3.920609908128E0));
#4626=CARTESIAN_POINT('',(-4.664139669876E-1,1.295514631467E0,
-3.953109908128E0));
#4627=CARTESIAN_POINT('',(8.645732748692E-2,1.374199868821E0,
-3.985609908128E0));
#4628=CARTESIAN_POINT('',(6.251071914384E-1,1.226841940984E0,
-4.018109908128E0));
#4629=CARTESIAN_POINT('',(1.060932705495E0,8.776798638207E-1,
-4.050609908128E0));
#4630=CARTESIAN_POINT('',(1.322244604576E0,3.841475687983E-1,
-4.083109908128E0));
#4631=CARTESIAN_POINT('',(1.366059498776E0,-1.725734474008E-1,
-4.115609908128E0));
#4632=CARTESIAN_POINT('',(1.185170243347E0,-7.009077280430E-1,
-4.148109908128E0));
#4633=CARTESIAN_POINT('',(8.093314473326E-1,-1.113949171777E0,
-4.180609908128E0));
#4634=CARTESIAN_POINT('',(3.003651156553E-1,-1.343756282308E0,
-4.213109908128E0));
#4635=CARTESIAN_POINT('',(-2.580084987592E-1,-1.352527915983E0,
-4.245609908128E0));
#4636=CARTESIAN_POINT('',(-7.739421020593E-1,-1.138821220212E0,
-4.278109908128E0));
#4637=CARTESIAN_POINT('',(-1.162569389594E0,-7.377889693703E-1,
-4.310609908128E0));
#4638=CARTESIAN_POINT('',(-1.359964767897E0,-2.153972586245E-1,
-4.343109908128E0));
#4639=CARTESIAN_POINT('',(-1.333658523416E0,3.424253084457E-1,
-4.375609908128E0));
#4640=CARTESIAN_POINT('',(-1.087977789999E0,8.439220801794E-1,
-4.408109908128E0));
#4641=CARTESIAN_POINT('',(-6.633347754099E-1,1.206601477157E0,
-4.440609908128E0));
#4642=CARTESIAN_POINT('',(-1.295793270187E-1,1.370806093858E0,
-4.473109908128E0));
#4643=CARTESIAN_POINT('',(4.254907218759E-1,1.309525789942E0,
-4.505609908128E0));
#4644=CARTESIAN_POINT('',(9.105714834123E-1,1.032840608521E0,
-4.538109908128E0));
#4645=CARTESIAN_POINT('',(1.245871659888E0,5.862627020561E-1,
-4.570609908128E0));
#4646=CARTESIAN_POINT('',(1.376237474596E0,4.325000532070E-2,
-4.603109908128E0));
#4647=CARTESIAN_POINT('',(1.280224955816E0,-5.068769189808E-1,
-4.635609908128E0));
#4648=CARTESIAN_POINT('',(9.736272793548E-1,-9.736272726502E-1,
-4.668109908128E0));
#4649=CARTESIAN_POINT('',(5.068769089453E-1,-1.280224972599E0,
-4.700609908128E0));
#4650=CARTESIAN_POINT('',(-4.324997188353E-2,-1.376237414168E0,
-4.733109908128E0));
#4651=CARTESIAN_POINT('',(-5.862628257695E-1,-1.245871884816E0,
-4.765609908128E0));
#4652=CARTESIAN_POINT('',(-1.032840147105E0,-9.105706441275E-1,
-4.798109908128E0));
#4653=CARTESIAN_POINT('',(-1.309527511894E0,-4.254938540870E-1,
-4.830609908128E0));
#4654=CARTESIAN_POINT('',(-1.370799667467E0,1.295910165784E-1,
-4.863109908128E0));
#4655=CARTESIAN_POINT('',(-1.261350196335E0,4.853911051143E-1,
-4.884776574795E0));
#4656=CARTESIAN_POINT('',(-1.173522347111E0,6.451493697762E-1,
-4.895609908128E0));
#4657=CARTESIAN_POINT('',(-1.098017224351E0,-6.036400772745E-1,
-2.765863735991E0));
#4658=CARTESIAN_POINT('',(-1.180194177745E0,-4.541607539680E-1,
-2.776697069324E0));
#4659=CARTESIAN_POINT('',(-1.282601605090E0,-1.212530538294E-1,
-2.798363735991E0));
#4660=CARTESIAN_POINT('',(-1.225271736291E0,3.981173275423E-1,
-2.830863735991E0));
#4661=CARTESIAN_POINT('',(-9.663866004033E-1,8.519839896545E-1,
-2.863363735991E0));
#4662=CARTESIAN_POINT('',(-5.485423283811E-1,1.165711749955E0,
-2.895863735991E0));
#4663=CARTESIAN_POINT('',(-4.046724308037E-2,1.287689483948E0,
-2.928363735991E0));
#4664=CARTESIAN_POINT('',(4.742641484569E-1,1.197854539727E0,
-2.960863735991E0));
#4665=CARTESIAN_POINT('',(9.109835236298E-1,9.109835173565E-1,
-2.993363735991E0));
#4666=CARTESIAN_POINT('',(1.197854524023E0,4.742641578466E-1,
-3.025863735991E0));
#4667=CARTESIAN_POINT('',(1.287689540488E0,-4.046727436621E-2,
-3.058363735991E0));
#4668=CARTESIAN_POINT('',(1.165711539499E0,-5.485422126275E-1,
-3.090863735991E0));
#4669=CARTESIAN_POINT('',(8.519847749392E-1,-9.663870321318E-1,
-3.123363735991E0));
#4670=CARTESIAN_POINT('',(3.981143968595E-1,-1.225270125131E0,
-3.155863735991E0));
#4671=CARTESIAN_POINT('',(-1.212421163829E-1,-1.282607618003E0,
-3.188363735991E0));
#4672=CARTESIAN_POINT('',(-6.206554231405E-1,-1.128968023580E0,
-3.220863735991E0));
#4673=CARTESIAN_POINT('',(-1.017976654702E0,-7.896236337793E-1,
-3.253363735991E0));
#4674=CARTESIAN_POINT('',(-1.247850144242E0,-3.203934613198E-1,
-3.285863735991E0));
#4675=CARTESIAN_POINT('',(-1.272463829375E0,2.015384714487E-1,
-3.318363735991E0));
#4676=CARTESIAN_POINT('',(-1.087768986607E0,6.903191901706E-1,
-3.350863735991E0));
#4677=CARTESIAN_POINT('',(-7.241462088928E-1,1.065548788506E0,
-3.383363735991E0));
#4678=CARTESIAN_POINT('',(-2.414080791592E-1,1.265505468916E0,
-3.415863735991E0));
#4679=CARTESIAN_POINT('',(2.810394462411E-1,1.257298207347E0,
-3.448363735991E0));
#4680=CARTESIAN_POINT('',(7.572585827341E-1,1.042277022397E0,
-3.480863735991E0));
#4681=CARTESIAN_POINT('',(1.108915688045E0,6.558109097509E-1,
-3.513363735991E0));
#4682=CARTESIAN_POINT('',(1.278166421660E0,1.614699695990E-1,
-3.545863735991E0));
#4683=CARTESIAN_POINT('',(1.237170603699E0,-3.594312867339E-1,
-3.578363735991E0));
#4684=CARTESIAN_POINT('',(9.926716669508E-1,-8.212094216301E-1,
-3.610863735991E0));
#4685=CARTESIAN_POINT('',(5.848874245597E-1,-1.147906203979E0,
-3.643363735991E0));
#4686=CARTESIAN_POINT('',(8.089461183732E-2,-1.285783035475E0,
-3.675863735991E0));
#4687=CARTESIAN_POINT('',(-4.364046161465E-1,-1.212160452889E0,
-3.708363735991E0));
#4688=CARTESIAN_POINT('',(-8.819193221138E-1,-9.391486899438E-1,
-3.740863735991E0));
#4689=CARTESIAN_POINT('',(-1.182366458554E0,-5.116556559134E-1,
-3.773363735991E0));
#4690=CARTESIAN_POINT('',(-1.288325251069E0,0.E0,-3.805863735991E0));
#4691=CARTESIAN_POINT('',(-1.182366458554E0,5.116556559134E-1,
-3.838363735991E0));
#4692=CARTESIAN_POINT('',(-8.819193221138E-1,9.391486899438E-1,
-3.870863735991E0));
#4693=CARTESIAN_POINT('',(-4.364046161465E-1,1.212160452889E0,
-3.903363735991E0));
#4694=CARTESIAN_POINT('',(8.089461183734E-2,1.285783035475E0,
-3.935863735991E0));
#4695=CARTESIAN_POINT('',(5.848874245597E-1,1.147906203979E0,
-3.968363735991E0));
#4696=CARTESIAN_POINT('',(9.926716669508E-1,8.212094216301E-1,
-4.000863735991E0));
#4697=CARTESIAN_POINT('',(1.237170603699E0,3.594312867339E-1,
-4.033363735991E0));
#4698=CARTESIAN_POINT('',(1.278166421660E0,-1.614699695990E-1,
-4.065863735991E0));
#4699=CARTESIAN_POINT('',(1.108915688045E0,-6.558109097509E-1,
-4.098363735991E0));
#4700=CARTESIAN_POINT('',(7.572585827341E-1,-1.042277022397E0,
-4.130863735991E0));
#4701=CARTESIAN_POINT('',(2.810394462411E-1,-1.257298207347E0,
-4.163363735991E0));
#4702=CARTESIAN_POINT('',(-2.414080791592E-1,-1.265505468916E0,
-4.195863735991E0));
#4703=CARTESIAN_POINT('',(-7.241462088928E-1,-1.065548788506E0,
-4.228363735991E0));
#4704=CARTESIAN_POINT('',(-1.087768986607E0,-6.903191901706E-1,
-4.260863735991E0));
#4705=CARTESIAN_POINT('',(-1.272463829375E0,-2.015384714487E-1,
-4.293363735991E0));
#4706=CARTESIAN_POINT('',(-1.247850144242E0,3.203934613199E-1,
-4.325863735991E0));
#4707=CARTESIAN_POINT('',(-1.017976654702E0,7.896236337793E-1,
-4.358363735991E0));
#4708=CARTESIAN_POINT('',(-6.206554231405E-1,1.128968023580E0,
-4.390863735991E0));
#4709=CARTESIAN_POINT('',(-1.212421163829E-1,1.282607618003E0,
-4.423363735991E0));
#4710=CARTESIAN_POINT('',(3.981143968595E-1,1.225270125131E0,
-4.455863735991E0));
#4711=CARTESIAN_POINT('',(8.519847749392E-1,9.663870321318E-1,
-4.488363735991E0));
#4712=CARTESIAN_POINT('',(1.165711539499E0,5.485422126275E-1,
-4.520863735991E0));
#4713=CARTESIAN_POINT('',(1.287689540488E0,4.046727436619E-2,
-4.553363735991E0));
#4714=CARTESIAN_POINT('',(1.197854524023E0,-4.742641578466E-1,
-4.585863735991E0));
#4715=CARTESIAN_POINT('',(9.109835236298E-1,-9.109835173566E-1,
-4.618363735991E0));
#4716=CARTESIAN_POINT('',(4.742641484568E-1,-1.197854539727E0,
-4.650863735991E0));
#4717=CARTESIAN_POINT('',(-4.046724308038E-2,-1.287689483948E0,
-4.683363735991E0));
#4718=CARTESIAN_POINT('',(-5.485423283811E-1,-1.165711749955E0,
-4.715863735991E0));
#4719=CARTESIAN_POINT('',(-9.663866004034E-1,-8.519839896544E-1,
-4.748363735991E0));
#4720=CARTESIAN_POINT('',(-1.225271736291E0,-3.981173275423E-1,
-4.780863735991E0));
#4721=CARTESIAN_POINT('',(-1.282601605090E0,1.212530538294E-1,
-4.813363735991E0));
#4722=CARTESIAN_POINT('',(-1.180194177745E0,4.541607539680E-1,
-4.835030402657E0));
#4723=CARTESIAN_POINT('',(-1.098017224350E0,6.036400772745E-1,
-4.845863735991E0));
#4724=B_SPLINE_SURFACE_WITH_KNOTS('',3,3,((#4456,#4457,#4458,#4459,#4460,#4461,
#4462,#4463,#4464,#4465,#4466,#4467,#4468,#4469,#4470,#4471,#4472,#4473,#4474,
#4475,#4476,#4477,#4478,#4479,#4480,#4481,#4482,#4483,#4484,#4485,#4486,#4487,
#4488,#4489,#4490,#4491,#4492,#4493,#4494,#4495,#4496,#4497,#4498,#4499,#4500,
#4501,#4502,#4503,#4504,#4505,#4506,#4507,#4508,#4509,#4510,#4511,#4512,#4513,
#4514,#4515,#4516,#4517,#4518,#4519,#4520,#4521,#4522),(#4523,#4524,#4525,#4526,
#4527,#4528,#4529,#4530,#4531,#4532,#4533,#4534,#4535,#4536,#4537,#4538,#4539,
#4540,#4541,#4542,#4543,#4544,#4545,#4546,#4547,#4548,#4549,#4550,#4551,#4552,
#4553,#4554,#4555,#4556,#4557,#4558,#4559,#4560,#4561,#4562,#4563,#4564,#4565,
#4566,#4567,#4568,#4569,#4570,#4571,#4572,#4573,#4574,#4575,#4576,#4577,#4578,
#4579,#4580,#4581,#4582,#4583,#4584,#4585,#4586,#4587,#4588,#4589),(#4590,#4591,
#4592,#4593,#4594,#4595,#4596,#4597,#4598,#4599,#4600,#4601,#4602,#4603,#4604,
#4605,#4606,#4607,#4608,#4609,#4610,#4611,#4612,#4613,#4614,#4615,#4616,#4617,
#4618,#4619,#4620,#4621,#4622,#4623,#4624,#4625,#4626,#4627,#4628,#4629,#4630,
#4631,#4632,#4633,#4634,#4635,#4636,#4637,#4638,#4639,#4640,#4641,#4642,#4643,
#4644,#4645,#4646,#4647,#4648,#4649,#4650,#4651,#4652,#4653,#4654,#4655,#4656),(
#4657,#4658,#4659,#4660,#4661,#4662,#4663,#4664,#4665,#4666,#4667,#4668,#4669,
#4670,#4671,#4672,#4673,#4674,#4675,#4676,#4677,#4678,#4679,#4680,#4681,#4682,
#4683,#4684,#4685,#4686,#4687,#4688,#4689,#4690,#4691,#4692,#4693,#4694,#4695,
#4696,#4697,#4698,#4699,#4700,#4701,#4702,#4703,#4704,#4705,#4706,#4707,#4708,
#4709,#4710,#4711,#4712,#4713,#4714,#4715,#4716,#4717,#4718,#4719,#4720,#4721,
#4722,#4723)),.UNSPECIFIED.,.F.,.F.,.F.,(4,4),(4,1,1,1,1,1,1,1,1,1,1,1,1,1,1,1,
1,1,1,1,1,1,1,1,1,1,1,1,1,1,1,1,1,1,1,1,1,1,1,1,1,1,1,1,1,1,1,1,1,1,1,1,1,1,1,1,
1,1,1,1,1,1,1,1,4),(-4.880826512272E-2,1.048808265123E0),(-2.E-2,-3.75E-3,
1.25E-2,2.875E-2,4.5E-2,6.125E-2,7.75E-2,9.375E-2,1.1E-1,1.2625E-1,1.425E-1,
1.5875E-1,1.75E-1,1.9125E-1,2.075E-1,2.2375E-1,2.4E-1,2.5625E-1,2.725E-1,
2.8875E-1,3.05E-1,3.2125E-1,3.375E-1,3.5375E-1,3.7E-1,3.8625E-1,4.025E-1,
4.1875E-1,4.35E-1,4.5125E-1,4.675E-1,4.8375E-1,5.E-1,5.1625E-1,5.325E-1,
5.4875E-1,5.65E-1,5.8125E-1,5.975E-1,6.1375E-1,6.3E-1,6.4625E-1,6.625E-1,
6.7875E-1,6.95E-1,7.1125E-1,7.275E-1,7.4375E-1,7.6E-1,7.7625E-1,7.925E-1,
8.0875E-1,8.25E-1,8.4125E-1,8.575E-1,8.7375E-1,8.9E-1,9.0625E-1,9.225E-1,
9.3875E-1,9.55E-1,9.7125E-1,9.875E-1,1.00375E0,1.02E0),.UNSPECIFIED.);
#4725=ORIENTED_EDGE('',*,*,#3649,.T.);
#4726=ORIENTED_EDGE('',*,*,#3965,.T.);
#4727=ORIENTED_EDGE('',*,*,#3661,.T.);
#4728=ORIENTED_EDGE('',*,*,#3976,.T.);
#4729=ORIENTED_EDGE('',*,*,#3677,.T.);
#4730=ORIENTED_EDGE('',*,*,#3990,.T.);
#4731=ORIENTED_EDGE('',*,*,#3693,.T.);
#4732=ORIENTED_EDGE('',*,*,#4004,.T.);
#4734=ORIENTED_EDGE('',*,*,#4733,.F.);
#4736=ORIENTED_EDGE('',*,*,#4735,.F.);
#4737=ORIENTED_EDGE('',*,*,#4448,.T.);
#4738=EDGE_LOOP('',(#4725,#4726,#4727,#4728,#4729,#4730,#4731,#4732,#4734,#4736,
#4737));
#4739=FACE_OUTER_BOUND('',#4738,.F.);
#4741=CARTESIAN_POINT('',(-1.324532592631E0,-7.281679547797E-1,
-4.915102252403E0));
#4742=CARTESIAN_POINT('',(-1.423662233514E0,-5.478518074069E-1,
-4.925935585737E0));
#4743=CARTESIAN_POINT('',(-1.547195792222E0,-1.462669420765E-1,
-4.947602252403E0));
#4744=CARTESIAN_POINT('',(-1.478039063100E0,4.802469071765E-1,
-4.980102252403E0));
#4745=CARTESIAN_POINT('',(-1.165747240507E0,1.027743953074E0,
-5.012602252403E0));
#4746=CARTESIAN_POINT('',(-6.617038205462E-1,1.406192154537E0,
-5.045102252403E0));
#4747=CARTESIAN_POINT('',(-4.881542948977E-2,1.553333274608E0,
-5.077602252403E0));
#4748=CARTESIAN_POINT('',(5.721024299222E-1,1.444965838343E0,
-5.110102252403E0));
#4749=CARTESIAN_POINT('',(1.098914790805E0,1.098914783237E0,-5.142602252403E0));
#4750=CARTESIAN_POINT('',(1.444965819400E0,5.721024412490E-1,
-5.175102252403E0));
#4751=CARTESIAN_POINT('',(1.553333342812E0,-4.881546722975E-2,
-5.207602252403E0));
#4752=CARTESIAN_POINT('',(1.406191900665E0,-6.617036809133E-1,
-5.240102252403E0));
#4753=CARTESIAN_POINT('',(1.027744900359E0,-1.165747761299E0,
-5.272602252403E0));
#4754=CARTESIAN_POINT('',(4.802433719087E-1,-1.478037119566E0,
-5.305102252403E0));
#4755=CARTESIAN_POINT('',(-1.462537482904E-1,-1.547203045568E0,
-5.337602252403E0));
#4756=CARTESIAN_POINT('',(-7.486934799488E-1,-1.361868384309E0,
-5.370102252403E0));
#4757=CARTESIAN_POINT('',(-1.227980060593E0,-9.525189729795E-1,
-5.402602252403E0));
#4758=CARTESIAN_POINT('',(-1.505275281765E0,-3.864890026975E-1,
-5.435102252403E0));
#4759=CARTESIAN_POINT('',(-1.534966644943E0,2.431148329761E-1,
-5.467602252403E0));
#4760=CARTESIAN_POINT('',(-1.312170195568E0,8.327285277699E-1,
-5.500102252403E0));
#4761=CARTESIAN_POINT('',(-8.735338883922E-1,1.285366083624E0,
-5.532602252403E0));
#4762=CARTESIAN_POINT('',(-2.912093379591E-1,1.526572810116E0,
-5.565102252403E0));
#4763=CARTESIAN_POINT('',(3.390164544836E-1,1.516672432231E0,
-5.597602252403E0));
#4764=CARTESIAN_POINT('',(9.134771765297E-1,1.257293470539E0,
-5.630102252403E0));
#4765=CARTESIAN_POINT('',(1.337679353950E0,7.911013646272E-1,
-5.662602252403E0));
#4766=CARTESIAN_POINT('',(1.541845653010E0,1.947804030045E-1,
-5.695102252403E0));
#4767=CARTESIAN_POINT('',(1.492392606331E0,-4.335801329272E-1,
-5.727602252403E0));
#4768=CARTESIAN_POINT('',(1.197454782583E0,-9.906207482018E-1,
-5.760102252403E0));
#4769=CARTESIAN_POINT('',(7.055467251959E-1,-1.384713414994E0,
-5.792602252403E0));
#4770=CARTESIAN_POINT('',(9.758275878607E-2,-1.551033535513E0,
-5.825102252403E0));
#4771=CARTESIAN_POINT('',(-5.264326686700E-1,-1.462222988623E0,
-5.857602252403E0));
#4772=CARTESIAN_POINT('',(-1.063854792352E0,-1.132890287666E0,
-5.890102252403E0));
#4773=CARTESIAN_POINT('',(-1.426282644805E0,-6.172076151738E-1,
-5.922602252403E0));
#4774=CARTESIAN_POINT('',(-1.554100197252E0,0.E0,-5.955102252403E0));
#4775=CARTESIAN_POINT('',(-1.426282644805E0,6.172076151738E-1,
-5.987602252403E0));
#4776=CARTESIAN_POINT('',(-1.063854792352E0,1.132890287666E0,
-6.020102252403E0));
#4777=CARTESIAN_POINT('',(-5.264326686700E-1,1.462222988623E0,
-6.052602252403E0));
#4778=CARTESIAN_POINT('',(9.758275878608E-2,1.551033535513E0,
-6.085102252403E0));
#4779=CARTESIAN_POINT('',(7.055467251959E-1,1.384713414994E0,
-6.117602252403E0));
#4780=CARTESIAN_POINT('',(1.197454782583E0,9.906207482018E-1,
-6.150102252403E0));
#4781=CARTESIAN_POINT('',(1.492392606331E0,4.335801329272E-1,
-6.182602252403E0));
#4782=CARTESIAN_POINT('',(1.541845653010E0,-1.947804030045E-1,
-6.215102252403E0));
#4783=CARTESIAN_POINT('',(1.337679353950E0,-7.911013646272E-1,
-6.247602252403E0));
#4784=CARTESIAN_POINT('',(9.134771765297E-1,-1.257293470539E0,
-6.280102252403E0));
#4785=CARTESIAN_POINT('',(3.390164544836E-1,-1.516672432231E0,
-6.312602252403E0));
#4786=CARTESIAN_POINT('',(-2.912093379591E-1,-1.526572810116E0,
-6.345102252403E0));
#4787=CARTESIAN_POINT('',(-8.735338883922E-1,-1.285366083624E0,
-6.377602252403E0));
#4788=CARTESIAN_POINT('',(-1.312170195568E0,-8.327285277699E-1,
-6.410102252403E0));
#4789=CARTESIAN_POINT('',(-1.534966644943E0,-2.431148329761E-1,
-6.442602252403E0));
#4790=CARTESIAN_POINT('',(-1.505275281765E0,3.864890026975E-1,
-6.475102252403E0));
#4791=CARTESIAN_POINT('',(-1.227980060593E0,9.525189729795E-1,
-6.507602252403E0));
#4792=CARTESIAN_POINT('',(-7.486934799487E-1,1.361868384309E0,
-6.540102252403E0));
#4793=CARTESIAN_POINT('',(-1.462537482904E-1,1.547203045568E0,
-6.572602252403E0));
#4794=CARTESIAN_POINT('',(4.802433719087E-1,1.478037119566E0,
-6.605102252403E0));
#4795=CARTESIAN_POINT('',(1.027744900359E0,1.165747761299E0,-6.637602252403E0));
#4796=CARTESIAN_POINT('',(1.406191900665E0,6.617036809133E-1,
-6.670102252403E0));
#4797=CARTESIAN_POINT('',(1.553333342812E0,4.881546722975E-2,
-6.702602252403E0));
#4798=CARTESIAN_POINT('',(1.444965819400E0,-5.721024412490E-1,
-6.735102252403E0));
#4799=CARTESIAN_POINT('',(1.098914790805E0,-1.098914783237E0,
-6.767602252403E0));
#4800=CARTESIAN_POINT('',(5.721024299222E-1,-1.444965838343E0,
-6.800102252403E0));
#4801=CARTESIAN_POINT('',(-4.881542948979E-2,-1.553333274608E0,
-6.832602252403E0));
#4802=CARTESIAN_POINT('',(-6.617038205462E-1,-1.406192154537E0,
-6.865102252403E0));
#4803=CARTESIAN_POINT('',(-1.165747240507E0,-1.027743953074E0,
-6.897602252403E0));
#4804=CARTESIAN_POINT('',(-1.478039063100E0,-4.802469071765E-1,
-6.930102252403E0));
#4805=CARTESIAN_POINT('',(-1.547195792222E0,1.462669420765E-1,
-6.962602252403E0));
#4806=CARTESIAN_POINT('',(-1.423662233514E0,5.478518074069E-1,
-6.984268919070E0));
#4807=CARTESIAN_POINT('',(-1.324532592631E0,7.281679547797E-1,
-6.995102252403E0));
#4808=CARTESIAN_POINT('',(-1.249027469871E0,-6.866586622780E-1,
-4.865356080266E0));
#4809=CARTESIAN_POINT('',(-1.342506214925E0,-5.166214562606E-1,
-4.876189413599E0));
#4810=CARTESIAN_POINT('',(-1.458997729844E0,-1.379289793274E-1,
-4.897856080266E0));
#4811=CARTESIAN_POINT('',(-1.393783287497E0,4.528703806318E-1,
-4.930356080266E0));
#4812=CARTESIAN_POINT('',(-1.099293693806E0,9.691572986006E-1,
-4.962856080266E0));
#4813=CARTESIAN_POINT('',(-6.239833231578E-1,1.326032019677E0,
-4.995356080266E0));
#4814=CARTESIAN_POINT('',(-4.603270068663E-2,1.464785344388E0,
-5.027856080266E0));
#4815=CARTESIAN_POINT('',(5.394896694338E-1,1.362595405471E0,
-5.060356080266E0));
#4816=CARTESIAN_POINT('',(1.036271035080E0,1.036271027944E0,-5.092856080266E0));
#4817=CARTESIAN_POINT('',(1.362595387608E0,5.394896801149E-1,
-5.125356080266E0));
#4818=CARTESIAN_POINT('',(1.464785408704E0,-4.603273627524E-2,
-5.157856080266E0));
#4819=CARTESIAN_POINT('',(1.326031780276E0,-6.239831914847E-1,
-5.190356080266E0));
#4820=CARTESIAN_POINT('',(9.691581918855E-1,-1.099294184910E0,
-5.222856080266E0));
#4821=CARTESIAN_POINT('',(4.528670468923E-1,-1.393781454754E0,
-5.255356080266E0));
#4822=CARTESIAN_POINT('',(-1.379165376546E-1,-1.459004569713E0,
-5.287856080266E0));
#4823=CARTESIAN_POINT('',(-7.060141276793E-1,-1.284234930733E0,
-5.320356080266E0));
#4824=CARTESIAN_POINT('',(-1.157978925296E0,-8.982205265794E-1,
-5.352856080266E0));
#4825=CARTESIAN_POINT('',(-1.419466902591E0,-3.644571555716E-1,
-5.385356080266E0));
#4826=CARTESIAN_POINT('',(-1.447465706420E0,2.292560458003E-1,
-5.417856080266E0));
#4827=CARTESIAN_POINT('',(-1.237369792581E0,7.852587485701E-1,
-5.450356080266E0));
#4828=CARTESIAN_POINT('',(-8.237379952257E-1,1.212093651918E0,
-5.482856080266E0));
#4829=CARTESIAN_POINT('',(-2.746089183591E-1,1.439550363049E0,
-5.515356080266E0));
#4830=CARTESIAN_POINT('',(3.196907850695E-1,1.430214357269E0,
-5.547856080266E0));
#4831=CARTESIAN_POINT('',(8.614043119312E-1,1.185621321158E0,
-5.580356080266E0));
#4832=CARTESIAN_POINT('',(1.261424798648E0,7.460045463351E-1,
-5.612856080266E0));
#4833=CARTESIAN_POINT('',(1.453952575893E0,1.836769252027E-1,
-5.645356080266E0));
#4834=CARTESIAN_POINT('',(1.407318605454E0,-4.088638508628E-1,
-5.677856080266E0));
#4835=CARTESIAN_POINT('',(1.129193744039E0,-9.341503060112E-1,
-5.710356080266E0));
#4836=CARTESIAN_POINT('',(6.653269583172E-1,-1.305777677989E0,
-5.742856080266E0));
#4837=CARTESIAN_POINT('',(9.202004313648E-2,-1.462616702167E0,
-5.775356080266E0));
#4838=CARTESIAN_POINT('',(-4.964233178288E-1,-1.378868810045E0,
-5.807856080266E0));
#4839=CARTESIAN_POINT('',(-1.003209635606E0,-1.068309755092E0,
-5.840356080266E0));
#4840=CARTESIAN_POINT('',(-1.344977249388E0,-5.820236287537E-1,
-5.872856080266E0));
#4841=CARTESIAN_POINT('',(-1.465508548524E0,0.E0,-5.905356080266E0));
#4842=CARTESIAN_POINT('',(-1.344977249388E0,5.820236287537E-1,
-5.937856080266E0));
#4843=CARTESIAN_POINT('',(-1.003209635606E0,1.068309755092E0,
-5.970356080266E0));
#4844=CARTESIAN_POINT('',(-4.964233178288E-1,1.378868810045E0,
-6.002856080266E0));
#4845=CARTESIAN_POINT('',(9.202004313649E-2,1.462616702167E0,
-6.035356080266E0));
#4846=CARTESIAN_POINT('',(6.653269583172E-1,1.305777677989E0,
-6.067856080266E0));
#4847=CARTESIAN_POINT('',(1.129193744039E0,9.341503060112E-1,
-6.100356080266E0));
#4848=CARTESIAN_POINT('',(1.407318605454E0,4.088638508628E-1,
-6.132856080266E0));
#4849=CARTESIAN_POINT('',(1.453952575893E0,-1.836769252027E-1,
-6.165356080266E0));
#4850=CARTESIAN_POINT('',(1.261424798648E0,-7.460045463351E-1,
-6.197856080266E0));
#4851=CARTESIAN_POINT('',(8.614043119312E-1,-1.185621321158E0,
-6.230356080266E0));
#4852=CARTESIAN_POINT('',(3.196907850694E-1,-1.430214357269E0,
-6.262856080266E0));
#4853=CARTESIAN_POINT('',(-2.746089183591E-1,-1.439550363049E0,
-6.295356080266E0));
#4854=CARTESIAN_POINT('',(-8.237379952257E-1,-1.212093651918E0,
-6.327856080266E0));
#4855=CARTESIAN_POINT('',(-1.237369792581E0,-7.852587485701E-1,
-6.360356080266E0));
#4856=CARTESIAN_POINT('',(-1.447465706420E0,-2.292560458003E-1,
-6.392856080266E0));
#4857=CARTESIAN_POINT('',(-1.419466902591E0,3.644571555716E-1,
-6.425356080266E0));
#4858=CARTESIAN_POINT('',(-1.157978925296E0,8.982205265794E-1,
-6.457856080266E0));
#4859=CARTESIAN_POINT('',(-7.060141276793E-1,1.284234930733E0,
-6.490356080266E0));
#4860=CARTESIAN_POINT('',(-1.379165376546E-1,1.459004569713E0,
-6.522856080266E0));
#4861=CARTESIAN_POINT('',(4.528670468923E-1,1.393781454754E0,
-6.555356080266E0));
#4862=CARTESIAN_POINT('',(9.691581918855E-1,1.099294184910E0,
-6.587856080266E0));
#4863=CARTESIAN_POINT('',(1.326031780276E0,6.239831914847E-1,
-6.620356080266E0));
#4864=CARTESIAN_POINT('',(1.464785408704E0,4.603273627524E-2,
-6.652856080266E0));
#4865=CARTESIAN_POINT('',(1.362595387608E0,-5.394896801149E-1,
-6.685356080266E0));
#4866=CARTESIAN_POINT('',(1.036271035080E0,-1.036271027944E0,
-6.717856080266E0));
#4867=CARTESIAN_POINT('',(5.394896694338E-1,-1.362595405471E0,
-6.750356080266E0));
#4868=CARTESIAN_POINT('',(-4.603270068665E-2,-1.464785344388E0,
-6.782856080266E0));
#4869=CARTESIAN_POINT('',(-6.239833231578E-1,-1.326032019677E0,
-6.815356080266E0));
#4870=CARTESIAN_POINT('',(-1.099293693806E0,-9.691572986006E-1,
-6.847856080266E0));
#4871=CARTESIAN_POINT('',(-1.393783287497E0,-4.528703806317E-1,
-6.880356080266E0));
#4872=CARTESIAN_POINT('',(-1.458997729844E0,1.379289793274E-1,
-6.912856080266E0));
#4873=CARTESIAN_POINT('',(-1.342506214925E0,5.166214562606E-1,
-6.934522746933E0));
#4874=CARTESIAN_POINT('',(-1.249027469871E0,6.866586622780E-1,
-6.945356080266E0));
#4875=CARTESIAN_POINT('',(-1.173522347111E0,-6.451493697762E-1,
-4.815609908128E0));
#4876=CARTESIAN_POINT('',(-1.261350196335E0,-4.853911051143E-1,
-4.826443241462E0));
#4877=CARTESIAN_POINT('',(-1.370799667467E0,-1.295910165784E-1,
-4.848109908128E0));
#4878=CARTESIAN_POINT('',(-1.309527511894E0,4.254938540870E-1,
-4.880609908128E0));
#4879=CARTESIAN_POINT('',(-1.032840147105E0,9.105706441275E-1,
-4.913109908128E0));
#4880=CARTESIAN_POINT('',(-5.862628257695E-1,1.245871884816E0,
-4.945609908128E0));
#4881=CARTESIAN_POINT('',(-4.324997188349E-2,1.376237414168E0,
-4.978109908128E0));
#4882=CARTESIAN_POINT('',(5.068769089453E-1,1.280224972599E0,
-5.010609908128E0));
#4883=CARTESIAN_POINT('',(9.736272793548E-1,9.736272726502E-1,
-5.043109908128E0));
#4884=CARTESIAN_POINT('',(1.280224955816E0,5.068769189808E-1,
-5.075609908128E0));
#4885=CARTESIAN_POINT('',(1.376237474596E0,-4.325000532073E-2,
-5.108109908128E0));
#4886=CARTESIAN_POINT('',(1.245871659888E0,-5.862627020561E-1,
-5.140609908128E0));
#4887=CARTESIAN_POINT('',(9.105714834123E-1,-1.032840608521E0,
-5.173109908128E0));
#4888=CARTESIAN_POINT('',(4.254907218759E-1,-1.309525789942E0,
-5.205609908128E0));
#4889=CARTESIAN_POINT('',(-1.295793270187E-1,-1.370806093858E0,
-5.238109908128E0));
#4890=CARTESIAN_POINT('',(-6.633347754099E-1,-1.206601477156E0,
-5.270609908128E0));
#4891=CARTESIAN_POINT('',(-1.087977789999E0,-8.439220801793E-1,
-5.303109908128E0));
#4892=CARTESIAN_POINT('',(-1.333658523416E0,-3.424253084457E-1,
-5.335609908128E0));
#4893=CARTESIAN_POINT('',(-1.359964767897E0,2.153972586245E-1,
-5.368109908128E0));
#4894=CARTESIAN_POINT('',(-1.162569389594E0,7.377889693704E-1,
-5.400609908128E0));
#4895=CARTESIAN_POINT('',(-7.739421020593E-1,1.138821220212E0,
-5.433109908128E0));
#4896=CARTESIAN_POINT('',(-2.580084987592E-1,1.352527915983E0,
-5.465609908128E0));
#4897=CARTESIAN_POINT('',(3.003651156553E-1,1.343756282308E0,
-5.498109908128E0));
#4898=CARTESIAN_POINT('',(8.093314473326E-1,1.113949171777E0,
-5.530609908128E0));
#4899=CARTESIAN_POINT('',(1.185170243347E0,7.009077280430E-1,
-5.563109908128E0));
#4900=CARTESIAN_POINT('',(1.366059498776E0,1.725734474008E-1,
-5.595609908128E0));
#4901=CARTESIAN_POINT('',(1.322244604576E0,-3.841475687983E-1,
-5.628109908128E0));
#4902=CARTESIAN_POINT('',(1.060932705495E0,-8.776798638207E-1,
-5.660609908128E0));
#4903=CARTESIAN_POINT('',(6.251071914384E-1,-1.226841940984E0,
-5.693109908128E0));
#4904=CARTESIAN_POINT('',(8.645732748690E-2,-1.374199868821E0,
-5.725609908128E0));
#4905=CARTESIAN_POINT('',(-4.664139669876E-1,-1.295514631467E0,
-5.758109908128E0));
#4906=CARTESIAN_POINT('',(-9.425644788600E-1,-1.003729222518E0,
-5.790609908128E0));
#4907=CARTESIAN_POINT('',(-1.263671853971E0,-5.468396423335E-1,
-5.823109908128E0));
#4908=CARTESIAN_POINT('',(-1.376916899796E0,0.E0,-5.855609908128E0));
#4909=CARTESIAN_POINT('',(-1.263671853971E0,5.468396423335E-1,
-5.888109908128E0));
#4910=CARTESIAN_POINT('',(-9.425644788600E-1,1.003729222518E0,
-5.920609908128E0));
#4911=CARTESIAN_POINT('',(-4.664139669876E-1,1.295514631467E0,
-5.953109908128E0));
#4912=CARTESIAN_POINT('',(8.645732748691E-2,1.374199868821E0,
-5.985609908128E0));
#4913=CARTESIAN_POINT('',(6.251071914384E-1,1.226841940984E0,
-6.018109908128E0));
#4914=CARTESIAN_POINT('',(1.060932705495E0,8.776798638207E-1,
-6.050609908128E0));
#4915=CARTESIAN_POINT('',(1.322244604576E0,3.841475687983E-1,
-6.083109908128E0));
#4916=CARTESIAN_POINT('',(1.366059498776E0,-1.725734474008E-1,
-6.115609908128E0));
#4917=CARTESIAN_POINT('',(1.185170243347E0,-7.009077280430E-1,
-6.148109908128E0));
#4918=CARTESIAN_POINT('',(8.093314473326E-1,-1.113949171777E0,
-6.180609908128E0));
#4919=CARTESIAN_POINT('',(3.003651156553E-1,-1.343756282308E0,
-6.213109908128E0));
#4920=CARTESIAN_POINT('',(-2.580084987592E-1,-1.352527915983E0,
-6.245609908128E0));
#4921=CARTESIAN_POINT('',(-7.739421020593E-1,-1.138821220212E0,
-6.278109908128E0));
#4922=CARTESIAN_POINT('',(-1.162569389594E0,-7.377889693704E-1,
-6.310609908128E0));
#4923=CARTESIAN_POINT('',(-1.359964767897E0,-2.153972586245E-1,
-6.343109908128E0));
#4924=CARTESIAN_POINT('',(-1.333658523416E0,3.424253084457E-1,
-6.375609908128E0));
#4925=CARTESIAN_POINT('',(-1.087977789999E0,8.439220801794E-1,
-6.408109908128E0));
#4926=CARTESIAN_POINT('',(-6.633347754099E-1,1.206601477156E0,
-6.440609908128E0));
#4927=CARTESIAN_POINT('',(-1.295793270187E-1,1.370806093858E0,
-6.473109908128E0));
#4928=CARTESIAN_POINT('',(4.254907218759E-1,1.309525789942E0,
-6.505609908128E0));
#4929=CARTESIAN_POINT('',(9.105714834123E-1,1.032840608521E0,
-6.538109908128E0));
#4930=CARTESIAN_POINT('',(1.245871659888E0,5.862627020561E-1,
-6.570609908128E0));
#4931=CARTESIAN_POINT('',(1.376237474596E0,4.325000532072E-2,
-6.603109908128E0));
#4932=CARTESIAN_POINT('',(1.280224955816E0,-5.068769189808E-1,
-6.635609908128E0));
#4933=CARTESIAN_POINT('',(9.736272793548E-1,-9.736272726502E-1,
-6.668109908128E0));
#4934=CARTESIAN_POINT('',(5.068769089453E-1,-1.280224972599E0,
-6.700609908128E0));
#4935=CARTESIAN_POINT('',(-4.324997188352E-2,-1.376237414168E0,
-6.733109908128E0));
#4936=CARTESIAN_POINT('',(-5.862628257695E-1,-1.245871884816E0,
-6.765609908128E0));
#4937=CARTESIAN_POINT('',(-1.032840147105E0,-9.105706441275E-1,
-6.798109908128E0));
#4938=CARTESIAN_POINT('',(-1.309527511894E0,-4.254938540870E-1,
-6.830609908128E0));
#4939=CARTESIAN_POINT('',(-1.370799667467E0,1.295910165784E-1,
-6.863109908128E0));
#4940=CARTESIAN_POINT('',(-1.261350196335E0,4.853911051143E-1,
-6.884776574795E0));
#4941=CARTESIAN_POINT('',(-1.173522347111E0,6.451493697762E-1,
-6.895609908128E0));
#4942=CARTESIAN_POINT('',(-1.098017224351E0,-6.036400772745E-1,
-4.765863735991E0));
#4943=CARTESIAN_POINT('',(-1.180194177745E0,-4.541607539680E-1,
-4.776697069324E0));
#4944=CARTESIAN_POINT('',(-1.282601605090E0,-1.212530538294E-1,
-4.798363735991E0));
#4945=CARTESIAN_POINT('',(-1.225271736291E0,3.981173275423E-1,
-4.830863735991E0));
#4946=CARTESIAN_POINT('',(-9.663866004033E-1,8.519839896545E-1,
-4.863363735991E0));
#4947=CARTESIAN_POINT('',(-5.485423283811E-1,1.165711749955E0,
-4.895863735991E0));
#4948=CARTESIAN_POINT('',(-4.046724308035E-2,1.287689483948E0,
-4.928363735991E0));
#4949=CARTESIAN_POINT('',(4.742641484569E-1,1.197854539727E0,
-4.960863735991E0));
#4950=CARTESIAN_POINT('',(9.109835236298E-1,9.109835173565E-1,
-4.993363735991E0));
#4951=CARTESIAN_POINT('',(1.197854524023E0,4.742641578466E-1,
-5.025863735991E0));
#4952=CARTESIAN_POINT('',(1.287689540488E0,-4.046727436622E-2,
-5.058363735991E0));
#4953=CARTESIAN_POINT('',(1.165711539499E0,-5.485422126275E-1,
-5.090863735991E0));
#4954=CARTESIAN_POINT('',(8.519847749392E-1,-9.663870321318E-1,
-5.123363735991E0));
#4955=CARTESIAN_POINT('',(3.981143968595E-1,-1.225270125131E0,
-5.155863735991E0));
#4956=CARTESIAN_POINT('',(-1.212421163829E-1,-1.282607618003E0,
-5.188363735991E0));
#4957=CARTESIAN_POINT('',(-6.206554231405E-1,-1.128968023580E0,
-5.220863735991E0));
#4958=CARTESIAN_POINT('',(-1.017976654702E0,-7.896236337793E-1,
-5.253363735991E0));
#4959=CARTESIAN_POINT('',(-1.247850144242E0,-3.203934613198E-1,
-5.285863735991E0));
#4960=CARTESIAN_POINT('',(-1.272463829375E0,2.015384714487E-1,
-5.318363735991E0));
#4961=CARTESIAN_POINT('',(-1.087768986607E0,6.903191901706E-1,
-5.350863735991E0));
#4962=CARTESIAN_POINT('',(-7.241462088928E-1,1.065548788506E0,
-5.383363735991E0));
#4963=CARTESIAN_POINT('',(-2.414080791592E-1,1.265505468916E0,
-5.415863735991E0));
#4964=CARTESIAN_POINT('',(2.810394462411E-1,1.257298207347E0,
-5.448363735991E0));
#4965=CARTESIAN_POINT('',(7.572585827341E-1,1.042277022397E0,
-5.480863735991E0));
#4966=CARTESIAN_POINT('',(1.108915688045E0,6.558109097509E-1,
-5.513363735991E0));
#4967=CARTESIAN_POINT('',(1.278166421660E0,1.614699695990E-1,
-5.545863735991E0));
#4968=CARTESIAN_POINT('',(1.237170603699E0,-3.594312867339E-1,
-5.578363735991E0));
#4969=CARTESIAN_POINT('',(9.926716669508E-1,-8.212094216301E-1,
-5.610863735991E0));
#4970=CARTESIAN_POINT('',(5.848874245597E-1,-1.147906203979E0,
-5.643363735991E0));
#4971=CARTESIAN_POINT('',(8.089461183732E-2,-1.285783035475E0,
-5.675863735991E0));
#4972=CARTESIAN_POINT('',(-4.364046161465E-1,-1.212160452889E0,
-5.708363735991E0));
#4973=CARTESIAN_POINT('',(-8.819193221138E-1,-9.391486899438E-1,
-5.740863735991E0));
#4974=CARTESIAN_POINT('',(-1.182366458554E0,-5.116556559134E-1,
-5.773363735991E0));
#4975=CARTESIAN_POINT('',(-1.288325251069E0,0.E0,-5.805863735991E0));
#4976=CARTESIAN_POINT('',(-1.182366458554E0,5.116556559134E-1,
-5.838363735991E0));
#4977=CARTESIAN_POINT('',(-8.819193221138E-1,9.391486899438E-1,
-5.870863735991E0));
#4978=CARTESIAN_POINT('',(-4.364046161465E-1,1.212160452889E0,
-5.903363735991E0));
#4979=CARTESIAN_POINT('',(8.089461183733E-2,1.285783035475E0,
-5.935863735991E0));
#4980=CARTESIAN_POINT('',(5.848874245597E-1,1.147906203979E0,
-5.968363735991E0));
#4981=CARTESIAN_POINT('',(9.926716669508E-1,8.212094216301E-1,
-6.000863735991E0));
#4982=CARTESIAN_POINT('',(1.237170603699E0,3.594312867339E-1,
-6.033363735991E0));
#4983=CARTESIAN_POINT('',(1.278166421660E0,-1.614699695990E-1,
-6.065863735991E0));
#4984=CARTESIAN_POINT('',(1.108915688045E0,-6.558109097509E-1,
-6.098363735991E0));
#4985=CARTESIAN_POINT('',(7.572585827341E-1,-1.042277022397E0,
-6.130863735991E0));
#4986=CARTESIAN_POINT('',(2.810394462411E-1,-1.257298207347E0,
-6.163363735991E0));
#4987=CARTESIAN_POINT('',(-2.414080791592E-1,-1.265505468916E0,
-6.195863735991E0));
#4988=CARTESIAN_POINT('',(-7.241462088928E-1,-1.065548788506E0,
-6.228363735991E0));
#4989=CARTESIAN_POINT('',(-1.087768986607E0,-6.903191901706E-1,
-6.260863735991E0));
#4990=CARTESIAN_POINT('',(-1.272463829375E0,-2.015384714487E-1,
-6.293363735991E0));
#4991=CARTESIAN_POINT('',(-1.247850144242E0,3.203934613198E-1,
-6.325863735991E0));
#4992=CARTESIAN_POINT('',(-1.017976654702E0,7.896236337793E-1,
-6.358363735991E0));
#4993=CARTESIAN_POINT('',(-6.206554231405E-1,1.128968023580E0,
-6.390863735991E0));
#4994=CARTESIAN_POINT('',(-1.212421163829E-1,1.282607618003E0,
-6.423363735991E0));
#4995=CARTESIAN_POINT('',(3.981143968595E-1,1.225270125131E0,
-6.455863735991E0));
#4996=CARTESIAN_POINT('',(8.519847749392E-1,9.663870321318E-1,
-6.488363735991E0));
#4997=CARTESIAN_POINT('',(1.165711539499E0,5.485422126275E-1,
-6.520863735991E0));
#4998=CARTESIAN_POINT('',(1.287689540488E0,4.046727436621E-2,
-6.553363735991E0));
#4999=CARTESIAN_POINT('',(1.197854524023E0,-4.742641578466E-1,
-6.585863735991E0));
#5000=CARTESIAN_POINT('',(9.109835236298E-1,-9.109835173565E-1,
-6.618363735991E0));
#5001=CARTESIAN_POINT('',(4.742641484569E-1,-1.197854539727E0,
-6.650863735991E0));
#5002=CARTESIAN_POINT('',(-4.046724308037E-2,-1.287689483948E0,
-6.683363735991E0));
#5003=CARTESIAN_POINT('',(-5.485423283811E-1,-1.165711749955E0,
-6.715863735991E0));
#5004=CARTESIAN_POINT('',(-9.663866004033E-1,-8.519839896544E-1,
-6.748363735991E0));
#5005=CARTESIAN_POINT('',(-1.225271736291E0,-3.981173275423E-1,
-6.780863735991E0));
#5006=CARTESIAN_POINT('',(-1.282601605090E0,1.212530538294E-1,
-6.813363735991E0));
#5007=CARTESIAN_POINT('',(-1.180194177745E0,4.541607539680E-1,
-6.835030402657E0));
#5008=CARTESIAN_POINT('',(-1.098017224351E0,6.036400772745E-1,
-6.845863735991E0));
#5009=B_SPLINE_SURFACE_WITH_KNOTS('',3,3,((#4741,#4742,#4743,#4744,#4745,#4746,
#4747,#4748,#4749,#4750,#4751,#4752,#4753,#4754,#4755,#4756,#4757,#4758,#4759,
#4760,#4761,#4762,#4763,#4764,#4765,#4766,#4767,#4768,#4769,#4770,#4771,#4772,
#4773,#4774,#4775,#4776,#4777,#4778,#4779,#4780,#4781,#4782,#4783,#4784,#4785,
#4786,#4787,#4788,#4789,#4790,#4791,#4792,#4793,#4794,#4795,#4796,#4797,#4798,
#4799,#4800,#4801,#4802,#4803,#4804,#4805,#4806,#4807),(#4808,#4809,#4810,#4811,
#4812,#4813,#4814,#4815,#4816,#4817,#4818,#4819,#4820,#4821,#4822,#4823,#4824,
#4825,#4826,#4827,#4828,#4829,#4830,#4831,#4832,#4833,#4834,#4835,#4836,#4837,
#4838,#4839,#4840,#4841,#4842,#4843,#4844,#4845,#4846,#4847,#4848,#4849,#4850,
#4851,#4852,#4853,#4854,#4855,#4856,#4857,#4858,#4859,#4860,#4861,#4862,#4863,
#4864,#4865,#4866,#4867,#4868,#4869,#4870,#4871,#4872,#4873,#4874),(#4875,#4876,
#4877,#4878,#4879,#4880,#4881,#4882,#4883,#4884,#4885,#4886,#4887,#4888,#4889,
#4890,#4891,#4892,#4893,#4894,#4895,#4896,#4897,#4898,#4899,#4900,#4901,#4902,
#4903,#4904,#4905,#4906,#4907,#4908,#4909,#4910,#4911,#4912,#4913,#4914,#4915,
#4916,#4917,#4918,#4919,#4920,#4921,#4922,#4923,#4924,#4925,#4926,#4927,#4928,
#4929,#4930,#4931,#4932,#4933,#4934,#4935,#4936,#4937,#4938,#4939,#4940,#4941),(
#4942,#4943,#4944,#4945,#4946,#4947,#4948,#4949,#4950,#4951,#4952,#4953,#4954,
#4955,#4956,#4957,#4958,#4959,#4960,#4961,#4962,#4963,#4964,#4965,#4966,#4967,
#4968,#4969,#4970,#4971,#4972,#4973,#4974,#4975,#4976,#4977,#4978,#4979,#4980,
#4981,#4982,#4983,#4984,#4985,#4986,#4987,#4988,#4989,#4990,#4991,#4992,#4993,
#4994,#4995,#4996,#4997,#4998,#4999,#5000,#5001,#5002,#5003,#5004,#5005,#5006,
#5007,#5008)),.UNSPECIFIED.,.F.,.F.,.F.,(4,4),(4,1,1,1,1,1,1,1,1,1,1,1,1,1,1,1,
1,1,1,1,1,1,1,1,1,1,1,1,1,1,1,1,1,1,1,1,1,1,1,1,1,1,1,1,1,1,1,1,1,1,1,1,1,1,1,1,
1,1,1,1,1,1,1,1,4),(-4.880826512273E-2,1.048808265123E0),(-2.E-2,-3.75E-3,
1.25E-2,2.875E-2,4.5E-2,6.125E-2,7.75E-2,9.375E-2,1.1E-1,1.2625E-1,1.425E-1,
1.5875E-1,1.75E-1,1.9125E-1,2.075E-1,2.2375E-1,2.4E-1,2.5625E-1,2.725E-1,
2.8875E-1,3.05E-1,3.2125E-1,3.375E-1,3.5375E-1,3.7E-1,3.8625E-1,4.025E-1,
4.1875E-1,4.35E-1,4.5125E-1,4.675E-1,4.8375E-1,5.E-1,5.1625E-1,5.325E-1,
5.4875E-1,5.65E-1,5.8125E-1,5.975E-1,6.1375E-1,6.3E-1,6.4625E-1,6.625E-1,
6.7875E-1,6.95E-1,7.1125E-1,7.275E-1,7.4375E-1,7.6E-1,7.7625E-1,7.925E-1,
8.0875E-1,8.25E-1,8.4125E-1,8.575E-1,8.7375E-1,8.9E-1,9.0625E-1,9.225E-1,
9.3875E-1,9.55E-1,9.7125E-1,9.875E-1,1.00375E0,1.02E0),.UNSPECIFIED.);
#5010=ORIENTED_EDGE('',*,*,#3713,.T.);
#5011=ORIENTED_EDGE('',*,*,#4021,.T.);
#5012=ORIENTED_EDGE('',*,*,#3725,.T.);
#5013=ORIENTED_EDGE('',*,*,#4032,.T.);
#5014=ORIENTED_EDGE('',*,*,#3741,.T.);
#5015=ORIENTED_EDGE('',*,*,#4046,.T.);
#5016=ORIENTED_EDGE('',*,*,#3757,.T.);
#5017=ORIENTED_EDGE('',*,*,#4060,.T.);
#5018=ORIENTED_EDGE('',*,*,#3571,.F.);
#5020=ORIENTED_EDGE('',*,*,#5019,.F.);
#5021=ORIENTED_EDGE('',*,*,#4733,.T.);
#5022=EDGE_LOOP('',(#5010,#5011,#5012,#5013,#5014,#5015,#5016,#5017,#5018,#5020,
#5021));
#5023=FACE_OUTER_BOUND('',#5022,.F.);
#5025=CARTESIAN_POINT('',(-1.314460020066E0,-7.226305111526E-1,
-5.024806539624E0));
#5026=CARTESIAN_POINT('',(-1.412835817287E0,-5.436856003119E-1,
-5.035639872958E0));
#5027=CARTESIAN_POINT('',(-1.535429949708E0,-1.451546369538E-1,
-5.057306539624E0));
#5028=CARTESIAN_POINT('',(-1.466799131520E0,4.765948099397E-1,
-5.089806539624E0));
#5029=CARTESIAN_POINT('',(-1.156882170868E0,1.019928346570E0,
-5.122306539624E0));
#5030=CARTESIAN_POINT('',(-6.566718116806E-1,1.395498591694E0,
-5.154806539624E0));
#5031=CARTESIAN_POINT('',(-4.844420649491E-2,1.541520758848E0,
-5.187306539624E0));
#5032=CARTESIAN_POINT('',(5.677518059572E-1,1.433977416207E0,
-5.219806539624E0));
#5033=CARTESIAN_POINT('',(1.090557956828E0,1.090557949318E0,-5.252306539624E0));
#5034=CARTESIAN_POINT('',(1.433977397408E0,5.677518171979E-1,
-5.284806539624E0));
#5035=CARTESIAN_POINT('',(1.541520826533E0,-4.844424394790E-2,
-5.317306539624E0));
#5036=CARTESIAN_POINT('',(1.395498339753E0,-6.566716731095E-1,
-5.349806539624E0));
#5037=CARTESIAN_POINT('',(1.019929286651E0,-1.156882687700E0,
-5.382306539624E0));
#5038=CARTESIAN_POINT('',(4.765913015562E-1,-1.466797202765E0,
-5.414806539624E0));
#5039=CARTESIAN_POINT('',(-1.451415435015E-1,-1.535437147895E0,
-5.447306539624E0));
#5040=CARTESIAN_POINT('',(-7.429999474169E-1,-1.351511887080E0,
-5.479806539624E0));
#5041=CARTESIAN_POINT('',(-1.218641733747E0,-9.452754241773E-1,
-5.512306539624E0));
#5042=CARTESIAN_POINT('',(-1.493828228978E0,-3.835498990870E-1,
-5.544806539624E0));
#5043=CARTESIAN_POINT('',(-1.523293800498E0,2.412660360417E-1,
-5.577306539624E0));
#5044=CARTESIAN_POINT('',(-1.302191634387E0,8.263959402824E-1,
-5.609806539624E0));
#5045=CARTESIAN_POINT('',(-8.668909914731E-1,1.275591357640E0,
-5.642306539624E0));
#5046=CARTESIAN_POINT('',(-2.889948003897E-1,1.514963797630E0,
-5.674806539624E0));
#5047=CARTESIAN_POINT('',(3.364383617606E-1,1.505138708398E0,
-5.707306539624E0));
#5048=CARTESIAN_POINT('',(9.065305259163E-1,1.247732226226E0,
-5.739806539624E0));
#5049=CARTESIAN_POINT('',(1.327506805206E0,7.850853360706E-1,
-5.772306539624E0));
#5050=CARTESIAN_POINT('',(1.530120496294E0,1.932991712444E-1,
-5.804806539624E0));
#5051=CARTESIAN_POINT('',(1.481043521449E0,-4.302829189697E-1,
-5.837306539624E0));
#5052=CARTESIAN_POINT('',(1.188348589004E0,-9.830874497189E-1,
-5.869806539624E0));
#5053=CARTESIAN_POINT('',(7.001813075180E-1,-1.374183189893E0,
-5.902306539624E0));
#5054=CARTESIAN_POINT('',(9.684067858024E-2,-1.539238508404E0,
-5.934806539624E0));
#5055=CARTESIAN_POINT('',(-5.224293460751E-1,-1.451103332345E0,
-5.967306539624E0));
#5056=CARTESIAN_POINT('',(-1.055764576487E0,-1.124275082805E0,
-5.999806539624E0));
#5057=CARTESIAN_POINT('',(-1.415436301334E0,-6.125139832269E-1,
-6.032306539624E0));
#5058=CARTESIAN_POINT('',(-1.542281849333E0,0.E0,-6.064806539624E0));
#5059=CARTESIAN_POINT('',(-1.415436301334E0,6.125139832269E-1,
-6.097306539624E0));
#5060=CARTESIAN_POINT('',(-1.055764576487E0,1.124275082805E0,
-6.129806539624E0));
#5061=CARTESIAN_POINT('',(-5.224293460751E-1,1.451103332345E0,
-6.162306539624E0));
#5062=CARTESIAN_POINT('',(9.684067858025E-2,1.539238508404E0,
-6.194806539624E0));
#5063=CARTESIAN_POINT('',(7.001813075180E-1,1.374183189893E0,
-6.227306539624E0));
#5064=CARTESIAN_POINT('',(1.188348589004E0,9.830874497189E-1,
-6.259806539624E0));
#5065=CARTESIAN_POINT('',(1.481043521449E0,4.302829189697E-1,
-6.292306539624E0));
#5066=CARTESIAN_POINT('',(1.530120496294E0,-1.932991712444E-1,
-6.324806539624E0));
#5067=CARTESIAN_POINT('',(1.327506805206E0,-7.850853360706E-1,
-6.357306539624E0));
#5068=CARTESIAN_POINT('',(9.065305259163E-1,-1.247732226226E0,
-6.389806539624E0));
#5069=CARTESIAN_POINT('',(3.364383617606E-1,-1.505138708398E0,
-6.422306539624E0));
#5070=CARTESIAN_POINT('',(-2.889948003897E-1,-1.514963797630E0,
-6.454806539624E0));
#5071=CARTESIAN_POINT('',(-8.668909914731E-1,-1.275591357640E0,
-6.487306539624E0));
#5072=CARTESIAN_POINT('',(-1.302191634387E0,-8.263959402824E-1,
-6.519806539624E0));
#5073=CARTESIAN_POINT('',(-1.523293800498E0,-2.412660360417E-1,
-6.552306539624E0));
#5074=CARTESIAN_POINT('',(-1.493828228978E0,3.835498990870E-1,
-6.584806539624E0));
#5075=CARTESIAN_POINT('',(-1.218641733747E0,9.452754241773E-1,
-6.617306539624E0));
#5076=CARTESIAN_POINT('',(-7.429999474169E-1,1.351511887080E0,
-6.649806539624E0));
#5077=CARTESIAN_POINT('',(-1.451415435015E-1,1.535437147895E0,
-6.682306539624E0));
#5078=CARTESIAN_POINT('',(4.765913015563E-1,1.466797202765E0,
-6.714806539624E0));
#5079=CARTESIAN_POINT('',(1.019929286651E0,1.156882687700E0,-6.747306539624E0));
#5080=CARTESIAN_POINT('',(1.395498339753E0,6.566716731095E-1,
-6.779806539624E0));
#5081=CARTESIAN_POINT('',(1.541520826533E0,4.844424394789E-2,
-6.812306539624E0));
#5082=CARTESIAN_POINT('',(1.433977397408E0,-5.677518171979E-1,
-6.844806539624E0));
#5083=CARTESIAN_POINT('',(1.090557956828E0,-1.090557949319E0,
-6.877306539624E0));
#5084=CARTESIAN_POINT('',(5.677518059572E-1,-1.433977416207E0,
-6.909806539624E0));
#5085=CARTESIAN_POINT('',(-4.844420649493E-2,-1.541520758848E0,
-6.942306539624E0));
#5086=CARTESIAN_POINT('',(-6.566718116806E-1,-1.395498591694E0,
-6.974806539624E0));
#5087=CARTESIAN_POINT('',(-1.156882170868E0,-1.019928346570E0,
-7.007306539624E0));
#5088=CARTESIAN_POINT('',(-1.466799131520E0,-4.765948099396E-1,
-7.039806539624E0));
#5089=CARTESIAN_POINT('',(-1.535429949708E0,1.451546369538E-1,
-7.072306539624E0));
#5090=CARTESIAN_POINT('',(-1.412835817287E0,5.436856003119E-1,
-7.093973206291E0));
#5091=CARTESIAN_POINT('',(-1.314460020066E0,7.226305111526E-1,
-7.104806539624E0));
#5092=CARTESIAN_POINT('',(-1.314460020066E0,-7.226305111526E-1,
-4.981602179875E0));
#5093=CARTESIAN_POINT('',(-1.412835817287E0,-5.436856003119E-1,
-4.992435513208E0));
#5094=CARTESIAN_POINT('',(-1.535429949708E0,-1.451546369538E-1,
-5.014102179875E0));
#5095=CARTESIAN_POINT('',(-1.466799131520E0,4.765948099397E-1,
-5.046602179875E0));
#5096=CARTESIAN_POINT('',(-1.156882170868E0,1.019928346570E0,
-5.079102179875E0));
#5097=CARTESIAN_POINT('',(-6.566718116806E-1,1.395498591694E0,
-5.111602179875E0));
#5098=CARTESIAN_POINT('',(-4.844420649491E-2,1.541520758848E0,
-5.144102179875E0));
#5099=CARTESIAN_POINT('',(5.677518059572E-1,1.433977416207E0,
-5.176602179875E0));
#5100=CARTESIAN_POINT('',(1.090557956828E0,1.090557949318E0,-5.209102179875E0));
#5101=CARTESIAN_POINT('',(1.433977397408E0,5.677518171979E-1,
-5.241602179875E0));
#5102=CARTESIAN_POINT('',(1.541520826533E0,-4.844424394790E-2,
-5.274102179875E0));
#5103=CARTESIAN_POINT('',(1.395498339753E0,-6.566716731095E-1,
-5.306602179875E0));
#5104=CARTESIAN_POINT('',(1.019929286651E0,-1.156882687700E0,
-5.339102179875E0));
#5105=CARTESIAN_POINT('',(4.765913015562E-1,-1.466797202765E0,
-5.371602179875E0));
#5106=CARTESIAN_POINT('',(-1.451415435015E-1,-1.535437147895E0,
-5.404102179875E0));
#5107=CARTESIAN_POINT('',(-7.429999474169E-1,-1.351511887080E0,
-5.436602179875E0));
#5108=CARTESIAN_POINT('',(-1.218641733747E0,-9.452754241773E-1,
-5.469102179875E0));
#5109=CARTESIAN_POINT('',(-1.493828228978E0,-3.835498990870E-1,
-5.501602179875E0));
#5110=CARTESIAN_POINT('',(-1.523293800498E0,2.412660360417E-1,
-5.534102179875E0));
#5111=CARTESIAN_POINT('',(-1.302191634387E0,8.263959402824E-1,
-5.566602179875E0));
#5112=CARTESIAN_POINT('',(-8.668909914731E-1,1.275591357640E0,
-5.599102179875E0));
#5113=CARTESIAN_POINT('',(-2.889948003897E-1,1.514963797630E0,
-5.631602179875E0));
#5114=CARTESIAN_POINT('',(3.364383617606E-1,1.505138708398E0,
-5.664102179875E0));
#5115=CARTESIAN_POINT('',(9.065305259163E-1,1.247732226226E0,
-5.696602179875E0));
#5116=CARTESIAN_POINT('',(1.327506805206E0,7.850853360706E-1,
-5.729102179875E0));
#5117=CARTESIAN_POINT('',(1.530120496294E0,1.932991712444E-1,
-5.761602179875E0));
#5118=CARTESIAN_POINT('',(1.481043521449E0,-4.302829189697E-1,
-5.794102179875E0));
#5119=CARTESIAN_POINT('',(1.188348589004E0,-9.830874497189E-1,
-5.826602179875E0));
#5120=CARTESIAN_POINT('',(7.001813075180E-1,-1.374183189893E0,
-5.859102179875E0));
#5121=CARTESIAN_POINT('',(9.684067858024E-2,-1.539238508404E0,
-5.891602179875E0));
#5122=CARTESIAN_POINT('',(-5.224293460751E-1,-1.451103332345E0,
-5.924102179875E0));
#5123=CARTESIAN_POINT('',(-1.055764576487E0,-1.124275082805E0,
-5.956602179875E0));
#5124=CARTESIAN_POINT('',(-1.415436301334E0,-6.125139832269E-1,
-5.989102179875E0));
#5125=CARTESIAN_POINT('',(-1.542281849333E0,0.E0,-6.021602179875E0));
#5126=CARTESIAN_POINT('',(-1.415436301334E0,6.125139832269E-1,
-6.054102179875E0));
#5127=CARTESIAN_POINT('',(-1.055764576487E0,1.124275082805E0,
-6.086602179875E0));
#5128=CARTESIAN_POINT('',(-5.224293460751E-1,1.451103332345E0,
-6.119102179875E0));
#5129=CARTESIAN_POINT('',(9.684067858025E-2,1.539238508404E0,
-6.151602179875E0));
#5130=CARTESIAN_POINT('',(7.001813075180E-1,1.374183189893E0,
-6.184102179875E0));
#5131=CARTESIAN_POINT('',(1.188348589004E0,9.830874497189E-1,
-6.216602179875E0));
#5132=CARTESIAN_POINT('',(1.481043521449E0,4.302829189697E-1,
-6.249102179875E0));
#5133=CARTESIAN_POINT('',(1.530120496294E0,-1.932991712444E-1,
-6.281602179875E0));
#5134=CARTESIAN_POINT('',(1.327506805206E0,-7.850853360706E-1,
-6.314102179875E0));
#5135=CARTESIAN_POINT('',(9.065305259163E-1,-1.247732226226E0,
-6.346602179875E0));
#5136=CARTESIAN_POINT('',(3.364383617606E-1,-1.505138708398E0,
-6.379102179875E0));
#5137=CARTESIAN_POINT('',(-2.889948003897E-1,-1.514963797630E0,
-6.411602179875E0));
#5138=CARTESIAN_POINT('',(-8.668909914731E-1,-1.275591357640E0,
-6.444102179875E0));
#5139=CARTESIAN_POINT('',(-1.302191634387E0,-8.263959402824E-1,
-6.476602179875E0));
#5140=CARTESIAN_POINT('',(-1.523293800498E0,-2.412660360417E-1,
-6.509102179875E0));
#5141=CARTESIAN_POINT('',(-1.493828228978E0,3.835498990870E-1,
-6.541602179875E0));
#5142=CARTESIAN_POINT('',(-1.218641733747E0,9.452754241773E-1,
-6.574102179875E0));
#5143=CARTESIAN_POINT('',(-7.429999474169E-1,1.351511887080E0,
-6.606602179875E0));
#5144=CARTESIAN_POINT('',(-1.451415435015E-1,1.535437147895E0,
-6.639102179875E0));
#5145=CARTESIAN_POINT('',(4.765913015563E-1,1.466797202765E0,
-6.671602179875E0));
#5146=CARTESIAN_POINT('',(1.019929286651E0,1.156882687700E0,-6.704102179875E0));
#5147=CARTESIAN_POINT('',(1.395498339753E0,6.566716731095E-1,
-6.736602179875E0));
#5148=CARTESIAN_POINT('',(1.541520826533E0,4.844424394789E-2,
-6.769102179875E0));
#5149=CARTESIAN_POINT('',(1.433977397408E0,-5.677518171979E-1,
-6.801602179875E0));
#5150=CARTESIAN_POINT('',(1.090557956828E0,-1.090557949319E0,
-6.834102179875E0));
#5151=CARTESIAN_POINT('',(5.677518059572E-1,-1.433977416207E0,
-6.866602179875E0));
#5152=CARTESIAN_POINT('',(-4.844420649493E-2,-1.541520758848E0,
-6.899102179875E0));
#5153=CARTESIAN_POINT('',(-6.566718116806E-1,-1.395498591694E0,
-6.931602179875E0));
#5154=CARTESIAN_POINT('',(-1.156882170868E0,-1.019928346570E0,
-6.964102179875E0));
#5155=CARTESIAN_POINT('',(-1.466799131520E0,-4.765948099396E-1,
-6.996602179875E0));
#5156=CARTESIAN_POINT('',(-1.535429949708E0,1.451546369538E-1,
-7.029102179875E0));
#5157=CARTESIAN_POINT('',(-1.412835817287E0,5.436856003119E-1,
-7.050768846541E0));
#5158=CARTESIAN_POINT('',(-1.314460020066E0,7.226305111526E-1,
-7.061602179875E0));
#5159=CARTESIAN_POINT('',(-1.314460020066E0,-7.226305111526E-1,
-4.938397820125E0));
#5160=CARTESIAN_POINT('',(-1.412835817287E0,-5.436856003119E-1,
-4.949231153459E0));
#5161=CARTESIAN_POINT('',(-1.535429949708E0,-1.451546369538E-1,
-4.970897820125E0));
#5162=CARTESIAN_POINT('',(-1.466799131520E0,4.765948099397E-1,
-5.003397820125E0));
#5163=CARTESIAN_POINT('',(-1.156882170868E0,1.019928346570E0,
-5.035897820125E0));
#5164=CARTESIAN_POINT('',(-6.566718116806E-1,1.395498591694E0,
-5.068397820125E0));
#5165=CARTESIAN_POINT('',(-4.844420649491E-2,1.541520758848E0,
-5.100897820125E0));
#5166=CARTESIAN_POINT('',(5.677518059572E-1,1.433977416207E0,
-5.133397820125E0));
#5167=CARTESIAN_POINT('',(1.090557956828E0,1.090557949318E0,-5.165897820125E0));
#5168=CARTESIAN_POINT('',(1.433977397408E0,5.677518171979E-1,
-5.198397820125E0));
#5169=CARTESIAN_POINT('',(1.541520826533E0,-4.844424394790E-2,
-5.230897820125E0));
#5170=CARTESIAN_POINT('',(1.395498339753E0,-6.566716731095E-1,
-5.263397820125E0));
#5171=CARTESIAN_POINT('',(1.019929286651E0,-1.156882687700E0,
-5.295897820125E0));
#5172=CARTESIAN_POINT('',(4.765913015562E-1,-1.466797202765E0,
-5.328397820125E0));
#5173=CARTESIAN_POINT('',(-1.451415435015E-1,-1.535437147895E0,
-5.360897820125E0));
#5174=CARTESIAN_POINT('',(-7.429999474169E-1,-1.351511887080E0,
-5.393397820125E0));
#5175=CARTESIAN_POINT('',(-1.218641733747E0,-9.452754241773E-1,
-5.425897820125E0));
#5176=CARTESIAN_POINT('',(-1.493828228978E0,-3.835498990870E-1,
-5.458397820125E0));
#5177=CARTESIAN_POINT('',(-1.523293800498E0,2.412660360417E-1,
-5.490897820125E0));
#5178=CARTESIAN_POINT('',(-1.302191634387E0,8.263959402824E-1,
-5.523397820125E0));
#5179=CARTESIAN_POINT('',(-8.668909914731E-1,1.275591357640E0,
-5.555897820125E0));
#5180=CARTESIAN_POINT('',(-2.889948003897E-1,1.514963797630E0,
-5.588397820125E0));
#5181=CARTESIAN_POINT('',(3.364383617606E-1,1.505138708398E0,
-5.620897820125E0));
#5182=CARTESIAN_POINT('',(9.065305259163E-1,1.247732226226E0,
-5.653397820125E0));
#5183=CARTESIAN_POINT('',(1.327506805206E0,7.850853360706E-1,
-5.685897820125E0));
#5184=CARTESIAN_POINT('',(1.530120496294E0,1.932991712444E-1,
-5.718397820125E0));
#5185=CARTESIAN_POINT('',(1.481043521449E0,-4.302829189697E-1,
-5.750897820125E0));
#5186=CARTESIAN_POINT('',(1.188348589004E0,-9.830874497189E-1,
-5.783397820125E0));
#5187=CARTESIAN_POINT('',(7.001813075180E-1,-1.374183189893E0,
-5.815897820125E0));
#5188=CARTESIAN_POINT('',(9.684067858024E-2,-1.539238508404E0,
-5.848397820125E0));
#5189=CARTESIAN_POINT('',(-5.224293460751E-1,-1.451103332345E0,
-5.880897820125E0));
#5190=CARTESIAN_POINT('',(-1.055764576487E0,-1.124275082805E0,
-5.913397820125E0));
#5191=CARTESIAN_POINT('',(-1.415436301334E0,-6.125139832269E-1,
-5.945897820125E0));
#5192=CARTESIAN_POINT('',(-1.542281849333E0,0.E0,-5.978397820125E0));
#5193=CARTESIAN_POINT('',(-1.415436301334E0,6.125139832269E-1,
-6.010897820125E0));
#5194=CARTESIAN_POINT('',(-1.055764576487E0,1.124275082805E0,
-6.043397820125E0));
#5195=CARTESIAN_POINT('',(-5.224293460751E-1,1.451103332345E0,
-6.075897820125E0));
#5196=CARTESIAN_POINT('',(9.684067858025E-2,1.539238508404E0,
-6.108397820125E0));
#5197=CARTESIAN_POINT('',(7.001813075180E-1,1.374183189893E0,
-6.140897820125E0));
#5198=CARTESIAN_POINT('',(1.188348589004E0,9.830874497189E-1,
-6.173397820125E0));
#5199=CARTESIAN_POINT('',(1.481043521449E0,4.302829189697E-1,
-6.205897820125E0));
#5200=CARTESIAN_POINT('',(1.530120496294E0,-1.932991712444E-1,
-6.238397820125E0));
#5201=CARTESIAN_POINT('',(1.327506805206E0,-7.850853360706E-1,
-6.270897820125E0));
#5202=CARTESIAN_POINT('',(9.065305259163E-1,-1.247732226226E0,
-6.303397820125E0));
#5203=CARTESIAN_POINT('',(3.364383617606E-1,-1.505138708398E0,
-6.335897820125E0));
#5204=CARTESIAN_POINT('',(-2.889948003897E-1,-1.514963797630E0,
-6.368397820125E0));
#5205=CARTESIAN_POINT('',(-8.668909914731E-1,-1.275591357640E0,
-6.400897820125E0));
#5206=CARTESIAN_POINT('',(-1.302191634387E0,-8.263959402824E-1,
-6.433397820125E0));
#5207=CARTESIAN_POINT('',(-1.523293800498E0,-2.412660360417E-1,
-6.465897820125E0));
#5208=CARTESIAN_POINT('',(-1.493828228978E0,3.835498990870E-1,
-6.498397820125E0));
#5209=CARTESIAN_POINT('',(-1.218641733747E0,9.452754241773E-1,
-6.530897820125E0));
#5210=CARTESIAN_POINT('',(-7.429999474169E-1,1.351511887080E0,
-6.563397820125E0));
#5211=CARTESIAN_POINT('',(-1.451415435015E-1,1.535437147895E0,
-6.595897820125E0));
#5212=CARTESIAN_POINT('',(4.765913015563E-1,1.466797202765E0,
-6.628397820125E0));
#5213=CARTESIAN_POINT('',(1.019929286651E0,1.156882687700E0,-6.660897820125E0));
#5214=CARTESIAN_POINT('',(1.395498339753E0,6.566716731095E-1,
-6.693397820125E0));
#5215=CARTESIAN_POINT('',(1.541520826533E0,4.844424394789E-2,
-6.725897820125E0));
#5216=CARTESIAN_POINT('',(1.433977397408E0,-5.677518171979E-1,
-6.758397820125E0));
#5217=CARTESIAN_POINT('',(1.090557956828E0,-1.090557949319E0,
-6.790897820125E0));
#5218=CARTESIAN_POINT('',(5.677518059572E-1,-1.433977416207E0,
-6.823397820125E0));
#5219=CARTESIAN_POINT('',(-4.844420649493E-2,-1.541520758848E0,
-6.855897820125E0));
#5220=CARTESIAN_POINT('',(-6.566718116806E-1,-1.395498591694E0,
-6.888397820125E0));
#5221=CARTESIAN_POINT('',(-1.156882170868E0,-1.019928346570E0,
-6.920897820125E0));
#5222=CARTESIAN_POINT('',(-1.466799131520E0,-4.765948099396E-1,
-6.953397820125E0));
#5223=CARTESIAN_POINT('',(-1.535429949708E0,1.451546369538E-1,
-6.985897820125E0));
#5224=CARTESIAN_POINT('',(-1.412835817287E0,5.436856003119E-1,
-7.007564486792E0));
#5225=CARTESIAN_POINT('',(-1.314460020066E0,7.226305111526E-1,
-7.018397820125E0));
#5226=CARTESIAN_POINT('',(-1.314460020066E0,-7.226305111526E-1,
-4.895193460376E0));
#5227=CARTESIAN_POINT('',(-1.412835817287E0,-5.436856003119E-1,
-4.906026793709E0));
#5228=CARTESIAN_POINT('',(-1.535429949708E0,-1.451546369538E-1,
-4.927693460376E0));
#5229=CARTESIAN_POINT('',(-1.466799131520E0,4.765948099397E-1,
-4.960193460376E0));
#5230=CARTESIAN_POINT('',(-1.156882170868E0,1.019928346570E0,
-4.992693460376E0));
#5231=CARTESIAN_POINT('',(-6.566718116806E-1,1.395498591694E0,
-5.025193460376E0));
#5232=CARTESIAN_POINT('',(-4.844420649491E-2,1.541520758848E0,
-5.057693460376E0));
#5233=CARTESIAN_POINT('',(5.677518059572E-1,1.433977416207E0,
-5.090193460376E0));
#5234=CARTESIAN_POINT('',(1.090557956828E0,1.090557949318E0,-5.122693460376E0));
#5235=CARTESIAN_POINT('',(1.433977397408E0,5.677518171979E-1,
-5.155193460376E0));
#5236=CARTESIAN_POINT('',(1.541520826533E0,-4.844424394790E-2,
-5.187693460376E0));
#5237=CARTESIAN_POINT('',(1.395498339753E0,-6.566716731095E-1,
-5.220193460376E0));
#5238=CARTESIAN_POINT('',(1.019929286651E0,-1.156882687700E0,
-5.252693460376E0));
#5239=CARTESIAN_POINT('',(4.765913015562E-1,-1.466797202765E0,
-5.285193460376E0));
#5240=CARTESIAN_POINT('',(-1.451415435015E-1,-1.535437147895E0,
-5.317693460376E0));
#5241=CARTESIAN_POINT('',(-7.429999474169E-1,-1.351511887080E0,
-5.350193460376E0));
#5242=CARTESIAN_POINT('',(-1.218641733747E0,-9.452754241773E-1,
-5.382693460376E0));
#5243=CARTESIAN_POINT('',(-1.493828228978E0,-3.835498990870E-1,
-5.415193460376E0));
#5244=CARTESIAN_POINT('',(-1.523293800498E0,2.412660360417E-1,
-5.447693460376E0));
#5245=CARTESIAN_POINT('',(-1.302191634387E0,8.263959402824E-1,
-5.480193460376E0));
#5246=CARTESIAN_POINT('',(-8.668909914731E-1,1.275591357640E0,
-5.512693460376E0));
#5247=CARTESIAN_POINT('',(-2.889948003897E-1,1.514963797630E0,
-5.545193460376E0));
#5248=CARTESIAN_POINT('',(3.364383617606E-1,1.505138708398E0,
-5.577693460376E0));
#5249=CARTESIAN_POINT('',(9.065305259163E-1,1.247732226226E0,
-5.610193460376E0));
#5250=CARTESIAN_POINT('',(1.327506805206E0,7.850853360706E-1,
-5.642693460376E0));
#5251=CARTESIAN_POINT('',(1.530120496294E0,1.932991712444E-1,
-5.675193460376E0));
#5252=CARTESIAN_POINT('',(1.481043521449E0,-4.302829189697E-1,
-5.707693460376E0));
#5253=CARTESIAN_POINT('',(1.188348589004E0,-9.830874497189E-1,
-5.740193460376E0));
#5254=CARTESIAN_POINT('',(7.001813075180E-1,-1.374183189893E0,
-5.772693460376E0));
#5255=CARTESIAN_POINT('',(9.684067858024E-2,-1.539238508404E0,
-5.805193460376E0));
#5256=CARTESIAN_POINT('',(-5.224293460751E-1,-1.451103332345E0,
-5.837693460376E0));
#5257=CARTESIAN_POINT('',(-1.055764576487E0,-1.124275082805E0,
-5.870193460376E0));
#5258=CARTESIAN_POINT('',(-1.415436301334E0,-6.125139832269E-1,
-5.902693460376E0));
#5259=CARTESIAN_POINT('',(-1.542281849333E0,0.E0,-5.935193460376E0));
#5260=CARTESIAN_POINT('',(-1.415436301334E0,6.125139832269E-1,
-5.967693460376E0));
#5261=CARTESIAN_POINT('',(-1.055764576487E0,1.124275082805E0,
-6.000193460376E0));
#5262=CARTESIAN_POINT('',(-5.224293460751E-1,1.451103332345E0,
-6.032693460376E0));
#5263=CARTESIAN_POINT('',(9.684067858025E-2,1.539238508404E0,
-6.065193460376E0));
#5264=CARTESIAN_POINT('',(7.001813075180E-1,1.374183189893E0,
-6.097693460376E0));
#5265=CARTESIAN_POINT('',(1.188348589004E0,9.830874497189E-1,
-6.130193460376E0));
#5266=CARTESIAN_POINT('',(1.481043521449E0,4.302829189697E-1,
-6.162693460376E0));
#5267=CARTESIAN_POINT('',(1.530120496294E0,-1.932991712444E-1,
-6.195193460376E0));
#5268=CARTESIAN_POINT('',(1.327506805206E0,-7.850853360706E-1,
-6.227693460376E0));
#5269=CARTESIAN_POINT('',(9.065305259163E-1,-1.247732226226E0,
-6.260193460376E0));
#5270=CARTESIAN_POINT('',(3.364383617606E-1,-1.505138708398E0,
-6.292693460376E0));
#5271=CARTESIAN_POINT('',(-2.889948003897E-1,-1.514963797630E0,
-6.325193460376E0));
#5272=CARTESIAN_POINT('',(-8.668909914731E-1,-1.275591357640E0,
-6.357693460376E0));
#5273=CARTESIAN_POINT('',(-1.302191634387E0,-8.263959402824E-1,
-6.390193460376E0));
#5274=CARTESIAN_POINT('',(-1.523293800498E0,-2.412660360417E-1,
-6.422693460376E0));
#5275=CARTESIAN_POINT('',(-1.493828228978E0,3.835498990870E-1,
-6.455193460376E0));
#5276=CARTESIAN_POINT('',(-1.218641733747E0,9.452754241773E-1,
-6.487693460376E0));
#5277=CARTESIAN_POINT('',(-7.429999474169E-1,1.351511887080E0,
-6.520193460376E0));
#5278=CARTESIAN_POINT('',(-1.451415435015E-1,1.535437147895E0,
-6.552693460376E0));
#5279=CARTESIAN_POINT('',(4.765913015563E-1,1.466797202765E0,
-6.585193460376E0));
#5280=CARTESIAN_POINT('',(1.019929286651E0,1.156882687700E0,-6.617693460376E0));
#5281=CARTESIAN_POINT('',(1.395498339753E0,6.566716731095E-1,
-6.650193460376E0));
#5282=CARTESIAN_POINT('',(1.541520826533E0,4.844424394789E-2,
-6.682693460376E0));
#5283=CARTESIAN_POINT('',(1.433977397408E0,-5.677518171979E-1,
-6.715193460376E0));
#5284=CARTESIAN_POINT('',(1.090557956828E0,-1.090557949319E0,
-6.747693460376E0));
#5285=CARTESIAN_POINT('',(5.677518059572E-1,-1.433977416207E0,
-6.780193460376E0));
#5286=CARTESIAN_POINT('',(-4.844420649493E-2,-1.541520758848E0,
-6.812693460376E0));
#5287=CARTESIAN_POINT('',(-6.566718116806E-1,-1.395498591694E0,
-6.845193460376E0));
#5288=CARTESIAN_POINT('',(-1.156882170868E0,-1.019928346570E0,
-6.877693460376E0));
#5289=CARTESIAN_POINT('',(-1.466799131520E0,-4.765948099396E-1,
-6.910193460376E0));
#5290=CARTESIAN_POINT('',(-1.535429949708E0,1.451546369538E-1,
-6.942693460376E0));
#5291=CARTESIAN_POINT('',(-1.412835817287E0,5.436856003119E-1,
-6.964360127042E0));
#5292=CARTESIAN_POINT('',(-1.314460020066E0,7.226305111526E-1,
-6.975193460376E0));
#5293=B_SPLINE_SURFACE_WITH_KNOTS('',3,3,((#5025,#5026,#5027,#5028,#5029,#5030,
#5031,#5032,#5033,#5034,#5035,#5036,#5037,#5038,#5039,#5040,#5041,#5042,#5043,
#5044,#5045,#5046,#5047,#5048,#5049,#5050,#5051,#5052,#5053,#5054,#5055,#5056,
#5057,#5058,#5059,#5060,#5061,#5062,#5063,#5064,#5065,#5066,#5067,#5068,#5069,
#5070,#5071,#5072,#5073,#5074,#5075,#5076,#5077,#5078,#5079,#5080,#5081,#5082,
#5083,#5084,#5085,#5086,#5087,#5088,#5089,#5090,#5091),(#5092,#5093,#5094,#5095,
#5096,#5097,#5098,#5099,#5100,#5101,#5102,#5103,#5104,#5105,#5106,#5107,#5108,
#5109,#5110,#5111,#5112,#5113,#5114,#5115,#5116,#5117,#5118,#5119,#5120,#5121,
#5122,#5123,#5124,#5125,#5126,#5127,#5128,#5129,#5130,#5131,#5132,#5133,#5134,
#5135,#5136,#5137,#5138,#5139,#5140,#5141,#5142,#5143,#5144,#5145,#5146,#5147,
#5148,#5149,#5150,#5151,#5152,#5153,#5154,#5155,#5156,#5157,#5158),(#5159,#5160,
#5161,#5162,#5163,#5164,#5165,#5166,#5167,#5168,#5169,#5170,#5171,#5172,#5173,
#5174,#5175,#5176,#5177,#5178,#5179,#5180,#5181,#5182,#5183,#5184,#5185,#5186,
#5187,#5188,#5189,#5190,#5191,#5192,#5193,#5194,#5195,#5196,#5197,#5198,#5199,
#5200,#5201,#5202,#5203,#5204,#5205,#5206,#5207,#5208,#5209,#5210,#5211,#5212,
#5213,#5214,#5215,#5216,#5217,#5218,#5219,#5220,#5221,#5222,#5223,#5224,#5225),(
#5226,#5227,#5228,#5229,#5230,#5231,#5232,#5233,#5234,#5235,#5236,#5237,#5238,
#5239,#5240,#5241,#5242,#5243,#5244,#5245,#5246,#5247,#5248,#5249,#5250,#5251,
#5252,#5253,#5254,#5255,#5256,#5257,#5258,#5259,#5260,#5261,#5262,#5263,#5264,
#5265,#5266,#5267,#5268,#5269,#5270,#5271,#5272,#5273,#5274,#5275,#5276,#5277,
#5278,#5279,#5280,#5281,#5282,#5283,#5284,#5285,#5286,#5287,#5288,#5289,#5290,
#5291,#5292)),.UNSPECIFIED.,.F.,.F.,.F.,(4,4),(4,1,1,1,1,1,1,1,1,1,1,1,1,1,1,1,
1,1,1,1,1,1,1,1,1,1,1,1,1,1,1,1,1,1,1,1,1,1,1,1,1,1,1,1,1,1,1,1,1,1,1,1,1,1,1,1,
1,1,1,1,1,1,1,1,4),(-1.287744501626E-1,1.128774450163E0),(-2.E-2,-3.75E-3,
1.25E-2,2.875E-2,4.5E-2,6.125E-2,7.75E-2,9.375E-2,1.1E-1,1.2625E-1,1.425E-1,
1.5875E-1,1.75E-1,1.9125E-1,2.075E-1,2.2375E-1,2.4E-1,2.5625E-1,2.725E-1,
2.8875E-1,3.05E-1,3.2125E-1,3.375E-1,3.5375E-1,3.7E-1,3.8625E-1,4.025E-1,
4.1875E-1,4.35E-1,4.5125E-1,4.675E-1,4.8375E-1,5.E-1,5.1625E-1,5.325E-1,
5.4875E-1,5.65E-1,5.8125E-1,5.975E-1,6.1375E-1,6.3E-1,6.4625E-1,6.625E-1,
6.7875E-1,6.95E-1,7.1125E-1,7.275E-1,7.4375E-1,7.6E-1,7.7625E-1,7.925E-1,
8.0875E-1,8.25E-1,8.4125E-1,8.575E-1,8.7375E-1,8.9E-1,9.0625E-1,9.225E-1,
9.3875E-1,9.55E-1,9.7125E-1,9.875E-1,1.00375E0,1.02E0),.UNSPECIFIED.);
#5295=ORIENTED_EDGE('',*,*,#5294,.T.);
#5296=ORIENTED_EDGE('',*,*,#5019,.T.);
#5298=ORIENTED_EDGE('',*,*,#5297,.F.);
#5300=ORIENTED_EDGE('',*,*,#5299,.F.);
#5301=EDGE_LOOP('',(#5295,#5296,#5298,#5300));
#5302=FACE_OUTER_BOUND('',#5301,.F.);
#5304=CARTESIAN_POINT('',(-1.314460020066E0,-7.226305111526E-1,
-3.024806539624E0));
#5305=CARTESIAN_POINT('',(-1.412835817287E0,-5.436856003119E-1,
-3.035639872958E0));
#5306=CARTESIAN_POINT('',(-1.535429949708E0,-1.451546369538E-1,
-3.057306539624E0));
#5307=CARTESIAN_POINT('',(-1.466799131520E0,4.765948099396E-1,
-3.089806539624E0));
#5308=CARTESIAN_POINT('',(-1.156882170868E0,1.019928346570E0,
-3.122306539624E0));
#5309=CARTESIAN_POINT('',(-6.566718116806E-1,1.395498591694E0,
-3.154806539624E0));
#5310=CARTESIAN_POINT('',(-4.844420649494E-2,1.541520758848E0,
-3.187306539624E0));
#5311=CARTESIAN_POINT('',(5.677518059572E-1,1.433977416207E0,
-3.219806539624E0));
#5312=CARTESIAN_POINT('',(1.090557956828E0,1.090557949319E0,-3.252306539624E0));
#5313=CARTESIAN_POINT('',(1.433977397408E0,5.677518171979E-1,
-3.284806539624E0));
#5314=CARTESIAN_POINT('',(1.541520826533E0,-4.844424394788E-2,
-3.317306539624E0));
#5315=CARTESIAN_POINT('',(1.395498339753E0,-6.566716731095E-1,
-3.349806539624E0));
#5316=CARTESIAN_POINT('',(1.019929286651E0,-1.156882687700E0,
-3.382306539624E0));
#5317=CARTESIAN_POINT('',(4.765913015562E-1,-1.466797202765E0,
-3.414806539624E0));
#5318=CARTESIAN_POINT('',(-1.451415435015E-1,-1.535437147895E0,
-3.447306539624E0));
#5319=CARTESIAN_POINT('',(-7.429999474169E-1,-1.351511887080E0,
-3.479806539624E0));
#5320=CARTESIAN_POINT('',(-1.218641733747E0,-9.452754241773E-1,
-3.512306539624E0));
#5321=CARTESIAN_POINT('',(-1.493828228978E0,-3.835498990870E-1,
-3.544806539624E0));
#5322=CARTESIAN_POINT('',(-1.523293800498E0,2.412660360417E-1,
-3.577306539624E0));
#5323=CARTESIAN_POINT('',(-1.302191634387E0,8.263959402824E-1,
-3.609806539624E0));
#5324=CARTESIAN_POINT('',(-8.668909914732E-1,1.275591357640E0,
-3.642306539624E0));
#5325=CARTESIAN_POINT('',(-2.889948003897E-1,1.514963797630E0,
-3.674806539624E0));
#5326=CARTESIAN_POINT('',(3.364383617606E-1,1.505138708398E0,
-3.707306539624E0));
#5327=CARTESIAN_POINT('',(9.065305259163E-1,1.247732226226E0,
-3.739806539624E0));
#5328=CARTESIAN_POINT('',(1.327506805206E0,7.850853360706E-1,
-3.772306539624E0));
#5329=CARTESIAN_POINT('',(1.530120496294E0,1.932991712444E-1,
-3.804806539624E0));
#5330=CARTESIAN_POINT('',(1.481043521449E0,-4.302829189697E-1,
-3.837306539624E0));
#5331=CARTESIAN_POINT('',(1.188348589004E0,-9.830874497189E-1,
-3.869806539624E0));
#5332=CARTESIAN_POINT('',(7.001813075180E-1,-1.374183189893E0,
-3.902306539624E0));
#5333=CARTESIAN_POINT('',(9.684067858024E-2,-1.539238508404E0,
-3.934806539624E0));
#5334=CARTESIAN_POINT('',(-5.224293460751E-1,-1.451103332345E0,
-3.967306539624E0));
#5335=CARTESIAN_POINT('',(-1.055764576487E0,-1.124275082805E0,
-3.999806539624E0));
#5336=CARTESIAN_POINT('',(-1.415436301334E0,-6.125139832269E-1,
-4.032306539624E0));
#5337=CARTESIAN_POINT('',(-1.542281849333E0,0.E0,-4.064806539624E0));
#5338=CARTESIAN_POINT('',(-1.415436301334E0,6.125139832269E-1,
-4.097306539624E0));
#5339=CARTESIAN_POINT('',(-1.055764576487E0,1.124275082805E0,
-4.129806539624E0));
#5340=CARTESIAN_POINT('',(-5.224293460751E-1,1.451103332345E0,
-4.162306539624E0));
#5341=CARTESIAN_POINT('',(9.684067858026E-2,1.539238508404E0,
-4.194806539624E0));
#5342=CARTESIAN_POINT('',(7.001813075180E-1,1.374183189893E0,
-4.227306539624E0));
#5343=CARTESIAN_POINT('',(1.188348589004E0,9.830874497189E-1,
-4.259806539624E0));
#5344=CARTESIAN_POINT('',(1.481043521449E0,4.302829189696E-1,
-4.292306539624E0));
#5345=CARTESIAN_POINT('',(1.530120496294E0,-1.932991712445E-1,
-4.324806539624E0));
#5346=CARTESIAN_POINT('',(1.327506805206E0,-7.850853360706E-1,
-4.357306539624E0));
#5347=CARTESIAN_POINT('',(9.065305259163E-1,-1.247732226226E0,
-4.389806539624E0));
#5348=CARTESIAN_POINT('',(3.364383617606E-1,-1.505138708398E0,
-4.422306539624E0));
#5349=CARTESIAN_POINT('',(-2.889948003898E-1,-1.514963797630E0,
-4.454806539624E0));
#5350=CARTESIAN_POINT('',(-8.668909914732E-1,-1.275591357640E0,
-4.487306539624E0));
#5351=CARTESIAN_POINT('',(-1.302191634387E0,-8.263959402824E-1,
-4.519806539624E0));
#5352=CARTESIAN_POINT('',(-1.523293800498E0,-2.412660360417E-1,
-4.552306539624E0));
#5353=CARTESIAN_POINT('',(-1.493828228978E0,3.835498990870E-1,
-4.584806539624E0));
#5354=CARTESIAN_POINT('',(-1.218641733746E0,9.452754241773E-1,
-4.617306539624E0));
#5355=CARTESIAN_POINT('',(-7.429999474168E-1,1.351511887080E0,
-4.649806539624E0));
#5356=CARTESIAN_POINT('',(-1.451415435015E-1,1.535437147895E0,
-4.682306539624E0));
#5357=CARTESIAN_POINT('',(4.765913015563E-1,1.466797202765E0,
-4.714806539624E0));
#5358=CARTESIAN_POINT('',(1.019929286651E0,1.156882687700E0,-4.747306539624E0));
#5359=CARTESIAN_POINT('',(1.395498339753E0,6.566716731095E-1,
-4.779806539624E0));
#5360=CARTESIAN_POINT('',(1.541520826533E0,4.844424394787E-2,
-4.812306539624E0));
#5361=CARTESIAN_POINT('',(1.433977397408E0,-5.677518171979E-1,
-4.844806539624E0));
#5362=CARTESIAN_POINT('',(1.090557956828E0,-1.090557949319E0,
-4.877306539624E0));
#5363=CARTESIAN_POINT('',(5.677518059572E-1,-1.433977416207E0,
-4.909806539624E0));
#5364=CARTESIAN_POINT('',(-4.844420649495E-2,-1.541520758848E0,
-4.942306539624E0));
#5365=CARTESIAN_POINT('',(-6.566718116806E-1,-1.395498591694E0,
-4.974806539624E0));
#5366=CARTESIAN_POINT('',(-1.156882170868E0,-1.019928346570E0,
-5.007306539624E0));
#5367=CARTESIAN_POINT('',(-1.466799131520E0,-4.765948099396E-1,
-5.039806539624E0));
#5368=CARTESIAN_POINT('',(-1.535429949708E0,1.451546369538E-1,
-5.072306539624E0));
#5369=CARTESIAN_POINT('',(-1.412835817287E0,5.436856003120E-1,
-5.093973206291E0));
#5370=CARTESIAN_POINT('',(-1.314460020066E0,7.226305111526E-1,
-5.104806539624E0));
#5371=CARTESIAN_POINT('',(-1.314460020066E0,-7.226305111526E-1,
-2.981602179875E0));
#5372=CARTESIAN_POINT('',(-1.412835817287E0,-5.436856003119E-1,
-2.992435513208E0));
#5373=CARTESIAN_POINT('',(-1.535429949708E0,-1.451546369538E-1,
-3.014102179875E0));
#5374=CARTESIAN_POINT('',(-1.466799131520E0,4.765948099396E-1,
-3.046602179875E0));
#5375=CARTESIAN_POINT('',(-1.156882170868E0,1.019928346570E0,
-3.079102179875E0));
#5376=CARTESIAN_POINT('',(-6.566718116806E-1,1.395498591694E0,
-3.111602179875E0));
#5377=CARTESIAN_POINT('',(-4.844420649494E-2,1.541520758848E0,
-3.144102179875E0));
#5378=CARTESIAN_POINT('',(5.677518059572E-1,1.433977416207E0,
-3.176602179875E0));
#5379=CARTESIAN_POINT('',(1.090557956828E0,1.090557949319E0,-3.209102179875E0));
#5380=CARTESIAN_POINT('',(1.433977397408E0,5.677518171979E-1,
-3.241602179875E0));
#5381=CARTESIAN_POINT('',(1.541520826533E0,-4.844424394788E-2,
-3.274102179875E0));
#5382=CARTESIAN_POINT('',(1.395498339753E0,-6.566716731095E-1,
-3.306602179875E0));
#5383=CARTESIAN_POINT('',(1.019929286651E0,-1.156882687700E0,
-3.339102179875E0));
#5384=CARTESIAN_POINT('',(4.765913015562E-1,-1.466797202765E0,
-3.371602179875E0));
#5385=CARTESIAN_POINT('',(-1.451415435015E-1,-1.535437147895E0,
-3.404102179875E0));
#5386=CARTESIAN_POINT('',(-7.429999474169E-1,-1.351511887080E0,
-3.436602179875E0));
#5387=CARTESIAN_POINT('',(-1.218641733747E0,-9.452754241773E-1,
-3.469102179875E0));
#5388=CARTESIAN_POINT('',(-1.493828228978E0,-3.835498990870E-1,
-3.501602179875E0));
#5389=CARTESIAN_POINT('',(-1.523293800498E0,2.412660360417E-1,
-3.534102179875E0));
#5390=CARTESIAN_POINT('',(-1.302191634387E0,8.263959402824E-1,
-3.566602179875E0));
#5391=CARTESIAN_POINT('',(-8.668909914732E-1,1.275591357640E0,
-3.599102179875E0));
#5392=CARTESIAN_POINT('',(-2.889948003897E-1,1.514963797630E0,
-3.631602179875E0));
#5393=CARTESIAN_POINT('',(3.364383617606E-1,1.505138708398E0,
-3.664102179875E0));
#5394=CARTESIAN_POINT('',(9.065305259163E-1,1.247732226226E0,
-3.696602179875E0));
#5395=CARTESIAN_POINT('',(1.327506805206E0,7.850853360706E-1,
-3.729102179875E0));
#5396=CARTESIAN_POINT('',(1.530120496294E0,1.932991712444E-1,
-3.761602179875E0));
#5397=CARTESIAN_POINT('',(1.481043521449E0,-4.302829189697E-1,
-3.794102179875E0));
#5398=CARTESIAN_POINT('',(1.188348589004E0,-9.830874497189E-1,
-3.826602179875E0));
#5399=CARTESIAN_POINT('',(7.001813075180E-1,-1.374183189893E0,
-3.859102179875E0));
#5400=CARTESIAN_POINT('',(9.684067858024E-2,-1.539238508404E0,
-3.891602179875E0));
#5401=CARTESIAN_POINT('',(-5.224293460751E-1,-1.451103332345E0,
-3.924102179875E0));
#5402=CARTESIAN_POINT('',(-1.055764576487E0,-1.124275082805E0,
-3.956602179875E0));
#5403=CARTESIAN_POINT('',(-1.415436301334E0,-6.125139832269E-1,
-3.989102179875E0));
#5404=CARTESIAN_POINT('',(-1.542281849333E0,0.E0,-4.021602179875E0));
#5405=CARTESIAN_POINT('',(-1.415436301334E0,6.125139832269E-1,
-4.054102179875E0));
#5406=CARTESIAN_POINT('',(-1.055764576487E0,1.124275082805E0,
-4.086602179875E0));
#5407=CARTESIAN_POINT('',(-5.224293460751E-1,1.451103332345E0,
-4.119102179875E0));
#5408=CARTESIAN_POINT('',(9.684067858026E-2,1.539238508404E0,
-4.151602179875E0));
#5409=CARTESIAN_POINT('',(7.001813075180E-1,1.374183189893E0,
-4.184102179875E0));
#5410=CARTESIAN_POINT('',(1.188348589004E0,9.830874497189E-1,
-4.216602179875E0));
#5411=CARTESIAN_POINT('',(1.481043521449E0,4.302829189696E-1,
-4.249102179875E0));
#5412=CARTESIAN_POINT('',(1.530120496294E0,-1.932991712445E-1,
-4.281602179875E0));
#5413=CARTESIAN_POINT('',(1.327506805206E0,-7.850853360706E-1,
-4.314102179875E0));
#5414=CARTESIAN_POINT('',(9.065305259163E-1,-1.247732226226E0,
-4.346602179875E0));
#5415=CARTESIAN_POINT('',(3.364383617606E-1,-1.505138708398E0,
-4.379102179875E0));
#5416=CARTESIAN_POINT('',(-2.889948003898E-1,-1.514963797630E0,
-4.411602179875E0));
#5417=CARTESIAN_POINT('',(-8.668909914732E-1,-1.275591357640E0,
-4.444102179875E0));
#5418=CARTESIAN_POINT('',(-1.302191634387E0,-8.263959402824E-1,
-4.476602179875E0));
#5419=CARTESIAN_POINT('',(-1.523293800498E0,-2.412660360417E-1,
-4.509102179875E0));
#5420=CARTESIAN_POINT('',(-1.493828228978E0,3.835498990870E-1,
-4.541602179875E0));
#5421=CARTESIAN_POINT('',(-1.218641733746E0,9.452754241773E-1,
-4.574102179875E0));
#5422=CARTESIAN_POINT('',(-7.429999474168E-1,1.351511887080E0,
-4.606602179875E0));
#5423=CARTESIAN_POINT('',(-1.451415435015E-1,1.535437147895E0,
-4.639102179875E0));
#5424=CARTESIAN_POINT('',(4.765913015563E-1,1.466797202765E0,
-4.671602179875E0));
#5425=CARTESIAN_POINT('',(1.019929286651E0,1.156882687700E0,-4.704102179875E0));
#5426=CARTESIAN_POINT('',(1.395498339753E0,6.566716731095E-1,
-4.736602179875E0));
#5427=CARTESIAN_POINT('',(1.541520826533E0,4.844424394787E-2,
-4.769102179875E0));
#5428=CARTESIAN_POINT('',(1.433977397408E0,-5.677518171979E-1,
-4.801602179875E0));
#5429=CARTESIAN_POINT('',(1.090557956828E0,-1.090557949319E0,
-4.834102179875E0));
#5430=CARTESIAN_POINT('',(5.677518059572E-1,-1.433977416207E0,
-4.866602179875E0));
#5431=CARTESIAN_POINT('',(-4.844420649495E-2,-1.541520758848E0,
-4.899102179875E0));
#5432=CARTESIAN_POINT('',(-6.566718116806E-1,-1.395498591694E0,
-4.931602179875E0));
#5433=CARTESIAN_POINT('',(-1.156882170868E0,-1.019928346570E0,
-4.964102179875E0));
#5434=CARTESIAN_POINT('',(-1.466799131520E0,-4.765948099396E-1,
-4.996602179875E0));
#5435=CARTESIAN_POINT('',(-1.535429949708E0,1.451546369538E-1,
-5.029102179875E0));
#5436=CARTESIAN_POINT('',(-1.412835817287E0,5.436856003120E-1,
-5.050768846541E0));
#5437=CARTESIAN_POINT('',(-1.314460020066E0,7.226305111526E-1,
-5.061602179875E0));
#5438=CARTESIAN_POINT('',(-1.314460020066E0,-7.226305111526E-1,
-2.938397820125E0));
#5439=CARTESIAN_POINT('',(-1.412835817287E0,-5.436856003119E-1,
-2.949231153459E0));
#5440=CARTESIAN_POINT('',(-1.535429949708E0,-1.451546369538E-1,
-2.970897820125E0));
#5441=CARTESIAN_POINT('',(-1.466799131520E0,4.765948099396E-1,
-3.003397820125E0));
#5442=CARTESIAN_POINT('',(-1.156882170868E0,1.019928346570E0,
-3.035897820125E0));
#5443=CARTESIAN_POINT('',(-6.566718116806E-1,1.395498591694E0,
-3.068397820125E0));
#5444=CARTESIAN_POINT('',(-4.844420649494E-2,1.541520758848E0,
-3.100897820125E0));
#5445=CARTESIAN_POINT('',(5.677518059572E-1,1.433977416207E0,
-3.133397820125E0));
#5446=CARTESIAN_POINT('',(1.090557956828E0,1.090557949319E0,-3.165897820125E0));
#5447=CARTESIAN_POINT('',(1.433977397408E0,5.677518171979E-1,
-3.198397820125E0));
#5448=CARTESIAN_POINT('',(1.541520826533E0,-4.844424394788E-2,
-3.230897820125E0));
#5449=CARTESIAN_POINT('',(1.395498339753E0,-6.566716731095E-1,
-3.263397820125E0));
#5450=CARTESIAN_POINT('',(1.019929286651E0,-1.156882687700E0,
-3.295897820125E0));
#5451=CARTESIAN_POINT('',(4.765913015562E-1,-1.466797202765E0,
-3.328397820125E0));
#5452=CARTESIAN_POINT('',(-1.451415435015E-1,-1.535437147895E0,
-3.360897820125E0));
#5453=CARTESIAN_POINT('',(-7.429999474169E-1,-1.351511887080E0,
-3.393397820125E0));
#5454=CARTESIAN_POINT('',(-1.218641733747E0,-9.452754241773E-1,
-3.425897820125E0));
#5455=CARTESIAN_POINT('',(-1.493828228978E0,-3.835498990870E-1,
-3.458397820125E0));
#5456=CARTESIAN_POINT('',(-1.523293800498E0,2.412660360417E-1,
-3.490897820125E0));
#5457=CARTESIAN_POINT('',(-1.302191634387E0,8.263959402824E-1,
-3.523397820125E0));
#5458=CARTESIAN_POINT('',(-8.668909914732E-1,1.275591357640E0,
-3.555897820125E0));
#5459=CARTESIAN_POINT('',(-2.889948003897E-1,1.514963797630E0,
-3.588397820125E0));
#5460=CARTESIAN_POINT('',(3.364383617606E-1,1.505138708398E0,
-3.620897820125E0));
#5461=CARTESIAN_POINT('',(9.065305259163E-1,1.247732226226E0,
-3.653397820125E0));
#5462=CARTESIAN_POINT('',(1.327506805206E0,7.850853360706E-1,
-3.685897820125E0));
#5463=CARTESIAN_POINT('',(1.530120496294E0,1.932991712444E-1,
-3.718397820125E0));
#5464=CARTESIAN_POINT('',(1.481043521449E0,-4.302829189697E-1,
-3.750897820125E0));
#5465=CARTESIAN_POINT('',(1.188348589004E0,-9.830874497189E-1,
-3.783397820125E0));
#5466=CARTESIAN_POINT('',(7.001813075180E-1,-1.374183189893E0,
-3.815897820125E0));
#5467=CARTESIAN_POINT('',(9.684067858024E-2,-1.539238508404E0,
-3.848397820125E0));
#5468=CARTESIAN_POINT('',(-5.224293460751E-1,-1.451103332345E0,
-3.880897820125E0));
#5469=CARTESIAN_POINT('',(-1.055764576487E0,-1.124275082805E0,
-3.913397820125E0));
#5470=CARTESIAN_POINT('',(-1.415436301334E0,-6.125139832269E-1,
-3.945897820125E0));
#5471=CARTESIAN_POINT('',(-1.542281849333E0,0.E0,-3.978397820125E0));
#5472=CARTESIAN_POINT('',(-1.415436301334E0,6.125139832269E-1,
-4.010897820125E0));
#5473=CARTESIAN_POINT('',(-1.055764576487E0,1.124275082805E0,
-4.043397820125E0));
#5474=CARTESIAN_POINT('',(-5.224293460751E-1,1.451103332345E0,
-4.075897820125E0));
#5475=CARTESIAN_POINT('',(9.684067858026E-2,1.539238508404E0,
-4.108397820125E0));
#5476=CARTESIAN_POINT('',(7.001813075180E-1,1.374183189893E0,
-4.140897820125E0));
#5477=CARTESIAN_POINT('',(1.188348589004E0,9.830874497189E-1,
-4.173397820125E0));
#5478=CARTESIAN_POINT('',(1.481043521449E0,4.302829189696E-1,
-4.205897820125E0));
#5479=CARTESIAN_POINT('',(1.530120496294E0,-1.932991712445E-1,
-4.238397820125E0));
#5480=CARTESIAN_POINT('',(1.327506805206E0,-7.850853360706E-1,
-4.270897820125E0));
#5481=CARTESIAN_POINT('',(9.065305259163E-1,-1.247732226226E0,
-4.303397820125E0));
#5482=CARTESIAN_POINT('',(3.364383617606E-1,-1.505138708398E0,
-4.335897820125E0));
#5483=CARTESIAN_POINT('',(-2.889948003898E-1,-1.514963797630E0,
-4.368397820125E0));
#5484=CARTESIAN_POINT('',(-8.668909914732E-1,-1.275591357640E0,
-4.400897820125E0));
#5485=CARTESIAN_POINT('',(-1.302191634387E0,-8.263959402824E-1,
-4.433397820125E0));
#5486=CARTESIAN_POINT('',(-1.523293800498E0,-2.412660360417E-1,
-4.465897820125E0));
#5487=CARTESIAN_POINT('',(-1.493828228978E0,3.835498990870E-1,
-4.498397820125E0));
#5488=CARTESIAN_POINT('',(-1.218641733746E0,9.452754241773E-1,
-4.530897820125E0));
#5489=CARTESIAN_POINT('',(-7.429999474168E-1,1.351511887080E0,
-4.563397820125E0));
#5490=CARTESIAN_POINT('',(-1.451415435015E-1,1.535437147895E0,
-4.595897820125E0));
#5491=CARTESIAN_POINT('',(4.765913015563E-1,1.466797202765E0,
-4.628397820125E0));
#5492=CARTESIAN_POINT('',(1.019929286651E0,1.156882687700E0,-4.660897820125E0));
#5493=CARTESIAN_POINT('',(1.395498339753E0,6.566716731095E-1,
-4.693397820125E0));
#5494=CARTESIAN_POINT('',(1.541520826533E0,4.844424394787E-2,
-4.725897820125E0));
#5495=CARTESIAN_POINT('',(1.433977397408E0,-5.677518171979E-1,
-4.758397820125E0));
#5496=CARTESIAN_POINT('',(1.090557956828E0,-1.090557949319E0,
-4.790897820125E0));
#5497=CARTESIAN_POINT('',(5.677518059572E-1,-1.433977416207E0,
-4.823397820125E0));
#5498=CARTESIAN_POINT('',(-4.844420649495E-2,-1.541520758848E0,
-4.855897820125E0));
#5499=CARTESIAN_POINT('',(-6.566718116806E-1,-1.395498591694E0,
-4.888397820125E0));
#5500=CARTESIAN_POINT('',(-1.156882170868E0,-1.019928346570E0,
-4.920897820125E0));
#5501=CARTESIAN_POINT('',(-1.466799131520E0,-4.765948099396E-1,
-4.953397820125E0));
#5502=CARTESIAN_POINT('',(-1.535429949708E0,1.451546369538E-1,
-4.985897820125E0));
#5503=CARTESIAN_POINT('',(-1.412835817287E0,5.436856003120E-1,
-5.007564486792E0));
#5504=CARTESIAN_POINT('',(-1.314460020066E0,7.226305111526E-1,
-5.018397820125E0));
#5505=CARTESIAN_POINT('',(-1.314460020066E0,-7.226305111526E-1,
-2.895193460376E0));
#5506=CARTESIAN_POINT('',(-1.412835817287E0,-5.436856003119E-1,
-2.906026793709E0));
#5507=CARTESIAN_POINT('',(-1.535429949708E0,-1.451546369538E-1,
-2.927693460376E0));
#5508=CARTESIAN_POINT('',(-1.466799131520E0,4.765948099396E-1,
-2.960193460376E0));
#5509=CARTESIAN_POINT('',(-1.156882170868E0,1.019928346570E0,
-2.992693460376E0));
#5510=CARTESIAN_POINT('',(-6.566718116806E-1,1.395498591694E0,
-3.025193460376E0));
#5511=CARTESIAN_POINT('',(-4.844420649494E-2,1.541520758848E0,
-3.057693460376E0));
#5512=CARTESIAN_POINT('',(5.677518059572E-1,1.433977416207E0,
-3.090193460376E0));
#5513=CARTESIAN_POINT('',(1.090557956828E0,1.090557949319E0,-3.122693460376E0));
#5514=CARTESIAN_POINT('',(1.433977397408E0,5.677518171979E-1,
-3.155193460376E0));
#5515=CARTESIAN_POINT('',(1.541520826533E0,-4.844424394788E-2,
-3.187693460376E0));
#5516=CARTESIAN_POINT('',(1.395498339753E0,-6.566716731095E-1,
-3.220193460376E0));
#5517=CARTESIAN_POINT('',(1.019929286651E0,-1.156882687700E0,
-3.252693460376E0));
#5518=CARTESIAN_POINT('',(4.765913015562E-1,-1.466797202765E0,
-3.285193460376E0));
#5519=CARTESIAN_POINT('',(-1.451415435015E-1,-1.535437147895E0,
-3.317693460376E0));
#5520=CARTESIAN_POINT('',(-7.429999474169E-1,-1.351511887080E0,
-3.350193460376E0));
#5521=CARTESIAN_POINT('',(-1.218641733747E0,-9.452754241773E-1,
-3.382693460376E0));
#5522=CARTESIAN_POINT('',(-1.493828228978E0,-3.835498990870E-1,
-3.415193460376E0));
#5523=CARTESIAN_POINT('',(-1.523293800498E0,2.412660360417E-1,
-3.447693460376E0));
#5524=CARTESIAN_POINT('',(-1.302191634387E0,8.263959402824E-1,
-3.480193460376E0));
#5525=CARTESIAN_POINT('',(-8.668909914732E-1,1.275591357640E0,
-3.512693460376E0));
#5526=CARTESIAN_POINT('',(-2.889948003897E-1,1.514963797630E0,
-3.545193460376E0));
#5527=CARTESIAN_POINT('',(3.364383617606E-1,1.505138708398E0,
-3.577693460376E0));
#5528=CARTESIAN_POINT('',(9.065305259163E-1,1.247732226226E0,
-3.610193460376E0));
#5529=CARTESIAN_POINT('',(1.327506805206E0,7.850853360706E-1,
-3.642693460376E0));
#5530=CARTESIAN_POINT('',(1.530120496294E0,1.932991712444E-1,
-3.675193460376E0));
#5531=CARTESIAN_POINT('',(1.481043521449E0,-4.302829189697E-1,
-3.707693460376E0));
#5532=CARTESIAN_POINT('',(1.188348589004E0,-9.830874497189E-1,
-3.740193460376E0));
#5533=CARTESIAN_POINT('',(7.001813075180E-1,-1.374183189893E0,
-3.772693460376E0));
#5534=CARTESIAN_POINT('',(9.684067858024E-2,-1.539238508404E0,
-3.805193460376E0));
#5535=CARTESIAN_POINT('',(-5.224293460751E-1,-1.451103332345E0,
-3.837693460376E0));
#5536=CARTESIAN_POINT('',(-1.055764576487E0,-1.124275082805E0,
-3.870193460376E0));
#5537=CARTESIAN_POINT('',(-1.415436301334E0,-6.125139832269E-1,
-3.902693460376E0));
#5538=CARTESIAN_POINT('',(-1.542281849333E0,0.E0,-3.935193460376E0));
#5539=CARTESIAN_POINT('',(-1.415436301334E0,6.125139832269E-1,
-3.967693460376E0));
#5540=CARTESIAN_POINT('',(-1.055764576487E0,1.124275082805E0,
-4.000193460376E0));
#5541=CARTESIAN_POINT('',(-5.224293460751E-1,1.451103332345E0,
-4.032693460376E0));
#5542=CARTESIAN_POINT('',(9.684067858026E-2,1.539238508404E0,
-4.065193460376E0));
#5543=CARTESIAN_POINT('',(7.001813075180E-1,1.374183189893E0,
-4.097693460376E0));
#5544=CARTESIAN_POINT('',(1.188348589004E0,9.830874497189E-1,
-4.130193460376E0));
#5545=CARTESIAN_POINT('',(1.481043521449E0,4.302829189696E-1,
-4.162693460376E0));
#5546=CARTESIAN_POINT('',(1.530120496294E0,-1.932991712445E-1,
-4.195193460376E0));
#5547=CARTESIAN_POINT('',(1.327506805206E0,-7.850853360706E-1,
-4.227693460376E0));
#5548=CARTESIAN_POINT('',(9.065305259163E-1,-1.247732226226E0,
-4.260193460376E0));
#5549=CARTESIAN_POINT('',(3.364383617606E-1,-1.505138708398E0,
-4.292693460376E0));
#5550=CARTESIAN_POINT('',(-2.889948003898E-1,-1.514963797630E0,
-4.325193460376E0));
#5551=CARTESIAN_POINT('',(-8.668909914732E-1,-1.275591357640E0,
-4.357693460376E0));
#5552=CARTESIAN_POINT('',(-1.302191634387E0,-8.263959402824E-1,
-4.390193460376E0));
#5553=CARTESIAN_POINT('',(-1.523293800498E0,-2.412660360417E-1,
-4.422693460376E0));
#5554=CARTESIAN_POINT('',(-1.493828228978E0,3.835498990870E-1,
-4.455193460376E0));
#5555=CARTESIAN_POINT('',(-1.218641733746E0,9.452754241773E-1,
-4.487693460376E0));
#5556=CARTESIAN_POINT('',(-7.429999474168E-1,1.351511887080E0,
-4.520193460376E0));
#5557=CARTESIAN_POINT('',(-1.451415435015E-1,1.535437147895E0,
-4.552693460376E0));
#5558=CARTESIAN_POINT('',(4.765913015563E-1,1.466797202765E0,
-4.585193460376E0));
#5559=CARTESIAN_POINT('',(1.019929286651E0,1.156882687700E0,-4.617693460376E0));
#5560=CARTESIAN_POINT('',(1.395498339753E0,6.566716731095E-1,
-4.650193460376E0));
#5561=CARTESIAN_POINT('',(1.541520826533E0,4.844424394787E-2,
-4.682693460376E0));
#5562=CARTESIAN_POINT('',(1.433977397408E0,-5.677518171979E-1,
-4.715193460376E0));
#5563=CARTESIAN_POINT('',(1.090557956828E0,-1.090557949319E0,
-4.747693460376E0));
#5564=CARTESIAN_POINT('',(5.677518059572E-1,-1.433977416207E0,
-4.780193460376E0));
#5565=CARTESIAN_POINT('',(-4.844420649495E-2,-1.541520758848E0,
-4.812693460376E0));
#5566=CARTESIAN_POINT('',(-6.566718116806E-1,-1.395498591694E0,
-4.845193460376E0));
#5567=CARTESIAN_POINT('',(-1.156882170868E0,-1.019928346570E0,
-4.877693460376E0));
#5568=CARTESIAN_POINT('',(-1.466799131520E0,-4.765948099396E-1,
-4.910193460376E0));
#5569=CARTESIAN_POINT('',(-1.535429949708E0,1.451546369538E-1,
-4.942693460376E0));
#5570=CARTESIAN_POINT('',(-1.412835817287E0,5.436856003120E-1,
-4.964360127042E0));
#5571=CARTESIAN_POINT('',(-1.314460020066E0,7.226305111526E-1,
-4.975193460376E0));
#5572=B_SPLINE_SURFACE_WITH_KNOTS('',3,3,((#5304,#5305,#5306,#5307,#5308,#5309,
#5310,#5311,#5312,#5313,#5314,#5315,#5316,#5317,#5318,#5319,#5320,#5321,#5322,
#5323,#5324,#5325,#5326,#5327,#5328,#5329,#5330,#5331,#5332,#5333,#5334,#5335,
#5336,#5337,#5338,#5339,#5340,#5341,#5342,#5343,#5344,#5345,#5346,#5347,#5348,
#5349,#5350,#5351,#5352,#5353,#5354,#5355,#5356,#5357,#5358,#5359,#5360,#5361,
#5362,#5363,#5364,#5365,#5366,#5367,#5368,#5369,#5370),(#5371,#5372,#5373,#5374,
#5375,#5376,#5377,#5378,#5379,#5380,#5381,#5382,#5383,#5384,#5385,#5386,#5387,
#5388,#5389,#5390,#5391,#5392,#5393,#5394,#5395,#5396,#5397,#5398,#5399,#5400,
#5401,#5402,#5403,#5404,#5405,#5406,#5407,#5408,#5409,#5410,#5411,#5412,#5413,
#5414,#5415,#5416,#5417,#5418,#5419,#5420,#5421,#5422,#5423,#5424,#5425,#5426,
#5427,#5428,#5429,#5430,#5431,#5432,#5433,#5434,#5435,#5436,#5437),(#5438,#5439,
#5440,#5441,#5442,#5443,#5444,#5445,#5446,#5447,#5448,#5449,#5450,#5451,#5452,
#5453,#5454,#5455,#5456,#5457,#5458,#5459,#5460,#5461,#5462,#5463,#5464,#5465,
#5466,#5467,#5468,#5469,#5470,#5471,#5472,#5473,#5474,#5475,#5476,#5477,#5478,
#5479,#5480,#5481,#5482,#5483,#5484,#5485,#5486,#5487,#5488,#5489,#5490,#5491,
#5492,#5493,#5494,#5495,#5496,#5497,#5498,#5499,#5500,#5501,#5502,#5503,#5504),(
#5505,#5506,#5507,#5508,#5509,#5510,#5511,#5512,#5513,#5514,#5515,#5516,#5517,
#5518,#5519,#5520,#5521,#5522,#5523,#5524,#5525,#5526,#5527,#5528,#5529,#5530,
#5531,#5532,#5533,#5534,#5535,#5536,#5537,#5538,#5539,#5540,#5541,#5542,#5543,
#5544,#5545,#5546,#5547,#5548,#5549,#5550,#5551,#5552,#5553,#5554,#5555,#5556,
#5557,#5558,#5559,#5560,#5561,#5562,#5563,#5564,#5565,#5566,#5567,#5568,#5569,
#5570,#5571)),.UNSPECIFIED.,.F.,.F.,.F.,(4,4),(4,1,1,1,1,1,1,1,1,1,1,1,1,1,1,1,
1,1,1,1,1,1,1,1,1,1,1,1,1,1,1,1,1,1,1,1,1,1,1,1,1,1,1,1,1,1,1,1,1,1,1,1,1,1,1,1,
1,1,1,1,1,1,1,1,4),(-1.287744501626E-1,1.128774450163E0),(-2.E-2,-3.75E-3,
1.25E-2,2.875E-2,4.5E-2,6.125E-2,7.75E-2,9.375E-2,1.1E-1,1.2625E-1,1.425E-1,
1.5875E-1,1.75E-1,1.9125E-1,2.075E-1,2.2375E-1,2.4E-1,2.5625E-1,2.725E-1,
2.8875E-1,3.05E-1,3.2125E-1,3.375E-1,3.5375E-1,3.7E-1,3.8625E-1,4.025E-1,
4.1875E-1,4.35E-1,4.5125E-1,4.675E-1,4.8375E-1,5.E-1,5.1625E-1,5.325E-1,
5.4875E-1,5.65E-1,5.8125E-1,5.975E-1,6.1375E-1,6.3E-1,6.4625E-1,6.625E-1,
6.7875E-1,6.95E-1,7.1125E-1,7.275E-1,7.4375E-1,7.6E-1,7.7625E-1,7.925E-1,
8.0875E-1,8.25E-1,8.4125E-1,8.575E-1,8.7375E-1,8.9E-1,9.0625E-1,9.225E-1,
9.3875E-1,9.55E-1,9.7125E-1,9.875E-1,1.00375E0,1.02E0),.UNSPECIFIED.);
#5574=ORIENTED_EDGE('',*,*,#5573,.T.);
#5575=ORIENTED_EDGE('',*,*,#4735,.T.);
#5576=ORIENTED_EDGE('',*,*,#5294,.F.);
#5578=ORIENTED_EDGE('',*,*,#5577,.F.);
#5579=EDGE_LOOP('',(#5574,#5575,#5576,#5578));
#5580=FACE_OUTER_BOUND('',#5579,.F.);
#5582=CARTESIAN_POINT('',(-1.314460020066E0,-7.226305111526E-1,
-1.024806539624E0));
#5583=CARTESIAN_POINT('',(-1.412835817287E0,-5.436856003119E-1,
-1.035639872958E0));
#5584=CARTESIAN_POINT('',(-1.535429949708E0,-1.451546369538E-1,
-1.057306539624E0));
#5585=CARTESIAN_POINT('',(-1.466799131520E0,4.765948099396E-1,
-1.089806539624E0));
#5586=CARTESIAN_POINT('',(-1.156882170868E0,1.019928346570E0,
-1.122306539624E0));
#5587=CARTESIAN_POINT('',(-6.566718116806E-1,1.395498591694E0,
-1.154806539624E0));
#5588=CARTESIAN_POINT('',(-4.844420649494E-2,1.541520758848E0,
-1.187306539624E0));
#5589=CARTESIAN_POINT('',(5.677518059572E-1,1.433977416207E0,
-1.219806539624E0));
#5590=CARTESIAN_POINT('',(1.090557956828E0,1.090557949319E0,-1.252306539624E0));
#5591=CARTESIAN_POINT('',(1.433977397408E0,5.677518171979E-1,
-1.284806539624E0));
#5592=CARTESIAN_POINT('',(1.541520826533E0,-4.844424394788E-2,
-1.317306539624E0));
#5593=CARTESIAN_POINT('',(1.395498339753E0,-6.566716731095E-1,
-1.349806539624E0));
#5594=CARTESIAN_POINT('',(1.019929286651E0,-1.156882687700E0,
-1.382306539624E0));
#5595=CARTESIAN_POINT('',(4.765913015563E-1,-1.466797202765E0,
-1.414806539624E0));
#5596=CARTESIAN_POINT('',(-1.451415435015E-1,-1.535437147895E0,
-1.447306539624E0));
#5597=CARTESIAN_POINT('',(-7.429999474169E-1,-1.351511887080E0,
-1.479806539624E0));
#5598=CARTESIAN_POINT('',(-1.218641733746E0,-9.452754241773E-1,
-1.512306539624E0));
#5599=CARTESIAN_POINT('',(-1.493828228978E0,-3.835498990870E-1,
-1.544806539624E0));
#5600=CARTESIAN_POINT('',(-1.523293800498E0,2.412660360417E-1,
-1.577306539624E0));
#5601=CARTESIAN_POINT('',(-1.302191634387E0,8.263959402824E-1,
-1.609806539624E0));
#5602=CARTESIAN_POINT('',(-8.668909914732E-1,1.275591357640E0,
-1.642306539624E0));
#5603=CARTESIAN_POINT('',(-2.889948003897E-1,1.514963797630E0,
-1.674806539624E0));
#5604=CARTESIAN_POINT('',(3.364383617606E-1,1.505138708398E0,
-1.707306539624E0));
#5605=CARTESIAN_POINT('',(9.065305259163E-1,1.247732226226E0,
-1.739806539624E0));
#5606=CARTESIAN_POINT('',(1.327506805206E0,7.850853360706E-1,
-1.772306539624E0));
#5607=CARTESIAN_POINT('',(1.530120496294E0,1.932991712445E-1,
-1.804806539624E0));
#5608=CARTESIAN_POINT('',(1.481043521449E0,-4.302829189697E-1,
-1.837306539624E0));
#5609=CARTESIAN_POINT('',(1.188348589004E0,-9.830874497189E-1,
-1.869806539624E0));
#5610=CARTESIAN_POINT('',(7.001813075180E-1,-1.374183189893E0,
-1.902306539624E0));
#5611=CARTESIAN_POINT('',(9.684067858025E-2,-1.539238508404E0,
-1.934806539624E0));
#5612=CARTESIAN_POINT('',(-5.224293460751E-1,-1.451103332345E0,
-1.967306539624E0));
#5613=CARTESIAN_POINT('',(-1.055764576487E0,-1.124275082805E0,
-1.999806539624E0));
#5614=CARTESIAN_POINT('',(-1.415436301334E0,-6.125139832269E-1,
-2.032306539624E0));
#5615=CARTESIAN_POINT('',(-1.542281849333E0,0.E0,-2.064806539624E0));
#5616=CARTESIAN_POINT('',(-1.415436301334E0,6.125139832269E-1,
-2.097306539624E0));
#5617=CARTESIAN_POINT('',(-1.055764576487E0,1.124275082805E0,
-2.129806539624E0));
#5618=CARTESIAN_POINT('',(-5.224293460752E-1,1.451103332345E0,
-2.162306539624E0));
#5619=CARTESIAN_POINT('',(9.684067858026E-2,1.539238508404E0,
-2.194806539624E0));
#5620=CARTESIAN_POINT('',(7.001813075179E-1,1.374183189893E0,
-2.227306539624E0));
#5621=CARTESIAN_POINT('',(1.188348589004E0,9.830874497189E-1,
-2.259806539624E0));
#5622=CARTESIAN_POINT('',(1.481043521449E0,4.302829189697E-1,
-2.292306539624E0));
#5623=CARTESIAN_POINT('',(1.530120496294E0,-1.932991712445E-1,
-2.324806539624E0));
#5624=CARTESIAN_POINT('',(1.327506805206E0,-7.850853360706E-1,
-2.357306539624E0));
#5625=CARTESIAN_POINT('',(9.065305259163E-1,-1.247732226226E0,
-2.389806539624E0));
#5626=CARTESIAN_POINT('',(3.364383617606E-1,-1.505138708398E0,
-2.422306539624E0));
#5627=CARTESIAN_POINT('',(-2.889948003897E-1,-1.514963797630E0,
-2.454806539624E0));
#5628=CARTESIAN_POINT('',(-8.668909914732E-1,-1.275591357640E0,
-2.487306539624E0));
#5629=CARTESIAN_POINT('',(-1.302191634387E0,-8.263959402824E-1,
-2.519806539624E0));
#5630=CARTESIAN_POINT('',(-1.523293800498E0,-2.412660360417E-1,
-2.552306539624E0));
#5631=CARTESIAN_POINT('',(-1.493828228978E0,3.835498990870E-1,
-2.584806539624E0));
#5632=CARTESIAN_POINT('',(-1.218641733747E0,9.452754241773E-1,
-2.617306539624E0));
#5633=CARTESIAN_POINT('',(-7.429999474168E-1,1.351511887080E0,
-2.649806539624E0));
#5634=CARTESIAN_POINT('',(-1.451415435015E-1,1.535437147895E0,
-2.682306539624E0));
#5635=CARTESIAN_POINT('',(4.765913015563E-1,1.466797202765E0,
-2.714806539624E0));
#5636=CARTESIAN_POINT('',(1.019929286651E0,1.156882687700E0,-2.747306539624E0));
#5637=CARTESIAN_POINT('',(1.395498339753E0,6.566716731095E-1,
-2.779806539624E0));
#5638=CARTESIAN_POINT('',(1.541520826533E0,4.844424394788E-2,
-2.812306539624E0));
#5639=CARTESIAN_POINT('',(1.433977397408E0,-5.677518171979E-1,
-2.844806539624E0));
#5640=CARTESIAN_POINT('',(1.090557956828E0,-1.090557949319E0,
-2.877306539624E0));
#5641=CARTESIAN_POINT('',(5.677518059572E-1,-1.433977416207E0,
-2.909806539624E0));
#5642=CARTESIAN_POINT('',(-4.844420649493E-2,-1.541520758848E0,
-2.942306539624E0));
#5643=CARTESIAN_POINT('',(-6.566718116806E-1,-1.395498591694E0,
-2.974806539624E0));
#5644=CARTESIAN_POINT('',(-1.156882170868E0,-1.019928346570E0,
-3.007306539624E0));
#5645=CARTESIAN_POINT('',(-1.466799131520E0,-4.765948099396E-1,
-3.039806539624E0));
#5646=CARTESIAN_POINT('',(-1.535429949708E0,1.451546369538E-1,
-3.072306539624E0));
#5647=CARTESIAN_POINT('',(-1.412835817287E0,5.436856003119E-1,
-3.093973206291E0));
#5648=CARTESIAN_POINT('',(-1.314460020066E0,7.226305111526E-1,
-3.104806539624E0));
#5649=CARTESIAN_POINT('',(-1.314460020066E0,-7.226305111526E-1,
-9.816021798748E-1));
#5650=CARTESIAN_POINT('',(-1.412835817287E0,-5.436856003119E-1,
-9.924355132081E-1));
#5651=CARTESIAN_POINT('',(-1.535429949708E0,-1.451546369538E-1,
-1.014102179875E0));
#5652=CARTESIAN_POINT('',(-1.466799131520E0,4.765948099396E-1,
-1.046602179875E0));
#5653=CARTESIAN_POINT('',(-1.156882170868E0,1.019928346570E0,
-1.079102179875E0));
#5654=CARTESIAN_POINT('',(-6.566718116806E-1,1.395498591694E0,
-1.111602179875E0));
#5655=CARTESIAN_POINT('',(-4.844420649494E-2,1.541520758848E0,
-1.144102179875E0));
#5656=CARTESIAN_POINT('',(5.677518059572E-1,1.433977416207E0,
-1.176602179875E0));
#5657=CARTESIAN_POINT('',(1.090557956828E0,1.090557949319E0,-1.209102179875E0));
#5658=CARTESIAN_POINT('',(1.433977397408E0,5.677518171979E-1,
-1.241602179875E0));
#5659=CARTESIAN_POINT('',(1.541520826533E0,-4.844424394788E-2,
-1.274102179875E0));
#5660=CARTESIAN_POINT('',(1.395498339753E0,-6.566716731095E-1,
-1.306602179875E0));
#5661=CARTESIAN_POINT('',(1.019929286651E0,-1.156882687700E0,
-1.339102179875E0));
#5662=CARTESIAN_POINT('',(4.765913015563E-1,-1.466797202765E0,
-1.371602179875E0));
#5663=CARTESIAN_POINT('',(-1.451415435015E-1,-1.535437147895E0,
-1.404102179875E0));
#5664=CARTESIAN_POINT('',(-7.429999474169E-1,-1.351511887080E0,
-1.436602179875E0));
#5665=CARTESIAN_POINT('',(-1.218641733746E0,-9.452754241773E-1,
-1.469102179875E0));
#5666=CARTESIAN_POINT('',(-1.493828228978E0,-3.835498990870E-1,
-1.501602179875E0));
#5667=CARTESIAN_POINT('',(-1.523293800498E0,2.412660360417E-1,
-1.534102179875E0));
#5668=CARTESIAN_POINT('',(-1.302191634387E0,8.263959402824E-1,
-1.566602179875E0));
#5669=CARTESIAN_POINT('',(-8.668909914732E-1,1.275591357640E0,
-1.599102179875E0));
#5670=CARTESIAN_POINT('',(-2.889948003897E-1,1.514963797630E0,
-1.631602179875E0));
#5671=CARTESIAN_POINT('',(3.364383617606E-1,1.505138708398E0,
-1.664102179875E0));
#5672=CARTESIAN_POINT('',(9.065305259163E-1,1.247732226226E0,
-1.696602179875E0));
#5673=CARTESIAN_POINT('',(1.327506805206E0,7.850853360706E-1,
-1.729102179875E0));
#5674=CARTESIAN_POINT('',(1.530120496294E0,1.932991712445E-1,
-1.761602179875E0));
#5675=CARTESIAN_POINT('',(1.481043521449E0,-4.302829189697E-1,
-1.794102179875E0));
#5676=CARTESIAN_POINT('',(1.188348589004E0,-9.830874497189E-1,
-1.826602179875E0));
#5677=CARTESIAN_POINT('',(7.001813075180E-1,-1.374183189893E0,
-1.859102179875E0));
#5678=CARTESIAN_POINT('',(9.684067858025E-2,-1.539238508404E0,
-1.891602179875E0));
#5679=CARTESIAN_POINT('',(-5.224293460751E-1,-1.451103332345E0,
-1.924102179875E0));
#5680=CARTESIAN_POINT('',(-1.055764576487E0,-1.124275082805E0,
-1.956602179875E0));
#5681=CARTESIAN_POINT('',(-1.415436301334E0,-6.125139832269E-1,
-1.989102179875E0));
#5682=CARTESIAN_POINT('',(-1.542281849333E0,0.E0,-2.021602179875E0));
#5683=CARTESIAN_POINT('',(-1.415436301334E0,6.125139832269E-1,
-2.054102179875E0));
#5684=CARTESIAN_POINT('',(-1.055764576487E0,1.124275082805E0,
-2.086602179875E0));
#5685=CARTESIAN_POINT('',(-5.224293460752E-1,1.451103332345E0,
-2.119102179875E0));
#5686=CARTESIAN_POINT('',(9.684067858026E-2,1.539238508404E0,
-2.151602179875E0));
#5687=CARTESIAN_POINT('',(7.001813075179E-1,1.374183189893E0,
-2.184102179875E0));
#5688=CARTESIAN_POINT('',(1.188348589004E0,9.830874497189E-1,
-2.216602179875E0));
#5689=CARTESIAN_POINT('',(1.481043521449E0,4.302829189697E-1,
-2.249102179875E0));
#5690=CARTESIAN_POINT('',(1.530120496294E0,-1.932991712445E-1,
-2.281602179875E0));
#5691=CARTESIAN_POINT('',(1.327506805206E0,-7.850853360706E-1,
-2.314102179875E0));
#5692=CARTESIAN_POINT('',(9.065305259163E-1,-1.247732226226E0,
-2.346602179875E0));
#5693=CARTESIAN_POINT('',(3.364383617606E-1,-1.505138708398E0,
-2.379102179875E0));
#5694=CARTESIAN_POINT('',(-2.889948003897E-1,-1.514963797630E0,
-2.411602179875E0));
#5695=CARTESIAN_POINT('',(-8.668909914732E-1,-1.275591357640E0,
-2.444102179875E0));
#5696=CARTESIAN_POINT('',(-1.302191634387E0,-8.263959402824E-1,
-2.476602179875E0));
#5697=CARTESIAN_POINT('',(-1.523293800498E0,-2.412660360417E-1,
-2.509102179875E0));
#5698=CARTESIAN_POINT('',(-1.493828228978E0,3.835498990870E-1,
-2.541602179875E0));
#5699=CARTESIAN_POINT('',(-1.218641733747E0,9.452754241773E-1,
-2.574102179875E0));
#5700=CARTESIAN_POINT('',(-7.429999474168E-1,1.351511887080E0,
-2.606602179875E0));
#5701=CARTESIAN_POINT('',(-1.451415435015E-1,1.535437147895E0,
-2.639102179875E0));
#5702=CARTESIAN_POINT('',(4.765913015563E-1,1.466797202765E0,
-2.671602179875E0));
#5703=CARTESIAN_POINT('',(1.019929286651E0,1.156882687700E0,-2.704102179875E0));
#5704=CARTESIAN_POINT('',(1.395498339753E0,6.566716731095E-1,
-2.736602179875E0));
#5705=CARTESIAN_POINT('',(1.541520826533E0,4.844424394788E-2,
-2.769102179875E0));
#5706=CARTESIAN_POINT('',(1.433977397408E0,-5.677518171979E-1,
-2.801602179875E0));
#5707=CARTESIAN_POINT('',(1.090557956828E0,-1.090557949319E0,
-2.834102179875E0));
#5708=CARTESIAN_POINT('',(5.677518059572E-1,-1.433977416207E0,
-2.866602179875E0));
#5709=CARTESIAN_POINT('',(-4.844420649493E-2,-1.541520758848E0,
-2.899102179875E0));
#5710=CARTESIAN_POINT('',(-6.566718116806E-1,-1.395498591694E0,
-2.931602179875E0));
#5711=CARTESIAN_POINT('',(-1.156882170868E0,-1.019928346570E0,
-2.964102179875E0));
#5712=CARTESIAN_POINT('',(-1.466799131520E0,-4.765948099396E-1,
-2.996602179875E0));
#5713=CARTESIAN_POINT('',(-1.535429949708E0,1.451546369538E-1,
-3.029102179875E0));
#5714=CARTESIAN_POINT('',(-1.412835817287E0,5.436856003119E-1,
-3.050768846541E0));
#5715=CARTESIAN_POINT('',(-1.314460020066E0,7.226305111526E-1,
-3.061602179875E0));
#5716=CARTESIAN_POINT('',(-1.314460020066E0,-7.226305111526E-1,
-9.383978201252E-1));
#5717=CARTESIAN_POINT('',(-1.412835817287E0,-5.436856003119E-1,
-9.492311534586E-1));
#5718=CARTESIAN_POINT('',(-1.535429949708E0,-1.451546369538E-1,
-9.708978201252E-1));
#5719=CARTESIAN_POINT('',(-1.466799131520E0,4.765948099396E-1,
-1.003397820125E0));
#5720=CARTESIAN_POINT('',(-1.156882170868E0,1.019928346570E0,
-1.035897820125E0));
#5721=CARTESIAN_POINT('',(-6.566718116806E-1,1.395498591694E0,
-1.068397820125E0));
#5722=CARTESIAN_POINT('',(-4.844420649493E-2,1.541520758848E0,
-1.100897820125E0));
#5723=CARTESIAN_POINT('',(5.677518059572E-1,1.433977416207E0,
-1.133397820125E0));
#5724=CARTESIAN_POINT('',(1.090557956828E0,1.090557949319E0,-1.165897820125E0));
#5725=CARTESIAN_POINT('',(1.433977397408E0,5.677518171979E-1,
-1.198397820125E0));
#5726=CARTESIAN_POINT('',(1.541520826533E0,-4.844424394788E-2,
-1.230897820125E0));
#5727=CARTESIAN_POINT('',(1.395498339753E0,-6.566716731095E-1,
-1.263397820125E0));
#5728=CARTESIAN_POINT('',(1.019929286651E0,-1.156882687700E0,
-1.295897820125E0));
#5729=CARTESIAN_POINT('',(4.765913015563E-1,-1.466797202765E0,
-1.328397820125E0));
#5730=CARTESIAN_POINT('',(-1.451415435015E-1,-1.535437147895E0,
-1.360897820125E0));
#5731=CARTESIAN_POINT('',(-7.429999474169E-1,-1.351511887080E0,
-1.393397820125E0));
#5732=CARTESIAN_POINT('',(-1.218641733746E0,-9.452754241773E-1,
-1.425897820125E0));
#5733=CARTESIAN_POINT('',(-1.493828228978E0,-3.835498990870E-1,
-1.458397820125E0));
#5734=CARTESIAN_POINT('',(-1.523293800498E0,2.412660360417E-1,
-1.490897820125E0));
#5735=CARTESIAN_POINT('',(-1.302191634387E0,8.263959402824E-1,
-1.523397820125E0));
#5736=CARTESIAN_POINT('',(-8.668909914732E-1,1.275591357640E0,
-1.555897820125E0));
#5737=CARTESIAN_POINT('',(-2.889948003897E-1,1.514963797630E0,
-1.588397820125E0));
#5738=CARTESIAN_POINT('',(3.364383617606E-1,1.505138708398E0,
-1.620897820125E0));
#5739=CARTESIAN_POINT('',(9.065305259163E-1,1.247732226226E0,
-1.653397820125E0));
#5740=CARTESIAN_POINT('',(1.327506805206E0,7.850853360706E-1,
-1.685897820125E0));
#5741=CARTESIAN_POINT('',(1.530120496294E0,1.932991712445E-1,
-1.718397820125E0));
#5742=CARTESIAN_POINT('',(1.481043521449E0,-4.302829189697E-1,
-1.750897820125E0));
#5743=CARTESIAN_POINT('',(1.188348589004E0,-9.830874497189E-1,
-1.783397820125E0));
#5744=CARTESIAN_POINT('',(7.001813075180E-1,-1.374183189893E0,
-1.815897820125E0));
#5745=CARTESIAN_POINT('',(9.684067858025E-2,-1.539238508404E0,
-1.848397820125E0));
#5746=CARTESIAN_POINT('',(-5.224293460751E-1,-1.451103332345E0,
-1.880897820125E0));
#5747=CARTESIAN_POINT('',(-1.055764576487E0,-1.124275082805E0,
-1.913397820125E0));
#5748=CARTESIAN_POINT('',(-1.415436301334E0,-6.125139832269E-1,
-1.945897820125E0));
#5749=CARTESIAN_POINT('',(-1.542281849333E0,0.E0,-1.978397820125E0));
#5750=CARTESIAN_POINT('',(-1.415436301334E0,6.125139832269E-1,
-2.010897820125E0));
#5751=CARTESIAN_POINT('',(-1.055764576487E0,1.124275082805E0,
-2.043397820125E0));
#5752=CARTESIAN_POINT('',(-5.224293460752E-1,1.451103332345E0,
-2.075897820125E0));
#5753=CARTESIAN_POINT('',(9.684067858026E-2,1.539238508404E0,
-2.108397820125E0));
#5754=CARTESIAN_POINT('',(7.001813075179E-1,1.374183189893E0,
-2.140897820125E0));
#5755=CARTESIAN_POINT('',(1.188348589004E0,9.830874497189E-1,
-2.173397820125E0));
#5756=CARTESIAN_POINT('',(1.481043521449E0,4.302829189697E-1,
-2.205897820125E0));
#5757=CARTESIAN_POINT('',(1.530120496294E0,-1.932991712444E-1,
-2.238397820125E0));
#5758=CARTESIAN_POINT('',(1.327506805206E0,-7.850853360706E-1,
-2.270897820125E0));
#5759=CARTESIAN_POINT('',(9.065305259163E-1,-1.247732226226E0,
-2.303397820125E0));
#5760=CARTESIAN_POINT('',(3.364383617606E-1,-1.505138708398E0,
-2.335897820125E0));
#5761=CARTESIAN_POINT('',(-2.889948003897E-1,-1.514963797630E0,
-2.368397820125E0));
#5762=CARTESIAN_POINT('',(-8.668909914732E-1,-1.275591357640E0,
-2.400897820125E0));
#5763=CARTESIAN_POINT('',(-1.302191634387E0,-8.263959402824E-1,
-2.433397820125E0));
#5764=CARTESIAN_POINT('',(-1.523293800498E0,-2.412660360417E-1,
-2.465897820125E0));
#5765=CARTESIAN_POINT('',(-1.493828228978E0,3.835498990870E-1,
-2.498397820125E0));
#5766=CARTESIAN_POINT('',(-1.218641733747E0,9.452754241773E-1,
-2.530897820125E0));
#5767=CARTESIAN_POINT('',(-7.429999474168E-1,1.351511887080E0,
-2.563397820125E0));
#5768=CARTESIAN_POINT('',(-1.451415435015E-1,1.535437147895E0,
-2.595897820125E0));
#5769=CARTESIAN_POINT('',(4.765913015563E-1,1.466797202765E0,
-2.628397820125E0));
#5770=CARTESIAN_POINT('',(1.019929286651E0,1.156882687700E0,-2.660897820125E0));
#5771=CARTESIAN_POINT('',(1.395498339753E0,6.566716731095E-1,
-2.693397820125E0));
#5772=CARTESIAN_POINT('',(1.541520826533E0,4.844424394787E-2,
-2.725897820125E0));
#5773=CARTESIAN_POINT('',(1.433977397408E0,-5.677518171979E-1,
-2.758397820125E0));
#5774=CARTESIAN_POINT('',(1.090557956828E0,-1.090557949319E0,
-2.790897820125E0));
#5775=CARTESIAN_POINT('',(5.677518059572E-1,-1.433977416207E0,
-2.823397820125E0));
#5776=CARTESIAN_POINT('',(-4.844420649493E-2,-1.541520758848E0,
-2.855897820125E0));
#5777=CARTESIAN_POINT('',(-6.566718116806E-1,-1.395498591694E0,
-2.888397820125E0));
#5778=CARTESIAN_POINT('',(-1.156882170868E0,-1.019928346570E0,
-2.920897820125E0));
#5779=CARTESIAN_POINT('',(-1.466799131520E0,-4.765948099396E-1,
-2.953397820125E0));
#5780=CARTESIAN_POINT('',(-1.535429949708E0,1.451546369538E-1,
-2.985897820125E0));
#5781=CARTESIAN_POINT('',(-1.412835817287E0,5.436856003119E-1,
-3.007564486792E0));
#5782=CARTESIAN_POINT('',(-1.314460020066E0,7.226305111526E-1,
-3.018397820125E0));
#5783=CARTESIAN_POINT('',(-1.314460020066E0,-7.226305111526E-1,
-8.951934603757E-1));
#5784=CARTESIAN_POINT('',(-1.412835817287E0,-5.436856003119E-1,
-9.060267937091E-1));
#5785=CARTESIAN_POINT('',(-1.535429949708E0,-1.451546369538E-1,
-9.276934603757E-1));
#5786=CARTESIAN_POINT('',(-1.466799131520E0,4.765948099396E-1,
-9.601934603757E-1));
#5787=CARTESIAN_POINT('',(-1.156882170868E0,1.019928346570E0,
-9.926934603757E-1));
#5788=CARTESIAN_POINT('',(-6.566718116806E-1,1.395498591694E0,
-1.025193460376E0));
#5789=CARTESIAN_POINT('',(-4.844420649493E-2,1.541520758848E0,
-1.057693460376E0));
#5790=CARTESIAN_POINT('',(5.677518059572E-1,1.433977416207E0,
-1.090193460376E0));
#5791=CARTESIAN_POINT('',(1.090557956828E0,1.090557949319E0,-1.122693460376E0));
#5792=CARTESIAN_POINT('',(1.433977397408E0,5.677518171979E-1,
-1.155193460376E0));
#5793=CARTESIAN_POINT('',(1.541520826533E0,-4.844424394788E-2,
-1.187693460376E0));
#5794=CARTESIAN_POINT('',(1.395498339753E0,-6.566716731095E-1,
-1.220193460376E0));
#5795=CARTESIAN_POINT('',(1.019929286651E0,-1.156882687700E0,
-1.252693460376E0));
#5796=CARTESIAN_POINT('',(4.765913015563E-1,-1.466797202765E0,
-1.285193460376E0));
#5797=CARTESIAN_POINT('',(-1.451415435015E-1,-1.535437147895E0,
-1.317693460376E0));
#5798=CARTESIAN_POINT('',(-7.429999474169E-1,-1.351511887080E0,
-1.350193460376E0));
#5799=CARTESIAN_POINT('',(-1.218641733746E0,-9.452754241773E-1,
-1.382693460376E0));
#5800=CARTESIAN_POINT('',(-1.493828228978E0,-3.835498990870E-1,
-1.415193460376E0));
#5801=CARTESIAN_POINT('',(-1.523293800498E0,2.412660360417E-1,
-1.447693460376E0));
#5802=CARTESIAN_POINT('',(-1.302191634387E0,8.263959402824E-1,
-1.480193460376E0));
#5803=CARTESIAN_POINT('',(-8.668909914732E-1,1.275591357640E0,
-1.512693460376E0));
#5804=CARTESIAN_POINT('',(-2.889948003897E-1,1.514963797630E0,
-1.545193460376E0));
#5805=CARTESIAN_POINT('',(3.364383617606E-1,1.505138708398E0,
-1.577693460376E0));
#5806=CARTESIAN_POINT('',(9.065305259163E-1,1.247732226226E0,
-1.610193460376E0));
#5807=CARTESIAN_POINT('',(1.327506805206E0,7.850853360706E-1,
-1.642693460376E0));
#5808=CARTESIAN_POINT('',(1.530120496294E0,1.932991712445E-1,
-1.675193460376E0));
#5809=CARTESIAN_POINT('',(1.481043521449E0,-4.302829189697E-1,
-1.707693460376E0));
#5810=CARTESIAN_POINT('',(1.188348589004E0,-9.830874497189E-1,
-1.740193460376E0));
#5811=CARTESIAN_POINT('',(7.001813075180E-1,-1.374183189893E0,
-1.772693460376E0));
#5812=CARTESIAN_POINT('',(9.684067858025E-2,-1.539238508404E0,
-1.805193460376E0));
#5813=CARTESIAN_POINT('',(-5.224293460751E-1,-1.451103332345E0,
-1.837693460376E0));
#5814=CARTESIAN_POINT('',(-1.055764576487E0,-1.124275082805E0,
-1.870193460376E0));
#5815=CARTESIAN_POINT('',(-1.415436301334E0,-6.125139832269E-1,
-1.902693460376E0));
#5816=CARTESIAN_POINT('',(-1.542281849333E0,0.E0,-1.935193460376E0));
#5817=CARTESIAN_POINT('',(-1.415436301334E0,6.125139832269E-1,
-1.967693460376E0));
#5818=CARTESIAN_POINT('',(-1.055764576487E0,1.124275082805E0,
-2.000193460376E0));
#5819=CARTESIAN_POINT('',(-5.224293460752E-1,1.451103332345E0,
-2.032693460376E0));
#5820=CARTESIAN_POINT('',(9.684067858026E-2,1.539238508404E0,
-2.065193460376E0));
#5821=CARTESIAN_POINT('',(7.001813075179E-1,1.374183189893E0,
-2.097693460376E0));
#5822=CARTESIAN_POINT('',(1.188348589004E0,9.830874497189E-1,
-2.130193460376E0));
#5823=CARTESIAN_POINT('',(1.481043521449E0,4.302829189697E-1,
-2.162693460376E0));
#5824=CARTESIAN_POINT('',(1.530120496294E0,-1.932991712444E-1,
-2.195193460376E0));
#5825=CARTESIAN_POINT('',(1.327506805206E0,-7.850853360706E-1,
-2.227693460376E0));
#5826=CARTESIAN_POINT('',(9.065305259163E-1,-1.247732226226E0,
-2.260193460376E0));
#5827=CARTESIAN_POINT('',(3.364383617606E-1,-1.505138708398E0,
-2.292693460376E0));
#5828=CARTESIAN_POINT('',(-2.889948003897E-1,-1.514963797630E0,
-2.325193460376E0));
#5829=CARTESIAN_POINT('',(-8.668909914732E-1,-1.275591357640E0,
-2.357693460376E0));
#5830=CARTESIAN_POINT('',(-1.302191634387E0,-8.263959402824E-1,
-2.390193460376E0));
#5831=CARTESIAN_POINT('',(-1.523293800498E0,-2.412660360417E-1,
-2.422693460376E0));
#5832=CARTESIAN_POINT('',(-1.493828228978E0,3.835498990870E-1,
-2.455193460376E0));
#5833=CARTESIAN_POINT('',(-1.218641733747E0,9.452754241773E-1,
-2.487693460376E0));
#5834=CARTESIAN_POINT('',(-7.429999474168E-1,1.351511887080E0,
-2.520193460376E0));
#5835=CARTESIAN_POINT('',(-1.451415435015E-1,1.535437147895E0,
-2.552693460376E0));
#5836=CARTESIAN_POINT('',(4.765913015563E-1,1.466797202765E0,
-2.585193460376E0));
#5837=CARTESIAN_POINT('',(1.019929286651E0,1.156882687700E0,-2.617693460376E0));
#5838=CARTESIAN_POINT('',(1.395498339753E0,6.566716731095E-1,
-2.650193460376E0));
#5839=CARTESIAN_POINT('',(1.541520826533E0,4.844424394787E-2,
-2.682693460376E0));
#5840=CARTESIAN_POINT('',(1.433977397408E0,-5.677518171979E-1,
-2.715193460376E0));
#5841=CARTESIAN_POINT('',(1.090557956828E0,-1.090557949319E0,
-2.747693460376E0));
#5842=CARTESIAN_POINT('',(5.677518059572E-1,-1.433977416207E0,
-2.780193460376E0));
#5843=CARTESIAN_POINT('',(-4.844420649493E-2,-1.541520758848E0,
-2.812693460376E0));
#5844=CARTESIAN_POINT('',(-6.566718116806E-1,-1.395498591694E0,
-2.845193460376E0));
#5845=CARTESIAN_POINT('',(-1.156882170868E0,-1.019928346570E0,
-2.877693460376E0));
#5846=CARTESIAN_POINT('',(-1.466799131520E0,-4.765948099396E-1,
-2.910193460376E0));
#5847=CARTESIAN_POINT('',(-1.535429949708E0,1.451546369538E-1,
-2.942693460376E0));
#5848=CARTESIAN_POINT('',(-1.412835817287E0,5.436856003119E-1,
-2.964360127042E0));
#5849=CARTESIAN_POINT('',(-1.314460020066E0,7.226305111526E-1,
-2.975193460376E0));
#5850=B_SPLINE_SURFACE_WITH_KNOTS('',3,3,((#5582,#5583,#5584,#5585,#5586,#5587,
#5588,#5589,#5590,#5591,#5592,#5593,#5594,#5595,#5596,#5597,#5598,#5599,#5600,
#5601,#5602,#5603,#5604,#5605,#5606,#5607,#5608,#5609,#5610,#5611,#5612,#5613,
#5614,#5615,#5616,#5617,#5618,#5619,#5620,#5621,#5622,#5623,#5624,#5625,#5626,
#5627,#5628,#5629,#5630,#5631,#5632,#5633,#5634,#5635,#5636,#5637,#5638,#5639,
#5640,#5641,#5642,#5643,#5644,#5645,#5646,#5647,#5648),(#5649,#5650,#5651,#5652,
#5653,#5654,#5655,#5656,#5657,#5658,#5659,#5660,#5661,#5662,#5663,#5664,#5665,
#5666,#5667,#5668,#5669,#5670,#5671,#5672,#5673,#5674,#5675,#5676,#5677,#5678,
#5679,#5680,#5681,#5682,#5683,#5684,#5685,#5686,#5687,#5688,#5689,#5690,#5691,
#5692,#5693,#5694,#5695,#5696,#5697,#5698,#5699,#5700,#5701,#5702,#5703,#5704,
#5705,#5706,#5707,#5708,#5709,#5710,#5711,#5712,#5713,#5714,#5715),(#5716,#5717,
#5718,#5719,#5720,#5721,#5722,#5723,#5724,#5725,#5726,#5727,#5728,#5729,#5730,
#5731,#5732,#5733,#5734,#5735,#5736,#5737,#5738,#5739,#5740,#5741,#5742,#5743,
#5744,#5745,#5746,#5747,#5748,#5749,#5750,#5751,#5752,#5753,#5754,#5755,#5756,
#5757,#5758,#5759,#5760,#5761,#5762,#5763,#5764,#5765,#5766,#5767,#5768,#5769,
#5770,#5771,#5772,#5773,#5774,#5775,#5776,#5777,#5778,#5779,#5780,#5781,#5782),(
#5783,#5784,#5785,#5786,#5787,#5788,#5789,#5790,#5791,#5792,#5793,#5794,#5795,
#5796,#5797,#5798,#5799,#5800,#5801,#5802,#5803,#5804,#5805,#5806,#5807,#5808,
#5809,#5810,#5811,#5812,#5813,#5814,#5815,#5816,#5817,#5818,#5819,#5820,#5821,
#5822,#5823,#5824,#5825,#5826,#5827,#5828,#5829,#5830,#5831,#5832,#5833,#5834,
#5835,#5836,#5837,#5838,#5839,#5840,#5841,#5842,#5843,#5844,#5845,#5846,#5847,
#5848,#5849)),.UNSPECIFIED.,.F.,.F.,.F.,(4,4),(4,1,1,1,1,1,1,1,1,1,1,1,1,1,1,1,
1,1,1,1,1,1,1,1,1,1,1,1,1,1,1,1,1,1,1,1,1,1,1,1,1,1,1,1,1,1,1,1,1,1,1,1,1,1,1,1,
1,1,1,1,1,1,1,1,4),(-1.287744501626E-1,1.128774450163E0),(-2.E-2,-3.75E-3,
1.25E-2,2.875E-2,4.5E-2,6.125E-2,7.75E-2,9.375E-2,1.1E-1,1.2625E-1,1.425E-1,
1.5875E-1,1.75E-1,1.9125E-1,2.075E-1,2.2375E-1,2.4E-1,2.5625E-1,2.725E-1,
2.8875E-1,3.05E-1,3.2125E-1,3.375E-1,3.5375E-1,3.7E-1,3.8625E-1,4.025E-1,
4.1875E-1,4.35E-1,4.5125E-1,4.675E-1,4.8375E-1,5.E-1,5.1625E-1,5.325E-1,
5.4875E-1,5.65E-1,5.8125E-1,5.975E-1,6.1375E-1,6.3E-1,6.4625E-1,6.625E-1,
6.7875E-1,6.95E-1,7.1125E-1,7.275E-1,7.4375E-1,7.6E-1,7.7625E-1,7.925E-1,
8.0875E-1,8.25E-1,8.4125E-1,8.575E-1,8.7375E-1,8.9E-1,9.0625E-1,9.225E-1,
9.3875E-1,9.55E-1,9.7125E-1,9.875E-1,1.00375E0,1.02E0),.UNSPECIFIED.);
#5852=ORIENTED_EDGE('',*,*,#5851,.T.);
#5853=ORIENTED_EDGE('',*,*,#4450,.T.);
#5854=ORIENTED_EDGE('',*,*,#5573,.F.);
#5856=ORIENTED_EDGE('',*,*,#5855,.F.);
#5857=EDGE_LOOP('',(#5852,#5853,#5854,#5856));
#5858=FACE_OUTER_BOUND('',#5857,.F.);
#5860=CARTESIAN_POINT('',(9.910527755507E-1,1.125972644460E0,
-2.472418477863E-1));
#5861=CARTESIAN_POINT('',(1.236779143219E0,9.096904817435E-1,
-2.646084180378E-1));
#5862=CARTESIAN_POINT('',(1.580589902090E0,3.112280258859E-1,
-2.993415585407E-1));
#5863=CARTESIAN_POINT('',(1.443346991456E0,-7.157744235618E-1,
-3.514412692951E-1));
#5864=CARTESIAN_POINT('',(7.090333424179E-1,-1.446611320969E0,
-4.035409800495E-1));
#5865=CARTESIAN_POINT('',(-3.184476072793E-1,-1.579254138523E0,
-4.556406908038E-1));
#5866=CARTESIAN_POINT('',(-1.214249648006E0,-1.058794413509E0,
-5.077404015582E-1));
#5867=CARTESIAN_POINT('',(-1.607902596289E0,-1.004797974251E-1,
-5.598401123126E-1));
#5868=CARTESIAN_POINT('',(-1.336618137763E0,8.993884667446E-1,
-6.119398230670E-1));
#5869=CARTESIAN_POINT('',(-5.125831199128E-1,1.527319847635E0,
-6.640395338214E-1));
#5870=CARTESIAN_POINT('',(5.234274834616E-1,1.523637532311E0,
-7.161392445757E-1));
#5871=CARTESIAN_POINT('',(1.342977781550E0,8.898638250355E-1,
-7.682389553301E-1));
#5872=CARTESIAN_POINT('',(1.607148023739E0,-1.119064231921E-1,
-8.203386660845E-1));
#5873=CARTESIAN_POINT('',(1.206691025198E0,-1.067403055238E0,
-8.724383768389E-1));
#5874=CARTESIAN_POINT('',(3.072177925386E-1,-1.581464455043E0,
-9.245380875933E-1));
#5875=CARTESIAN_POINT('',(-7.193165877390E-1,-1.441584964466E0,
-9.766377983476E-1));
#5876=CARTESIAN_POINT('',(-1.448333088257E0,-7.053074422887E-1,
-1.028737509102E0));
#5877=CARTESIAN_POINT('',(-1.535166124015E0,-2.060080957100E-2,
-1.063470649605E0));
#5878=CARTESIAN_POINT('',(-1.469666975315E0,3.001316072453E-1,
-1.080837219856E0));
#5879=CARTESIAN_POINT('',(9.910527755507E-1,1.125972644460E0,
-2.040374880368E-1));
#5880=CARTESIAN_POINT('',(1.236779143219E0,9.096904817435E-1,
-2.214040582883E-1));
#5881=CARTESIAN_POINT('',(1.580589902090E0,3.112280258859E-1,
-2.561371987912E-1));
#5882=CARTESIAN_POINT('',(1.443346991456E0,-7.157744235618E-1,
-3.082369095456E-1));
#5883=CARTESIAN_POINT('',(7.090333424179E-1,-1.446611320969E0,
-3.603366202999E-1));
#5884=CARTESIAN_POINT('',(-3.184476072793E-1,-1.579254138523E0,
-4.124363310543E-1));
#5885=CARTESIAN_POINT('',(-1.214249648006E0,-1.058794413509E0,
-4.645360418087E-1));
#5886=CARTESIAN_POINT('',(-1.607902596289E0,-1.004797974251E-1,
-5.166357525631E-1));
#5887=CARTESIAN_POINT('',(-1.336618137763E0,8.993884667446E-1,
-5.687354633175E-1));
#5888=CARTESIAN_POINT('',(-5.125831199128E-1,1.527319847635E0,
-6.208351740718E-1));
#5889=CARTESIAN_POINT('',(5.234274834616E-1,1.523637532311E0,
-6.729348848262E-1));
#5890=CARTESIAN_POINT('',(1.342977781550E0,8.898638250355E-1,
-7.250345955806E-1));
#5891=CARTESIAN_POINT('',(1.607148023739E0,-1.119064231921E-1,
-7.771343063350E-1));
#5892=CARTESIAN_POINT('',(1.206691025198E0,-1.067403055238E0,
-8.292340170894E-1));
#5893=CARTESIAN_POINT('',(3.072177925386E-1,-1.581464455043E0,
-8.813337278437E-1));
#5894=CARTESIAN_POINT('',(-7.193165877390E-1,-1.441584964466E0,
-9.334334385981E-1));
#5895=CARTESIAN_POINT('',(-1.448333088257E0,-7.053074422887E-1,
-9.855331493525E-1));
#5896=CARTESIAN_POINT('',(-1.535166124015E0,-2.060080957100E-2,
-1.020266289855E0));
#5897=CARTESIAN_POINT('',(-1.469666975315E0,3.001316072453E-1,
-1.037632860107E0));
#5898=CARTESIAN_POINT('',(9.910527755507E-1,1.125972644460E0,
-1.608331282873E-1));
#5899=CARTESIAN_POINT('',(1.236779143219E0,9.096904817435E-1,
-1.781996985387E-1));
#5900=CARTESIAN_POINT('',(1.580589902090E0,3.112280258859E-1,
-2.129328390417E-1));
#5901=CARTESIAN_POINT('',(1.443346991456E0,-7.157744235618E-1,
-2.650325497960E-1));
#5902=CARTESIAN_POINT('',(7.090333424179E-1,-1.446611320969E0,
-3.171322605504E-1));
#5903=CARTESIAN_POINT('',(-3.184476072793E-1,-1.579254138523E0,
-3.692319713048E-1));
#5904=CARTESIAN_POINT('',(-1.214249648006E0,-1.058794413509E0,
-4.213316820592E-1));
#5905=CARTESIAN_POINT('',(-1.607902596289E0,-1.004797974251E-1,
-4.734313928136E-1));
#5906=CARTESIAN_POINT('',(-1.336618137763E0,8.993884667446E-1,
-5.255311035679E-1));
#5907=CARTESIAN_POINT('',(-5.125831199128E-1,1.527319847635E0,
-5.776308143223E-1));
#5908=CARTESIAN_POINT('',(5.234274834616E-1,1.523637532311E0,
-6.297305250767E-1));
#5909=CARTESIAN_POINT('',(1.342977781550E0,8.898638250355E-1,
-6.818302358311E-1));
#5910=CARTESIAN_POINT('',(1.607148023739E0,-1.119064231921E-1,
-7.339299465855E-1));
#5911=CARTESIAN_POINT('',(1.206691025198E0,-1.067403055238E0,
-7.860296573398E-1));
#5912=CARTESIAN_POINT('',(3.072177925386E-1,-1.581464455043E0,
-8.381293680942E-1));
#5913=CARTESIAN_POINT('',(-7.193165877390E-1,-1.441584964466E0,
-8.902290788486E-1));
#5914=CARTESIAN_POINT('',(-1.448333088257E0,-7.053074422887E-1,
-9.423287896030E-1));
#5915=CARTESIAN_POINT('',(-1.535166124015E0,-2.060080957100E-2,
-9.770619301059E-1));
#5916=CARTESIAN_POINT('',(-1.469666975315E0,3.001316072453E-1,
-9.944285003574E-1));
#5917=CARTESIAN_POINT('',(9.910527755507E-1,1.125972644460E0,
-1.176287685378E-1));
#5918=CARTESIAN_POINT('',(1.236779143219E0,9.096904817435E-1,
-1.349953387892E-1));
#5919=CARTESIAN_POINT('',(1.580589902090E0,3.112280258859E-1,
-1.697284792921E-1));
#5920=CARTESIAN_POINT('',(1.443346991456E0,-7.157744235618E-1,
-2.218281900465E-1));
#5921=CARTESIAN_POINT('',(7.090333424179E-1,-1.446611320969E0,
-2.739279008009E-1));
#5922=CARTESIAN_POINT('',(-3.184476072793E-1,-1.579254138523E0,
-3.260276115553E-1));
#5923=CARTESIAN_POINT('',(-1.214249648006E0,-1.058794413509E0,
-3.781273223097E-1));
#5924=CARTESIAN_POINT('',(-1.607902596289E0,-1.004797974251E-1,
-4.302270330640E-1));
#5925=CARTESIAN_POINT('',(-1.336618137763E0,8.993884667446E-1,
-4.823267438184E-1));
#5926=CARTESIAN_POINT('',(-5.125831199128E-1,1.527319847635E0,
-5.344264545728E-1));
#5927=CARTESIAN_POINT('',(5.234274834616E-1,1.523637532311E0,
-5.865261653272E-1));
#5928=CARTESIAN_POINT('',(1.342977781550E0,8.898638250355E-1,
-6.386258760816E-1));
#5929=CARTESIAN_POINT('',(1.607148023739E0,-1.119064231921E-1,
-6.907255868359E-1));
#5930=CARTESIAN_POINT('',(1.206691025198E0,-1.067403055238E0,
-7.428252975903E-1));
#5931=CARTESIAN_POINT('',(3.072177925386E-1,-1.581464455043E0,
-7.949250083447E-1));
#5932=CARTESIAN_POINT('',(-7.193165877390E-1,-1.441584964466E0,
-8.470247190991E-1));
#5933=CARTESIAN_POINT('',(-1.448333088257E0,-7.053074422887E-1,
-8.991244298535E-1));
#5934=CARTESIAN_POINT('',(-1.535166124015E0,-2.060080957100E-2,
-9.338575703564E-1));
#5935=CARTESIAN_POINT('',(-1.469666975315E0,3.001316072453E-1,
-9.512241406078E-1));
#5936=B_SPLINE_SURFACE_WITH_KNOTS('',3,3,((#5860,#5861,#5862,#5863,#5864,#5865,
#5866,#5867,#5868,#5869,#5870,#5871,#5872,#5873,#5874,#5875,#5876,#5877,#5878),(
#5879,#5880,#5881,#5882,#5883,#5884,#5885,#5886,#5887,#5888,#5889,#5890,#5891,
#5892,#5893,#5894,#5895,#5896,#5897),(#5898,#5899,#5900,#5901,#5902,#5903,#5904,
#5905,#5906,#5907,#5908,#5909,#5910,#5911,#5912,#5913,#5914,#5915,#5916),(#5917,
#5918,#5919,#5920,#5921,#5922,#5923,#5924,#5925,#5926,#5927,#5928,#5929,#5930,
#5931,#5932,#5933,#5934,#5935)),.UNSPECIFIED.,.F.,.F.,.F.,(4,4),(4,1,1,1,1,1,1,
1,1,1,1,1,1,1,1,1,4),(-1.287744501626E-1,1.128774450163E0),(5.912176540810E-1,
6.172675094582E-1,6.433173648354E-1,6.693672202126E-1,6.954170755898E-1,
7.214669309670E-1,7.475167863442E-1,7.735666417213E-1,7.996164970985E-1,
8.256663524757E-1,8.517162078529E-1,8.777660632301E-1,9.038159186073E-1,
9.298657739845E-1,9.559156293617E-1,9.819654847389E-1,1.008015340116E0),
.UNSPECIFIED.);
#5938=ORIENTED_EDGE('',*,*,#5937,.T.);
#5940=ORIENTED_EDGE('',*,*,#5939,.T.);
#5941=ORIENTED_EDGE('',*,*,#4162,.T.);
#5942=ORIENTED_EDGE('',*,*,#5851,.F.);
#5943=ORIENTED_EDGE('',*,*,#3879,.F.);
#5944=EDGE_LOOP('',(#5938,#5940,#5941,#5942,#5943));
#5945=FACE_OUTER_BOUND('',#5944,.F.);
#5947=CARTESIAN_POINT('',(0.E0,0.E0,-2.4275E-1));
#5948=DIRECTION('',(0.E0,0.E0,1.E0));
#5949=DIRECTION('',(-1.E0,0.E0,0.E0));
#5950=AXIS2_PLACEMENT_3D('',#5947,#5948,#5949);
#5951=CONICAL_SURFACE('',#5950,1.50725E0,4.5E1);
#5952=ORIENTED_EDGE('',*,*,#3877,.T.);
#5953=ORIENTED_EDGE('',*,*,#3895,.T.);
#5954=ORIENTED_EDGE('',*,*,#4166,.F.);
#5956=ORIENTED_EDGE('',*,*,#5955,.T.);
#5957=ORIENTED_EDGE('',*,*,#3338,.T.);
#5959=ORIENTED_EDGE('',*,*,#5958,.F.);
#5960=ORIENTED_EDGE('',*,*,#5937,.F.);
#5961=EDGE_LOOP('',(#5952,#5953,#5954,#5956,#5957,#5959,#5960));
#5962=FACE_OUTER_BOUND('',#5961,.F.);
#5964=CARTESIAN_POINT('',(0.E0,0.E0,-1.879111974274E-1));
#5965=DIRECTION('',(0.E0,0.E0,1.E0));
#5966=DIRECTION('',(-1.E0,0.E0,0.E0));
#5967=AXIS2_PLACEMENT_3D('',#5964,#5965,#5966);
#5968=CONICAL_SURFACE('',#5967,1.562088802573E0,4.5E1);
#5969=ORIENTED_EDGE('',*,*,#5939,.F.);
#5970=ORIENTED_EDGE('',*,*,#5958,.T.);
#5971=ORIENTED_EDGE('',*,*,#3340,.T.);
#5972=ORIENTED_EDGE('',*,*,#5955,.F.);
#5973=ORIENTED_EDGE('',*,*,#4164,.F.);
#5974=EDGE_LOOP('',(#5969,#5970,#5971,#5972,#5973));
#5975=FACE_OUTER_BOUND('',#5974,.F.);
#5977=CARTESIAN_POINT('',(-1.098017224351E0,-6.036400772745E-1,
-1.154136264009E0));
#5978=CARTESIAN_POINT('',(-1.180194177745E0,-4.541607539680E-1,
-1.164969597343E0));
#5979=CARTESIAN_POINT('',(-1.282601605090E0,-1.212530538294E-1,
-1.186636264009E0));
#5980=CARTESIAN_POINT('',(-1.225271736291E0,3.981173275423E-1,
-1.219136264009E0));
#5981=CARTESIAN_POINT('',(-9.663866004033E-1,8.519839896545E-1,
-1.251636264009E0));
#5982=CARTESIAN_POINT('',(-5.485423283811E-1,1.165711749955E0,
-1.284136264009E0));
#5983=CARTESIAN_POINT('',(-4.046724308037E-2,1.287689483948E0,
-1.316636264009E0));
#5984=CARTESIAN_POINT('',(4.742641484569E-1,1.197854539727E0,
-1.349136264009E0));
#5985=CARTESIAN_POINT('',(9.109835236298E-1,9.109835173565E-1,
-1.381636264009E0));
#5986=CARTESIAN_POINT('',(1.197854524023E0,4.742641578466E-1,
-1.414136264009E0));
#5987=CARTESIAN_POINT('',(1.287689540488E0,-4.046727436621E-2,
-1.446636264009E0));
#5988=CARTESIAN_POINT('',(1.165711539499E0,-5.485422126275E-1,
-1.479136264009E0));
#5989=CARTESIAN_POINT('',(8.519847749392E-1,-9.663870321318E-1,
-1.511636264009E0));
#5990=CARTESIAN_POINT('',(3.981143968595E-1,-1.225270125131E0,
-1.544136264009E0));
#5991=CARTESIAN_POINT('',(-1.212421163829E-1,-1.282607618003E0,
-1.576636264009E0));
#5992=CARTESIAN_POINT('',(-6.206554231405E-1,-1.128968023580E0,
-1.609136264009E0));
#5993=CARTESIAN_POINT('',(-1.017976654702E0,-7.896236337793E-1,
-1.641636264009E0));
#5994=CARTESIAN_POINT('',(-1.247850144242E0,-3.203934613198E-1,
-1.674136264009E0));
#5995=CARTESIAN_POINT('',(-1.272463829375E0,2.015384714487E-1,
-1.706636264009E0));
#5996=CARTESIAN_POINT('',(-1.087768986607E0,6.903191901706E-1,
-1.739136264009E0));
#5997=CARTESIAN_POINT('',(-7.241462088928E-1,1.065548788506E0,
-1.771636264009E0));
#5998=CARTESIAN_POINT('',(-2.414080791592E-1,1.265505468916E0,
-1.804136264009E0));
#5999=CARTESIAN_POINT('',(2.810394462411E-1,1.257298207347E0,
-1.836636264009E0));
#6000=CARTESIAN_POINT('',(7.572585827341E-1,1.042277022397E0,
-1.869136264009E0));
#6001=CARTESIAN_POINT('',(1.108915688045E0,6.558109097509E-1,
-1.901636264009E0));
#6002=CARTESIAN_POINT('',(1.278166421660E0,1.614699695990E-1,
-1.934136264009E0));
#6003=CARTESIAN_POINT('',(1.237170603699E0,-3.594312867339E-1,
-1.966636264009E0));
#6004=CARTESIAN_POINT('',(9.926716669508E-1,-8.212094216301E-1,
-1.999136264009E0));
#6005=CARTESIAN_POINT('',(5.848874245597E-1,-1.147906203979E0,
-2.031636264009E0));
#6006=CARTESIAN_POINT('',(8.089461183732E-2,-1.285783035475E0,
-2.064136264009E0));
#6007=CARTESIAN_POINT('',(-4.364046161465E-1,-1.212160452889E0,
-2.096636264009E0));
#6008=CARTESIAN_POINT('',(-8.819193221138E-1,-9.391486899438E-1,
-2.129136264009E0));
#6009=CARTESIAN_POINT('',(-1.182366458554E0,-5.116556559134E-1,
-2.161636264009E0));
#6010=CARTESIAN_POINT('',(-1.288325251069E0,0.E0,-2.194136264009E0));
#6011=CARTESIAN_POINT('',(-1.182366458554E0,5.116556559134E-1,
-2.226636264009E0));
#6012=CARTESIAN_POINT('',(-8.819193221138E-1,9.391486899438E-1,
-2.259136264009E0));
#6013=CARTESIAN_POINT('',(-4.364046161465E-1,1.212160452889E0,
-2.291636264009E0));
#6014=CARTESIAN_POINT('',(8.089461183733E-2,1.285783035475E0,
-2.324136264009E0));
#6015=CARTESIAN_POINT('',(5.848874245597E-1,1.147906203979E0,
-2.356636264009E0));
#6016=CARTESIAN_POINT('',(9.926716669508E-1,8.212094216301E-1,
-2.389136264009E0));
#6017=CARTESIAN_POINT('',(1.237170603699E0,3.594312867339E-1,
-2.421636264009E0));
#6018=CARTESIAN_POINT('',(1.278166421660E0,-1.614699695990E-1,
-2.454136264009E0));
#6019=CARTESIAN_POINT('',(1.108915688045E0,-6.558109097509E-1,
-2.486636264009E0));
#6020=CARTESIAN_POINT('',(7.572585827341E-1,-1.042277022397E0,
-2.519136264009E0));
#6021=CARTESIAN_POINT('',(2.810394462411E-1,-1.257298207347E0,
-2.551636264009E0));
#6022=CARTESIAN_POINT('',(-2.414080791592E-1,-1.265505468916E0,
-2.584136264009E0));
#6023=CARTESIAN_POINT('',(-7.241462088928E-1,-1.065548788506E0,
-2.616636264009E0));
#6024=CARTESIAN_POINT('',(-1.087768986607E0,-6.903191901706E-1,
-2.649136264009E0));
#6025=CARTESIAN_POINT('',(-1.272463829375E0,-2.015384714487E-1,
-2.681636264009E0));
#6026=CARTESIAN_POINT('',(-1.247850144242E0,3.203934613198E-1,
-2.714136264009E0));
#6027=CARTESIAN_POINT('',(-1.017976654702E0,7.896236337793E-1,
-2.746636264009E0));
#6028=CARTESIAN_POINT('',(-6.206554231405E-1,1.128968023580E0,
-2.779136264009E0));
#6029=CARTESIAN_POINT('',(-1.212421163829E-1,1.282607618003E0,
-2.811636264009E0));
#6030=CARTESIAN_POINT('',(3.981143968595E-1,1.225270125131E0,
-2.844136264009E0));
#6031=CARTESIAN_POINT('',(8.519847749392E-1,9.663870321318E-1,
-2.876636264009E0));
#6032=CARTESIAN_POINT('',(1.165711539499E0,5.485422126275E-1,
-2.909136264009E0));
#6033=CARTESIAN_POINT('',(1.287689540488E0,4.046727436620E-2,
-2.941636264009E0));
#6034=CARTESIAN_POINT('',(1.197854524023E0,-4.742641578466E-1,
-2.974136264009E0));
#6035=CARTESIAN_POINT('',(9.109835236298E-1,-9.109835173565E-1,
-3.006636264009E0));
#6036=CARTESIAN_POINT('',(4.742641484569E-1,-1.197854539727E0,
-3.039136264009E0));
#6037=CARTESIAN_POINT('',(-4.046724308037E-2,-1.287689483948E0,
-3.071636264009E0));
#6038=CARTESIAN_POINT('',(-5.485423283811E-1,-1.165711749955E0,
-3.104136264009E0));
#6039=CARTESIAN_POINT('',(-9.663866004033E-1,-8.519839896544E-1,
-3.136636264009E0));
#6040=CARTESIAN_POINT('',(-1.225271736291E0,-3.981173275423E-1,
-3.169136264009E0));
#6041=CARTESIAN_POINT('',(-1.282601605090E0,1.212530538294E-1,
-3.201636264009E0));
#6042=CARTESIAN_POINT('',(-1.180194177745E0,4.541607539680E-1,
-3.223302930676E0));
#6043=CARTESIAN_POINT('',(-1.098017224351E0,6.036400772745E-1,
-3.234136264009E0));
#6044=CARTESIAN_POINT('',(-1.173522347111E0,-6.451493697762E-1,
-1.104390091872E0));
#6045=CARTESIAN_POINT('',(-1.261350196335E0,-4.853911051143E-1,
-1.115223425205E0));
#6046=CARTESIAN_POINT('',(-1.370799667467E0,-1.295910165784E-1,
-1.136890091872E0));
#6047=CARTESIAN_POINT('',(-1.309527511894E0,4.254938540870E-1,
-1.169390091872E0));
#6048=CARTESIAN_POINT('',(-1.032840147105E0,9.105706441275E-1,
-1.201890091872E0));
#6049=CARTESIAN_POINT('',(-5.862628257695E-1,1.245871884816E0,
-1.234390091872E0));
#6050=CARTESIAN_POINT('',(-4.324997188351E-2,1.376237414168E0,
-1.266890091872E0));
#6051=CARTESIAN_POINT('',(5.068769089453E-1,1.280224972599E0,
-1.299390091872E0));
#6052=CARTESIAN_POINT('',(9.736272793548E-1,9.736272726502E-1,
-1.331890091872E0));
#6053=CARTESIAN_POINT('',(1.280224955816E0,5.068769189808E-1,
-1.364390091872E0));
#6054=CARTESIAN_POINT('',(1.376237474596E0,-4.325000532072E-2,
-1.396890091872E0));
#6055=CARTESIAN_POINT('',(1.245871659888E0,-5.862627020561E-1,
-1.429390091872E0));
#6056=CARTESIAN_POINT('',(9.105714834123E-1,-1.032840608521E0,
-1.461890091872E0));
#6057=CARTESIAN_POINT('',(4.254907218759E-1,-1.309525789942E0,
-1.494390091872E0));
#6058=CARTESIAN_POINT('',(-1.295793270187E-1,-1.370806093858E0,
-1.526890091872E0));
#6059=CARTESIAN_POINT('',(-6.633347754099E-1,-1.206601477157E0,
-1.559390091872E0));
#6060=CARTESIAN_POINT('',(-1.087977789999E0,-8.439220801794E-1,
-1.591890091872E0));
#6061=CARTESIAN_POINT('',(-1.333658523416E0,-3.424253084457E-1,
-1.624390091872E0));
#6062=CARTESIAN_POINT('',(-1.359964767897E0,2.153972586245E-1,
-1.656890091872E0));
#6063=CARTESIAN_POINT('',(-1.162569389594E0,7.377889693704E-1,
-1.689390091872E0));
#6064=CARTESIAN_POINT('',(-7.739421020593E-1,1.138821220212E0,
-1.721890091872E0));
#6065=CARTESIAN_POINT('',(-2.580084987592E-1,1.352527915983E0,
-1.754390091872E0));
#6066=CARTESIAN_POINT('',(3.003651156553E-1,1.343756282308E0,
-1.786890091872E0));
#6067=CARTESIAN_POINT('',(8.093314473326E-1,1.113949171777E0,
-1.819390091872E0));
#6068=CARTESIAN_POINT('',(1.185170243347E0,7.009077280430E-1,
-1.851890091872E0));
#6069=CARTESIAN_POINT('',(1.366059498776E0,1.725734474008E-1,
-1.884390091872E0));
#6070=CARTESIAN_POINT('',(1.322244604576E0,-3.841475687983E-1,
-1.916890091872E0));
#6071=CARTESIAN_POINT('',(1.060932705495E0,-8.776798638207E-1,
-1.949390091872E0));
#6072=CARTESIAN_POINT('',(6.251071914384E-1,-1.226841940984E0,
-1.981890091872E0));
#6073=CARTESIAN_POINT('',(8.645732748691E-2,-1.374199868821E0,
-2.014390091872E0));
#6074=CARTESIAN_POINT('',(-4.664139669876E-1,-1.295514631467E0,
-2.046890091872E0));
#6075=CARTESIAN_POINT('',(-9.425644788600E-1,-1.003729222518E0,
-2.079390091872E0));
#6076=CARTESIAN_POINT('',(-1.263671853971E0,-5.468396423335E-1,
-2.111890091872E0));
#6077=CARTESIAN_POINT('',(-1.376916899796E0,0.E0,-2.144390091872E0));
#6078=CARTESIAN_POINT('',(-1.263671853971E0,5.468396423335E-1,
-2.176890091872E0));
#6079=CARTESIAN_POINT('',(-9.425644788600E-1,1.003729222518E0,
-2.209390091872E0));
#6080=CARTESIAN_POINT('',(-4.664139669877E-1,1.295514631467E0,
-2.241890091872E0));
#6081=CARTESIAN_POINT('',(8.645732748692E-2,1.374199868821E0,
-2.274390091872E0));
#6082=CARTESIAN_POINT('',(6.251071914384E-1,1.226841940984E0,
-2.306890091872E0));
#6083=CARTESIAN_POINT('',(1.060932705495E0,8.776798638207E-1,
-2.339390091872E0));
#6084=CARTESIAN_POINT('',(1.322244604576E0,3.841475687983E-1,
-2.371890091872E0));
#6085=CARTESIAN_POINT('',(1.366059498776E0,-1.725734474008E-1,
-2.404390091872E0));
#6086=CARTESIAN_POINT('',(1.185170243347E0,-7.009077280430E-1,
-2.436890091872E0));
#6087=CARTESIAN_POINT('',(8.093314473326E-1,-1.113949171777E0,
-2.469390091872E0));
#6088=CARTESIAN_POINT('',(3.003651156553E-1,-1.343756282308E0,
-2.501890091872E0));
#6089=CARTESIAN_POINT('',(-2.580084987592E-1,-1.352527915983E0,
-2.534390091872E0));
#6090=CARTESIAN_POINT('',(-7.739421020593E-1,-1.138821220212E0,
-2.566890091872E0));
#6091=CARTESIAN_POINT('',(-1.162569389594E0,-7.377889693704E-1,
-2.599390091872E0));
#6092=CARTESIAN_POINT('',(-1.359964767897E0,-2.153972586245E-1,
-2.631890091872E0));
#6093=CARTESIAN_POINT('',(-1.333658523416E0,3.424253084457E-1,
-2.664390091872E0));
#6094=CARTESIAN_POINT('',(-1.087977789999E0,8.439220801794E-1,
-2.696890091872E0));
#6095=CARTESIAN_POINT('',(-6.633347754099E-1,1.206601477157E0,
-2.729390091872E0));
#6096=CARTESIAN_POINT('',(-1.295793270187E-1,1.370806093858E0,
-2.761890091872E0));
#6097=CARTESIAN_POINT('',(4.254907218759E-1,1.309525789942E0,
-2.794390091872E0));
#6098=CARTESIAN_POINT('',(9.105714834123E-1,1.032840608521E0,
-2.826890091872E0));
#6099=CARTESIAN_POINT('',(1.245871659888E0,5.862627020561E-1,
-2.859390091872E0));
#6100=CARTESIAN_POINT('',(1.376237474596E0,4.325000532071E-2,
-2.891890091872E0));
#6101=CARTESIAN_POINT('',(1.280224955816E0,-5.068769189808E-1,
-2.924390091872E0));
#6102=CARTESIAN_POINT('',(9.736272793548E-1,-9.736272726502E-1,
-2.956890091872E0));
#6103=CARTESIAN_POINT('',(5.068769089453E-1,-1.280224972599E0,
-2.989390091872E0));
#6104=CARTESIAN_POINT('',(-4.324997188351E-2,-1.376237414168E0,
-3.021890091872E0));
#6105=CARTESIAN_POINT('',(-5.862628257695E-1,-1.245871884816E0,
-3.054390091872E0));
#6106=CARTESIAN_POINT('',(-1.032840147105E0,-9.105706441275E-1,
-3.086890091872E0));
#6107=CARTESIAN_POINT('',(-1.309527511894E0,-4.254938540870E-1,
-3.119390091872E0));
#6108=CARTESIAN_POINT('',(-1.370799667467E0,1.295910165784E-1,
-3.151890091872E0));
#6109=CARTESIAN_POINT('',(-1.261350196335E0,4.853911051143E-1,
-3.173556758538E0));
#6110=CARTESIAN_POINT('',(-1.173522347111E0,6.451493697762E-1,
-3.184390091872E0));
#6111=CARTESIAN_POINT('',(-1.249027469871E0,-6.866586622780E-1,
-1.054643919734E0));
#6112=CARTESIAN_POINT('',(-1.342506214925E0,-5.166214562606E-1,
-1.065477253067E0));
#6113=CARTESIAN_POINT('',(-1.458997729844E0,-1.379289793274E-1,
-1.087143919734E0));
#6114=CARTESIAN_POINT('',(-1.393783287497E0,4.528703806317E-1,
-1.119643919734E0));
#6115=CARTESIAN_POINT('',(-1.099293693806E0,9.691572986006E-1,
-1.152143919734E0));
#6116=CARTESIAN_POINT('',(-6.239833231579E-1,1.326032019677E0,
-1.184643919734E0));
#6117=CARTESIAN_POINT('',(-4.603270068665E-2,1.464785344388E0,
-1.217143919734E0));
#6118=CARTESIAN_POINT('',(5.394896694338E-1,1.362595405471E0,
-1.249643919734E0));
#6119=CARTESIAN_POINT('',(1.036271035080E0,1.036271027944E0,-1.282143919734E0));
#6120=CARTESIAN_POINT('',(1.362595387608E0,5.394896801149E-1,
-1.314643919734E0));
#6121=CARTESIAN_POINT('',(1.464785408704E0,-4.603273627523E-2,
-1.347143919734E0));
#6122=CARTESIAN_POINT('',(1.326031780276E0,-6.239831914847E-1,
-1.379643919734E0));
#6123=CARTESIAN_POINT('',(9.691581918855E-1,-1.099294184910E0,
-1.412143919734E0));
#6124=CARTESIAN_POINT('',(4.528670468923E-1,-1.393781454754E0,
-1.444643919734E0));
#6125=CARTESIAN_POINT('',(-1.379165376545E-1,-1.459004569713E0,
-1.477143919734E0));
#6126=CARTESIAN_POINT('',(-7.060141276793E-1,-1.284234930733E0,
-1.509643919734E0));
#6127=CARTESIAN_POINT('',(-1.157978925296E0,-8.982205265794E-1,
-1.542143919734E0));
#6128=CARTESIAN_POINT('',(-1.419466902591E0,-3.644571555716E-1,
-1.574643919734E0));
#6129=CARTESIAN_POINT('',(-1.447465706420E0,2.292560458003E-1,
-1.607143919734E0));
#6130=CARTESIAN_POINT('',(-1.237369792581E0,7.852587485701E-1,
-1.639643919734E0));
#6131=CARTESIAN_POINT('',(-8.237379952257E-1,1.212093651918E0,
-1.672143919734E0));
#6132=CARTESIAN_POINT('',(-2.746089183591E-1,1.439550363049E0,
-1.704643919734E0));
#6133=CARTESIAN_POINT('',(3.196907850695E-1,1.430214357269E0,
-1.737143919734E0));
#6134=CARTESIAN_POINT('',(8.614043119312E-1,1.185621321158E0,
-1.769643919734E0));
#6135=CARTESIAN_POINT('',(1.261424798648E0,7.460045463351E-1,
-1.802143919734E0));
#6136=CARTESIAN_POINT('',(1.453952575893E0,1.836769252027E-1,
-1.834643919734E0));
#6137=CARTESIAN_POINT('',(1.407318605454E0,-4.088638508628E-1,
-1.867143919734E0));
#6138=CARTESIAN_POINT('',(1.129193744039E0,-9.341503060112E-1,
-1.899643919734E0));
#6139=CARTESIAN_POINT('',(6.653269583172E-1,-1.305777677989E0,
-1.932143919734E0));
#6140=CARTESIAN_POINT('',(9.202004313649E-2,-1.462616702167E0,
-1.964643919734E0));
#6141=CARTESIAN_POINT('',(-4.964233178288E-1,-1.378868810045E0,
-1.997143919734E0));
#6142=CARTESIAN_POINT('',(-1.003209635606E0,-1.068309755092E0,
-2.029643919734E0));
#6143=CARTESIAN_POINT('',(-1.344977249388E0,-5.820236287537E-1,
-2.062143919734E0));
#6144=CARTESIAN_POINT('',(-1.465508548524E0,0.E0,-2.094643919734E0));
#6145=CARTESIAN_POINT('',(-1.344977249388E0,5.820236287537E-1,
-2.127143919734E0));
#6146=CARTESIAN_POINT('',(-1.003209635606E0,1.068309755092E0,
-2.159643919734E0));
#6147=CARTESIAN_POINT('',(-4.964233178288E-1,1.378868810045E0,
-2.192143919734E0));
#6148=CARTESIAN_POINT('',(9.202004313650E-2,1.462616702167E0,
-2.224643919734E0));
#6149=CARTESIAN_POINT('',(6.653269583172E-1,1.305777677989E0,
-2.257143919734E0));
#6150=CARTESIAN_POINT('',(1.129193744039E0,9.341503060112E-1,
-2.289643919734E0));
#6151=CARTESIAN_POINT('',(1.407318605454E0,4.088638508628E-1,
-2.322143919734E0));
#6152=CARTESIAN_POINT('',(1.453952575893E0,-1.836769252027E-1,
-2.354643919734E0));
#6153=CARTESIAN_POINT('',(1.261424798648E0,-7.460045463351E-1,
-2.387143919734E0));
#6154=CARTESIAN_POINT('',(8.614043119312E-1,-1.185621321158E0,
-2.419643919734E0));
#6155=CARTESIAN_POINT('',(3.196907850694E-1,-1.430214357269E0,
-2.452143919734E0));
#6156=CARTESIAN_POINT('',(-2.746089183591E-1,-1.439550363049E0,
-2.484643919734E0));
#6157=CARTESIAN_POINT('',(-8.237379952257E-1,-1.212093651918E0,
-2.517143919734E0));
#6158=CARTESIAN_POINT('',(-1.237369792581E0,-7.852587485701E-1,
-2.549643919734E0));
#6159=CARTESIAN_POINT('',(-1.447465706420E0,-2.292560458003E-1,
-2.582143919734E0));
#6160=CARTESIAN_POINT('',(-1.419466902591E0,3.644571555716E-1,
-2.614643919734E0));
#6161=CARTESIAN_POINT('',(-1.157978925296E0,8.982205265794E-1,
-2.647143919734E0));
#6162=CARTESIAN_POINT('',(-7.060141276793E-1,1.284234930733E0,
-2.679643919734E0));
#6163=CARTESIAN_POINT('',(-1.379165376546E-1,1.459004569713E0,
-2.712143919734E0));
#6164=CARTESIAN_POINT('',(4.528670468923E-1,1.393781454754E0,
-2.744643919734E0));
#6165=CARTESIAN_POINT('',(9.691581918855E-1,1.099294184910E0,
-2.777143919734E0));
#6166=CARTESIAN_POINT('',(1.326031780276E0,6.239831914847E-1,
-2.809643919734E0));
#6167=CARTESIAN_POINT('',(1.464785408704E0,4.603273627522E-2,
-2.842143919734E0));
#6168=CARTESIAN_POINT('',(1.362595387608E0,-5.394896801149E-1,
-2.874643919734E0));
#6169=CARTESIAN_POINT('',(1.036271035080E0,-1.036271027944E0,
-2.907143919734E0));
#6170=CARTESIAN_POINT('',(5.394896694338E-1,-1.362595405471E0,
-2.939643919734E0));
#6171=CARTESIAN_POINT('',(-4.603270068665E-2,-1.464785344388E0,
-2.972143919734E0));
#6172=CARTESIAN_POINT('',(-6.239833231578E-1,-1.326032019677E0,
-3.004643919734E0));
#6173=CARTESIAN_POINT('',(-1.099293693806E0,-9.691572986006E-1,
-3.037143919734E0));
#6174=CARTESIAN_POINT('',(-1.393783287497E0,-4.528703806317E-1,
-3.069643919734E0));
#6175=CARTESIAN_POINT('',(-1.458997729844E0,1.379289793275E-1,
-3.102143919734E0));
#6176=CARTESIAN_POINT('',(-1.342506214925E0,5.166214562606E-1,
-3.123810586401E0));
#6177=CARTESIAN_POINT('',(-1.249027469871E0,6.866586622780E-1,
-3.134643919734E0));
#6178=CARTESIAN_POINT('',(-1.324532592631E0,-7.281679547797E-1,
-1.004897747597E0));
#6179=CARTESIAN_POINT('',(-1.423662233514E0,-5.478518074069E-1,
-1.015731080930E0));
#6180=CARTESIAN_POINT('',(-1.547195792222E0,-1.462669420765E-1,
-1.037397747597E0));
#6181=CARTESIAN_POINT('',(-1.478039063100E0,4.802469071765E-1,
-1.069897747597E0));
#6182=CARTESIAN_POINT('',(-1.165747240507E0,1.027743953074E0,
-1.102397747597E0));
#6183=CARTESIAN_POINT('',(-6.617038205462E-1,1.406192154537E0,
-1.134897747597E0));
#6184=CARTESIAN_POINT('',(-4.881542948980E-2,1.553333274608E0,
-1.167397747597E0));
#6185=CARTESIAN_POINT('',(5.721024299222E-1,1.444965838343E0,
-1.199897747597E0));
#6186=CARTESIAN_POINT('',(1.098914790805E0,1.098914783237E0,-1.232397747597E0));
#6187=CARTESIAN_POINT('',(1.444965819400E0,5.721024412491E-1,
-1.264897747597E0));
#6188=CARTESIAN_POINT('',(1.553333342812E0,-4.881546722974E-2,
-1.297397747597E0));
#6189=CARTESIAN_POINT('',(1.406191900665E0,-6.617036809133E-1,
-1.329897747597E0));
#6190=CARTESIAN_POINT('',(1.027744900359E0,-1.165747761299E0,
-1.362397747597E0));
#6191=CARTESIAN_POINT('',(4.802433719087E-1,-1.478037119566E0,
-1.394897747597E0));
#6192=CARTESIAN_POINT('',(-1.462537482904E-1,-1.547203045568E0,
-1.427397747597E0));
#6193=CARTESIAN_POINT('',(-7.486934799488E-1,-1.361868384309E0,
-1.459897747597E0));
#6194=CARTESIAN_POINT('',(-1.227980060593E0,-9.525189729795E-1,
-1.492397747597E0));
#6195=CARTESIAN_POINT('',(-1.505275281765E0,-3.864890026975E-1,
-1.524897747597E0));
#6196=CARTESIAN_POINT('',(-1.534966644943E0,2.431148329761E-1,
-1.557397747597E0));
#6197=CARTESIAN_POINT('',(-1.312170195568E0,8.327285277699E-1,
-1.589897747597E0));
#6198=CARTESIAN_POINT('',(-8.735338883922E-1,1.285366083624E0,
-1.622397747597E0));
#6199=CARTESIAN_POINT('',(-2.912093379591E-1,1.526572810116E0,
-1.654897747597E0));
#6200=CARTESIAN_POINT('',(3.390164544836E-1,1.516672432231E0,
-1.687397747597E0));
#6201=CARTESIAN_POINT('',(9.134771765297E-1,1.257293470539E0,
-1.719897747597E0));
#6202=CARTESIAN_POINT('',(1.337679353950E0,7.911013646272E-1,
-1.752397747597E0));
#6203=CARTESIAN_POINT('',(1.541845653010E0,1.947804030045E-1,
-1.784897747597E0));
#6204=CARTESIAN_POINT('',(1.492392606331E0,-4.335801329272E-1,
-1.817397747597E0));
#6205=CARTESIAN_POINT('',(1.197454782583E0,-9.906207482018E-1,
-1.849897747597E0));
#6206=CARTESIAN_POINT('',(7.055467251959E-1,-1.384713414994E0,
-1.882397747597E0));
#6207=CARTESIAN_POINT('',(9.758275878607E-2,-1.551033535513E0,
-1.914897747597E0));
#6208=CARTESIAN_POINT('',(-5.264326686700E-1,-1.462222988623E0,
-1.947397747597E0));
#6209=CARTESIAN_POINT('',(-1.063854792352E0,-1.132890287666E0,
-1.979897747597E0));
#6210=CARTESIAN_POINT('',(-1.426282644805E0,-6.172076151738E-1,
-2.012397747597E0));
#6211=CARTESIAN_POINT('',(-1.554100197252E0,0.E0,-2.044897747597E0));
#6212=CARTESIAN_POINT('',(-1.426282644805E0,6.172076151738E-1,
-2.077397747597E0));
#6213=CARTESIAN_POINT('',(-1.063854792352E0,1.132890287666E0,
-2.109897747597E0));
#6214=CARTESIAN_POINT('',(-5.264326686700E-1,1.462222988623E0,
-2.142397747597E0));
#6215=CARTESIAN_POINT('',(9.758275878608E-2,1.551033535513E0,
-2.174897747597E0));
#6216=CARTESIAN_POINT('',(7.055467251959E-1,1.384713414994E0,
-2.207397747597E0));
#6217=CARTESIAN_POINT('',(1.197454782583E0,9.906207482018E-1,
-2.239897747597E0));
#6218=CARTESIAN_POINT('',(1.492392606331E0,4.335801329272E-1,
-2.272397747597E0));
#6219=CARTESIAN_POINT('',(1.541845653010E0,-1.947804030046E-1,
-2.304897747597E0));
#6220=CARTESIAN_POINT('',(1.337679353950E0,-7.911013646272E-1,
-2.337397747597E0));
#6221=CARTESIAN_POINT('',(9.134771765297E-1,-1.257293470539E0,
-2.369897747597E0));
#6222=CARTESIAN_POINT('',(3.390164544836E-1,-1.516672432231E0,
-2.402397747597E0));
#6223=CARTESIAN_POINT('',(-2.912093379591E-1,-1.526572810116E0,
-2.434897747597E0));
#6224=CARTESIAN_POINT('',(-8.735338883922E-1,-1.285366083624E0,
-2.467397747597E0));
#6225=CARTESIAN_POINT('',(-1.312170195568E0,-8.327285277699E-1,
-2.499897747597E0));
#6226=CARTESIAN_POINT('',(-1.534966644943E0,-2.431148329761E-1,
-2.532397747597E0));
#6227=CARTESIAN_POINT('',(-1.505275281765E0,3.864890026975E-1,
-2.564897747597E0));
#6228=CARTESIAN_POINT('',(-1.227980060593E0,9.525189729795E-1,
-2.597397747597E0));
#6229=CARTESIAN_POINT('',(-7.486934799487E-1,1.361868384309E0,
-2.629897747597E0));
#6230=CARTESIAN_POINT('',(-1.462537482904E-1,1.547203045568E0,
-2.662397747597E0));
#6231=CARTESIAN_POINT('',(4.802433719087E-1,1.478037119566E0,
-2.694897747597E0));
#6232=CARTESIAN_POINT('',(1.027744900359E0,1.165747761299E0,-2.727397747597E0));
#6233=CARTESIAN_POINT('',(1.406191900665E0,6.617036809133E-1,
-2.759897747597E0));
#6234=CARTESIAN_POINT('',(1.553333342812E0,4.881546722973E-2,
-2.792397747597E0));
#6235=CARTESIAN_POINT('',(1.444965819400E0,-5.721024412490E-1,
-2.824897747597E0));
#6236=CARTESIAN_POINT('',(1.098914790805E0,-1.098914783237E0,
-2.857397747597E0));
#6237=CARTESIAN_POINT('',(5.721024299222E-1,-1.444965838343E0,
-2.889897747597E0));
#6238=CARTESIAN_POINT('',(-4.881542948979E-2,-1.553333274608E0,
-2.922397747597E0));
#6239=CARTESIAN_POINT('',(-6.617038205462E-1,-1.406192154537E0,
-2.954897747597E0));
#6240=CARTESIAN_POINT('',(-1.165747240507E0,-1.027743953074E0,
-2.987397747597E0));
#6241=CARTESIAN_POINT('',(-1.478039063100E0,-4.802469071765E-1,
-3.019897747597E0));
#6242=CARTESIAN_POINT('',(-1.547195792222E0,1.462669420765E-1,
-3.052397747597E0));
#6243=CARTESIAN_POINT('',(-1.423662233514E0,5.478518074069E-1,
-3.074064414263E0));
#6244=CARTESIAN_POINT('',(-1.324532592631E0,7.281679547797E-1,
-3.084897747597E0));
#6245=B_SPLINE_SURFACE_WITH_KNOTS('',3,3,((#5977,#5978,#5979,#5980,#5981,#5982,
#5983,#5984,#5985,#5986,#5987,#5988,#5989,#5990,#5991,#5992,#5993,#5994,#5995,
#5996,#5997,#5998,#5999,#6000,#6001,#6002,#6003,#6004,#6005,#6006,#6007,#6008,
#6009,#6010,#6011,#6012,#6013,#6014,#6015,#6016,#6017,#6018,#6019,#6020,#6021,
#6022,#6023,#6024,#6025,#6026,#6027,#6028,#6029,#6030,#6031,#6032,#6033,#6034,
#6035,#6036,#6037,#6038,#6039,#6040,#6041,#6042,#6043),(#6044,#6045,#6046,#6047,
#6048,#6049,#6050,#6051,#6052,#6053,#6054,#6055,#6056,#6057,#6058,#6059,#6060,
#6061,#6062,#6063,#6064,#6065,#6066,#6067,#6068,#6069,#6070,#6071,#6072,#6073,
#6074,#6075,#6076,#6077,#6078,#6079,#6080,#6081,#6082,#6083,#6084,#6085,#6086,
#6087,#6088,#6089,#6090,#6091,#6092,#6093,#6094,#6095,#6096,#6097,#6098,#6099,
#6100,#6101,#6102,#6103,#6104,#6105,#6106,#6107,#6108,#6109,#6110),(#6111,#6112,
#6113,#6114,#6115,#6116,#6117,#6118,#6119,#6120,#6121,#6122,#6123,#6124,#6125,
#6126,#6127,#6128,#6129,#6130,#6131,#6132,#6133,#6134,#6135,#6136,#6137,#6138,
#6139,#6140,#6141,#6142,#6143,#6144,#6145,#6146,#6147,#6148,#6149,#6150,#6151,
#6152,#6153,#6154,#6155,#6156,#6157,#6158,#6159,#6160,#6161,#6162,#6163,#6164,
#6165,#6166,#6167,#6168,#6169,#6170,#6171,#6172,#6173,#6174,#6175,#6176,#6177),(
#6178,#6179,#6180,#6181,#6182,#6183,#6184,#6185,#6186,#6187,#6188,#6189,#6190,
#6191,#6192,#6193,#6194,#6195,#6196,#6197,#6198,#6199,#6200,#6201,#6202,#6203,
#6204,#6205,#6206,#6207,#6208,#6209,#6210,#6211,#6212,#6213,#6214,#6215,#6216,
#6217,#6218,#6219,#6220,#6221,#6222,#6223,#6224,#6225,#6226,#6227,#6228,#6229,
#6230,#6231,#6232,#6233,#6234,#6235,#6236,#6237,#6238,#6239,#6240,#6241,#6242,
#6243,#6244)),.UNSPECIFIED.,.F.,.F.,.F.,(4,4),(4,1,1,1,1,1,1,1,1,1,1,1,1,1,1,1,
1,1,1,1,1,1,1,1,1,1,1,1,1,1,1,1,1,1,1,1,1,1,1,1,1,1,1,1,1,1,1,1,1,1,1,1,1,1,1,1,
1,1,1,1,1,1,1,1,4),(-4.880826512273E-2,1.048808265123E0),(-2.E-2,-3.75E-3,
1.25E-2,2.875E-2,4.5E-2,6.125E-2,7.75E-2,9.375E-2,1.1E-1,1.2625E-1,1.425E-1,
1.5875E-1,1.75E-1,1.9125E-1,2.075E-1,2.2375E-1,2.4E-1,2.5625E-1,2.725E-1,
2.8875E-1,3.05E-1,3.2125E-1,3.375E-1,3.5375E-1,3.7E-1,3.8625E-1,4.025E-1,
4.1875E-1,4.35E-1,4.5125E-1,4.675E-1,4.8375E-1,5.E-1,5.1625E-1,5.325E-1,
5.4875E-1,5.65E-1,5.8125E-1,5.975E-1,6.1375E-1,6.3E-1,6.4625E-1,6.625E-1,
6.7875E-1,6.95E-1,7.1125E-1,7.275E-1,7.4375E-1,7.6E-1,7.7625E-1,7.925E-1,
8.0875E-1,8.25E-1,8.4125E-1,8.575E-1,8.7375E-1,8.9E-1,9.0625E-1,9.225E-1,
9.3875E-1,9.55E-1,9.7125E-1,9.875E-1,1.00375E0,1.02E0),.UNSPECIFIED.);
#6246=ORIENTED_EDGE('',*,*,#3601,.T.);
#6247=ORIENTED_EDGE('',*,*,#3881,.T.);
#6248=ORIENTED_EDGE('',*,*,#5855,.T.);
#6250=ORIENTED_EDGE('',*,*,#6249,.F.);
#6251=ORIENTED_EDGE('',*,*,#3962,.T.);
#6252=ORIENTED_EDGE('',*,*,#3645,.T.);
#6253=ORIENTED_EDGE('',*,*,#3951,.T.);
#6254=ORIENTED_EDGE('',*,*,#3633,.T.);
#6255=ORIENTED_EDGE('',*,*,#3937,.T.);
#6256=ORIENTED_EDGE('',*,*,#3617,.T.);
#6257=ORIENTED_EDGE('',*,*,#3923,.T.);
#6258=EDGE_LOOP('',(#6246,#6247,#6248,#6250,#6251,#6252,#6253,#6254,#6255,#6256,
#6257));
#6259=FACE_OUTER_BOUND('',#6258,.F.);
#6261=CARTESIAN_POINT('',(-1.098017224351E0,-6.036400772745E-1,
-3.154136264009E0));
#6262=CARTESIAN_POINT('',(-1.180194177745E0,-4.541607539680E-1,
-3.164969597343E0));
#6263=CARTESIAN_POINT('',(-1.282601605090E0,-1.212530538294E-1,
-3.186636264009E0));
#6264=CARTESIAN_POINT('',(-1.225271736291E0,3.981173275423E-1,
-3.219136264009E0));
#6265=CARTESIAN_POINT('',(-9.663866004033E-1,8.519839896545E-1,
-3.251636264009E0));
#6266=CARTESIAN_POINT('',(-5.485423283811E-1,1.165711749955E0,
-3.284136264009E0));
#6267=CARTESIAN_POINT('',(-4.046724308037E-2,1.287689483948E0,
-3.316636264009E0));
#6268=CARTESIAN_POINT('',(4.742641484569E-1,1.197854539727E0,
-3.349136264009E0));
#6269=CARTESIAN_POINT('',(9.109835236298E-1,9.109835173565E-1,
-3.381636264009E0));
#6270=CARTESIAN_POINT('',(1.197854524023E0,4.742641578466E-1,
-3.414136264009E0));
#6271=CARTESIAN_POINT('',(1.287689540488E0,-4.046727436621E-2,
-3.446636264009E0));
#6272=CARTESIAN_POINT('',(1.165711539499E0,-5.485422126275E-1,
-3.479136264009E0));
#6273=CARTESIAN_POINT('',(8.519847749392E-1,-9.663870321318E-1,
-3.511636264009E0));
#6274=CARTESIAN_POINT('',(3.981143968595E-1,-1.225270125131E0,
-3.544136264009E0));
#6275=CARTESIAN_POINT('',(-1.212421163829E-1,-1.282607618003E0,
-3.576636264009E0));
#6276=CARTESIAN_POINT('',(-6.206554231405E-1,-1.128968023580E0,
-3.609136264009E0));
#6277=CARTESIAN_POINT('',(-1.017976654702E0,-7.896236337793E-1,
-3.641636264009E0));
#6278=CARTESIAN_POINT('',(-1.247850144242E0,-3.203934613198E-1,
-3.674136264009E0));
#6279=CARTESIAN_POINT('',(-1.272463829375E0,2.015384714487E-1,
-3.706636264009E0));
#6280=CARTESIAN_POINT('',(-1.087768986607E0,6.903191901706E-1,
-3.739136264009E0));
#6281=CARTESIAN_POINT('',(-7.241462088928E-1,1.065548788506E0,
-3.771636264009E0));
#6282=CARTESIAN_POINT('',(-2.414080791592E-1,1.265505468916E0,
-3.804136264009E0));
#6283=CARTESIAN_POINT('',(2.810394462411E-1,1.257298207347E0,
-3.836636264009E0));
#6284=CARTESIAN_POINT('',(7.572585827341E-1,1.042277022397E0,
-3.869136264009E0));
#6285=CARTESIAN_POINT('',(1.108915688045E0,6.558109097509E-1,
-3.901636264009E0));
#6286=CARTESIAN_POINT('',(1.278166421660E0,1.614699695990E-1,
-3.934136264009E0));
#6287=CARTESIAN_POINT('',(1.237170603699E0,-3.594312867339E-1,
-3.966636264009E0));
#6288=CARTESIAN_POINT('',(9.926716669508E-1,-8.212094216301E-1,
-3.999136264009E0));
#6289=CARTESIAN_POINT('',(5.848874245597E-1,-1.147906203979E0,
-4.031636264009E0));
#6290=CARTESIAN_POINT('',(8.089461183732E-2,-1.285783035475E0,
-4.064136264009E0));
#6291=CARTESIAN_POINT('',(-4.364046161465E-1,-1.212160452889E0,
-4.096636264009E0));
#6292=CARTESIAN_POINT('',(-8.819193221138E-1,-9.391486899438E-1,
-4.129136264009E0));
#6293=CARTESIAN_POINT('',(-1.182366458554E0,-5.116556559134E-1,
-4.161636264009E0));
#6294=CARTESIAN_POINT('',(-1.288325251069E0,0.E0,-4.194136264009E0));
#6295=CARTESIAN_POINT('',(-1.182366458554E0,5.116556559134E-1,
-4.226636264009E0));
#6296=CARTESIAN_POINT('',(-8.819193221138E-1,9.391486899438E-1,
-4.259136264009E0));
#6297=CARTESIAN_POINT('',(-4.364046161464E-1,1.212160452889E0,
-4.291636264009E0));
#6298=CARTESIAN_POINT('',(8.089461183734E-2,1.285783035475E0,
-4.324136264009E0));
#6299=CARTESIAN_POINT('',(5.848874245597E-1,1.147906203979E0,
-4.356636264009E0));
#6300=CARTESIAN_POINT('',(9.926716669508E-1,8.212094216301E-1,
-4.389136264009E0));
#6301=CARTESIAN_POINT('',(1.237170603699E0,3.594312867339E-1,
-4.421636264009E0));
#6302=CARTESIAN_POINT('',(1.278166421660E0,-1.614699695990E-1,
-4.454136264009E0));
#6303=CARTESIAN_POINT('',(1.108915688045E0,-6.558109097509E-1,
-4.486636264009E0));
#6304=CARTESIAN_POINT('',(7.572585827341E-1,-1.042277022397E0,
-4.519136264009E0));
#6305=CARTESIAN_POINT('',(2.810394462411E-1,-1.257298207347E0,
-4.551636264009E0));
#6306=CARTESIAN_POINT('',(-2.414080791592E-1,-1.265505468916E0,
-4.584136264009E0));
#6307=CARTESIAN_POINT('',(-7.241462088928E-1,-1.065548788506E0,
-4.616636264009E0));
#6308=CARTESIAN_POINT('',(-1.087768986607E0,-6.903191901706E-1,
-4.649136264009E0));
#6309=CARTESIAN_POINT('',(-1.272463829375E0,-2.015384714487E-1,
-4.681636264009E0));
#6310=CARTESIAN_POINT('',(-1.247850144242E0,3.203934613199E-1,
-4.714136264009E0));
#6311=CARTESIAN_POINT('',(-1.017976654702E0,7.896236337793E-1,
-4.746636264009E0));
#6312=CARTESIAN_POINT('',(-6.206554231405E-1,1.128968023580E0,
-4.779136264009E0));
#6313=CARTESIAN_POINT('',(-1.212421163829E-1,1.282607618003E0,
-4.811636264009E0));
#6314=CARTESIAN_POINT('',(3.981143968595E-1,1.225270125131E0,
-4.844136264009E0));
#6315=CARTESIAN_POINT('',(8.519847749392E-1,9.663870321318E-1,
-4.876636264009E0));
#6316=CARTESIAN_POINT('',(1.165711539499E0,5.485422126275E-1,
-4.909136264009E0));
#6317=CARTESIAN_POINT('',(1.287689540488E0,4.046727436619E-2,
-4.941636264009E0));
#6318=CARTESIAN_POINT('',(1.197854524023E0,-4.742641578466E-1,
-4.974136264009E0));
#6319=CARTESIAN_POINT('',(9.109835236298E-1,-9.109835173566E-1,
-5.006636264009E0));
#6320=CARTESIAN_POINT('',(4.742641484568E-1,-1.197854539727E0,
-5.039136264009E0));
#6321=CARTESIAN_POINT('',(-4.046724308038E-2,-1.287689483948E0,
-5.071636264009E0));
#6322=CARTESIAN_POINT('',(-5.485423283811E-1,-1.165711749955E0,
-5.104136264009E0));
#6323=CARTESIAN_POINT('',(-9.663866004034E-1,-8.519839896544E-1,
-5.136636264009E0));
#6324=CARTESIAN_POINT('',(-1.225271736291E0,-3.981173275423E-1,
-5.169136264009E0));
#6325=CARTESIAN_POINT('',(-1.282601605090E0,1.212530538294E-1,
-5.201636264009E0));
#6326=CARTESIAN_POINT('',(-1.180194177745E0,4.541607539680E-1,
-5.223302930676E0));
#6327=CARTESIAN_POINT('',(-1.098017224350E0,6.036400772745E-1,
-5.234136264009E0));
#6328=CARTESIAN_POINT('',(-1.173522347111E0,-6.451493697762E-1,
-3.104390091872E0));
#6329=CARTESIAN_POINT('',(-1.261350196335E0,-4.853911051143E-1,
-3.115223425205E0));
#6330=CARTESIAN_POINT('',(-1.370799667467E0,-1.295910165784E-1,
-3.136890091872E0));
#6331=CARTESIAN_POINT('',(-1.309527511894E0,4.254938540870E-1,
-3.169390091872E0));
#6332=CARTESIAN_POINT('',(-1.032840147105E0,9.105706441275E-1,
-3.201890091872E0));
#6333=CARTESIAN_POINT('',(-5.862628257695E-1,1.245871884816E0,
-3.234390091872E0));
#6334=CARTESIAN_POINT('',(-4.324997188351E-2,1.376237414168E0,
-3.266890091872E0));
#6335=CARTESIAN_POINT('',(5.068769089453E-1,1.280224972599E0,
-3.299390091872E0));
#6336=CARTESIAN_POINT('',(9.736272793548E-1,9.736272726502E-1,
-3.331890091872E0));
#6337=CARTESIAN_POINT('',(1.280224955816E0,5.068769189808E-1,
-3.364390091872E0));
#6338=CARTESIAN_POINT('',(1.376237474596E0,-4.325000532072E-2,
-3.396890091872E0));
#6339=CARTESIAN_POINT('',(1.245871659888E0,-5.862627020561E-1,
-3.429390091872E0));
#6340=CARTESIAN_POINT('',(9.105714834123E-1,-1.032840608521E0,
-3.461890091872E0));
#6341=CARTESIAN_POINT('',(4.254907218759E-1,-1.309525789942E0,
-3.494390091872E0));
#6342=CARTESIAN_POINT('',(-1.295793270187E-1,-1.370806093858E0,
-3.526890091872E0));
#6343=CARTESIAN_POINT('',(-6.633347754099E-1,-1.206601477157E0,
-3.559390091872E0));
#6344=CARTESIAN_POINT('',(-1.087977789999E0,-8.439220801794E-1,
-3.591890091872E0));
#6345=CARTESIAN_POINT('',(-1.333658523416E0,-3.424253084457E-1,
-3.624390091872E0));
#6346=CARTESIAN_POINT('',(-1.359964767897E0,2.153972586245E-1,
-3.656890091872E0));
#6347=CARTESIAN_POINT('',(-1.162569389594E0,7.377889693704E-1,
-3.689390091872E0));
#6348=CARTESIAN_POINT('',(-7.739421020593E-1,1.138821220212E0,
-3.721890091872E0));
#6349=CARTESIAN_POINT('',(-2.580084987592E-1,1.352527915983E0,
-3.754390091872E0));
#6350=CARTESIAN_POINT('',(3.003651156553E-1,1.343756282308E0,
-3.786890091872E0));
#6351=CARTESIAN_POINT('',(8.093314473326E-1,1.113949171777E0,
-3.819390091872E0));
#6352=CARTESIAN_POINT('',(1.185170243347E0,7.009077280430E-1,
-3.851890091872E0));
#6353=CARTESIAN_POINT('',(1.366059498776E0,1.725734474008E-1,
-3.884390091872E0));
#6354=CARTESIAN_POINT('',(1.322244604576E0,-3.841475687983E-1,
-3.916890091872E0));
#6355=CARTESIAN_POINT('',(1.060932705495E0,-8.776798638207E-1,
-3.949390091872E0));
#6356=CARTESIAN_POINT('',(6.251071914384E-1,-1.226841940984E0,
-3.981890091872E0));
#6357=CARTESIAN_POINT('',(8.645732748690E-2,-1.374199868821E0,
-4.014390091872E0));
#6358=CARTESIAN_POINT('',(-4.664139669876E-1,-1.295514631467E0,
-4.046890091872E0));
#6359=CARTESIAN_POINT('',(-9.425644788600E-1,-1.003729222518E0,
-4.079390091872E0));
#6360=CARTESIAN_POINT('',(-1.263671853971E0,-5.468396423335E-1,
-4.111890091872E0));
#6361=CARTESIAN_POINT('',(-1.376916899796E0,0.E0,-4.144390091872E0));
#6362=CARTESIAN_POINT('',(-1.263671853971E0,5.468396423336E-1,
-4.176890091872E0));
#6363=CARTESIAN_POINT('',(-9.425644788600E-1,1.003729222518E0,
-4.209390091872E0));
#6364=CARTESIAN_POINT('',(-4.664139669876E-1,1.295514631467E0,
-4.241890091872E0));
#6365=CARTESIAN_POINT('',(8.645732748692E-2,1.374199868821E0,
-4.274390091872E0));
#6366=CARTESIAN_POINT('',(6.251071914384E-1,1.226841940984E0,
-4.306890091872E0));
#6367=CARTESIAN_POINT('',(1.060932705495E0,8.776798638207E-1,
-4.339390091872E0));
#6368=CARTESIAN_POINT('',(1.322244604576E0,3.841475687983E-1,
-4.371890091872E0));
#6369=CARTESIAN_POINT('',(1.366059498776E0,-1.725734474008E-1,
-4.404390091872E0));
#6370=CARTESIAN_POINT('',(1.185170243347E0,-7.009077280430E-1,
-4.436890091872E0));
#6371=CARTESIAN_POINT('',(8.093314473326E-1,-1.113949171777E0,
-4.469390091872E0));
#6372=CARTESIAN_POINT('',(3.003651156553E-1,-1.343756282308E0,
-4.501890091872E0));
#6373=CARTESIAN_POINT('',(-2.580084987592E-1,-1.352527915983E0,
-4.534390091872E0));
#6374=CARTESIAN_POINT('',(-7.739421020593E-1,-1.138821220212E0,
-4.566890091872E0));
#6375=CARTESIAN_POINT('',(-1.162569389594E0,-7.377889693703E-1,
-4.599390091872E0));
#6376=CARTESIAN_POINT('',(-1.359964767897E0,-2.153972586245E-1,
-4.631890091872E0));
#6377=CARTESIAN_POINT('',(-1.333658523416E0,3.424253084457E-1,
-4.664390091872E0));
#6378=CARTESIAN_POINT('',(-1.087977789999E0,8.439220801794E-1,
-4.696890091872E0));
#6379=CARTESIAN_POINT('',(-6.633347754099E-1,1.206601477157E0,
-4.729390091872E0));
#6380=CARTESIAN_POINT('',(-1.295793270187E-1,1.370806093858E0,
-4.761890091872E0));
#6381=CARTESIAN_POINT('',(4.254907218759E-1,1.309525789942E0,
-4.794390091872E0));
#6382=CARTESIAN_POINT('',(9.105714834123E-1,1.032840608521E0,
-4.826890091872E0));
#6383=CARTESIAN_POINT('',(1.245871659888E0,5.862627020561E-1,
-4.859390091872E0));
#6384=CARTESIAN_POINT('',(1.376237474596E0,4.325000532070E-2,
-4.891890091872E0));
#6385=CARTESIAN_POINT('',(1.280224955816E0,-5.068769189808E-1,
-4.924390091872E0));
#6386=CARTESIAN_POINT('',(9.736272793548E-1,-9.736272726502E-1,
-4.956890091872E0));
#6387=CARTESIAN_POINT('',(5.068769089453E-1,-1.280224972599E0,
-4.989390091872E0));
#6388=CARTESIAN_POINT('',(-4.324997188353E-2,-1.376237414168E0,
-5.021890091872E0));
#6389=CARTESIAN_POINT('',(-5.862628257695E-1,-1.245871884816E0,
-5.054390091872E0));
#6390=CARTESIAN_POINT('',(-1.032840147105E0,-9.105706441275E-1,
-5.086890091872E0));
#6391=CARTESIAN_POINT('',(-1.309527511894E0,-4.254938540870E-1,
-5.119390091872E0));
#6392=CARTESIAN_POINT('',(-1.370799667467E0,1.295910165784E-1,
-5.151890091872E0));
#6393=CARTESIAN_POINT('',(-1.261350196335E0,4.853911051143E-1,
-5.173556758538E0));
#6394=CARTESIAN_POINT('',(-1.173522347111E0,6.451493697762E-1,
-5.184390091872E0));
#6395=CARTESIAN_POINT('',(-1.249027469871E0,-6.866586622780E-1,
-3.054643919734E0));
#6396=CARTESIAN_POINT('',(-1.342506214925E0,-5.166214562606E-1,
-3.065477253067E0));
#6397=CARTESIAN_POINT('',(-1.458997729844E0,-1.379289793275E-1,
-3.087143919734E0));
#6398=CARTESIAN_POINT('',(-1.393783287497E0,4.528703806317E-1,
-3.119643919734E0));
#6399=CARTESIAN_POINT('',(-1.099293693806E0,9.691572986006E-1,
-3.152143919734E0));
#6400=CARTESIAN_POINT('',(-6.239833231579E-1,1.326032019677E0,
-3.184643919734E0));
#6401=CARTESIAN_POINT('',(-4.603270068665E-2,1.464785344388E0,
-3.217143919734E0));
#6402=CARTESIAN_POINT('',(5.394896694338E-1,1.362595405471E0,
-3.249643919734E0));
#6403=CARTESIAN_POINT('',(1.036271035080E0,1.036271027944E0,-3.282143919734E0));
#6404=CARTESIAN_POINT('',(1.362595387608E0,5.394896801149E-1,
-3.314643919734E0));
#6405=CARTESIAN_POINT('',(1.464785408704E0,-4.603273627523E-2,
-3.347143919734E0));
#6406=CARTESIAN_POINT('',(1.326031780276E0,-6.239831914847E-1,
-3.379643919734E0));
#6407=CARTESIAN_POINT('',(9.691581918855E-1,-1.099294184910E0,
-3.412143919734E0));
#6408=CARTESIAN_POINT('',(4.528670468923E-1,-1.393781454754E0,
-3.444643919734E0));
#6409=CARTESIAN_POINT('',(-1.379165376545E-1,-1.459004569713E0,
-3.477143919734E0));
#6410=CARTESIAN_POINT('',(-7.060141276793E-1,-1.284234930733E0,
-3.509643919734E0));
#6411=CARTESIAN_POINT('',(-1.157978925296E0,-8.982205265794E-1,
-3.542143919734E0));
#6412=CARTESIAN_POINT('',(-1.419466902591E0,-3.644571555716E-1,
-3.574643919734E0));
#6413=CARTESIAN_POINT('',(-1.447465706420E0,2.292560458003E-1,
-3.607143919734E0));
#6414=CARTESIAN_POINT('',(-1.237369792581E0,7.852587485701E-1,
-3.639643919734E0));
#6415=CARTESIAN_POINT('',(-8.237379952257E-1,1.212093651918E0,
-3.672143919734E0));
#6416=CARTESIAN_POINT('',(-2.746089183591E-1,1.439550363049E0,
-3.704643919734E0));
#6417=CARTESIAN_POINT('',(3.196907850695E-1,1.430214357269E0,
-3.737143919734E0));
#6418=CARTESIAN_POINT('',(8.614043119312E-1,1.185621321158E0,
-3.769643919734E0));
#6419=CARTESIAN_POINT('',(1.261424798648E0,7.460045463351E-1,
-3.802143919734E0));
#6420=CARTESIAN_POINT('',(1.453952575893E0,1.836769252027E-1,
-3.834643919734E0));
#6421=CARTESIAN_POINT('',(1.407318605454E0,-4.088638508628E-1,
-3.867143919734E0));
#6422=CARTESIAN_POINT('',(1.129193744039E0,-9.341503060112E-1,
-3.899643919734E0));
#6423=CARTESIAN_POINT('',(6.653269583172E-1,-1.305777677989E0,
-3.932143919734E0));
#6424=CARTESIAN_POINT('',(9.202004313648E-2,-1.462616702167E0,
-3.964643919734E0));
#6425=CARTESIAN_POINT('',(-4.964233178288E-1,-1.378868810045E0,
-3.997143919734E0));
#6426=CARTESIAN_POINT('',(-1.003209635606E0,-1.068309755092E0,
-4.029643919734E0));
#6427=CARTESIAN_POINT('',(-1.344977249388E0,-5.820236287537E-1,
-4.062143919734E0));
#6428=CARTESIAN_POINT('',(-1.465508548524E0,0.E0,-4.094643919734E0));
#6429=CARTESIAN_POINT('',(-1.344977249388E0,5.820236287537E-1,
-4.127143919734E0));
#6430=CARTESIAN_POINT('',(-1.003209635606E0,1.068309755092E0,
-4.159643919734E0));
#6431=CARTESIAN_POINT('',(-4.964233178288E-1,1.378868810045E0,
-4.192143919734E0));
#6432=CARTESIAN_POINT('',(9.202004313650E-2,1.462616702167E0,
-4.224643919734E0));
#6433=CARTESIAN_POINT('',(6.653269583172E-1,1.305777677989E0,
-4.257143919734E0));
#6434=CARTESIAN_POINT('',(1.129193744039E0,9.341503060112E-1,
-4.289643919734E0));
#6435=CARTESIAN_POINT('',(1.407318605454E0,4.088638508627E-1,
-4.322143919734E0));
#6436=CARTESIAN_POINT('',(1.453952575893E0,-1.836769252027E-1,
-4.354643919734E0));
#6437=CARTESIAN_POINT('',(1.261424798648E0,-7.460045463351E-1,
-4.387143919734E0));
#6438=CARTESIAN_POINT('',(8.614043119312E-1,-1.185621321158E0,
-4.419643919734E0));
#6439=CARTESIAN_POINT('',(3.196907850694E-1,-1.430214357269E0,
-4.452143919734E0));
#6440=CARTESIAN_POINT('',(-2.746089183591E-1,-1.439550363049E0,
-4.484643919734E0));
#6441=CARTESIAN_POINT('',(-8.237379952258E-1,-1.212093651918E0,
-4.517143919734E0));
#6442=CARTESIAN_POINT('',(-1.237369792581E0,-7.852587485701E-1,
-4.549643919734E0));
#6443=CARTESIAN_POINT('',(-1.447465706420E0,-2.292560458003E-1,
-4.582143919734E0));
#6444=CARTESIAN_POINT('',(-1.419466902591E0,3.644571555716E-1,
-4.614643919734E0));
#6445=CARTESIAN_POINT('',(-1.157978925296E0,8.982205265795E-1,
-4.647143919734E0));
#6446=CARTESIAN_POINT('',(-7.060141276793E-1,1.284234930733E0,
-4.679643919734E0));
#6447=CARTESIAN_POINT('',(-1.379165376545E-1,1.459004569713E0,
-4.712143919734E0));
#6448=CARTESIAN_POINT('',(4.528670468923E-1,1.393781454754E0,
-4.744643919734E0));
#6449=CARTESIAN_POINT('',(9.691581918855E-1,1.099294184910E0,
-4.777143919734E0));
#6450=CARTESIAN_POINT('',(1.326031780276E0,6.239831914847E-1,
-4.809643919734E0));
#6451=CARTESIAN_POINT('',(1.464785408704E0,4.603273627521E-2,
-4.842143919734E0));
#6452=CARTESIAN_POINT('',(1.362595387608E0,-5.394896801149E-1,
-4.874643919734E0));
#6453=CARTESIAN_POINT('',(1.036271035080E0,-1.036271027944E0,
-4.907143919734E0));
#6454=CARTESIAN_POINT('',(5.394896694337E-1,-1.362595405471E0,
-4.939643919734E0));
#6455=CARTESIAN_POINT('',(-4.603270068667E-2,-1.464785344388E0,
-4.972143919734E0));
#6456=CARTESIAN_POINT('',(-6.239833231579E-1,-1.326032019677E0,
-5.004643919734E0));
#6457=CARTESIAN_POINT('',(-1.099293693806E0,-9.691572986005E-1,
-5.037143919734E0));
#6458=CARTESIAN_POINT('',(-1.393783287497E0,-4.528703806317E-1,
-5.069643919734E0));
#6459=CARTESIAN_POINT('',(-1.458997729844E0,1.379289793275E-1,
-5.102143919734E0));
#6460=CARTESIAN_POINT('',(-1.342506214925E0,5.166214562606E-1,
-5.123810586401E0));
#6461=CARTESIAN_POINT('',(-1.249027469871E0,6.866586622780E-1,
-5.134643919734E0));
#6462=CARTESIAN_POINT('',(-1.324532592631E0,-7.281679547797E-1,
-3.004897747597E0));
#6463=CARTESIAN_POINT('',(-1.423662233514E0,-5.478518074069E-1,
-3.015731080930E0));
#6464=CARTESIAN_POINT('',(-1.547195792222E0,-1.462669420765E-1,
-3.037397747597E0));
#6465=CARTESIAN_POINT('',(-1.478039063100E0,4.802469071765E-1,
-3.069897747597E0));
#6466=CARTESIAN_POINT('',(-1.165747240507E0,1.027743953074E0,
-3.102397747597E0));
#6467=CARTESIAN_POINT('',(-6.617038205462E-1,1.406192154537E0,
-3.134897747597E0));
#6468=CARTESIAN_POINT('',(-4.881542948980E-2,1.553333274608E0,
-3.167397747597E0));
#6469=CARTESIAN_POINT('',(5.721024299222E-1,1.444965838343E0,
-3.199897747597E0));
#6470=CARTESIAN_POINT('',(1.098914790805E0,1.098914783237E0,-3.232397747597E0));
#6471=CARTESIAN_POINT('',(1.444965819400E0,5.721024412491E-1,
-3.264897747597E0));
#6472=CARTESIAN_POINT('',(1.553333342812E0,-4.881546722974E-2,
-3.297397747597E0));
#6473=CARTESIAN_POINT('',(1.406191900665E0,-6.617036809133E-1,
-3.329897747597E0));
#6474=CARTESIAN_POINT('',(1.027744900359E0,-1.165747761299E0,
-3.362397747597E0));
#6475=CARTESIAN_POINT('',(4.802433719087E-1,-1.478037119566E0,
-3.394897747597E0));
#6476=CARTESIAN_POINT('',(-1.462537482904E-1,-1.547203045568E0,
-3.427397747597E0));
#6477=CARTESIAN_POINT('',(-7.486934799488E-1,-1.361868384309E0,
-3.459897747597E0));
#6478=CARTESIAN_POINT('',(-1.227980060593E0,-9.525189729795E-1,
-3.492397747597E0));
#6479=CARTESIAN_POINT('',(-1.505275281765E0,-3.864890026975E-1,
-3.524897747597E0));
#6480=CARTESIAN_POINT('',(-1.534966644943E0,2.431148329761E-1,
-3.557397747597E0));
#6481=CARTESIAN_POINT('',(-1.312170195568E0,8.327285277699E-1,
-3.589897747597E0));
#6482=CARTESIAN_POINT('',(-8.735338883922E-1,1.285366083624E0,
-3.622397747597E0));
#6483=CARTESIAN_POINT('',(-2.912093379591E-1,1.526572810116E0,
-3.654897747597E0));
#6484=CARTESIAN_POINT('',(3.390164544836E-1,1.516672432231E0,
-3.687397747597E0));
#6485=CARTESIAN_POINT('',(9.134771765297E-1,1.257293470539E0,
-3.719897747597E0));
#6486=CARTESIAN_POINT('',(1.337679353950E0,7.911013646272E-1,
-3.752397747597E0));
#6487=CARTESIAN_POINT('',(1.541845653010E0,1.947804030045E-1,
-3.784897747597E0));
#6488=CARTESIAN_POINT('',(1.492392606331E0,-4.335801329272E-1,
-3.817397747597E0));
#6489=CARTESIAN_POINT('',(1.197454782583E0,-9.906207482018E-1,
-3.849897747597E0));
#6490=CARTESIAN_POINT('',(7.055467251959E-1,-1.384713414994E0,
-3.882397747597E0));
#6491=CARTESIAN_POINT('',(9.758275878606E-2,-1.551033535513E0,
-3.914897747597E0));
#6492=CARTESIAN_POINT('',(-5.264326686700E-1,-1.462222988623E0,
-3.947397747597E0));
#6493=CARTESIAN_POINT('',(-1.063854792352E0,-1.132890287666E0,
-3.979897747597E0));
#6494=CARTESIAN_POINT('',(-1.426282644805E0,-6.172076151738E-1,
-4.012397747597E0));
#6495=CARTESIAN_POINT('',(-1.554100197252E0,0.E0,-4.044897747597E0));
#6496=CARTESIAN_POINT('',(-1.426282644805E0,6.172076151738E-1,
-4.077397747597E0));
#6497=CARTESIAN_POINT('',(-1.063854792352E0,1.132890287666E0,
-4.109897747597E0));
#6498=CARTESIAN_POINT('',(-5.264326686700E-1,1.462222988623E0,
-4.142397747597E0));
#6499=CARTESIAN_POINT('',(9.758275878608E-2,1.551033535513E0,
-4.174897747597E0));
#6500=CARTESIAN_POINT('',(7.055467251959E-1,1.384713414994E0,
-4.207397747597E0));
#6501=CARTESIAN_POINT('',(1.197454782583E0,9.906207482018E-1,
-4.239897747597E0));
#6502=CARTESIAN_POINT('',(1.492392606331E0,4.335801329272E-1,
-4.272397747597E0));
#6503=CARTESIAN_POINT('',(1.541845653010E0,-1.947804030046E-1,
-4.304897747597E0));
#6504=CARTESIAN_POINT('',(1.337679353950E0,-7.911013646272E-1,
-4.337397747597E0));
#6505=CARTESIAN_POINT('',(9.134771765297E-1,-1.257293470539E0,
-4.369897747597E0));
#6506=CARTESIAN_POINT('',(3.390164544836E-1,-1.516672432231E0,
-4.402397747597E0));
#6507=CARTESIAN_POINT('',(-2.912093379591E-1,-1.526572810116E0,
-4.434897747597E0));
#6508=CARTESIAN_POINT('',(-8.735338883922E-1,-1.285366083624E0,
-4.467397747597E0));
#6509=CARTESIAN_POINT('',(-1.312170195568E0,-8.327285277699E-1,
-4.499897747597E0));
#6510=CARTESIAN_POINT('',(-1.534966644943E0,-2.431148329761E-1,
-4.532397747597E0));
#6511=CARTESIAN_POINT('',(-1.505275281765E0,3.864890026975E-1,
-4.564897747597E0));
#6512=CARTESIAN_POINT('',(-1.227980060593E0,9.525189729795E-1,
-4.597397747597E0));
#6513=CARTESIAN_POINT('',(-7.486934799487E-1,1.361868384309E0,
-4.629897747597E0));
#6514=CARTESIAN_POINT('',(-1.462537482904E-1,1.547203045568E0,
-4.662397747597E0));
#6515=CARTESIAN_POINT('',(4.802433719087E-1,1.478037119566E0,
-4.694897747597E0));
#6516=CARTESIAN_POINT('',(1.027744900359E0,1.165747761299E0,-4.727397747597E0));
#6517=CARTESIAN_POINT('',(1.406191900665E0,6.617036809133E-1,
-4.759897747597E0));
#6518=CARTESIAN_POINT('',(1.553333342812E0,4.881546722972E-2,
-4.792397747597E0));
#6519=CARTESIAN_POINT('',(1.444965819400E0,-5.721024412491E-1,
-4.824897747597E0));
#6520=CARTESIAN_POINT('',(1.098914790805E0,-1.098914783237E0,
-4.857397747597E0));
#6521=CARTESIAN_POINT('',(5.721024299222E-1,-1.444965838343E0,
-4.889897747597E0));
#6522=CARTESIAN_POINT('',(-4.881542948981E-2,-1.553333274608E0,
-4.922397747597E0));
#6523=CARTESIAN_POINT('',(-6.617038205462E-1,-1.406192154537E0,
-4.954897747597E0));
#6524=CARTESIAN_POINT('',(-1.165747240507E0,-1.027743953074E0,
-4.987397747597E0));
#6525=CARTESIAN_POINT('',(-1.478039063100E0,-4.802469071765E-1,
-5.019897747597E0));
#6526=CARTESIAN_POINT('',(-1.547195792222E0,1.462669420765E-1,
-5.052397747597E0));
#6527=CARTESIAN_POINT('',(-1.423662233514E0,5.478518074069E-1,
-5.074064414263E0));
#6528=CARTESIAN_POINT('',(-1.324532592631E0,7.281679547797E-1,
-5.084897747597E0));
#6529=B_SPLINE_SURFACE_WITH_KNOTS('',3,3,((#6261,#6262,#6263,#6264,#6265,#6266,
#6267,#6268,#6269,#6270,#6271,#6272,#6273,#6274,#6275,#6276,#6277,#6278,#6279,
#6280,#6281,#6282,#6283,#6284,#6285,#6286,#6287,#6288,#6289,#6290,#6291,#6292,
#6293,#6294,#6295,#6296,#6297,#6298,#6299,#6300,#6301,#6302,#6303,#6304,#6305,
#6306,#6307,#6308,#6309,#6310,#6311,#6312,#6313,#6314,#6315,#6316,#6317,#6318,
#6319,#6320,#6321,#6322,#6323,#6324,#6325,#6326,#6327),(#6328,#6329,#6330,#6331,
#6332,#6333,#6334,#6335,#6336,#6337,#6338,#6339,#6340,#6341,#6342,#6343,#6344,
#6345,#6346,#6347,#6348,#6349,#6350,#6351,#6352,#6353,#6354,#6355,#6356,#6357,
#6358,#6359,#6360,#6361,#6362,#6363,#6364,#6365,#6366,#6367,#6368,#6369,#6370,
#6371,#6372,#6373,#6374,#6375,#6376,#6377,#6378,#6379,#6380,#6381,#6382,#6383,
#6384,#6385,#6386,#6387,#6388,#6389,#6390,#6391,#6392,#6393,#6394),(#6395,#6396,
#6397,#6398,#6399,#6400,#6401,#6402,#6403,#6404,#6405,#6406,#6407,#6408,#6409,
#6410,#6411,#6412,#6413,#6414,#6415,#6416,#6417,#6418,#6419,#6420,#6421,#6422,
#6423,#6424,#6425,#6426,#6427,#6428,#6429,#6430,#6431,#6432,#6433,#6434,#6435,
#6436,#6437,#6438,#6439,#6440,#6441,#6442,#6443,#6444,#6445,#6446,#6447,#6448,
#6449,#6450,#6451,#6452,#6453,#6454,#6455,#6456,#6457,#6458,#6459,#6460,#6461),(
#6462,#6463,#6464,#6465,#6466,#6467,#6468,#6469,#6470,#6471,#6472,#6473,#6474,
#6475,#6476,#6477,#6478,#6479,#6480,#6481,#6482,#6483,#6484,#6485,#6486,#6487,
#6488,#6489,#6490,#6491,#6492,#6493,#6494,#6495,#6496,#6497,#6498,#6499,#6500,
#6501,#6502,#6503,#6504,#6505,#6506,#6507,#6508,#6509,#6510,#6511,#6512,#6513,
#6514,#6515,#6516,#6517,#6518,#6519,#6520,#6521,#6522,#6523,#6524,#6525,#6526,
#6527,#6528)),.UNSPECIFIED.,.F.,.F.,.F.,(4,4),(4,1,1,1,1,1,1,1,1,1,1,1,1,1,1,1,
1,1,1,1,1,1,1,1,1,1,1,1,1,1,1,1,1,1,1,1,1,1,1,1,1,1,1,1,1,1,1,1,1,1,1,1,1,1,1,1,
1,1,1,1,1,1,1,1,4),(-4.880826512274E-2,1.048808265123E0),(-2.E-2,-3.75E-3,
1.25E-2,2.875E-2,4.5E-2,6.125E-2,7.75E-2,9.375E-2,1.1E-1,1.2625E-1,1.425E-1,
1.5875E-1,1.75E-1,1.9125E-1,2.075E-1,2.2375E-1,2.4E-1,2.5625E-1,2.725E-1,
2.8875E-1,3.05E-1,3.2125E-1,3.375E-1,3.5375E-1,3.7E-1,3.8625E-1,4.025E-1,
4.1875E-1,4.35E-1,4.5125E-1,4.675E-1,4.8375E-1,5.E-1,5.1625E-1,5.325E-1,
5.4875E-1,5.65E-1,5.8125E-1,5.975E-1,6.1375E-1,6.3E-1,6.4625E-1,6.625E-1,
6.7875E-1,6.95E-1,7.1125E-1,7.275E-1,7.4375E-1,7.6E-1,7.7625E-1,7.925E-1,
8.0875E-1,8.25E-1,8.4125E-1,8.575E-1,8.7375E-1,8.9E-1,9.0625E-1,9.225E-1,
9.3875E-1,9.55E-1,9.7125E-1,9.875E-1,1.00375E0,1.02E0),.UNSPECIFIED.);
#6530=ORIENTED_EDGE('',*,*,#3665,.T.);
#6531=ORIENTED_EDGE('',*,*,#6249,.T.);
#6532=ORIENTED_EDGE('',*,*,#5577,.T.);
#6534=ORIENTED_EDGE('',*,*,#6533,.F.);
#6535=ORIENTED_EDGE('',*,*,#4018,.T.);
#6536=ORIENTED_EDGE('',*,*,#3709,.T.);
#6537=ORIENTED_EDGE('',*,*,#4007,.T.);
#6538=ORIENTED_EDGE('',*,*,#3697,.T.);
#6539=ORIENTED_EDGE('',*,*,#3993,.T.);
#6540=ORIENTED_EDGE('',*,*,#3681,.T.);
#6541=ORIENTED_EDGE('',*,*,#3979,.T.);
#6542=EDGE_LOOP('',(#6530,#6531,#6532,#6534,#6535,#6536,#6537,#6538,#6539,#6540,
#6541));
#6543=FACE_OUTER_BOUND('',#6542,.F.);
#6545=CARTESIAN_POINT('',(-1.098017224351E0,-6.036400772745E-1,
-5.154136264009E0));
#6546=CARTESIAN_POINT('',(-1.180194177745E0,-4.541607539680E-1,
-5.164969597343E0));
#6547=CARTESIAN_POINT('',(-1.282601605090E0,-1.212530538294E-1,
-5.186636264009E0));
#6548=CARTESIAN_POINT('',(-1.225271736291E0,3.981173275423E-1,
-5.219136264009E0));
#6549=CARTESIAN_POINT('',(-9.663866004033E-1,8.519839896545E-1,
-5.251636264009E0));
#6550=CARTESIAN_POINT('',(-5.485423283811E-1,1.165711749955E0,
-5.284136264009E0));
#6551=CARTESIAN_POINT('',(-4.046724308035E-2,1.287689483948E0,
-5.316636264009E0));
#6552=CARTESIAN_POINT('',(4.742641484569E-1,1.197854539727E0,
-5.349136264009E0));
#6553=CARTESIAN_POINT('',(9.109835236298E-1,9.109835173565E-1,
-5.381636264009E0));
#6554=CARTESIAN_POINT('',(1.197854524023E0,4.742641578466E-1,
-5.414136264009E0));
#6555=CARTESIAN_POINT('',(1.287689540488E0,-4.046727436622E-2,
-5.446636264009E0));
#6556=CARTESIAN_POINT('',(1.165711539499E0,-5.485422126275E-1,
-5.479136264009E0));
#6557=CARTESIAN_POINT('',(8.519847749392E-1,-9.663870321318E-1,
-5.511636264009E0));
#6558=CARTESIAN_POINT('',(3.981143968595E-1,-1.225270125131E0,
-5.544136264009E0));
#6559=CARTESIAN_POINT('',(-1.212421163829E-1,-1.282607618003E0,
-5.576636264009E0));
#6560=CARTESIAN_POINT('',(-6.206554231405E-1,-1.128968023580E0,
-5.609136264009E0));
#6561=CARTESIAN_POINT('',(-1.017976654702E0,-7.896236337793E-1,
-5.641636264009E0));
#6562=CARTESIAN_POINT('',(-1.247850144242E0,-3.203934613198E-1,
-5.674136264009E0));
#6563=CARTESIAN_POINT('',(-1.272463829375E0,2.015384714487E-1,
-5.706636264009E0));
#6564=CARTESIAN_POINT('',(-1.087768986607E0,6.903191901706E-1,
-5.739136264009E0));
#6565=CARTESIAN_POINT('',(-7.241462088928E-1,1.065548788506E0,
-5.771636264009E0));
#6566=CARTESIAN_POINT('',(-2.414080791592E-1,1.265505468916E0,
-5.804136264009E0));
#6567=CARTESIAN_POINT('',(2.810394462411E-1,1.257298207347E0,
-5.836636264009E0));
#6568=CARTESIAN_POINT('',(7.572585827341E-1,1.042277022397E0,
-5.869136264009E0));
#6569=CARTESIAN_POINT('',(1.108915688045E0,6.558109097509E-1,
-5.901636264009E0));
#6570=CARTESIAN_POINT('',(1.278166421660E0,1.614699695990E-1,
-5.934136264009E0));
#6571=CARTESIAN_POINT('',(1.237170603699E0,-3.594312867339E-1,
-5.966636264009E0));
#6572=CARTESIAN_POINT('',(9.926716669508E-1,-8.212094216301E-1,
-5.999136264009E0));
#6573=CARTESIAN_POINT('',(5.848874245597E-1,-1.147906203979E0,
-6.031636264009E0));
#6574=CARTESIAN_POINT('',(8.089461183732E-2,-1.285783035475E0,
-6.064136264009E0));
#6575=CARTESIAN_POINT('',(-4.364046161465E-1,-1.212160452889E0,
-6.096636264009E0));
#6576=CARTESIAN_POINT('',(-8.819193221138E-1,-9.391486899438E-1,
-6.129136264009E0));
#6577=CARTESIAN_POINT('',(-1.182366458554E0,-5.116556559134E-1,
-6.161636264009E0));
#6578=CARTESIAN_POINT('',(-1.288325251069E0,0.E0,-6.194136264009E0));
#6579=CARTESIAN_POINT('',(-1.182366458554E0,5.116556559134E-1,
-6.226636264009E0));
#6580=CARTESIAN_POINT('',(-8.819193221138E-1,9.391486899438E-1,
-6.259136264009E0));
#6581=CARTESIAN_POINT('',(-4.364046161465E-1,1.212160452889E0,
-6.291636264009E0));
#6582=CARTESIAN_POINT('',(8.089461183733E-2,1.285783035475E0,
-6.324136264009E0));
#6583=CARTESIAN_POINT('',(5.848874245597E-1,1.147906203979E0,
-6.356636264009E0));
#6584=CARTESIAN_POINT('',(9.926716669508E-1,8.212094216301E-1,
-6.389136264009E0));
#6585=CARTESIAN_POINT('',(1.237170603699E0,3.594312867339E-1,
-6.421636264009E0));
#6586=CARTESIAN_POINT('',(1.278166421660E0,-1.614699695990E-1,
-6.454136264009E0));
#6587=CARTESIAN_POINT('',(1.108915688045E0,-6.558109097509E-1,
-6.486636264009E0));
#6588=CARTESIAN_POINT('',(7.572585827341E-1,-1.042277022397E0,
-6.519136264009E0));
#6589=CARTESIAN_POINT('',(2.810394462411E-1,-1.257298207347E0,
-6.551636264009E0));
#6590=CARTESIAN_POINT('',(-2.414080791592E-1,-1.265505468916E0,
-6.584136264009E0));
#6591=CARTESIAN_POINT('',(-7.241462088928E-1,-1.065548788506E0,
-6.616636264009E0));
#6592=CARTESIAN_POINT('',(-1.087768986607E0,-6.903191901706E-1,
-6.649136264009E0));
#6593=CARTESIAN_POINT('',(-1.272463829375E0,-2.015384714487E-1,
-6.681636264009E0));
#6594=CARTESIAN_POINT('',(-1.247850144242E0,3.203934613198E-1,
-6.714136264009E0));
#6595=CARTESIAN_POINT('',(-1.017976654702E0,7.896236337793E-1,
-6.746636264009E0));
#6596=CARTESIAN_POINT('',(-6.206554231405E-1,1.128968023580E0,
-6.779136264009E0));
#6597=CARTESIAN_POINT('',(-1.212421163829E-1,1.282607618003E0,
-6.811636264009E0));
#6598=CARTESIAN_POINT('',(3.981143968595E-1,1.225270125131E0,
-6.844136264009E0));
#6599=CARTESIAN_POINT('',(8.519847749392E-1,9.663870321318E-1,
-6.876636264009E0));
#6600=CARTESIAN_POINT('',(1.165711539499E0,5.485422126275E-1,
-6.909136264009E0));
#6601=CARTESIAN_POINT('',(1.287689540488E0,4.046727436621E-2,
-6.941636264009E0));
#6602=CARTESIAN_POINT('',(1.197854524023E0,-4.742641578466E-1,
-6.974136264009E0));
#6603=CARTESIAN_POINT('',(9.109835236298E-1,-9.109835173565E-1,
-7.006636264009E0));
#6604=CARTESIAN_POINT('',(4.742641484569E-1,-1.197854539727E0,
-7.039136264009E0));
#6605=CARTESIAN_POINT('',(-4.046724308037E-2,-1.287689483948E0,
-7.071636264009E0));
#6606=CARTESIAN_POINT('',(-5.485423283811E-1,-1.165711749955E0,
-7.104136264009E0));
#6607=CARTESIAN_POINT('',(-9.663866004033E-1,-8.519839896544E-1,
-7.136636264009E0));
#6608=CARTESIAN_POINT('',(-1.225271736291E0,-3.981173275423E-1,
-7.169136264009E0));
#6609=CARTESIAN_POINT('',(-1.282601605090E0,1.212530538294E-1,
-7.201636264009E0));
#6610=CARTESIAN_POINT('',(-1.180194177745E0,4.541607539680E-1,
-7.223302930676E0));
#6611=CARTESIAN_POINT('',(-1.098017224351E0,6.036400772745E-1,
-7.234136264009E0));
#6612=CARTESIAN_POINT('',(-1.173522347111E0,-6.451493697762E-1,
-5.104390091872E0));
#6613=CARTESIAN_POINT('',(-1.261350196335E0,-4.853911051143E-1,
-5.115223425205E0));
#6614=CARTESIAN_POINT('',(-1.370799667467E0,-1.295910165784E-1,
-5.136890091872E0));
#6615=CARTESIAN_POINT('',(-1.309527511894E0,4.254938540870E-1,
-5.169390091872E0));
#6616=CARTESIAN_POINT('',(-1.032840147105E0,9.105706441275E-1,
-5.201890091872E0));
#6617=CARTESIAN_POINT('',(-5.862628257695E-1,1.245871884816E0,
-5.234390091872E0));
#6618=CARTESIAN_POINT('',(-4.324997188349E-2,1.376237414168E0,
-5.266890091872E0));
#6619=CARTESIAN_POINT('',(5.068769089453E-1,1.280224972599E0,
-5.299390091872E0));
#6620=CARTESIAN_POINT('',(9.736272793548E-1,9.736272726502E-1,
-5.331890091872E0));
#6621=CARTESIAN_POINT('',(1.280224955816E0,5.068769189808E-1,
-5.364390091872E0));
#6622=CARTESIAN_POINT('',(1.376237474596E0,-4.325000532073E-2,
-5.396890091872E0));
#6623=CARTESIAN_POINT('',(1.245871659888E0,-5.862627020561E-1,
-5.429390091872E0));
#6624=CARTESIAN_POINT('',(9.105714834123E-1,-1.032840608521E0,
-5.461890091872E0));
#6625=CARTESIAN_POINT('',(4.254907218759E-1,-1.309525789942E0,
-5.494390091872E0));
#6626=CARTESIAN_POINT('',(-1.295793270187E-1,-1.370806093858E0,
-5.526890091872E0));
#6627=CARTESIAN_POINT('',(-6.633347754099E-1,-1.206601477156E0,
-5.559390091872E0));
#6628=CARTESIAN_POINT('',(-1.087977789999E0,-8.439220801793E-1,
-5.591890091872E0));
#6629=CARTESIAN_POINT('',(-1.333658523416E0,-3.424253084457E-1,
-5.624390091872E0));
#6630=CARTESIAN_POINT('',(-1.359964767897E0,2.153972586245E-1,
-5.656890091872E0));
#6631=CARTESIAN_POINT('',(-1.162569389594E0,7.377889693704E-1,
-5.689390091872E0));
#6632=CARTESIAN_POINT('',(-7.739421020593E-1,1.138821220212E0,
-5.721890091872E0));
#6633=CARTESIAN_POINT('',(-2.580084987592E-1,1.352527915983E0,
-5.754390091872E0));
#6634=CARTESIAN_POINT('',(3.003651156553E-1,1.343756282308E0,
-5.786890091872E0));
#6635=CARTESIAN_POINT('',(8.093314473326E-1,1.113949171777E0,
-5.819390091872E0));
#6636=CARTESIAN_POINT('',(1.185170243347E0,7.009077280430E-1,
-5.851890091872E0));
#6637=CARTESIAN_POINT('',(1.366059498776E0,1.725734474008E-1,
-5.884390091872E0));
#6638=CARTESIAN_POINT('',(1.322244604576E0,-3.841475687983E-1,
-5.916890091872E0));
#6639=CARTESIAN_POINT('',(1.060932705495E0,-8.776798638207E-1,
-5.949390091872E0));
#6640=CARTESIAN_POINT('',(6.251071914384E-1,-1.226841940984E0,
-5.981890091872E0));
#6641=CARTESIAN_POINT('',(8.645732748690E-2,-1.374199868821E0,
-6.014390091872E0));
#6642=CARTESIAN_POINT('',(-4.664139669876E-1,-1.295514631467E0,
-6.046890091872E0));
#6643=CARTESIAN_POINT('',(-9.425644788600E-1,-1.003729222518E0,
-6.079390091872E0));
#6644=CARTESIAN_POINT('',(-1.263671853971E0,-5.468396423335E-1,
-6.111890091872E0));
#6645=CARTESIAN_POINT('',(-1.376916899796E0,0.E0,-6.144390091872E0));
#6646=CARTESIAN_POINT('',(-1.263671853971E0,5.468396423335E-1,
-6.176890091872E0));
#6647=CARTESIAN_POINT('',(-9.425644788600E-1,1.003729222518E0,
-6.209390091872E0));
#6648=CARTESIAN_POINT('',(-4.664139669876E-1,1.295514631467E0,
-6.241890091872E0));
#6649=CARTESIAN_POINT('',(8.645732748691E-2,1.374199868821E0,
-6.274390091872E0));
#6650=CARTESIAN_POINT('',(6.251071914384E-1,1.226841940984E0,
-6.306890091872E0));
#6651=CARTESIAN_POINT('',(1.060932705495E0,8.776798638207E-1,
-6.339390091872E0));
#6652=CARTESIAN_POINT('',(1.322244604576E0,3.841475687983E-1,
-6.371890091872E0));
#6653=CARTESIAN_POINT('',(1.366059498776E0,-1.725734474008E-1,
-6.404390091872E0));
#6654=CARTESIAN_POINT('',(1.185170243347E0,-7.009077280430E-1,
-6.436890091872E0));
#6655=CARTESIAN_POINT('',(8.093314473326E-1,-1.113949171777E0,
-6.469390091872E0));
#6656=CARTESIAN_POINT('',(3.003651156553E-1,-1.343756282308E0,
-6.501890091872E0));
#6657=CARTESIAN_POINT('',(-2.580084987592E-1,-1.352527915983E0,
-6.534390091872E0));
#6658=CARTESIAN_POINT('',(-7.739421020593E-1,-1.138821220212E0,
-6.566890091872E0));
#6659=CARTESIAN_POINT('',(-1.162569389594E0,-7.377889693704E-1,
-6.599390091872E0));
#6660=CARTESIAN_POINT('',(-1.359964767897E0,-2.153972586245E-1,
-6.631890091872E0));
#6661=CARTESIAN_POINT('',(-1.333658523416E0,3.424253084457E-1,
-6.664390091872E0));
#6662=CARTESIAN_POINT('',(-1.087977789999E0,8.439220801794E-1,
-6.696890091872E0));
#6663=CARTESIAN_POINT('',(-6.633347754099E-1,1.206601477156E0,
-6.729390091872E0));
#6664=CARTESIAN_POINT('',(-1.295793270187E-1,1.370806093858E0,
-6.761890091872E0));
#6665=CARTESIAN_POINT('',(4.254907218759E-1,1.309525789942E0,
-6.794390091872E0));
#6666=CARTESIAN_POINT('',(9.105714834123E-1,1.032840608521E0,
-6.826890091872E0));
#6667=CARTESIAN_POINT('',(1.245871659888E0,5.862627020561E-1,
-6.859390091872E0));
#6668=CARTESIAN_POINT('',(1.376237474596E0,4.325000532072E-2,
-6.891890091872E0));
#6669=CARTESIAN_POINT('',(1.280224955816E0,-5.068769189808E-1,
-6.924390091872E0));
#6670=CARTESIAN_POINT('',(9.736272793548E-1,-9.736272726502E-1,
-6.956890091872E0));
#6671=CARTESIAN_POINT('',(5.068769089453E-1,-1.280224972599E0,
-6.989390091872E0));
#6672=CARTESIAN_POINT('',(-4.324997188351E-2,-1.376237414168E0,
-7.021890091872E0));
#6673=CARTESIAN_POINT('',(-5.862628257695E-1,-1.245871884816E0,
-7.054390091872E0));
#6674=CARTESIAN_POINT('',(-1.032840147105E0,-9.105706441275E-1,
-7.086890091872E0));
#6675=CARTESIAN_POINT('',(-1.309527511894E0,-4.254938540870E-1,
-7.119390091872E0));
#6676=CARTESIAN_POINT('',(-1.370799667467E0,1.295910165784E-1,
-7.151890091872E0));
#6677=CARTESIAN_POINT('',(-1.261350196335E0,4.853911051143E-1,
-7.173556758538E0));
#6678=CARTESIAN_POINT('',(-1.173522347111E0,6.451493697762E-1,
-7.184390091872E0));
#6679=CARTESIAN_POINT('',(-1.249027469871E0,-6.866586622780E-1,
-5.054643919734E0));
#6680=CARTESIAN_POINT('',(-1.342506214925E0,-5.166214562606E-1,
-5.065477253067E0));
#6681=CARTESIAN_POINT('',(-1.458997729844E0,-1.379289793274E-1,
-5.087143919734E0));
#6682=CARTESIAN_POINT('',(-1.393783287497E0,4.528703806318E-1,
-5.119643919734E0));
#6683=CARTESIAN_POINT('',(-1.099293693806E0,9.691572986006E-1,
-5.152143919734E0));
#6684=CARTESIAN_POINT('',(-6.239833231578E-1,1.326032019677E0,
-5.184643919734E0));
#6685=CARTESIAN_POINT('',(-4.603270068663E-2,1.464785344388E0,
-5.217143919734E0));
#6686=CARTESIAN_POINT('',(5.394896694338E-1,1.362595405471E0,
-5.249643919734E0));
#6687=CARTESIAN_POINT('',(1.036271035080E0,1.036271027944E0,-5.282143919734E0));
#6688=CARTESIAN_POINT('',(1.362595387608E0,5.394896801149E-1,
-5.314643919734E0));
#6689=CARTESIAN_POINT('',(1.464785408704E0,-4.603273627524E-2,
-5.347143919734E0));
#6690=CARTESIAN_POINT('',(1.326031780276E0,-6.239831914847E-1,
-5.379643919734E0));
#6691=CARTESIAN_POINT('',(9.691581918855E-1,-1.099294184910E0,
-5.412143919734E0));
#6692=CARTESIAN_POINT('',(4.528670468923E-1,-1.393781454754E0,
-5.444643919734E0));
#6693=CARTESIAN_POINT('',(-1.379165376546E-1,-1.459004569713E0,
-5.477143919734E0));
#6694=CARTESIAN_POINT('',(-7.060141276793E-1,-1.284234930733E0,
-5.509643919734E0));
#6695=CARTESIAN_POINT('',(-1.157978925296E0,-8.982205265794E-1,
-5.542143919734E0));
#6696=CARTESIAN_POINT('',(-1.419466902591E0,-3.644571555716E-1,
-5.574643919734E0));
#6697=CARTESIAN_POINT('',(-1.447465706420E0,2.292560458003E-1,
-5.607143919734E0));
#6698=CARTESIAN_POINT('',(-1.237369792581E0,7.852587485701E-1,
-5.639643919734E0));
#6699=CARTESIAN_POINT('',(-8.237379952257E-1,1.212093651918E0,
-5.672143919734E0));
#6700=CARTESIAN_POINT('',(-2.746089183591E-1,1.439550363049E0,
-5.704643919734E0));
#6701=CARTESIAN_POINT('',(3.196907850695E-1,1.430214357269E0,
-5.737143919734E0));
#6702=CARTESIAN_POINT('',(8.614043119312E-1,1.185621321158E0,
-5.769643919734E0));
#6703=CARTESIAN_POINT('',(1.261424798648E0,7.460045463351E-1,
-5.802143919734E0));
#6704=CARTESIAN_POINT('',(1.453952575893E0,1.836769252027E-1,
-5.834643919734E0));
#6705=CARTESIAN_POINT('',(1.407318605454E0,-4.088638508628E-1,
-5.867143919734E0));
#6706=CARTESIAN_POINT('',(1.129193744039E0,-9.341503060112E-1,
-5.899643919734E0));
#6707=CARTESIAN_POINT('',(6.653269583172E-1,-1.305777677989E0,
-5.932143919734E0));
#6708=CARTESIAN_POINT('',(9.202004313649E-2,-1.462616702167E0,
-5.964643919734E0));
#6709=CARTESIAN_POINT('',(-4.964233178288E-1,-1.378868810045E0,
-5.997143919734E0));
#6710=CARTESIAN_POINT('',(-1.003209635606E0,-1.068309755092E0,
-6.029643919734E0));
#6711=CARTESIAN_POINT('',(-1.344977249388E0,-5.820236287537E-1,
-6.062143919734E0));
#6712=CARTESIAN_POINT('',(-1.465508548524E0,0.E0,-6.094643919734E0));
#6713=CARTESIAN_POINT('',(-1.344977249388E0,5.820236287537E-1,
-6.127143919734E0));
#6714=CARTESIAN_POINT('',(-1.003209635606E0,1.068309755092E0,
-6.159643919734E0));
#6715=CARTESIAN_POINT('',(-4.964233178288E-1,1.378868810045E0,
-6.192143919734E0));
#6716=CARTESIAN_POINT('',(9.202004313649E-2,1.462616702167E0,
-6.224643919734E0));
#6717=CARTESIAN_POINT('',(6.653269583172E-1,1.305777677989E0,
-6.257143919734E0));
#6718=CARTESIAN_POINT('',(1.129193744039E0,9.341503060112E-1,
-6.289643919734E0));
#6719=CARTESIAN_POINT('',(1.407318605454E0,4.088638508628E-1,
-6.322143919734E0));
#6720=CARTESIAN_POINT('',(1.453952575893E0,-1.836769252027E-1,
-6.354643919734E0));
#6721=CARTESIAN_POINT('',(1.261424798648E0,-7.460045463351E-1,
-6.387143919734E0));
#6722=CARTESIAN_POINT('',(8.614043119312E-1,-1.185621321158E0,
-6.419643919734E0));
#6723=CARTESIAN_POINT('',(3.196907850694E-1,-1.430214357269E0,
-6.452143919734E0));
#6724=CARTESIAN_POINT('',(-2.746089183591E-1,-1.439550363049E0,
-6.484643919734E0));
#6725=CARTESIAN_POINT('',(-8.237379952257E-1,-1.212093651918E0,
-6.517143919734E0));
#6726=CARTESIAN_POINT('',(-1.237369792581E0,-7.852587485701E-1,
-6.549643919734E0));
#6727=CARTESIAN_POINT('',(-1.447465706420E0,-2.292560458003E-1,
-6.582143919734E0));
#6728=CARTESIAN_POINT('',(-1.419466902591E0,3.644571555716E-1,
-6.614643919734E0));
#6729=CARTESIAN_POINT('',(-1.157978925296E0,8.982205265794E-1,
-6.647143919734E0));
#6730=CARTESIAN_POINT('',(-7.060141276793E-1,1.284234930733E0,
-6.679643919734E0));
#6731=CARTESIAN_POINT('',(-1.379165376546E-1,1.459004569713E0,
-6.712143919734E0));
#6732=CARTESIAN_POINT('',(4.528670468923E-1,1.393781454754E0,
-6.744643919734E0));
#6733=CARTESIAN_POINT('',(9.691581918854E-1,1.099294184910E0,
-6.777143919734E0));
#6734=CARTESIAN_POINT('',(1.326031780276E0,6.239831914847E-1,
-6.809643919734E0));
#6735=CARTESIAN_POINT('',(1.464785408704E0,4.603273627524E-2,
-6.842143919734E0));
#6736=CARTESIAN_POINT('',(1.362595387608E0,-5.394896801149E-1,
-6.874643919734E0));
#6737=CARTESIAN_POINT('',(1.036271035080E0,-1.036271027944E0,
-6.907143919734E0));
#6738=CARTESIAN_POINT('',(5.394896694338E-1,-1.362595405471E0,
-6.939643919734E0));
#6739=CARTESIAN_POINT('',(-4.603270068665E-2,-1.464785344388E0,
-6.972143919734E0));
#6740=CARTESIAN_POINT('',(-6.239833231578E-1,-1.326032019677E0,
-7.004643919734E0));
#6741=CARTESIAN_POINT('',(-1.099293693806E0,-9.691572986006E-1,
-7.037143919734E0));
#6742=CARTESIAN_POINT('',(-1.393783287497E0,-4.528703806318E-1,
-7.069643919734E0));
#6743=CARTESIAN_POINT('',(-1.458997729844E0,1.379289793275E-1,
-7.102143919734E0));
#6744=CARTESIAN_POINT('',(-1.342506214925E0,5.166214562606E-1,
-7.123810586401E0));
#6745=CARTESIAN_POINT('',(-1.249027469871E0,6.866586622780E-1,
-7.134643919734E0));
#6746=CARTESIAN_POINT('',(-1.324532592631E0,-7.281679547797E-1,
-5.004897747597E0));
#6747=CARTESIAN_POINT('',(-1.423662233514E0,-5.478518074069E-1,
-5.015731080930E0));
#6748=CARTESIAN_POINT('',(-1.547195792222E0,-1.462669420765E-1,
-5.037397747597E0));
#6749=CARTESIAN_POINT('',(-1.478039063100E0,4.802469071765E-1,
-5.069897747597E0));
#6750=CARTESIAN_POINT('',(-1.165747240507E0,1.027743953074E0,
-5.102397747597E0));
#6751=CARTESIAN_POINT('',(-6.617038205462E-1,1.406192154537E0,
-5.134897747597E0));
#6752=CARTESIAN_POINT('',(-4.881542948977E-2,1.553333274608E0,
-5.167397747597E0));
#6753=CARTESIAN_POINT('',(5.721024299222E-1,1.444965838343E0,
-5.199897747597E0));
#6754=CARTESIAN_POINT('',(1.098914790805E0,1.098914783237E0,-5.232397747597E0));
#6755=CARTESIAN_POINT('',(1.444965819400E0,5.721024412490E-1,
-5.264897747597E0));
#6756=CARTESIAN_POINT('',(1.553333342812E0,-4.881546722976E-2,
-5.297397747597E0));
#6757=CARTESIAN_POINT('',(1.406191900665E0,-6.617036809133E-1,
-5.329897747597E0));
#6758=CARTESIAN_POINT('',(1.027744900359E0,-1.165747761299E0,
-5.362397747597E0));
#6759=CARTESIAN_POINT('',(4.802433719087E-1,-1.478037119566E0,
-5.394897747597E0));
#6760=CARTESIAN_POINT('',(-1.462537482904E-1,-1.547203045568E0,
-5.427397747597E0));
#6761=CARTESIAN_POINT('',(-7.486934799488E-1,-1.361868384309E0,
-5.459897747597E0));
#6762=CARTESIAN_POINT('',(-1.227980060593E0,-9.525189729795E-1,
-5.492397747597E0));
#6763=CARTESIAN_POINT('',(-1.505275281765E0,-3.864890026975E-1,
-5.524897747597E0));
#6764=CARTESIAN_POINT('',(-1.534966644943E0,2.431148329761E-1,
-5.557397747597E0));
#6765=CARTESIAN_POINT('',(-1.312170195568E0,8.327285277699E-1,
-5.589897747597E0));
#6766=CARTESIAN_POINT('',(-8.735338883922E-1,1.285366083624E0,
-5.622397747597E0));
#6767=CARTESIAN_POINT('',(-2.912093379591E-1,1.526572810116E0,
-5.654897747597E0));
#6768=CARTESIAN_POINT('',(3.390164544836E-1,1.516672432231E0,
-5.687397747597E0));
#6769=CARTESIAN_POINT('',(9.134771765297E-1,1.257293470539E0,
-5.719897747597E0));
#6770=CARTESIAN_POINT('',(1.337679353950E0,7.911013646272E-1,
-5.752397747597E0));
#6771=CARTESIAN_POINT('',(1.541845653010E0,1.947804030045E-1,
-5.784897747597E0));
#6772=CARTESIAN_POINT('',(1.492392606331E0,-4.335801329272E-1,
-5.817397747597E0));
#6773=CARTESIAN_POINT('',(1.197454782583E0,-9.906207482018E-1,
-5.849897747597E0));
#6774=CARTESIAN_POINT('',(7.055467251959E-1,-1.384713414994E0,
-5.882397747597E0));
#6775=CARTESIAN_POINT('',(9.758275878607E-2,-1.551033535513E0,
-5.914897747597E0));
#6776=CARTESIAN_POINT('',(-5.264326686700E-1,-1.462222988623E0,
-5.947397747597E0));
#6777=CARTESIAN_POINT('',(-1.063854792352E0,-1.132890287666E0,
-5.979897747597E0));
#6778=CARTESIAN_POINT('',(-1.426282644805E0,-6.172076151738E-1,
-6.012397747597E0));
#6779=CARTESIAN_POINT('',(-1.554100197252E0,0.E0,-6.044897747597E0));
#6780=CARTESIAN_POINT('',(-1.426282644805E0,6.172076151738E-1,
-6.077397747597E0));
#6781=CARTESIAN_POINT('',(-1.063854792352E0,1.132890287666E0,
-6.109897747597E0));
#6782=CARTESIAN_POINT('',(-5.264326686700E-1,1.462222988623E0,
-6.142397747597E0));
#6783=CARTESIAN_POINT('',(9.758275878608E-2,1.551033535513E0,
-6.174897747597E0));
#6784=CARTESIAN_POINT('',(7.055467251959E-1,1.384713414994E0,
-6.207397747597E0));
#6785=CARTESIAN_POINT('',(1.197454782583E0,9.906207482018E-1,
-6.239897747597E0));
#6786=CARTESIAN_POINT('',(1.492392606331E0,4.335801329272E-1,
-6.272397747597E0));
#6787=CARTESIAN_POINT('',(1.541845653010E0,-1.947804030046E-1,
-6.304897747597E0));
#6788=CARTESIAN_POINT('',(1.337679353950E0,-7.911013646272E-1,
-6.337397747597E0));
#6789=CARTESIAN_POINT('',(9.134771765297E-1,-1.257293470539E0,
-6.369897747597E0));
#6790=CARTESIAN_POINT('',(3.390164544836E-1,-1.516672432231E0,
-6.402397747597E0));
#6791=CARTESIAN_POINT('',(-2.912093379591E-1,-1.526572810116E0,
-6.434897747597E0));
#6792=CARTESIAN_POINT('',(-8.735338883922E-1,-1.285366083624E0,
-6.467397747597E0));
#6793=CARTESIAN_POINT('',(-1.312170195568E0,-8.327285277699E-1,
-6.499897747597E0));
#6794=CARTESIAN_POINT('',(-1.534966644943E0,-2.431148329761E-1,
-6.532397747597E0));
#6795=CARTESIAN_POINT('',(-1.505275281765E0,3.864890026975E-1,
-6.564897747597E0));
#6796=CARTESIAN_POINT('',(-1.227980060593E0,9.525189729795E-1,
-6.597397747597E0));
#6797=CARTESIAN_POINT('',(-7.486934799487E-1,1.361868384309E0,
-6.629897747597E0));
#6798=CARTESIAN_POINT('',(-1.462537482904E-1,1.547203045568E0,
-6.662397747597E0));
#6799=CARTESIAN_POINT('',(4.802433719087E-1,1.478037119566E0,
-6.694897747597E0));
#6800=CARTESIAN_POINT('',(1.027744900359E0,1.165747761299E0,-6.727397747597E0));
#6801=CARTESIAN_POINT('',(1.406191900665E0,6.617036809133E-1,
-6.759897747597E0));
#6802=CARTESIAN_POINT('',(1.553333342812E0,4.881546722975E-2,
-6.792397747597E0));
#6803=CARTESIAN_POINT('',(1.444965819400E0,-5.721024412490E-1,
-6.824897747597E0));
#6804=CARTESIAN_POINT('',(1.098914790805E0,-1.098914783237E0,
-6.857397747597E0));
#6805=CARTESIAN_POINT('',(5.721024299222E-1,-1.444965838343E0,
-6.889897747597E0));
#6806=CARTESIAN_POINT('',(-4.881542948979E-2,-1.553333274608E0,
-6.922397747597E0));
#6807=CARTESIAN_POINT('',(-6.617038205462E-1,-1.406192154537E0,
-6.954897747597E0));
#6808=CARTESIAN_POINT('',(-1.165747240507E0,-1.027743953074E0,
-6.987397747597E0));
#6809=CARTESIAN_POINT('',(-1.478039063100E0,-4.802469071765E-1,
-7.019897747597E0));
#6810=CARTESIAN_POINT('',(-1.547195792222E0,1.462669420765E-1,
-7.052397747597E0));
#6811=CARTESIAN_POINT('',(-1.423662233514E0,5.478518074069E-1,
-7.074064414263E0));
#6812=CARTESIAN_POINT('',(-1.324532592631E0,7.281679547797E-1,
-7.084897747597E0));
#6813=B_SPLINE_SURFACE_WITH_KNOTS('',3,3,((#6545,#6546,#6547,#6548,#6549,#6550,
#6551,#6552,#6553,#6554,#6555,#6556,#6557,#6558,#6559,#6560,#6561,#6562,#6563,
#6564,#6565,#6566,#6567,#6568,#6569,#6570,#6571,#6572,#6573,#6574,#6575,#6576,
#6577,#6578,#6579,#6580,#6581,#6582,#6583,#6584,#6585,#6586,#6587,#6588,#6589,
#6590,#6591,#6592,#6593,#6594,#6595,#6596,#6597,#6598,#6599,#6600,#6601,#6602,
#6603,#6604,#6605,#6606,#6607,#6608,#6609,#6610,#6611),(#6612,#6613,#6614,#6615,
#6616,#6617,#6618,#6619,#6620,#6621,#6622,#6623,#6624,#6625,#6626,#6627,#6628,
#6629,#6630,#6631,#6632,#6633,#6634,#6635,#6636,#6637,#6638,#6639,#6640,#6641,
#6642,#6643,#6644,#6645,#6646,#6647,#6648,#6649,#6650,#6651,#6652,#6653,#6654,
#6655,#6656,#6657,#6658,#6659,#6660,#6661,#6662,#6663,#6664,#6665,#6666,#6667,
#6668,#6669,#6670,#6671,#6672,#6673,#6674,#6675,#6676,#6677,#6678),(#6679,#6680,
#6681,#6682,#6683,#6684,#6685,#6686,#6687,#6688,#6689,#6690,#6691,#6692,#6693,
#6694,#6695,#6696,#6697,#6698,#6699,#6700,#6701,#6702,#6703,#6704,#6705,#6706,
#6707,#6708,#6709,#6710,#6711,#6712,#6713,#6714,#6715,#6716,#6717,#6718,#6719,
#6720,#6721,#6722,#6723,#6724,#6725,#6726,#6727,#6728,#6729,#6730,#6731,#6732,
#6733,#6734,#6735,#6736,#6737,#6738,#6739,#6740,#6741,#6742,#6743,#6744,#6745),(
#6746,#6747,#6748,#6749,#6750,#6751,#6752,#6753,#6754,#6755,#6756,#6757,#6758,
#6759,#6760,#6761,#6762,#6763,#6764,#6765,#6766,#6767,#6768,#6769,#6770,#6771,
#6772,#6773,#6774,#6775,#6776,#6777,#6778,#6779,#6780,#6781,#6782,#6783,#6784,
#6785,#6786,#6787,#6788,#6789,#6790,#6791,#6792,#6793,#6794,#6795,#6796,#6797,
#6798,#6799,#6800,#6801,#6802,#6803,#6804,#6805,#6806,#6807,#6808,#6809,#6810,
#6811,#6812)),.UNSPECIFIED.,.F.,.F.,.F.,(4,4),(4,1,1,1,1,1,1,1,1,1,1,1,1,1,1,1,
1,1,1,1,1,1,1,1,1,1,1,1,1,1,1,1,1,1,1,1,1,1,1,1,1,1,1,1,1,1,1,1,1,1,1,1,1,1,1,1,
1,1,1,1,1,1,1,1,4),(-4.880826512273E-2,1.048808265123E0),(-2.E-2,-3.75E-3,
1.25E-2,2.875E-2,4.5E-2,6.125E-2,7.75E-2,9.375E-2,1.1E-1,1.2625E-1,1.425E-1,
1.5875E-1,1.75E-1,1.9125E-1,2.075E-1,2.2375E-1,2.4E-1,2.5625E-1,2.725E-1,
2.8875E-1,3.05E-1,3.2125E-1,3.375E-1,3.5375E-1,3.7E-1,3.8625E-1,4.025E-1,
4.1875E-1,4.35E-1,4.5125E-1,4.675E-1,4.8375E-1,5.E-1,5.1625E-1,5.325E-1,
5.4875E-1,5.65E-1,5.8125E-1,5.975E-1,6.1375E-1,6.3E-1,6.4625E-1,6.625E-1,
6.7875E-1,6.95E-1,7.1125E-1,7.275E-1,7.4375E-1,7.6E-1,7.7625E-1,7.925E-1,
8.0875E-1,8.25E-1,8.4125E-1,8.575E-1,8.7375E-1,8.9E-1,9.0625E-1,9.225E-1,
9.3875E-1,9.55E-1,9.7125E-1,9.875E-1,1.00375E0,1.02E0),.UNSPECIFIED.);
#6814=ORIENTED_EDGE('',*,*,#3729,.T.);
#6815=ORIENTED_EDGE('',*,*,#6533,.T.);
#6816=ORIENTED_EDGE('',*,*,#5299,.T.);
#6818=ORIENTED_EDGE('',*,*,#6817,.F.);
#6819=ORIENTED_EDGE('',*,*,#4074,.T.);
#6820=ORIENTED_EDGE('',*,*,#3773,.T.);
#6821=ORIENTED_EDGE('',*,*,#4063,.T.);
#6822=ORIENTED_EDGE('',*,*,#3761,.T.);
#6823=ORIENTED_EDGE('',*,*,#4049,.T.);
#6824=ORIENTED_EDGE('',*,*,#3745,.T.);
#6825=ORIENTED_EDGE('',*,*,#4035,.T.);
#6826=EDGE_LOOP('',(#6814,#6815,#6816,#6818,#6819,#6820,#6821,#6822,#6823,#6824,
#6825));
#6827=FACE_OUTER_BOUND('',#6826,.F.);
#6829=CARTESIAN_POINT('',(-1.233749136396E0,-2.188292400605E-1,
-7.180166944241E0));
#6830=CARTESIAN_POINT('',(-1.275364393416E0,1.579565465210E-2,
-7.195300373990E0));
#6831=CARTESIAN_POINT('',(-1.220980473294E0,5.089411187169E-1,
-7.225567233487E0));
#6832=CARTESIAN_POINT('',(-7.527187310089E-1,1.087827727656E0,
-7.270967522733E0));
#6833=CARTESIAN_POINT('',(-4.601074207538E-2,1.322036813505E0,
-7.316367811978E0));
#6834=CARTESIAN_POINT('',(6.752666086875E-1,1.137509852983E0,
-7.361768101224E0));
#6835=CARTESIAN_POINT('',(1.182650431531E0,5.926624194971E-1,
-7.407168390469E0));
#6836=CARTESIAN_POINT('',(1.315422165123E0,-1.399125004582E-1,
-7.452568679715E0));
#6837=CARTESIAN_POINT('',(1.031525992953E0,-8.281698073008E-1,
-7.497968968961E0));
#6838=CARTESIAN_POINT('',(4.208876368769E-1,-1.254099123544E0,
-7.543369258206E0));
#6839=CARTESIAN_POINT('',(-3.230694231589E-1,-1.282784959252E0,
-7.588769547452E0));
#6840=CARTESIAN_POINT('',(-9.646923379819E-1,-9.051406925555E-1,
-7.634169836698E0));
#6841=CARTESIAN_POINT('',(-1.300742824559E0,-2.407880625011E-1,
-7.679570125943E0));
#6842=CARTESIAN_POINT('',(-1.224775983539E0,4.998374221564E-1,
-7.724970415189E0));
#6843=CARTESIAN_POINT('',(-7.608505102608E-1,1.082129763792E0,
-7.770370704434E0));
#6844=CARTESIAN_POINT('',(-5.593354756174E-2,1.321675486391E0,
-7.815770993680E0));
#6845=CARTESIAN_POINT('',(6.667475588088E-1,1.142480665617E0,
-7.861171282926E0));
#6846=CARTESIAN_POINT('',(1.007620823398E0,7.819872856724E-1,
-7.891438142423E0));
#6847=CARTESIAN_POINT('',(1.115973399309E0,5.697600722213E-1,
-7.906571572171E0));
#6848=CARTESIAN_POINT('',(-1.318587860172E0,-2.338770264411E-1,
-7.130420772104E0));
#6849=CARTESIAN_POINT('',(-1.363064789141E0,1.688184238863E-2,
-7.145554201852E0));
#6850=CARTESIAN_POINT('',(-1.304941160321E0,5.439384400650E-1,
-7.175821061349E0));
#6851=CARTESIAN_POINT('',(-8.044794128345E-1,1.162632169970E0,
-7.221221350595E0));
#6852=CARTESIAN_POINT('',(-4.917466942701E-2,1.412946636851E0,
-7.266621639841E0));
#6853=CARTESIAN_POINT('',(7.217012975558E-1,1.215730685211E0,
-7.312021929086E0));
#6854=CARTESIAN_POINT('',(1.263975354341E0,6.334168336784E-1,
-7.357422218332E0));
#6855=CARTESIAN_POINT('',(1.405877132364E0,-1.495335795164E-1,
-7.402822507578E0));
#6856=CARTESIAN_POINT('',(1.102458848104E0,-8.851188802112E-1,
-7.448222796823E0));
#6857=CARTESIAN_POINT('',(4.498299630862E-1,-1.340337213600E0,
-7.493623086069E0));
#6858=CARTESIAN_POINT('',(-3.452852827235E-1,-1.370995629973E0,
-7.539023375314E0));
#6859=CARTESIAN_POINT('',(-1.031029378777E0,-9.673826661702E-1,
-7.584423664560E0));
#6860=CARTESIAN_POINT('',(-1.390188367369E0,-2.573458466735E-1,
-7.629823953806E0));
#6861=CARTESIAN_POINT('',(-1.308997668718E0,5.342087280731E-1,
-7.675224243051E0));
#6862=CARTESIAN_POINT('',(-8.131703736521E-1,1.156542385785E0,
-7.720624532297E0));
#6863=CARTESIAN_POINT('',(-5.977981634641E-2,1.412560463089E0,
-7.766024821542E0));
#6864=CARTESIAN_POINT('',(7.125964354579E-1,1.221043315633E0,
-7.811425110788E0));
#6865=CARTESIAN_POINT('',(1.076909840254E0,8.357606188152E-1,
-7.841691970285E0));
#6866=CARTESIAN_POINT('',(1.192713277922E0,6.089396071529E-1,
-7.856825400034E0));
#6867=CARTESIAN_POINT('',(-1.403426583949E0,-2.489248128218E-1,
-7.080674599966E0));
#6868=CARTESIAN_POINT('',(-1.450765184866E0,1.796803012515E-2,
-7.095808029715E0));
#6869=CARTESIAN_POINT('',(-1.388901847348E0,5.789357614131E-1,
-7.126074889212E0));
#6870=CARTESIAN_POINT('',(-8.562400946601E-1,1.237436612284E0,
-7.171475178458E0));
#6871=CARTESIAN_POINT('',(-5.233859677864E-2,1.503856460197E0,
-7.216875467703E0));
#6872=CARTESIAN_POINT('',(7.681359864241E-1,1.293951517440E0,
-7.262275756949E0));
#6873=CARTESIAN_POINT('',(1.345300277152E0,6.741712478597E-1,
-7.307676046194E0));
#6874=CARTESIAN_POINT('',(1.496332099605E0,-1.591546585746E-1,
-7.353076335440E0));
#6875=CARTESIAN_POINT('',(1.173391703255E0,-9.420679531217E-1,
-7.398476624686E0));
#6876=CARTESIAN_POINT('',(4.787722892955E-1,-1.426575303656E0,
-7.443876913931E0));
#6877=CARTESIAN_POINT('',(-3.675011422880E-1,-1.459206300694E0,
-7.489277203177E0));
#6878=CARTESIAN_POINT('',(-1.097366419571E0,-1.029624639785E0,
-7.534677492422E0));
#6879=CARTESIAN_POINT('',(-1.479633910180E0,-2.739036308458E-1,
-7.580077781668E0));
#6880=CARTESIAN_POINT('',(-1.393219353897E0,5.685800339899E-1,
-7.625478070914E0));
#6881=CARTESIAN_POINT('',(-8.654902370435E-1,1.230955007778E0,
-7.670878360159E0));
#6882=CARTESIAN_POINT('',(-6.362608513109E-2,1.503445439786E0,
-7.716278649405E0));
#6883=CARTESIAN_POINT('',(7.584453121070E-1,1.299605965649E0,
-7.761678938651E0));
#6884=CARTESIAN_POINT('',(1.146198857110E0,8.895339519580E-1,
-7.791945798148E0));
#6885=CARTESIAN_POINT('',(1.269453156535E0,6.481191420844E-1,
-7.807079227896E0));
#6886=CARTESIAN_POINT('',(-1.488265307726E0,-2.639725992024E-1,
-7.030928427829E0));
#6887=CARTESIAN_POINT('',(-1.538465580591E0,1.905421786168E-2,
-7.046061857577E0));
#6888=CARTESIAN_POINT('',(-1.472862534374E0,6.139330827612E-1,
-7.076328717074E0));
#6889=CARTESIAN_POINT('',(-9.080007764857E-1,1.312241054597E0,
-7.121729006320E0));
#6890=CARTESIAN_POINT('',(-5.550252413027E-2,1.594766283544E0,
-7.167129295566E0));
#6891=CARTESIAN_POINT('',(8.145706752923E-1,1.372172349669E0,
-7.212529584811E0));
#6892=CARTESIAN_POINT('',(1.426625199962E0,7.149256620411E-1,
-7.257929874057E0));
#6893=CARTESIAN_POINT('',(1.586787066846E0,-1.687757376329E-1,
-7.303330163302E0));
#6894=CARTESIAN_POINT('',(1.244324558406E0,-9.990170260321E-1,
-7.348730452548E0));
#6895=CARTESIAN_POINT('',(5.077146155048E-1,-1.512813393712E0,
-7.394130741794E0));
#6896=CARTESIAN_POINT('',(-3.897170018526E-1,-1.547416971415E0,
-7.439531031039E0));
#6897=CARTESIAN_POINT('',(-1.163703460366E0,-1.091866613400E0,
-7.484931320285E0));
#6898=CARTESIAN_POINT('',(-1.569079452991E0,-2.904614150181E-1,
-7.530331609531E0));
#6899=CARTESIAN_POINT('',(-1.477441039076E0,6.029513399066E-1,
-7.575731898776E0));
#6900=CARTESIAN_POINT('',(-9.178101004348E-1,1.305367629771E0,
-7.621132188022E0));
#6901=CARTESIAN_POINT('',(-6.747235391576E-2,1.594330416484E0,
-7.666532477267E0));
#6902=CARTESIAN_POINT('',(8.042941887561E-1,1.378168615666E0,
-7.711932766513E0));
#6903=CARTESIAN_POINT('',(1.215487873966E0,9.433072851008E-1,
-7.742199626010E0));
#6904=CARTESIAN_POINT('',(1.346193035148E0,6.872986770159E-1,
-7.757333055759E0));
#6905=B_SPLINE_SURFACE_WITH_KNOTS('',3,3,((#6829,#6830,#6831,#6832,#6833,#6834,
#6835,#6836,#6837,#6838,#6839,#6840,#6841,#6842,#6843,#6844,#6845,#6846,#6847),(
#6848,#6849,#6850,#6851,#6852,#6853,#6854,#6855,#6856,#6857,#6858,#6859,#6860,
#6861,#6862,#6863,#6864,#6865,#6866),(#6867,#6868,#6869,#6870,#6871,#6872,#6873,
#6874,#6875,#6876,#6877,#6878,#6879,#6880,#6881,#6882,#6883,#6884,#6885),(#6886,
#6887,#6888,#6889,#6890,#6891,#6892,#6893,#6894,#6895,#6896,#6897,#6898,#6899,
#6900,#6901,#6902,#6903,#6904)),.UNSPECIFIED.,.F.,.F.,.F.,(4,4),(4,1,1,1,1,1,1,
1,1,1,1,1,1,1,1,1,4),(-4.880826512273E-2,1.048808265123E0),(-6.984659883942E-3,
1.571548473887E-2,3.841562936168E-2,6.111577398449E-2,8.381591860730E-2,
1.065160632301E-1,1.292162078529E-1,1.519163524757E-1,1.746164970985E-1,
1.973166417213E-1,2.200167863442E-1,2.427169309670E-1,2.654170755898E-1,
2.881172202126E-1,3.108173648354E-1,3.335175094582E-1,3.562176540810E-1),
.UNSPECIFIED.);
#6906=ORIENTED_EDGE('',*,*,#3788,.F.);
#6907=ORIENTED_EDGE('',*,*,#6817,.T.);
#6909=ORIENTED_EDGE('',*,*,#6908,.T.);
#6910=ORIENTED_EDGE('',*,*,#3456,.T.);
#6911=ORIENTED_EDGE('',*,*,#3475,.T.);
#6912=EDGE_LOOP('',(#6906,#6907,#6909,#6910,#6911));
#6913=FACE_OUTER_BOUND('',#6912,.F.);
#6915=CARTESIAN_POINT('',(-1.469666975315E0,-3.001316072453E-1,
-7.048775859392E0));
#6916=CARTESIAN_POINT('',(-1.535166124015E0,2.060080957099E-2,
-7.066142429644E0));
#6917=CARTESIAN_POINT('',(-1.448333088257E0,7.053074422887E-1,
-7.100875570147E0));
#6918=CARTESIAN_POINT('',(-7.193165877390E-1,1.441584964466E0,
-7.152975280901E0));
#6919=CARTESIAN_POINT('',(3.072177925386E-1,1.581464455043E0,
-7.205074991655E0));
#6920=CARTESIAN_POINT('',(1.206691025198E0,1.067403055238E0,-7.257174702410E0));
#6921=CARTESIAN_POINT('',(1.607148023739E0,1.119064231921E-1,
-7.309274413164E0));
#6922=CARTESIAN_POINT('',(1.342977781550E0,-8.898638250355E-1,
-7.361374123918E0));
#6923=CARTESIAN_POINT('',(5.234274834615E-1,-1.523637532311E0,
-7.413473834673E0));
#6924=CARTESIAN_POINT('',(-5.125831199129E-1,-1.527319847635E0,
-7.465573545427E0));
#6925=CARTESIAN_POINT('',(-1.336618137763E0,-8.993884667445E-1,
-7.517673256182E0));
#6926=CARTESIAN_POINT('',(-1.607902596289E0,1.004797974251E-1,
-7.569772966936E0));
#6927=CARTESIAN_POINT('',(-1.214249648006E0,1.058794413509E0,
-7.621872677690E0));
#6928=CARTESIAN_POINT('',(-3.184476072792E-1,1.579254138523E0,
-7.673972388445E0));
#6929=CARTESIAN_POINT('',(7.090333424179E-1,1.446611320969E0,
-7.726072099199E0));
#6930=CARTESIAN_POINT('',(1.443346991456E0,7.157744235617E-1,
-7.778171809953E0));
#6931=CARTESIAN_POINT('',(1.580589902090E0,-3.112280258860E-1,
-7.830271520708E0));
#6932=CARTESIAN_POINT('',(1.236779143219E0,-9.096904817435E-1,
-7.865004661211E0));
#6933=CARTESIAN_POINT('',(9.910527755507E-1,-1.125972644460E0,
-7.882371231462E0));
#6934=CARTESIAN_POINT('',(-1.469666975315E0,-3.001316072453E-1,
-7.005571499643E0));
#6935=CARTESIAN_POINT('',(-1.535166124015E0,2.060080957099E-2,
-7.022938069894E0));
#6936=CARTESIAN_POINT('',(-1.448333088257E0,7.053074422887E-1,
-7.057671210397E0));
#6937=CARTESIAN_POINT('',(-7.193165877390E-1,1.441584964466E0,
-7.109770921151E0));
#6938=CARTESIAN_POINT('',(3.072177925386E-1,1.581464455043E0,
-7.161870631906E0));
#6939=CARTESIAN_POINT('',(1.206691025198E0,1.067403055238E0,-7.213970342660E0));
#6940=CARTESIAN_POINT('',(1.607148023739E0,1.119064231921E-1,
-7.266070053415E0));
#6941=CARTESIAN_POINT('',(1.342977781550E0,-8.898638250355E-1,
-7.318169764169E0));
#6942=CARTESIAN_POINT('',(5.234274834615E-1,-1.523637532311E0,
-7.370269474923E0));
#6943=CARTESIAN_POINT('',(-5.125831199129E-1,-1.527319847635E0,
-7.422369185678E0));
#6944=CARTESIAN_POINT('',(-1.336618137763E0,-8.993884667445E-1,
-7.474468896432E0));
#6945=CARTESIAN_POINT('',(-1.607902596289E0,1.004797974251E-1,
-7.526568607186E0));
#6946=CARTESIAN_POINT('',(-1.214249648006E0,1.058794413509E0,
-7.578668317941E0));
#6947=CARTESIAN_POINT('',(-3.184476072792E-1,1.579254138523E0,
-7.630768028695E0));
#6948=CARTESIAN_POINT('',(7.090333424179E-1,1.446611320969E0,
-7.682867739450E0));
#6949=CARTESIAN_POINT('',(1.443346991456E0,7.157744235617E-1,
-7.734967450204E0));
#6950=CARTESIAN_POINT('',(1.580589902090E0,-3.112280258860E-1,
-7.787067160958E0));
#6951=CARTESIAN_POINT('',(1.236779143219E0,-9.096904817435E-1,
-7.821800301461E0));
#6952=CARTESIAN_POINT('',(9.910527755507E-1,-1.125972644460E0,
-7.839166871713E0));
#6953=CARTESIAN_POINT('',(-1.469666975315E0,-3.001316072453E-1,
-6.962367139893E0));
#6954=CARTESIAN_POINT('',(-1.535166124015E0,2.060080957099E-2,
-6.979733710145E0));
#6955=CARTESIAN_POINT('',(-1.448333088257E0,7.053074422887E-1,
-7.014466850648E0));
#6956=CARTESIAN_POINT('',(-7.193165877390E-1,1.441584964466E0,
-7.066566561402E0));
#6957=CARTESIAN_POINT('',(3.072177925386E-1,1.581464455043E0,
-7.118666272156E0));
#6958=CARTESIAN_POINT('',(1.206691025198E0,1.067403055238E0,-7.170765982911E0));
#6959=CARTESIAN_POINT('',(1.607148023739E0,1.119064231921E-1,
-7.222865693665E0));
#6960=CARTESIAN_POINT('',(1.342977781550E0,-8.898638250355E-1,
-7.274965404419E0));
#6961=CARTESIAN_POINT('',(5.234274834615E-1,-1.523637532311E0,
-7.327065115174E0));
#6962=CARTESIAN_POINT('',(-5.125831199129E-1,-1.527319847635E0,
-7.379164825928E0));
#6963=CARTESIAN_POINT('',(-1.336618137763E0,-8.993884667445E-1,
-7.431264536683E0));
#6964=CARTESIAN_POINT('',(-1.607902596289E0,1.004797974251E-1,
-7.483364247437E0));
#6965=CARTESIAN_POINT('',(-1.214249648006E0,1.058794413509E0,
-7.535463958191E0));
#6966=CARTESIAN_POINT('',(-3.184476072792E-1,1.579254138523E0,
-7.587563668946E0));
#6967=CARTESIAN_POINT('',(7.090333424179E-1,1.446611320969E0,
-7.639663379700E0));
#6968=CARTESIAN_POINT('',(1.443346991456E0,7.157744235617E-1,
-7.691763090454E0));
#6969=CARTESIAN_POINT('',(1.580589902090E0,-3.112280258860E-1,
-7.743862801209E0));
#6970=CARTESIAN_POINT('',(1.236779143219E0,-9.096904817435E-1,
-7.778595941712E0));
#6971=CARTESIAN_POINT('',(9.910527755507E-1,-1.125972644460E0,
-7.795962511963E0));
#6972=CARTESIAN_POINT('',(-1.469666975315E0,-3.001316072453E-1,
-6.919162780144E0));
#6973=CARTESIAN_POINT('',(-1.535166124015E0,2.060080957099E-2,
-6.936529350395E0));
#6974=CARTESIAN_POINT('',(-1.448333088257E0,7.053074422887E-1,
-6.971262490898E0));
#6975=CARTESIAN_POINT('',(-7.193165877390E-1,1.441584964466E0,
-7.023362201652E0));
#6976=CARTESIAN_POINT('',(3.072177925386E-1,1.581464455043E0,
-7.075461912407E0));
#6977=CARTESIAN_POINT('',(1.206691025198E0,1.067403055238E0,-7.127561623161E0));
#6978=CARTESIAN_POINT('',(1.607148023739E0,1.119064231921E-1,
-7.179661333916E0));
#6979=CARTESIAN_POINT('',(1.342977781550E0,-8.898638250355E-1,
-7.231761044670E0));
#6980=CARTESIAN_POINT('',(5.234274834615E-1,-1.523637532311E0,
-7.283860755424E0));
#6981=CARTESIAN_POINT('',(-5.125831199129E-1,-1.527319847635E0,
-7.335960466179E0));
#6982=CARTESIAN_POINT('',(-1.336618137763E0,-8.993884667445E-1,
-7.388060176933E0));
#6983=CARTESIAN_POINT('',(-1.607902596289E0,1.004797974251E-1,
-7.440159887687E0));
#6984=CARTESIAN_POINT('',(-1.214249648006E0,1.058794413509E0,
-7.492259598442E0));
#6985=CARTESIAN_POINT('',(-3.184476072792E-1,1.579254138523E0,
-7.544359309196E0));
#6986=CARTESIAN_POINT('',(7.090333424179E-1,1.446611320969E0,
-7.596459019951E0));
#6987=CARTESIAN_POINT('',(1.443346991456E0,7.157744235617E-1,
-7.648558730705E0));
#6988=CARTESIAN_POINT('',(1.580589902090E0,-3.112280258860E-1,
-7.700658441459E0));
#6989=CARTESIAN_POINT('',(1.236779143219E0,-9.096904817435E-1,
-7.735391581962E0));
#6990=CARTESIAN_POINT('',(9.910527755507E-1,-1.125972644460E0,
-7.752758152214E0));
#6991=B_SPLINE_SURFACE_WITH_KNOTS('',3,3,((#6915,#6916,#6917,#6918,#6919,#6920,
#6921,#6922,#6923,#6924,#6925,#6926,#6927,#6928,#6929,#6930,#6931,#6932,#6933),(
#6934,#6935,#6936,#6937,#6938,#6939,#6940,#6941,#6942,#6943,#6944,#6945,#6946,
#6947,#6948,#6949,#6950,#6951,#6952),(#6953,#6954,#6955,#6956,#6957,#6958,#6959,
#6960,#6961,#6962,#6963,#6964,#6965,#6966,#6967,#6968,#6969,#6970,#6971),(#6972,
#6973,#6974,#6975,#6976,#6977,#6978,#6979,#6980,#6981,#6982,#6983,#6984,#6985,
#6986,#6987,#6988,#6989,#6990)),.UNSPECIFIED.,.F.,.F.,.F.,(4,4),(4,1,1,1,1,1,1,
1,1,1,1,1,1,1,1,1,4),(-1.287744501626E-1,1.128774450163E0),(-8.015340116058E-3,
1.803451526113E-2,4.408437063832E-2,7.013422601551E-2,9.618408139270E-2,
1.222339367699E-1,1.482837921471E-1,1.743336475243E-1,2.003835029015E-1,
2.264333582787E-1,2.524832136558E-1,2.785330690330E-1,3.045829244102E-1,
3.306327797874E-1,3.566826351646E-1,3.827324905418E-1,4.087823459190E-1),
.UNSPECIFIED.);
#6992=ORIENTED_EDGE('',*,*,#3458,.T.);
#6993=ORIENTED_EDGE('',*,*,#6908,.F.);
#6994=ORIENTED_EDGE('',*,*,#5297,.T.);
#6995=ORIENTED_EDGE('',*,*,#3569,.T.);
#6996=ORIENTED_EDGE('',*,*,#3480,.T.);
#6997=EDGE_LOOP('',(#6992,#6993,#6994,#6995,#6996));
#6998=FACE_OUTER_BOUND('',#6997,.F.);
#7002=FILL_AREA_STYLE_COLOUR('',#13);
#7003=FILL_AREA_STYLE('',(#7002));
#7004=SURFACE_STYLE_FILL_AREA(#7003);
#7005=SURFACE_SIDE_STYLE('',(#7004));
#7006=SURFACE_STYLE_USAGE(.BOTH.,#7005);
#7007=PRESENTATION_STYLE_ASSIGNMENT((#7006));
#20=STYLED_ITEM('',(#7007),#7001);
#7010=PLANE_ANGLE_MEASURE_WITH_UNIT(PLANE_ANGLE_MEASURE(1.745329251994E-2),
#7009);
#7011=(CONVERSION_BASED_UNIT('DEGREE',#7010)NAMED_UNIT(*)PLANE_ANGLE_UNIT());
#7013=UNCERTAINTY_MEASURE_WITH_UNIT(LENGTH_MEASURE(1.105999759776E-3),#7008,
'closure',
'Maximum model space distance between geometric entities at asserted connectivities');
#7016=MECHANICAL_DESIGN_GEOMETRIC_PRESENTATION_REPRESENTATION('',(#28,#35,#42,
#49,#56,#63,#71,#79,#86,#93,#100,#107,#114,#121,#128,#135,#142,#149,#156,#163,
#171,#179,#201,#209,#224,#244,#251,#258,#266,#331,#338,#363,#388,#413,#438,#463,
#488,#513,#538,#563,#588,#613,#638,#663,#688,#713,#738,#763,#788,#813,#838,#863,
#888,#913,#938,#963,#988,#1018,#1026,#1047,#1077,#1098,#1105,#1130,#1137,#1162,
#1169,#1194,#1201,#1226,#1233,#1258,#1265,#1290,#1297,#1322,#1329,#1354,#1361,
#1386,#1393,#1418,#1425,#1450,#1457,#1482,#1489,#1514,#1521,#1546,#1553,#1578,
#1585,#1610,#1617,#1642,#1649,#1674,#1681,#1706,#1713,#1738,#1745,#1770,#1777,
#1802,#1809,#1834,#1841,#1866,#1873,#1898,#1905,#1930,#1937,#1995,#2146,#2153,
#2304,#2311,#2462,#2469,#2476,#2627,#2634,#2785,#2792,#2943,#3008,#3023,#3031,
#3051,#3059,#3067,#3074,#3081,#3103,#3110,#3117,#3124,#3131,#3189,#3196,#20),
#7014);
#7017=APPLICATION_CONTEXT('automotive design');
#7018=APPLICATION_PROTOCOL_DEFINITION('international standard',
'config_control_design',1994,#7017);
#7019=PRODUCT_DEFINITION_CONTEXT('',#7017,'design');
#7020=PRODUCT_CONTEXT('',#7017,'mechanical');
#7021=PRODUCT('R30-100','R30-100','NOT SPECIFIED',(#7020));
#7022=PRODUCT_DEFINITION_FORMATION_WITH_SPECIFIED_SOURCE('8','LAST_VERSION',
#7021,.MADE.);
#7030=DERIVED_UNIT_ELEMENT(#7029,2.E0);
#7031=AREA_UNIT((#7030));
#7032=MEASURE_REPRESENTATION_ITEM('surface area measure',AREA_MEASURE(
2.702143496654E2),#7031);
#7037=DERIVED_UNIT_ELEMENT(#7036,3.E0);
#7038=VOLUME_UNIT((#7037));
#7039=MEASURE_REPRESENTATION_ITEM('volume measure',VOLUME_MEASURE(
1.239550827598E2),#7038);
#7043=CARTESIAN_POINT('centre point',(7.108816601658E-4,8.776311867052E-7,
-4.E0));
#7048=DERIVED_UNIT_ELEMENT(#7047,2.E0);
#7049=AREA_UNIT((#7048));
#7050=MEASURE_REPRESENTATION_ITEM('surface area measure',AREA_MEASURE(
2.702143496654E2),#7049);
#7055=DERIVED_UNIT_ELEMENT(#7054,3.E0);
#7056=VOLUME_UNIT((#7055));
#7057=MEASURE_REPRESENTATION_ITEM('volume measure',VOLUME_MEASURE(
1.239550827598E2),#7056);
#7061=CARTESIAN_POINT('centre point',(7.108816601658E-4,8.776311867052E-7,
-4.E0));
#1=COLOUR_RGB('',1.294117647059E-1,1.294117647059E-1,1.294117647059E-1);
#2=COLOUR_RGB('',1.73616E-1,4.26579E-1,1.E0);
#3=COLOUR_RGB('',1.882352941176E-1,1.882352941176E-1,1.882352941176E-1);
#4=COLOUR_RGB('',2.196078431373E-1,6.509803921569E-1,2.980392156863E-1);
#5=COLOUR_RGB('',2.5E-1,7.4E-1,3.4E-1);
#6=COLOUR_RGB('',2.96117E-1,2.96117E-1,2.96117E-1);
#7=COLOUR_RGB('',4.588235294118E-1,4.588235294118E-1,4.588235294118E-1);
#8=COLOUR_RGB('',4.627450980392E-1,5.725490196078E-1,2.039215686275E-1);
#9=COLOUR_RGB('',4.823529411765E-1,7.843137254902E-2,7.450980392157E-2);
#10=COLOUR_RGB('',4.85437E-1,3.0377E-1,1.57841E-1);
#11=COLOUR_RGB('',6.35294E-1,6.86275E-1,7.4902E-1);
#12=COLOUR_RGB('',8.039215686275E-1,7.725490196078E-1,6.039215686275E-1);
#13=COLOUR_RGB('',9.27184E-1,9.27184E-1,9.27184E-1);
#14=COLOUR_RGB('',9.32515E-1,9.41748E-1,9.41748E-1);
#15=COLOUR_RGB('',9.607843137255E-1,7.607843137255E-1,1.686274509804E-1);
#16=COLOUR_RGB('',9.74868E-1,1.E0,8.54254E-1);
#17=COLOUR_RGB('',1.E0,2.30389E-1,2.01445E-1);
#18=COLOUR_RGB('',1.E0,8.07843E-1,4.58824E-1);
#19=DRAUGHTING_PRE_DEFINED_COLOUR('white');
#68=CIRCLE('',#67,1.75E0);
#76=CIRCLE('',#75,1.75E0);
#168=CIRCLE('',#167,1.75E0);
#176=CIRCLE('',#175,1.75E0);
#198=B_SPLINE_CURVE_WITH_KNOTS('',3,(#180,#181,#182,#183,#184,#185,#186,#187,
#188,#189,#190,#191,#192,#193,#194,#195,#196,#197),.UNSPECIFIED.,.F.,.F.,(4,1,1,
1,1,1,1,1,1,1,1,1,1,1,1,4),(0.E0,6.666666666667E-2,1.333333333333E-1,2.E-1,
2.666666666667E-1,3.333333333333E-1,4.E-1,4.666666666667E-1,5.333333333333E-1,
6.E-1,6.666666666667E-1,7.333333333333E-1,8.E-1,8.666666666667E-1,
9.333333333333E-1,1.E0),.UNSPECIFIED.);
#206=CIRCLE('',#205,1.5E0);
#221=B_SPLINE_CURVE_WITH_KNOTS('',3,(#210,#211,#212,#213,#214,#215,#216,#217,
#218,#219,#220),.UNSPECIFIED.,.F.,.F.,(4,1,1,1,1,1,1,1,4),(0.E0,1.25E-1,2.5E-1,
3.75E-1,5.E-1,6.25E-1,7.5E-1,8.75E-1,1.E0),.UNSPECIFIED.);
#241=B_SPLINE_CURVE_WITH_KNOTS('',3,(#225,#226,#227,#228,#229,#230,#231,#232,
#233,#234,#235,#236,#237,#238,#239,#240),.UNSPECIFIED.,.F.,.F.,(4,1,1,1,1,1,1,1,
1,1,1,1,1,4),(0.E0,7.692307692308E-2,1.538461538462E-1,2.307692307692E-1,
3.076923076923E-1,3.846153846154E-1,4.615384615385E-1,5.384615384615E-1,
6.153846153846E-1,6.923076923077E-1,7.692307692308E-1,8.461538461538E-1,
9.230769230769E-1,1.E0),.UNSPECIFIED.);
#263=CIRCLE('',#262,1.5E0);
#328=B_SPLINE_CURVE_WITH_KNOTS('',3,(#267,#268,#269,#270,#271,#272,#273,#274,
#275,#276,#277,#278,#279,#280,#281,#282,#283,#284,#285,#286,#287,#288,#289,#290,
#291,#292,#293,#294,#295,#296,#297,#298,#299,#300,#301,#302,#303,#304,#305,#306,
#307,#308,#309,#310,#311,#312,#313,#314,#315,#316,#317,#318,#319,#320,#321,#322,
#323,#324,#325,#326,#327),.UNSPECIFIED.,.F.,.F.,(4,1,1,1,1,1,1,1,1,1,1,1,1,1,1,
1,1,1,1,1,1,1,1,1,1,1,1,1,1,1,1,1,1,1,1,1,1,1,1,1,1,1,1,1,1,1,1,1,1,1,1,1,1,1,1,
1,1,1,4),(0.E0,1.724137931034E-2,3.448275862069E-2,5.172413793103E-2,
6.896551724138E-2,8.620689655172E-2,1.034482758621E-1,1.206896551724E-1,
1.379310344828E-1,1.551724137931E-1,1.724137931034E-1,1.896551724138E-1,
2.068965517241E-1,2.241379310345E-1,2.413793103448E-1,2.586206896552E-1,
2.758620689655E-1,2.931034482759E-1,3.103448275862E-1,3.275862068966E-1,
3.448275862069E-1,3.620689655172E-1,3.793103448276E-1,3.965517241379E-1,
4.137931034483E-1,4.310344827586E-1,4.482758620690E-1,4.655172413793E-1,
4.827586206897E-1,5.E-1,5.172413793103E-1,5.344827586207E-1,5.517241379310E-1,
5.689655172414E-1,5.862068965517E-1,6.034482758621E-1,6.206896551724E-1,
6.379310344828E-1,6.551724137931E-1,6.724137931034E-1,6.896551724138E-1,
7.068965517241E-1,7.241379310345E-1,7.413793103448E-1,7.586206896552E-1,
7.758620689655E-1,7.931034482759E-1,8.103448275862E-1,8.275862068966E-1,
8.448275862069E-1,8.620689655172E-1,8.793103448276E-1,8.965517241379E-1,
9.137931034483E-1,9.310344827586E-1,9.482758620690E-1,9.655172413793E-1,
9.827586206897E-1,1.E0),.UNSPECIFIED.);
#360=B_SPLINE_CURVE_WITH_KNOTS('',3,(#339,#340,#341,#342,#343,#344,#345,#346,
#347,#348,#349,#350,#351,#352,#353,#354,#355,#356,#357,#358,#359),.UNSPECIFIED.,
.F.,.F.,(4,1,1,1,1,1,1,1,1,1,1,1,1,1,1,1,1,1,4),(0.E0,5.555555555556E-2,
1.111111111111E-1,1.666666666667E-1,2.222222222222E-1,2.777777777778E-1,
3.333333333333E-1,3.888888888889E-1,4.444444444444E-1,5.E-1,5.555555555556E-1,
6.111111111111E-1,6.666666666667E-1,7.222222222222E-1,7.777777777778E-1,
8.333333333333E-1,8.888888888889E-1,9.444444444444E-1,1.E0),.UNSPECIFIED.);
#385=B_SPLINE_CURVE_WITH_KNOTS('',3,(#364,#365,#366,#367,#368,#369,#370,#371,
#372,#373,#374,#375,#376,#377,#378,#379,#380,#381,#382,#383,#384),.UNSPECIFIED.,
.F.,.F.,(4,1,1,1,1,1,1,1,1,1,1,1,1,1,1,1,1,1,4),(0.E0,5.555555555556E-2,
1.111111111111E-1,1.666666666667E-1,2.222222222222E-1,2.777777777778E-1,
3.333333333333E-1,3.888888888889E-1,4.444444444444E-1,5.E-1,5.555555555556E-1,
6.111111111111E-1,6.666666666667E-1,7.222222222222E-1,7.777777777778E-1,
8.333333333333E-1,8.888888888889E-1,9.444444444444E-1,1.E0),.UNSPECIFIED.);
#410=B_SPLINE_CURVE_WITH_KNOTS('',3,(#389,#390,#391,#392,#393,#394,#395,#396,
#397,#398,#399,#400,#401,#402,#403,#404,#405,#406,#407,#408,#409),.UNSPECIFIED.,
.F.,.F.,(4,1,1,1,1,1,1,1,1,1,1,1,1,1,1,1,1,1,4),(0.E0,5.555555555556E-2,
1.111111111111E-1,1.666666666667E-1,2.222222222222E-1,2.777777777778E-1,
3.333333333333E-1,3.888888888889E-1,4.444444444444E-1,5.E-1,5.555555555556E-1,
6.111111111111E-1,6.666666666667E-1,7.222222222222E-1,7.777777777778E-1,
8.333333333333E-1,8.888888888889E-1,9.444444444444E-1,1.E0),.UNSPECIFIED.);
#435=B_SPLINE_CURVE_WITH_KNOTS('',3,(#414,#415,#416,#417,#418,#419,#420,#421,
#422,#423,#424,#425,#426,#427,#428,#429,#430,#431,#432,#433,#434),.UNSPECIFIED.,
.F.,.F.,(4,1,1,1,1,1,1,1,1,1,1,1,1,1,1,1,1,1,4),(0.E0,5.555555555556E-2,
1.111111111111E-1,1.666666666667E-1,2.222222222222E-1,2.777777777778E-1,
3.333333333333E-1,3.888888888889E-1,4.444444444444E-1,5.E-1,5.555555555556E-1,
6.111111111111E-1,6.666666666667E-1,7.222222222222E-1,7.777777777778E-1,
8.333333333333E-1,8.888888888889E-1,9.444444444444E-1,1.E0),.UNSPECIFIED.);
#460=B_SPLINE_CURVE_WITH_KNOTS('',3,(#439,#440,#441,#442,#443,#444,#445,#446,
#447,#448,#449,#450,#451,#452,#453,#454,#455,#456,#457,#458,#459),.UNSPECIFIED.,
.F.,.F.,(4,1,1,1,1,1,1,1,1,1,1,1,1,1,1,1,1,1,4),(0.E0,5.555555555556E-2,
1.111111111111E-1,1.666666666667E-1,2.222222222222E-1,2.777777777778E-1,
3.333333333333E-1,3.888888888889E-1,4.444444444444E-1,5.E-1,5.555555555556E-1,
6.111111111111E-1,6.666666666667E-1,7.222222222222E-1,7.777777777778E-1,
8.333333333333E-1,8.888888888889E-1,9.444444444444E-1,1.E0),.UNSPECIFIED.);
#485=B_SPLINE_CURVE_WITH_KNOTS('',3,(#464,#465,#466,#467,#468,#469,#470,#471,
#472,#473,#474,#475,#476,#477,#478,#479,#480,#481,#482,#483,#484),.UNSPECIFIED.,
.F.,.F.,(4,1,1,1,1,1,1,1,1,1,1,1,1,1,1,1,1,1,4),(0.E0,5.555555555556E-2,
1.111111111111E-1,1.666666666667E-1,2.222222222222E-1,2.777777777778E-1,
3.333333333333E-1,3.888888888889E-1,4.444444444444E-1,5.E-1,5.555555555556E-1,
6.111111111111E-1,6.666666666667E-1,7.222222222222E-1,7.777777777778E-1,
8.333333333333E-1,8.888888888889E-1,9.444444444444E-1,1.E0),.UNSPECIFIED.);
#510=B_SPLINE_CURVE_WITH_KNOTS('',3,(#489,#490,#491,#492,#493,#494,#495,#496,
#497,#498,#499,#500,#501,#502,#503,#504,#505,#506,#507,#508,#509),.UNSPECIFIED.,
.F.,.F.,(4,1,1,1,1,1,1,1,1,1,1,1,1,1,1,1,1,1,4),(0.E0,5.555555555556E-2,
1.111111111111E-1,1.666666666667E-1,2.222222222222E-1,2.777777777778E-1,
3.333333333333E-1,3.888888888889E-1,4.444444444444E-1,5.E-1,5.555555555556E-1,
6.111111111111E-1,6.666666666667E-1,7.222222222222E-1,7.777777777778E-1,
8.333333333333E-1,8.888888888889E-1,9.444444444444E-1,1.E0),.UNSPECIFIED.);
#535=B_SPLINE_CURVE_WITH_KNOTS('',3,(#514,#515,#516,#517,#518,#519,#520,#521,
#522,#523,#524,#525,#526,#527,#528,#529,#530,#531,#532,#533,#534),.UNSPECIFIED.,
.F.,.F.,(4,1,1,1,1,1,1,1,1,1,1,1,1,1,1,1,1,1,4),(0.E0,5.555555555556E-2,
1.111111111111E-1,1.666666666667E-1,2.222222222222E-1,2.777777777778E-1,
3.333333333333E-1,3.888888888889E-1,4.444444444444E-1,5.E-1,5.555555555556E-1,
6.111111111111E-1,6.666666666667E-1,7.222222222222E-1,7.777777777778E-1,
8.333333333333E-1,8.888888888889E-1,9.444444444444E-1,1.E0),.UNSPECIFIED.);
#560=B_SPLINE_CURVE_WITH_KNOTS('',3,(#539,#540,#541,#542,#543,#544,#545,#546,
#547,#548,#549,#550,#551,#552,#553,#554,#555,#556,#557,#558,#559),.UNSPECIFIED.,
.F.,.F.,(4,1,1,1,1,1,1,1,1,1,1,1,1,1,1,1,1,1,4),(0.E0,5.555555555556E-2,
1.111111111111E-1,1.666666666667E-1,2.222222222222E-1,2.777777777778E-1,
3.333333333333E-1,3.888888888889E-1,4.444444444444E-1,5.E-1,5.555555555556E-1,
6.111111111111E-1,6.666666666667E-1,7.222222222222E-1,7.777777777778E-1,
8.333333333333E-1,8.888888888889E-1,9.444444444444E-1,1.E0),.UNSPECIFIED.);
#585=B_SPLINE_CURVE_WITH_KNOTS('',3,(#564,#565,#566,#567,#568,#569,#570,#571,
#572,#573,#574,#575,#576,#577,#578,#579,#580,#581,#582,#583,#584),.UNSPECIFIED.,
.F.,.F.,(4,1,1,1,1,1,1,1,1,1,1,1,1,1,1,1,1,1,4),(0.E0,5.555555555556E-2,
1.111111111111E-1,1.666666666667E-1,2.222222222222E-1,2.777777777778E-1,
3.333333333333E-1,3.888888888889E-1,4.444444444444E-1,5.E-1,5.555555555556E-1,
6.111111111111E-1,6.666666666667E-1,7.222222222222E-1,7.777777777778E-1,
8.333333333333E-1,8.888888888889E-1,9.444444444444E-1,1.E0),.UNSPECIFIED.);
#610=B_SPLINE_CURVE_WITH_KNOTS('',3,(#589,#590,#591,#592,#593,#594,#595,#596,
#597,#598,#599,#600,#601,#602,#603,#604,#605,#606,#607,#608,#609),.UNSPECIFIED.,
.F.,.F.,(4,1,1,1,1,1,1,1,1,1,1,1,1,1,1,1,1,1,4),(0.E0,5.555555555556E-2,
1.111111111111E-1,1.666666666667E-1,2.222222222222E-1,2.777777777778E-1,
3.333333333333E-1,3.888888888889E-1,4.444444444444E-1,5.E-1,5.555555555556E-1,
6.111111111111E-1,6.666666666667E-1,7.222222222222E-1,7.777777777778E-1,
8.333333333333E-1,8.888888888889E-1,9.444444444444E-1,1.E0),.UNSPECIFIED.);
#635=B_SPLINE_CURVE_WITH_KNOTS('',3,(#614,#615,#616,#617,#618,#619,#620,#621,
#622,#623,#624,#625,#626,#627,#628,#629,#630,#631,#632,#633,#634),.UNSPECIFIED.,
.F.,.F.,(4,1,1,1,1,1,1,1,1,1,1,1,1,1,1,1,1,1,4),(0.E0,5.555555555556E-2,
1.111111111111E-1,1.666666666667E-1,2.222222222222E-1,2.777777777778E-1,
3.333333333333E-1,3.888888888889E-1,4.444444444444E-1,5.E-1,5.555555555556E-1,
6.111111111111E-1,6.666666666667E-1,7.222222222222E-1,7.777777777778E-1,
8.333333333333E-1,8.888888888889E-1,9.444444444444E-1,1.E0),.UNSPECIFIED.);
#660=B_SPLINE_CURVE_WITH_KNOTS('',3,(#639,#640,#641,#642,#643,#644,#645,#646,
#647,#648,#649,#650,#651,#652,#653,#654,#655,#656,#657,#658,#659),.UNSPECIFIED.,
.F.,.F.,(4,1,1,1,1,1,1,1,1,1,1,1,1,1,1,1,1,1,4),(0.E0,5.555555555556E-2,
1.111111111111E-1,1.666666666667E-1,2.222222222222E-1,2.777777777778E-1,
3.333333333333E-1,3.888888888889E-1,4.444444444444E-1,5.E-1,5.555555555556E-1,
6.111111111111E-1,6.666666666667E-1,7.222222222222E-1,7.777777777778E-1,
8.333333333333E-1,8.888888888889E-1,9.444444444444E-1,1.E0),.UNSPECIFIED.);
#685=B_SPLINE_CURVE_WITH_KNOTS('',3,(#664,#665,#666,#667,#668,#669,#670,#671,
#672,#673,#674,#675,#676,#677,#678,#679,#680,#681,#682,#683,#684),.UNSPECIFIED.,
.F.,.F.,(4,1,1,1,1,1,1,1,1,1,1,1,1,1,1,1,1,1,4),(0.E0,5.555555555556E-2,
1.111111111111E-1,1.666666666667E-1,2.222222222222E-1,2.777777777778E-1,
3.333333333333E-1,3.888888888889E-1,4.444444444444E-1,5.E-1,5.555555555556E-1,
6.111111111111E-1,6.666666666667E-1,7.222222222222E-1,7.777777777778E-1,
8.333333333333E-1,8.888888888889E-1,9.444444444444E-1,1.E0),.UNSPECIFIED.);
#710=B_SPLINE_CURVE_WITH_KNOTS('',3,(#689,#690,#691,#692,#693,#694,#695,#696,
#697,#698,#699,#700,#701,#702,#703,#704,#705,#706,#707,#708,#709),.UNSPECIFIED.,
.F.,.F.,(4,1,1,1,1,1,1,1,1,1,1,1,1,1,1,1,1,1,4),(0.E0,5.555555555556E-2,
1.111111111111E-1,1.666666666667E-1,2.222222222222E-1,2.777777777778E-1,
3.333333333333E-1,3.888888888889E-1,4.444444444444E-1,5.E-1,5.555555555556E-1,
6.111111111111E-1,6.666666666667E-1,7.222222222222E-1,7.777777777778E-1,
8.333333333333E-1,8.888888888889E-1,9.444444444444E-1,1.E0),.UNSPECIFIED.);
#735=B_SPLINE_CURVE_WITH_KNOTS('',3,(#714,#715,#716,#717,#718,#719,#720,#721,
#722,#723,#724,#725,#726,#727,#728,#729,#730,#731,#732,#733,#734),.UNSPECIFIED.,
.F.,.F.,(4,1,1,1,1,1,1,1,1,1,1,1,1,1,1,1,1,1,4),(0.E0,5.555555555556E-2,
1.111111111111E-1,1.666666666667E-1,2.222222222222E-1,2.777777777778E-1,
3.333333333333E-1,3.888888888889E-1,4.444444444444E-1,5.E-1,5.555555555556E-1,
6.111111111111E-1,6.666666666667E-1,7.222222222222E-1,7.777777777778E-1,
8.333333333333E-1,8.888888888889E-1,9.444444444444E-1,1.E0),.UNSPECIFIED.);
#760=B_SPLINE_CURVE_WITH_KNOTS('',3,(#739,#740,#741,#742,#743,#744,#745,#746,
#747,#748,#749,#750,#751,#752,#753,#754,#755,#756,#757,#758,#759),.UNSPECIFIED.,
.F.,.F.,(4,1,1,1,1,1,1,1,1,1,1,1,1,1,1,1,1,1,4),(0.E0,5.555555555556E-2,
1.111111111111E-1,1.666666666667E-1,2.222222222222E-1,2.777777777778E-1,
3.333333333333E-1,3.888888888889E-1,4.444444444444E-1,5.E-1,5.555555555556E-1,
6.111111111111E-1,6.666666666667E-1,7.222222222222E-1,7.777777777778E-1,
8.333333333333E-1,8.888888888889E-1,9.444444444444E-1,1.E0),.UNSPECIFIED.);
#785=B_SPLINE_CURVE_WITH_KNOTS('',3,(#764,#765,#766,#767,#768,#769,#770,#771,
#772,#773,#774,#775,#776,#777,#778,#779,#780,#781,#782,#783,#784),.UNSPECIFIED.,
.F.,.F.,(4,1,1,1,1,1,1,1,1,1,1,1,1,1,1,1,1,1,4),(0.E0,5.555555555556E-2,
1.111111111111E-1,1.666666666667E-1,2.222222222222E-1,2.777777777778E-1,
3.333333333333E-1,3.888888888889E-1,4.444444444444E-1,5.E-1,5.555555555556E-1,
6.111111111111E-1,6.666666666667E-1,7.222222222222E-1,7.777777777778E-1,
8.333333333333E-1,8.888888888889E-1,9.444444444444E-1,1.E0),.UNSPECIFIED.);
#810=B_SPLINE_CURVE_WITH_KNOTS('',3,(#789,#790,#791,#792,#793,#794,#795,#796,
#797,#798,#799,#800,#801,#802,#803,#804,#805,#806,#807,#808,#809),.UNSPECIFIED.,
.F.,.F.,(4,1,1,1,1,1,1,1,1,1,1,1,1,1,1,1,1,1,4),(0.E0,5.555555555556E-2,
1.111111111111E-1,1.666666666667E-1,2.222222222222E-1,2.777777777778E-1,
3.333333333333E-1,3.888888888889E-1,4.444444444444E-1,5.E-1,5.555555555556E-1,
6.111111111111E-1,6.666666666667E-1,7.222222222222E-1,7.777777777778E-1,
8.333333333333E-1,8.888888888889E-1,9.444444444444E-1,1.E0),.UNSPECIFIED.);
#835=B_SPLINE_CURVE_WITH_KNOTS('',3,(#814,#815,#816,#817,#818,#819,#820,#821,
#822,#823,#824,#825,#826,#827,#828,#829,#830,#831,#832,#833,#834),.UNSPECIFIED.,
.F.,.F.,(4,1,1,1,1,1,1,1,1,1,1,1,1,1,1,1,1,1,4),(0.E0,5.555555555556E-2,
1.111111111111E-1,1.666666666667E-1,2.222222222222E-1,2.777777777778E-1,
3.333333333333E-1,3.888888888889E-1,4.444444444444E-1,5.E-1,5.555555555556E-1,
6.111111111111E-1,6.666666666667E-1,7.222222222222E-1,7.777777777778E-1,
8.333333333333E-1,8.888888888889E-1,9.444444444444E-1,1.E0),.UNSPECIFIED.);
#860=B_SPLINE_CURVE_WITH_KNOTS('',3,(#839,#840,#841,#842,#843,#844,#845,#846,
#847,#848,#849,#850,#851,#852,#853,#854,#855,#856,#857,#858,#859),.UNSPECIFIED.,
.F.,.F.,(4,1,1,1,1,1,1,1,1,1,1,1,1,1,1,1,1,1,4),(0.E0,5.555555555556E-2,
1.111111111111E-1,1.666666666667E-1,2.222222222222E-1,2.777777777778E-1,
3.333333333333E-1,3.888888888889E-1,4.444444444444E-1,5.E-1,5.555555555556E-1,
6.111111111111E-1,6.666666666667E-1,7.222222222222E-1,7.777777777778E-1,
8.333333333333E-1,8.888888888889E-1,9.444444444444E-1,1.E0),.UNSPECIFIED.);
#885=B_SPLINE_CURVE_WITH_KNOTS('',3,(#864,#865,#866,#867,#868,#869,#870,#871,
#872,#873,#874,#875,#876,#877,#878,#879,#880,#881,#882,#883,#884),.UNSPECIFIED.,
.F.,.F.,(4,1,1,1,1,1,1,1,1,1,1,1,1,1,1,1,1,1,4),(0.E0,5.555555555556E-2,
1.111111111111E-1,1.666666666667E-1,2.222222222222E-1,2.777777777778E-1,
3.333333333333E-1,3.888888888889E-1,4.444444444444E-1,5.E-1,5.555555555556E-1,
6.111111111111E-1,6.666666666667E-1,7.222222222222E-1,7.777777777778E-1,
8.333333333333E-1,8.888888888889E-1,9.444444444444E-1,1.E0),.UNSPECIFIED.);
#910=B_SPLINE_CURVE_WITH_KNOTS('',3,(#889,#890,#891,#892,#893,#894,#895,#896,
#897,#898,#899,#900,#901,#902,#903,#904,#905,#906,#907,#908,#909),.UNSPECIFIED.,
.F.,.F.,(4,1,1,1,1,1,1,1,1,1,1,1,1,1,1,1,1,1,4),(0.E0,5.555555555556E-2,
1.111111111111E-1,1.666666666667E-1,2.222222222222E-1,2.777777777778E-1,
3.333333333333E-1,3.888888888889E-1,4.444444444444E-1,5.E-1,5.555555555556E-1,
6.111111111111E-1,6.666666666667E-1,7.222222222222E-1,7.777777777778E-1,
8.333333333333E-1,8.888888888889E-1,9.444444444444E-1,1.E0),.UNSPECIFIED.);
#935=B_SPLINE_CURVE_WITH_KNOTS('',3,(#914,#915,#916,#917,#918,#919,#920,#921,
#922,#923,#924,#925,#926,#927,#928,#929,#930,#931,#932,#933,#934),.UNSPECIFIED.,
.F.,.F.,(4,1,1,1,1,1,1,1,1,1,1,1,1,1,1,1,1,1,4),(0.E0,5.555555555556E-2,
1.111111111111E-1,1.666666666667E-1,2.222222222222E-1,2.777777777778E-1,
3.333333333333E-1,3.888888888889E-1,4.444444444444E-1,5.E-1,5.555555555556E-1,
6.111111111111E-1,6.666666666667E-1,7.222222222222E-1,7.777777777778E-1,
8.333333333333E-1,8.888888888889E-1,9.444444444444E-1,1.E0),.UNSPECIFIED.);
#960=B_SPLINE_CURVE_WITH_KNOTS('',3,(#939,#940,#941,#942,#943,#944,#945,#946,
#947,#948,#949,#950,#951,#952,#953,#954,#955,#956,#957,#958,#959),.UNSPECIFIED.,
.F.,.F.,(4,1,1,1,1,1,1,1,1,1,1,1,1,1,1,1,1,1,4),(0.E0,5.555555555556E-2,
1.111111111111E-1,1.666666666667E-1,2.222222222222E-1,2.777777777778E-1,
3.333333333333E-1,3.888888888889E-1,4.444444444444E-1,5.E-1,5.555555555556E-1,
6.111111111111E-1,6.666666666667E-1,7.222222222222E-1,7.777777777778E-1,
8.333333333333E-1,8.888888888889E-1,9.444444444444E-1,1.E0),.UNSPECIFIED.);
#985=B_SPLINE_CURVE_WITH_KNOTS('',3,(#964,#965,#966,#967,#968,#969,#970,#971,
#972,#973,#974,#975,#976,#977,#978,#979,#980,#981,#982,#983,#984),.UNSPECIFIED.,
.F.,.F.,(4,1,1,1,1,1,1,1,1,1,1,1,1,1,1,1,1,1,4),(0.E0,5.555555555556E-2,
1.111111111111E-1,1.666666666667E-1,2.222222222222E-1,2.777777777778E-1,
3.333333333333E-1,3.888888888889E-1,4.444444444444E-1,5.E-1,5.555555555556E-1,
6.111111111111E-1,6.666666666667E-1,7.222222222222E-1,7.777777777778E-1,
8.333333333333E-1,8.888888888889E-1,9.444444444444E-1,1.E0),.UNSPECIFIED.);
#1015=B_SPLINE_CURVE_WITH_KNOTS('',3,(#989,#990,#991,#992,#993,#994,#995,#996,
#997,#998,#999,#1000,#1001,#1002,#1003,#1004,#1005,#1006,#1007,#1008,#1009,
#1010,#1011,#1012,#1013,#1014),.UNSPECIFIED.,.F.,.F.,(4,1,1,1,1,1,1,1,1,1,1,1,1,
1,1,1,1,1,1,1,1,1,1,4),(0.E0,4.347826086957E-2,8.695652173913E-2,
1.304347826087E-1,1.739130434783E-1,2.173913043478E-1,2.608695652174E-1,
3.043478260870E-1,3.478260869565E-1,3.913043478261E-1,4.347826086957E-1,
4.782608695652E-1,5.217391304348E-1,5.652173913043E-1,6.086956521739E-1,
6.521739130435E-1,6.956521739130E-1,7.391304347826E-1,7.826086956522E-1,
8.260869565217E-1,8.695652173913E-1,9.130434782609E-1,9.565217391304E-1,1.E0),
.UNSPECIFIED.);
#1023=CIRCLE('',#1022,1.2645E0);
#1044=B_SPLINE_CURVE_WITH_KNOTS('',3,(#1027,#1028,#1029,#1030,#1031,#1032,#1033,
#1034,#1035,#1036,#1037,#1038,#1039,#1040,#1041,#1042,#1043),.UNSPECIFIED.,.F.,
.F.,(4,1,1,1,1,1,1,1,1,1,1,1,1,1,4),(0.E0,7.142857142857E-2,1.428571428571E-1,
2.142857142857E-1,2.857142857143E-1,3.571428571429E-1,4.285714285714E-1,5.E-1,
5.714285714286E-1,6.428571428571E-1,7.142857142857E-1,7.857142857143E-1,
8.571428571429E-1,9.285714285714E-1,1.E0),.UNSPECIFIED.);
#1074=B_SPLINE_CURVE_WITH_KNOTS('',3,(#1048,#1049,#1050,#1051,#1052,#1053,#1054,
#1055,#1056,#1057,#1058,#1059,#1060,#1061,#1062,#1063,#1064,#1065,#1066,#1067,
#1068,#1069,#1070,#1071,#1072,#1073),.UNSPECIFIED.,.F.,.F.,(4,1,1,1,1,1,1,1,1,1,
1,1,1,1,1,1,1,1,1,1,1,1,1,4),(0.E0,4.347826086957E-2,8.695652173913E-2,
1.304347826087E-1,1.739130434783E-1,2.173913043478E-1,2.608695652174E-1,
3.043478260870E-1,3.478260869565E-1,3.913043478261E-1,4.347826086957E-1,
4.782608695652E-1,5.217391304348E-1,5.652173913043E-1,6.086956521739E-1,
6.521739130435E-1,6.956521739130E-1,7.391304347826E-1,7.826086956522E-1,
8.260869565217E-1,8.695652173913E-1,9.130434782609E-1,9.565217391304E-1,1.E0),
.UNSPECIFIED.);
#1095=B_SPLINE_CURVE_WITH_KNOTS('',3,(#1078,#1079,#1080,#1081,#1082,#1083,#1084,
#1085,#1086,#1087,#1088,#1089,#1090,#1091,#1092,#1093,#1094),.UNSPECIFIED.,.F.,
.F.,(4,1,1,1,1,1,1,1,1,1,1,1,1,1,4),(0.E0,7.142857142857E-2,1.428571428571E-1,
2.142857142857E-1,2.857142857143E-1,3.571428571429E-1,4.285714285714E-1,5.E-1,
5.714285714286E-1,6.428571428571E-1,7.142857142857E-1,7.857142857143E-1,
8.571428571429E-1,9.285714285714E-1,1.E0),.UNSPECIFIED.);
#1127=B_SPLINE_CURVE_WITH_KNOTS('',3,(#1106,#1107,#1108,#1109,#1110,#1111,#1112,
#1113,#1114,#1115,#1116,#1117,#1118,#1119,#1120,#1121,#1122,#1123,#1124,#1125,
#1126),.UNSPECIFIED.,.F.,.F.,(4,1,1,1,1,1,1,1,1,1,1,1,1,1,1,1,1,1,4),(0.E0,
5.555555555556E-2,1.111111111111E-1,1.666666666667E-1,2.222222222222E-1,
2.777777777778E-1,3.333333333333E-1,3.888888888889E-1,4.444444444444E-1,5.E-1,
5.555555555556E-1,6.111111111111E-1,6.666666666667E-1,7.222222222222E-1,
7.777777777778E-1,8.333333333333E-1,8.888888888889E-1,9.444444444444E-1,1.E0),
.UNSPECIFIED.);
#1159=B_SPLINE_CURVE_WITH_KNOTS('',3,(#1138,#1139,#1140,#1141,#1142,#1143,#1144,
#1145,#1146,#1147,#1148,#1149,#1150,#1151,#1152,#1153,#1154,#1155,#1156,#1157,
#1158),.UNSPECIFIED.,.F.,.F.,(4,1,1,1,1,1,1,1,1,1,1,1,1,1,1,1,1,1,4),(0.E0,
5.555555555556E-2,1.111111111111E-1,1.666666666667E-1,2.222222222222E-1,
2.777777777778E-1,3.333333333333E-1,3.888888888889E-1,4.444444444444E-1,5.E-1,
5.555555555556E-1,6.111111111111E-1,6.666666666667E-1,7.222222222222E-1,
7.777777777778E-1,8.333333333333E-1,8.888888888889E-1,9.444444444444E-1,1.E0),
.UNSPECIFIED.);
#1191=B_SPLINE_CURVE_WITH_KNOTS('',3,(#1170,#1171,#1172,#1173,#1174,#1175,#1176,
#1177,#1178,#1179,#1180,#1181,#1182,#1183,#1184,#1185,#1186,#1187,#1188,#1189,
#1190),.UNSPECIFIED.,.F.,.F.,(4,1,1,1,1,1,1,1,1,1,1,1,1,1,1,1,1,1,4),(0.E0,
5.555555555556E-2,1.111111111111E-1,1.666666666667E-1,2.222222222222E-1,
2.777777777778E-1,3.333333333333E-1,3.888888888889E-1,4.444444444444E-1,5.E-1,
5.555555555556E-1,6.111111111111E-1,6.666666666667E-1,7.222222222222E-1,
7.777777777778E-1,8.333333333333E-1,8.888888888889E-1,9.444444444444E-1,1.E0),
.UNSPECIFIED.);
#1223=B_SPLINE_CURVE_WITH_KNOTS('',3,(#1202,#1203,#1204,#1205,#1206,#1207,#1208,
#1209,#1210,#1211,#1212,#1213,#1214,#1215,#1216,#1217,#1218,#1219,#1220,#1221,
#1222),.UNSPECIFIED.,.F.,.F.,(4,1,1,1,1,1,1,1,1,1,1,1,1,1,1,1,1,1,4),(0.E0,
5.555555555556E-2,1.111111111111E-1,1.666666666667E-1,2.222222222222E-1,
2.777777777778E-1,3.333333333333E-1,3.888888888889E-1,4.444444444444E-1,5.E-1,
5.555555555556E-1,6.111111111111E-1,6.666666666667E-1,7.222222222222E-1,
7.777777777778E-1,8.333333333333E-1,8.888888888889E-1,9.444444444444E-1,1.E0),
.UNSPECIFIED.);
#1255=B_SPLINE_CURVE_WITH_KNOTS('',3,(#1234,#1235,#1236,#1237,#1238,#1239,#1240,
#1241,#1242,#1243,#1244,#1245,#1246,#1247,#1248,#1249,#1250,#1251,#1252,#1253,
#1254),.UNSPECIFIED.,.F.,.F.,(4,1,1,1,1,1,1,1,1,1,1,1,1,1,1,1,1,1,4),(0.E0,
5.555555555556E-2,1.111111111111E-1,1.666666666667E-1,2.222222222222E-1,
2.777777777778E-1,3.333333333333E-1,3.888888888889E-1,4.444444444444E-1,5.E-1,
5.555555555556E-1,6.111111111111E-1,6.666666666667E-1,7.222222222222E-1,
7.777777777778E-1,8.333333333333E-1,8.888888888889E-1,9.444444444444E-1,1.E0),
.UNSPECIFIED.);
#1287=B_SPLINE_CURVE_WITH_KNOTS('',3,(#1266,#1267,#1268,#1269,#1270,#1271,#1272,
#1273,#1274,#1275,#1276,#1277,#1278,#1279,#1280,#1281,#1282,#1283,#1284,#1285,
#1286),.UNSPECIFIED.,.F.,.F.,(4,1,1,1,1,1,1,1,1,1,1,1,1,1,1,1,1,1,4),(0.E0,
5.555555555556E-2,1.111111111111E-1,1.666666666667E-1,2.222222222222E-1,
2.777777777778E-1,3.333333333333E-1,3.888888888889E-1,4.444444444444E-1,5.E-1,
5.555555555556E-1,6.111111111111E-1,6.666666666667E-1,7.222222222222E-1,
7.777777777778E-1,8.333333333333E-1,8.888888888889E-1,9.444444444444E-1,1.E0),
.UNSPECIFIED.);
#1319=B_SPLINE_CURVE_WITH_KNOTS('',3,(#1298,#1299,#1300,#1301,#1302,#1303,#1304,
#1305,#1306,#1307,#1308,#1309,#1310,#1311,#1312,#1313,#1314,#1315,#1316,#1317,
#1318),.UNSPECIFIED.,.F.,.F.,(4,1,1,1,1,1,1,1,1,1,1,1,1,1,1,1,1,1,4),(0.E0,
5.555555555556E-2,1.111111111111E-1,1.666666666667E-1,2.222222222222E-1,
2.777777777778E-1,3.333333333333E-1,3.888888888889E-1,4.444444444444E-1,5.E-1,
5.555555555556E-1,6.111111111111E-1,6.666666666667E-1,7.222222222222E-1,
7.777777777778E-1,8.333333333333E-1,8.888888888889E-1,9.444444444444E-1,1.E0),
.UNSPECIFIED.);
#1351=B_SPLINE_CURVE_WITH_KNOTS('',3,(#1330,#1331,#1332,#1333,#1334,#1335,#1336,
#1337,#1338,#1339,#1340,#1341,#1342,#1343,#1344,#1345,#1346,#1347,#1348,#1349,
#1350),.UNSPECIFIED.,.F.,.F.,(4,1,1,1,1,1,1,1,1,1,1,1,1,1,1,1,1,1,4),(0.E0,
5.555555555556E-2,1.111111111111E-1,1.666666666667E-1,2.222222222222E-1,
2.777777777778E-1,3.333333333333E-1,3.888888888889E-1,4.444444444444E-1,5.E-1,
5.555555555556E-1,6.111111111111E-1,6.666666666667E-1,7.222222222222E-1,
7.777777777778E-1,8.333333333333E-1,8.888888888889E-1,9.444444444444E-1,1.E0),
.UNSPECIFIED.);
#1383=B_SPLINE_CURVE_WITH_KNOTS('',3,(#1362,#1363,#1364,#1365,#1366,#1367,#1368,
#1369,#1370,#1371,#1372,#1373,#1374,#1375,#1376,#1377,#1378,#1379,#1380,#1381,
#1382),.UNSPECIFIED.,.F.,.F.,(4,1,1,1,1,1,1,1,1,1,1,1,1,1,1,1,1,1,4),(0.E0,
5.555555555556E-2,1.111111111111E-1,1.666666666667E-1,2.222222222222E-1,
2.777777777778E-1,3.333333333333E-1,3.888888888889E-1,4.444444444444E-1,5.E-1,
5.555555555556E-1,6.111111111111E-1,6.666666666667E-1,7.222222222222E-1,
7.777777777778E-1,8.333333333333E-1,8.888888888889E-1,9.444444444444E-1,1.E0),
.UNSPECIFIED.);
#1415=B_SPLINE_CURVE_WITH_KNOTS('',3,(#1394,#1395,#1396,#1397,#1398,#1399,#1400,
#1401,#1402,#1403,#1404,#1405,#1406,#1407,#1408,#1409,#1410,#1411,#1412,#1413,
#1414),.UNSPECIFIED.,.F.,.F.,(4,1,1,1,1,1,1,1,1,1,1,1,1,1,1,1,1,1,4),(0.E0,
5.555555555556E-2,1.111111111111E-1,1.666666666667E-1,2.222222222222E-1,
2.777777777778E-1,3.333333333333E-1,3.888888888889E-1,4.444444444444E-1,5.E-1,
5.555555555556E-1,6.111111111111E-1,6.666666666667E-1,7.222222222222E-1,
7.777777777778E-1,8.333333333333E-1,8.888888888889E-1,9.444444444444E-1,1.E0),
.UNSPECIFIED.);
#1447=B_SPLINE_CURVE_WITH_KNOTS('',3,(#1426,#1427,#1428,#1429,#1430,#1431,#1432,
#1433,#1434,#1435,#1436,#1437,#1438,#1439,#1440,#1441,#1442,#1443,#1444,#1445,
#1446),.UNSPECIFIED.,.F.,.F.,(4,1,1,1,1,1,1,1,1,1,1,1,1,1,1,1,1,1,4),(0.E0,
5.555555555556E-2,1.111111111111E-1,1.666666666667E-1,2.222222222222E-1,
2.777777777778E-1,3.333333333333E-1,3.888888888889E-1,4.444444444444E-1,5.E-1,
5.555555555556E-1,6.111111111111E-1,6.666666666667E-1,7.222222222222E-1,
7.777777777778E-1,8.333333333333E-1,8.888888888889E-1,9.444444444444E-1,1.E0),
.UNSPECIFIED.);
#1479=B_SPLINE_CURVE_WITH_KNOTS('',3,(#1458,#1459,#1460,#1461,#1462,#1463,#1464,
#1465,#1466,#1467,#1468,#1469,#1470,#1471,#1472,#1473,#1474,#1475,#1476,#1477,
#1478),.UNSPECIFIED.,.F.,.F.,(4,1,1,1,1,1,1,1,1,1,1,1,1,1,1,1,1,1,4),(0.E0,
5.555555555556E-2,1.111111111111E-1,1.666666666667E-1,2.222222222222E-1,
2.777777777778E-1,3.333333333333E-1,3.888888888889E-1,4.444444444444E-1,5.E-1,
5.555555555556E-1,6.111111111111E-1,6.666666666667E-1,7.222222222222E-1,
7.777777777778E-1,8.333333333333E-1,8.888888888889E-1,9.444444444444E-1,1.E0),
.UNSPECIFIED.);
#1511=B_SPLINE_CURVE_WITH_KNOTS('',3,(#1490,#1491,#1492,#1493,#1494,#1495,#1496,
#1497,#1498,#1499,#1500,#1501,#1502,#1503,#1504,#1505,#1506,#1507,#1508,#1509,
#1510),.UNSPECIFIED.,.F.,.F.,(4,1,1,1,1,1,1,1,1,1,1,1,1,1,1,1,1,1,4),(0.E0,
5.555555555556E-2,1.111111111111E-1,1.666666666667E-1,2.222222222222E-1,
2.777777777778E-1,3.333333333333E-1,3.888888888889E-1,4.444444444444E-1,5.E-1,
5.555555555556E-1,6.111111111111E-1,6.666666666667E-1,7.222222222222E-1,
7.777777777778E-1,8.333333333333E-1,8.888888888889E-1,9.444444444444E-1,1.E0),
.UNSPECIFIED.);
#1543=B_SPLINE_CURVE_WITH_KNOTS('',3,(#1522,#1523,#1524,#1525,#1526,#1527,#1528,
#1529,#1530,#1531,#1532,#1533,#1534,#1535,#1536,#1537,#1538,#1539,#1540,#1541,
#1542),.UNSPECIFIED.,.F.,.F.,(4,1,1,1,1,1,1,1,1,1,1,1,1,1,1,1,1,1,4),(0.E0,
5.555555555556E-2,1.111111111111E-1,1.666666666667E-1,2.222222222222E-1,
2.777777777778E-1,3.333333333333E-1,3.888888888889E-1,4.444444444444E-1,5.E-1,
5.555555555556E-1,6.111111111111E-1,6.666666666667E-1,7.222222222222E-1,
7.777777777778E-1,8.333333333333E-1,8.888888888889E-1,9.444444444444E-1,1.E0),
.UNSPECIFIED.);
#1575=B_SPLINE_CURVE_WITH_KNOTS('',3,(#1554,#1555,#1556,#1557,#1558,#1559,#1560,
#1561,#1562,#1563,#1564,#1565,#1566,#1567,#1568,#1569,#1570,#1571,#1572,#1573,
#1574),.UNSPECIFIED.,.F.,.F.,(4,1,1,1,1,1,1,1,1,1,1,1,1,1,1,1,1,1,4),(0.E0,
5.555555555556E-2,1.111111111111E-1,1.666666666667E-1,2.222222222222E-1,
2.777777777778E-1,3.333333333333E-1,3.888888888889E-1,4.444444444444E-1,5.E-1,
5.555555555556E-1,6.111111111111E-1,6.666666666667E-1,7.222222222222E-1,
7.777777777778E-1,8.333333333333E-1,8.888888888889E-1,9.444444444444E-1,1.E0),
.UNSPECIFIED.);
#1607=B_SPLINE_CURVE_WITH_KNOTS('',3,(#1586,#1587,#1588,#1589,#1590,#1591,#1592,
#1593,#1594,#1595,#1596,#1597,#1598,#1599,#1600,#1601,#1602,#1603,#1604,#1605,
#1606),.UNSPECIFIED.,.F.,.F.,(4,1,1,1,1,1,1,1,1,1,1,1,1,1,1,1,1,1,4),(0.E0,
5.555555555556E-2,1.111111111111E-1,1.666666666667E-1,2.222222222222E-1,
2.777777777778E-1,3.333333333333E-1,3.888888888889E-1,4.444444444444E-1,5.E-1,
5.555555555556E-1,6.111111111111E-1,6.666666666667E-1,7.222222222222E-1,
7.777777777778E-1,8.333333333333E-1,8.888888888889E-1,9.444444444444E-1,1.E0),
.UNSPECIFIED.);
#1639=B_SPLINE_CURVE_WITH_KNOTS('',3,(#1618,#1619,#1620,#1621,#1622,#1623,#1624,
#1625,#1626,#1627,#1628,#1629,#1630,#1631,#1632,#1633,#1634,#1635,#1636,#1637,
#1638),.UNSPECIFIED.,.F.,.F.,(4,1,1,1,1,1,1,1,1,1,1,1,1,1,1,1,1,1,4),(0.E0,
5.555555555556E-2,1.111111111111E-1,1.666666666667E-1,2.222222222222E-1,
2.777777777778E-1,3.333333333333E-1,3.888888888889E-1,4.444444444444E-1,5.E-1,
5.555555555556E-1,6.111111111111E-1,6.666666666667E-1,7.222222222222E-1,
7.777777777778E-1,8.333333333333E-1,8.888888888889E-1,9.444444444444E-1,1.E0),
.UNSPECIFIED.);
#1671=B_SPLINE_CURVE_WITH_KNOTS('',3,(#1650,#1651,#1652,#1653,#1654,#1655,#1656,
#1657,#1658,#1659,#1660,#1661,#1662,#1663,#1664,#1665,#1666,#1667,#1668,#1669,
#1670),.UNSPECIFIED.,.F.,.F.,(4,1,1,1,1,1,1,1,1,1,1,1,1,1,1,1,1,1,4),(0.E0,
5.555555555556E-2,1.111111111111E-1,1.666666666667E-1,2.222222222222E-1,
2.777777777778E-1,3.333333333333E-1,3.888888888889E-1,4.444444444444E-1,5.E-1,
5.555555555556E-1,6.111111111111E-1,6.666666666667E-1,7.222222222222E-1,
7.777777777778E-1,8.333333333333E-1,8.888888888889E-1,9.444444444444E-1,1.E0),
.UNSPECIFIED.);
#1703=B_SPLINE_CURVE_WITH_KNOTS('',3,(#1682,#1683,#1684,#1685,#1686,#1687,#1688,
#1689,#1690,#1691,#1692,#1693,#1694,#1695,#1696,#1697,#1698,#1699,#1700,#1701,
#1702),.UNSPECIFIED.,.F.,.F.,(4,1,1,1,1,1,1,1,1,1,1,1,1,1,1,1,1,1,4),(0.E0,
5.555555555556E-2,1.111111111111E-1,1.666666666667E-1,2.222222222222E-1,
2.777777777778E-1,3.333333333333E-1,3.888888888889E-1,4.444444444444E-1,5.E-1,
5.555555555556E-1,6.111111111111E-1,6.666666666667E-1,7.222222222222E-1,
7.777777777778E-1,8.333333333333E-1,8.888888888889E-1,9.444444444444E-1,1.E0),
.UNSPECIFIED.);
#1735=B_SPLINE_CURVE_WITH_KNOTS('',3,(#1714,#1715,#1716,#1717,#1718,#1719,#1720,
#1721,#1722,#1723,#1724,#1725,#1726,#1727,#1728,#1729,#1730,#1731,#1732,#1733,
#1734),.UNSPECIFIED.,.F.,.F.,(4,1,1,1,1,1,1,1,1,1,1,1,1,1,1,1,1,1,4),(0.E0,
5.555555555556E-2,1.111111111111E-1,1.666666666667E-1,2.222222222222E-1,
2.777777777778E-1,3.333333333333E-1,3.888888888889E-1,4.444444444444E-1,5.E-1,
5.555555555556E-1,6.111111111111E-1,6.666666666667E-1,7.222222222222E-1,
7.777777777778E-1,8.333333333333E-1,8.888888888889E-1,9.444444444444E-1,1.E0),
.UNSPECIFIED.);
#1767=B_SPLINE_CURVE_WITH_KNOTS('',3,(#1746,#1747,#1748,#1749,#1750,#1751,#1752,
#1753,#1754,#1755,#1756,#1757,#1758,#1759,#1760,#1761,#1762,#1763,#1764,#1765,
#1766),.UNSPECIFIED.,.F.,.F.,(4,1,1,1,1,1,1,1,1,1,1,1,1,1,1,1,1,1,4),(0.E0,
5.555555555556E-2,1.111111111111E-1,1.666666666667E-1,2.222222222222E-1,
2.777777777778E-1,3.333333333333E-1,3.888888888889E-1,4.444444444444E-1,5.E-1,
5.555555555556E-1,6.111111111111E-1,6.666666666667E-1,7.222222222222E-1,
7.777777777778E-1,8.333333333333E-1,8.888888888889E-1,9.444444444444E-1,1.E0),
.UNSPECIFIED.);
#1799=B_SPLINE_CURVE_WITH_KNOTS('',3,(#1778,#1779,#1780,#1781,#1782,#1783,#1784,
#1785,#1786,#1787,#1788,#1789,#1790,#1791,#1792,#1793,#1794,#1795,#1796,#1797,
#1798),.UNSPECIFIED.,.F.,.F.,(4,1,1,1,1,1,1,1,1,1,1,1,1,1,1,1,1,1,4),(0.E0,
5.555555555556E-2,1.111111111111E-1,1.666666666667E-1,2.222222222222E-1,
2.777777777778E-1,3.333333333333E-1,3.888888888889E-1,4.444444444444E-1,5.E-1,
5.555555555556E-1,6.111111111111E-1,6.666666666667E-1,7.222222222222E-1,
7.777777777778E-1,8.333333333333E-1,8.888888888889E-1,9.444444444444E-1,1.E0),
.UNSPECIFIED.);
#1831=B_SPLINE_CURVE_WITH_KNOTS('',3,(#1810,#1811,#1812,#1813,#1814,#1815,#1816,
#1817,#1818,#1819,#1820,#1821,#1822,#1823,#1824,#1825,#1826,#1827,#1828,#1829,
#1830),.UNSPECIFIED.,.F.,.F.,(4,1,1,1,1,1,1,1,1,1,1,1,1,1,1,1,1,1,4),(0.E0,
5.555555555556E-2,1.111111111111E-1,1.666666666667E-1,2.222222222222E-1,
2.777777777778E-1,3.333333333333E-1,3.888888888889E-1,4.444444444444E-1,5.E-1,
5.555555555556E-1,6.111111111111E-1,6.666666666667E-1,7.222222222222E-1,
7.777777777778E-1,8.333333333333E-1,8.888888888889E-1,9.444444444444E-1,1.E0),
.UNSPECIFIED.);
#1863=B_SPLINE_CURVE_WITH_KNOTS('',3,(#1842,#1843,#1844,#1845,#1846,#1847,#1848,
#1849,#1850,#1851,#1852,#1853,#1854,#1855,#1856,#1857,#1858,#1859,#1860,#1861,
#1862),.UNSPECIFIED.,.F.,.F.,(4,1,1,1,1,1,1,1,1,1,1,1,1,1,1,1,1,1,4),(0.E0,
5.555555555556E-2,1.111111111111E-1,1.666666666667E-1,2.222222222222E-1,
2.777777777778E-1,3.333333333333E-1,3.888888888889E-1,4.444444444444E-1,5.E-1,
5.555555555556E-1,6.111111111111E-1,6.666666666667E-1,7.222222222222E-1,
7.777777777778E-1,8.333333333333E-1,8.888888888889E-1,9.444444444444E-1,1.E0),
.UNSPECIFIED.);
#1895=B_SPLINE_CURVE_WITH_KNOTS('',3,(#1874,#1875,#1876,#1877,#1878,#1879,#1880,
#1881,#1882,#1883,#1884,#1885,#1886,#1887,#1888,#1889,#1890,#1891,#1892,#1893,
#1894),.UNSPECIFIED.,.F.,.F.,(4,1,1,1,1,1,1,1,1,1,1,1,1,1,1,1,1,1,4),(0.E0,
5.555555555556E-2,1.111111111111E-1,1.666666666667E-1,2.222222222222E-1,
2.777777777778E-1,3.333333333333E-1,3.888888888889E-1,4.444444444444E-1,5.E-1,
5.555555555556E-1,6.111111111111E-1,6.666666666667E-1,7.222222222222E-1,
7.777777777778E-1,8.333333333333E-1,8.888888888889E-1,9.444444444444E-1,1.E0),
.UNSPECIFIED.);
#1927=B_SPLINE_CURVE_WITH_KNOTS('',3,(#1906,#1907,#1908,#1909,#1910,#1911,#1912,
#1913,#1914,#1915,#1916,#1917,#1918,#1919,#1920,#1921,#1922,#1923,#1924,#1925,
#1926),.UNSPECIFIED.,.F.,.F.,(4,1,1,1,1,1,1,1,1,1,1,1,1,1,1,1,1,1,4),(0.E0,
5.555555555556E-2,1.111111111111E-1,1.666666666667E-1,2.222222222222E-1,
2.777777777778E-1,3.333333333333E-1,3.888888888889E-1,4.444444444444E-1,5.E-1,
5.555555555556E-1,6.111111111111E-1,6.666666666667E-1,7.222222222222E-1,
7.777777777778E-1,8.333333333333E-1,8.888888888889E-1,9.444444444444E-1,1.E0),
.UNSPECIFIED.);
#1992=B_SPLINE_CURVE_WITH_KNOTS('',3,(#1938,#1939,#1940,#1941,#1942,#1943,#1944,
#1945,#1946,#1947,#1948,#1949,#1950,#1951,#1952,#1953,#1954,#1955,#1956,#1957,
#1958,#1959,#1960,#1961,#1962,#1963,#1964,#1965,#1966,#1967,#1968,#1969,#1970,
#1971,#1972,#1973,#1974,#1975,#1976,#1977,#1978,#1979,#1980,#1981,#1982,#1983,
#1984,#1985,#1986,#1987,#1988,#1989,#1990,#1991),.UNSPECIFIED.,.F.,.F.,(4,1,1,1,
1,1,1,1,1,1,1,1,1,1,1,1,1,1,1,1,1,1,1,1,1,1,1,1,1,1,1,1,1,1,1,1,1,1,1,1,1,1,1,1,
1,1,1,1,1,1,1,4),(0.E0,1.960784313725E-2,3.921568627451E-2,5.882352941176E-2,
7.843137254902E-2,9.803921568627E-2,1.176470588235E-1,1.372549019608E-1,
1.568627450980E-1,1.764705882353E-1,1.960784313725E-1,2.156862745098E-1,
2.352941176471E-1,2.549019607843E-1,2.745098039216E-1,2.941176470588E-1,
3.137254901961E-1,3.333333333333E-1,3.529411764706E-1,3.725490196078E-1,
3.921568627451E-1,4.117647058824E-1,4.313725490196E-1,4.509803921569E-1,
4.705882352941E-1,4.901960784314E-1,5.098039215686E-1,5.294117647059E-1,
5.490196078431E-1,5.686274509804E-1,5.882352941176E-1,6.078431372549E-1,
6.274509803922E-1,6.470588235294E-1,6.666666666667E-1,6.862745098039E-1,
7.058823529412E-1,7.254901960784E-1,7.450980392157E-1,7.647058823529E-1,
7.843137254902E-1,8.039215686275E-1,8.235294117647E-1,8.431372549020E-1,
8.627450980392E-1,8.823529411765E-1,9.019607843137E-1,9.215686274510E-1,
9.411764705882E-1,9.607843137255E-1,9.803921568627E-1,1.E0),.UNSPECIFIED.);
#2143=B_SPLINE_CURVE_WITH_KNOTS('',3,(#1996,#1997,#1998,#1999,#2000,#2001,#2002,
#2003,#2004,#2005,#2006,#2007,#2008,#2009,#2010,#2011,#2012,#2013,#2014,#2015,
#2016,#2017,#2018,#2019,#2020,#2021,#2022,#2023,#2024,#2025,#2026,#2027,#2028,
#2029,#2030,#2031,#2032,#2033,#2034,#2035,#2036,#2037,#2038,#2039,#2040,#2041,
#2042,#2043,#2044,#2045,#2046,#2047,#2048,#2049,#2050,#2051,#2052,#2053,#2054,
#2055,#2056,#2057,#2058,#2059,#2060,#2061,#2062,#2063,#2064,#2065,#2066,#2067,
#2068,#2069,#2070,#2071,#2072,#2073,#2074,#2075,#2076,#2077,#2078,#2079,#2080,
#2081,#2082,#2083,#2084,#2085,#2086,#2087,#2088,#2089,#2090,#2091,#2092,#2093,
#2094,#2095,#2096,#2097,#2098,#2099,#2100,#2101,#2102,#2103,#2104,#2105,#2106,
#2107,#2108,#2109,#2110,#2111,#2112,#2113,#2114,#2115,#2116,#2117,#2118,#2119,
#2120,#2121,#2122,#2123,#2124,#2125,#2126,#2127,#2128,#2129,#2130,#2131,#2132,
#2133,#2134,#2135,#2136,#2137,#2138,#2139,#2140,#2141,#2142),.UNSPECIFIED.,.F.,
.F.,(4,1,1,1,1,1,1,1,1,1,1,1,1,1,1,1,1,1,1,1,1,1,1,1,1,1,1,1,1,1,1,1,1,1,1,1,1,
1,1,1,1,1,1,1,1,1,1,1,1,1,1,1,1,1,1,1,1,1,1,1,1,1,1,1,1,1,1,1,1,1,1,1,1,1,1,1,1,
1,1,1,1,1,1,1,1,1,1,1,1,1,1,1,1,1,1,1,1,1,1,1,1,1,1,1,1,1,1,1,1,1,1,1,1,1,1,1,1,
1,1,1,1,1,1,1,1,1,1,1,1,1,1,1,1,1,1,1,1,1,1,1,1,1,1,1,4),(0.E0,
6.944444444444E-3,1.388888888889E-2,2.083333333333E-2,2.777777777778E-2,
3.472222222222E-2,4.166666666667E-2,4.861111111111E-2,5.555555555556E-2,6.25E-2,
6.944444444444E-2,7.638888888889E-2,8.333333333333E-2,9.027777777778E-2,
9.722222222222E-2,1.041666666667E-1,1.111111111111E-1,1.180555555556E-1,1.25E-1,
1.319444444444E-1,1.388888888889E-1,1.458333333333E-1,1.527777777778E-1,
1.597222222222E-1,1.666666666667E-1,1.736111111111E-1,1.805555555556E-1,
1.875E-1,1.944444444444E-1,2.013888888889E-1,2.083333333333E-1,
2.152777777778E-1,2.222222222222E-1,2.291666666667E-1,2.361111111111E-1,
2.430555555556E-1,2.5E-1,2.569444444444E-1,2.638888888889E-1,2.708333333333E-1,
2.777777777778E-1,2.847222222222E-1,2.916666666667E-1,2.986111111111E-1,
3.055555555556E-1,3.125E-1,3.194444444444E-1,3.263888888889E-1,
3.333333333333E-1,3.402777777778E-1,3.472222222222E-1,3.541666666667E-1,
3.611111111111E-1,3.680555555556E-1,3.75E-1,3.819444444444E-1,3.888888888889E-1,
3.958333333333E-1,4.027777777778E-1,4.097222222222E-1,4.166666666667E-1,
4.236111111111E-1,4.305555555556E-1,4.375E-1,4.444444444444E-1,
4.513888888889E-1,4.583333333333E-1,4.652777777778E-1,4.722222222222E-1,
4.791666666667E-1,4.861111111111E-1,4.930555555556E-1,5.E-1,5.069444444444E-1,
5.138888888889E-1,5.208333333333E-1,5.277777777778E-1,5.347222222222E-1,
5.416666666667E-1,5.486111111111E-1,5.555555555556E-1,5.625E-1,
5.694444444444E-1,5.763888888889E-1,5.833333333333E-1,5.902777777778E-1,
5.972222222222E-1,6.041666666667E-1,6.111111111111E-1,6.180555555556E-1,6.25E-1,
6.319444444444E-1,6.388888888889E-1,6.458333333333E-1,6.527777777778E-1,
6.597222222222E-1,6.666666666667E-1,6.736111111111E-1,6.805555555556E-1,
6.875E-1,6.944444444444E-1,7.013888888889E-1,7.083333333333E-1,
7.152777777778E-1,7.222222222222E-1,7.291666666667E-1,7.361111111111E-1,
7.430555555556E-1,7.5E-1,7.569444444444E-1,7.638888888889E-1,7.708333333333E-1,
7.777777777778E-1,7.847222222222E-1,7.916666666667E-1,7.986111111111E-1,
8.055555555556E-1,8.125E-1,8.194444444444E-1,8.263888888889E-1,
8.333333333333E-1,8.402777777778E-1,8.472222222222E-1,8.541666666667E-1,
8.611111111111E-1,8.680555555556E-1,8.75E-1,8.819444444444E-1,8.888888888889E-1,
8.958333333333E-1,9.027777777778E-1,9.097222222222E-1,9.166666666667E-1,
9.236111111111E-1,9.305555555556E-1,9.375E-1,9.444444444444E-1,
9.513888888889E-1,9.583333333333E-1,9.652777777778E-1,9.722222222222E-1,
9.791666666667E-1,9.861111111111E-1,9.930555555556E-1,1.E0),.UNSPECIFIED.);
#2301=B_SPLINE_CURVE_WITH_KNOTS('',3,(#2154,#2155,#2156,#2157,#2158,#2159,#2160,
#2161,#2162,#2163,#2164,#2165,#2166,#2167,#2168,#2169,#2170,#2171,#2172,#2173,
#2174,#2175,#2176,#2177,#2178,#2179,#2180,#2181,#2182,#2183,#2184,#2185,#2186,
#2187,#2188,#2189,#2190,#2191,#2192,#2193,#2194,#2195,#2196,#2197,#2198,#2199,
#2200,#2201,#2202,#2203,#2204,#2205,#2206,#2207,#2208,#2209,#2210,#2211,#2212,
#2213,#2214,#2215,#2216,#2217,#2218,#2219,#2220,#2221,#2222,#2223,#2224,#2225,
#2226,#2227,#2228,#2229,#2230,#2231,#2232,#2233,#2234,#2235,#2236,#2237,#2238,
#2239,#2240,#2241,#2242,#2243,#2244,#2245,#2246,#2247,#2248,#2249,#2250,#2251,
#2252,#2253,#2254,#2255,#2256,#2257,#2258,#2259,#2260,#2261,#2262,#2263,#2264,
#2265,#2266,#2267,#2268,#2269,#2270,#2271,#2272,#2273,#2274,#2275,#2276,#2277,
#2278,#2279,#2280,#2281,#2282,#2283,#2284,#2285,#2286,#2287,#2288,#2289,#2290,
#2291,#2292,#2293,#2294,#2295,#2296,#2297,#2298,#2299,#2300),.UNSPECIFIED.,.F.,
.F.,(4,1,1,1,1,1,1,1,1,1,1,1,1,1,1,1,1,1,1,1,1,1,1,1,1,1,1,1,1,1,1,1,1,1,1,1,1,
1,1,1,1,1,1,1,1,1,1,1,1,1,1,1,1,1,1,1,1,1,1,1,1,1,1,1,1,1,1,1,1,1,1,1,1,1,1,1,1,
1,1,1,1,1,1,1,1,1,1,1,1,1,1,1,1,1,1,1,1,1,1,1,1,1,1,1,1,1,1,1,1,1,1,1,1,1,1,1,1,
1,1,1,1,1,1,1,1,1,1,1,1,1,1,1,1,1,1,1,1,1,1,1,1,1,1,1,4),(0.E0,
6.944444444444E-3,1.388888888889E-2,2.083333333333E-2,2.777777777778E-2,
3.472222222222E-2,4.166666666667E-2,4.861111111111E-2,5.555555555556E-2,6.25E-2,
6.944444444444E-2,7.638888888889E-2,8.333333333333E-2,9.027777777778E-2,
9.722222222222E-2,1.041666666667E-1,1.111111111111E-1,1.180555555556E-1,1.25E-1,
1.319444444444E-1,1.388888888889E-1,1.458333333333E-1,1.527777777778E-1,
1.597222222222E-1,1.666666666667E-1,1.736111111111E-1,1.805555555556E-1,
1.875E-1,1.944444444444E-1,2.013888888889E-1,2.083333333333E-1,
2.152777777778E-1,2.222222222222E-1,2.291666666667E-1,2.361111111111E-1,
2.430555555556E-1,2.5E-1,2.569444444444E-1,2.638888888889E-1,2.708333333333E-1,
2.777777777778E-1,2.847222222222E-1,2.916666666667E-1,2.986111111111E-1,
3.055555555556E-1,3.125E-1,3.194444444444E-1,3.263888888889E-1,
3.333333333333E-1,3.402777777778E-1,3.472222222222E-1,3.541666666667E-1,
3.611111111111E-1,3.680555555556E-1,3.75E-1,3.819444444444E-1,3.888888888889E-1,
3.958333333333E-1,4.027777777778E-1,4.097222222222E-1,4.166666666667E-1,
4.236111111111E-1,4.305555555556E-1,4.375E-1,4.444444444444E-1,
4.513888888889E-1,4.583333333333E-1,4.652777777778E-1,4.722222222222E-1,
4.791666666667E-1,4.861111111111E-1,4.930555555556E-1,5.E-1,5.069444444444E-1,
5.138888888889E-1,5.208333333333E-1,5.277777777778E-1,5.347222222222E-1,
5.416666666667E-1,5.486111111111E-1,5.555555555556E-1,5.625E-1,
5.694444444444E-1,5.763888888889E-1,5.833333333333E-1,5.902777777778E-1,
5.972222222222E-1,6.041666666667E-1,6.111111111111E-1,6.180555555556E-1,6.25E-1,
6.319444444444E-1,6.388888888889E-1,6.458333333333E-1,6.527777777778E-1,
6.597222222222E-1,6.666666666667E-1,6.736111111111E-1,6.805555555556E-1,
6.875E-1,6.944444444444E-1,7.013888888889E-1,7.083333333333E-1,
7.152777777778E-1,7.222222222222E-1,7.291666666667E-1,7.361111111111E-1,
7.430555555556E-1,7.5E-1,7.569444444444E-1,7.638888888889E-1,7.708333333333E-1,
7.777777777778E-1,7.847222222222E-1,7.916666666667E-1,7.986111111111E-1,
8.055555555556E-1,8.125E-1,8.194444444444E-1,8.263888888889E-1,
8.333333333333E-1,8.402777777778E-1,8.472222222222E-1,8.541666666667E-1,
8.611111111111E-1,8.680555555556E-1,8.75E-1,8.819444444444E-1,8.888888888889E-1,
8.958333333333E-1,9.027777777778E-1,9.097222222222E-1,9.166666666667E-1,
9.236111111111E-1,9.305555555556E-1,9.375E-1,9.444444444444E-1,
9.513888888889E-1,9.583333333333E-1,9.652777777778E-1,9.722222222222E-1,
9.791666666667E-1,9.861111111111E-1,9.930555555556E-1,1.E0),.UNSPECIFIED.);
#2459=B_SPLINE_CURVE_WITH_KNOTS('',3,(#2312,#2313,#2314,#2315,#2316,#2317,#2318,
#2319,#2320,#2321,#2322,#2323,#2324,#2325,#2326,#2327,#2328,#2329,#2330,#2331,
#2332,#2333,#2334,#2335,#2336,#2337,#2338,#2339,#2340,#2341,#2342,#2343,#2344,
#2345,#2346,#2347,#2348,#2349,#2350,#2351,#2352,#2353,#2354,#2355,#2356,#2357,
#2358,#2359,#2360,#2361,#2362,#2363,#2364,#2365,#2366,#2367,#2368,#2369,#2370,
#2371,#2372,#2373,#2374,#2375,#2376,#2377,#2378,#2379,#2380,#2381,#2382,#2383,
#2384,#2385,#2386,#2387,#2388,#2389,#2390,#2391,#2392,#2393,#2394,#2395,#2396,
#2397,#2398,#2399,#2400,#2401,#2402,#2403,#2404,#2405,#2406,#2407,#2408,#2409,
#2410,#2411,#2412,#2413,#2414,#2415,#2416,#2417,#2418,#2419,#2420,#2421,#2422,
#2423,#2424,#2425,#2426,#2427,#2428,#2429,#2430,#2431,#2432,#2433,#2434,#2435,
#2436,#2437,#2438,#2439,#2440,#2441,#2442,#2443,#2444,#2445,#2446,#2447,#2448,
#2449,#2450,#2451,#2452,#2453,#2454,#2455,#2456,#2457,#2458),.UNSPECIFIED.,.F.,
.F.,(4,1,1,1,1,1,1,1,1,1,1,1,1,1,1,1,1,1,1,1,1,1,1,1,1,1,1,1,1,1,1,1,1,1,1,1,1,
1,1,1,1,1,1,1,1,1,1,1,1,1,1,1,1,1,1,1,1,1,1,1,1,1,1,1,1,1,1,1,1,1,1,1,1,1,1,1,1,
1,1,1,1,1,1,1,1,1,1,1,1,1,1,1,1,1,1,1,1,1,1,1,1,1,1,1,1,1,1,1,1,1,1,1,1,1,1,1,1,
1,1,1,1,1,1,1,1,1,1,1,1,1,1,1,1,1,1,1,1,1,1,1,1,1,1,1,4),(0.E0,
6.944444444444E-3,1.388888888889E-2,2.083333333333E-2,2.777777777778E-2,
3.472222222222E-2,4.166666666667E-2,4.861111111111E-2,5.555555555556E-2,6.25E-2,
6.944444444444E-2,7.638888888889E-2,8.333333333333E-2,9.027777777778E-2,
9.722222222222E-2,1.041666666667E-1,1.111111111111E-1,1.180555555556E-1,1.25E-1,
1.319444444444E-1,1.388888888889E-1,1.458333333333E-1,1.527777777778E-1,
1.597222222222E-1,1.666666666667E-1,1.736111111111E-1,1.805555555556E-1,
1.875E-1,1.944444444444E-1,2.013888888889E-1,2.083333333333E-1,
2.152777777778E-1,2.222222222222E-1,2.291666666667E-1,2.361111111111E-1,
2.430555555556E-1,2.5E-1,2.569444444444E-1,2.638888888889E-1,2.708333333333E-1,
2.777777777778E-1,2.847222222222E-1,2.916666666667E-1,2.986111111111E-1,
3.055555555556E-1,3.125E-1,3.194444444444E-1,3.263888888889E-1,
3.333333333333E-1,3.402777777778E-1,3.472222222222E-1,3.541666666667E-1,
3.611111111111E-1,3.680555555556E-1,3.75E-1,3.819444444444E-1,3.888888888889E-1,
3.958333333333E-1,4.027777777778E-1,4.097222222222E-1,4.166666666667E-1,
4.236111111111E-1,4.305555555556E-1,4.375E-1,4.444444444444E-1,
4.513888888889E-1,4.583333333333E-1,4.652777777778E-1,4.722222222222E-1,
4.791666666667E-1,4.861111111111E-1,4.930555555556E-1,5.E-1,5.069444444444E-1,
5.138888888889E-1,5.208333333333E-1,5.277777777778E-1,5.347222222222E-1,
5.416666666667E-1,5.486111111111E-1,5.555555555556E-1,5.625E-1,
5.694444444444E-1,5.763888888889E-1,5.833333333333E-1,5.902777777778E-1,
5.972222222222E-1,6.041666666667E-1,6.111111111111E-1,6.180555555556E-1,6.25E-1,
6.319444444444E-1,6.388888888889E-1,6.458333333333E-1,6.527777777778E-1,
6.597222222222E-1,6.666666666667E-1,6.736111111111E-1,6.805555555556E-1,
6.875E-1,6.944444444444E-1,7.013888888889E-1,7.083333333333E-1,
7.152777777778E-1,7.222222222222E-1,7.291666666667E-1,7.361111111111E-1,
7.430555555556E-1,7.5E-1,7.569444444444E-1,7.638888888889E-1,7.708333333333E-1,
7.777777777778E-1,7.847222222222E-1,7.916666666667E-1,7.986111111111E-1,
8.055555555556E-1,8.125E-1,8.194444444444E-1,8.263888888889E-1,
8.333333333333E-1,8.402777777778E-1,8.472222222222E-1,8.541666666667E-1,
8.611111111111E-1,8.680555555556E-1,8.75E-1,8.819444444444E-1,8.888888888889E-1,
8.958333333333E-1,9.027777777778E-1,9.097222222222E-1,9.166666666667E-1,
9.236111111111E-1,9.305555555556E-1,9.375E-1,9.444444444444E-1,
9.513888888889E-1,9.583333333333E-1,9.652777777778E-1,9.722222222222E-1,
9.791666666667E-1,9.861111111111E-1,9.930555555556E-1,1.E0),.UNSPECIFIED.);
#2624=B_SPLINE_CURVE_WITH_KNOTS('',3,(#2477,#2478,#2479,#2480,#2481,#2482,#2483,
#2484,#2485,#2486,#2487,#2488,#2489,#2490,#2491,#2492,#2493,#2494,#2495,#2496,
#2497,#2498,#2499,#2500,#2501,#2502,#2503,#2504,#2505,#2506,#2507,#2508,#2509,
#2510,#2511,#2512,#2513,#2514,#2515,#2516,#2517,#2518,#2519,#2520,#2521,#2522,
#2523,#2524,#2525,#2526,#2527,#2528,#2529,#2530,#2531,#2532,#2533,#2534,#2535,
#2536,#2537,#2538,#2539,#2540,#2541,#2542,#2543,#2544,#2545,#2546,#2547,#2548,
#2549,#2550,#2551,#2552,#2553,#2554,#2555,#2556,#2557,#2558,#2559,#2560,#2561,
#2562,#2563,#2564,#2565,#2566,#2567,#2568,#2569,#2570,#2571,#2572,#2573,#2574,
#2575,#2576,#2577,#2578,#2579,#2580,#2581,#2582,#2583,#2584,#2585,#2586,#2587,
#2588,#2589,#2590,#2591,#2592,#2593,#2594,#2595,#2596,#2597,#2598,#2599,#2600,
#2601,#2602,#2603,#2604,#2605,#2606,#2607,#2608,#2609,#2610,#2611,#2612,#2613,
#2614,#2615,#2616,#2617,#2618,#2619,#2620,#2621,#2622,#2623),.UNSPECIFIED.,.F.,
.F.,(4,1,1,1,1,1,1,1,1,1,1,1,1,1,1,1,1,1,1,1,1,1,1,1,1,1,1,1,1,1,1,1,1,1,1,1,1,
1,1,1,1,1,1,1,1,1,1,1,1,1,1,1,1,1,1,1,1,1,1,1,1,1,1,1,1,1,1,1,1,1,1,1,1,1,1,1,1,
1,1,1,1,1,1,1,1,1,1,1,1,1,1,1,1,1,1,1,1,1,1,1,1,1,1,1,1,1,1,1,1,1,1,1,1,1,1,1,1,
1,1,1,1,1,1,1,1,1,1,1,1,1,1,1,1,1,1,1,1,1,1,1,1,1,1,1,4),(0.E0,
6.944444444444E-3,1.388888888889E-2,2.083333333333E-2,2.777777777778E-2,
3.472222222222E-2,4.166666666667E-2,4.861111111111E-2,5.555555555556E-2,6.25E-2,
6.944444444444E-2,7.638888888889E-2,8.333333333333E-2,9.027777777778E-2,
9.722222222222E-2,1.041666666667E-1,1.111111111111E-1,1.180555555556E-1,1.25E-1,
1.319444444444E-1,1.388888888889E-1,1.458333333333E-1,1.527777777778E-1,
1.597222222222E-1,1.666666666667E-1,1.736111111111E-1,1.805555555556E-1,
1.875E-1,1.944444444444E-1,2.013888888889E-1,2.083333333333E-1,
2.152777777778E-1,2.222222222222E-1,2.291666666667E-1,2.361111111111E-1,
2.430555555556E-1,2.5E-1,2.569444444444E-1,2.638888888889E-1,2.708333333333E-1,
2.777777777778E-1,2.847222222222E-1,2.916666666667E-1,2.986111111111E-1,
3.055555555556E-1,3.125E-1,3.194444444444E-1,3.263888888889E-1,
3.333333333333E-1,3.402777777778E-1,3.472222222222E-1,3.541666666667E-1,
3.611111111111E-1,3.680555555556E-1,3.75E-1,3.819444444444E-1,3.888888888889E-1,
3.958333333333E-1,4.027777777778E-1,4.097222222222E-1,4.166666666667E-1,
4.236111111111E-1,4.305555555556E-1,4.375E-1,4.444444444444E-1,
4.513888888889E-1,4.583333333333E-1,4.652777777778E-1,4.722222222222E-1,
4.791666666667E-1,4.861111111111E-1,4.930555555556E-1,5.E-1,5.069444444444E-1,
5.138888888889E-1,5.208333333333E-1,5.277777777778E-1,5.347222222222E-1,
5.416666666667E-1,5.486111111111E-1,5.555555555556E-1,5.625E-1,
5.694444444444E-1,5.763888888889E-1,5.833333333333E-1,5.902777777778E-1,
5.972222222222E-1,6.041666666667E-1,6.111111111111E-1,6.180555555556E-1,6.25E-1,
6.319444444444E-1,6.388888888889E-1,6.458333333333E-1,6.527777777778E-1,
6.597222222222E-1,6.666666666667E-1,6.736111111111E-1,6.805555555556E-1,
6.875E-1,6.944444444444E-1,7.013888888889E-1,7.083333333333E-1,
7.152777777778E-1,7.222222222222E-1,7.291666666667E-1,7.361111111111E-1,
7.430555555556E-1,7.5E-1,7.569444444444E-1,7.638888888889E-1,7.708333333333E-1,
7.777777777778E-1,7.847222222222E-1,7.916666666667E-1,7.986111111111E-1,
8.055555555556E-1,8.125E-1,8.194444444444E-1,8.263888888889E-1,
8.333333333333E-1,8.402777777778E-1,8.472222222222E-1,8.541666666667E-1,
8.611111111111E-1,8.680555555556E-1,8.75E-1,8.819444444444E-1,8.888888888889E-1,
8.958333333333E-1,9.027777777778E-1,9.097222222222E-1,9.166666666667E-1,
9.236111111111E-1,9.305555555556E-1,9.375E-1,9.444444444444E-1,
9.513888888889E-1,9.583333333333E-1,9.652777777778E-1,9.722222222222E-1,
9.791666666667E-1,9.861111111111E-1,9.930555555556E-1,1.E0),.UNSPECIFIED.);
#2782=B_SPLINE_CURVE_WITH_KNOTS('',3,(#2635,#2636,#2637,#2638,#2639,#2640,#2641,
#2642,#2643,#2644,#2645,#2646,#2647,#2648,#2649,#2650,#2651,#2652,#2653,#2654,
#2655,#2656,#2657,#2658,#2659,#2660,#2661,#2662,#2663,#2664,#2665,#2666,#2667,
#2668,#2669,#2670,#2671,#2672,#2673,#2674,#2675,#2676,#2677,#2678,#2679,#2680,
#2681,#2682,#2683,#2684,#2685,#2686,#2687,#2688,#2689,#2690,#2691,#2692,#2693,
#2694,#2695,#2696,#2697,#2698,#2699,#2700,#2701,#2702,#2703,#2704,#2705,#2706,
#2707,#2708,#2709,#2710,#2711,#2712,#2713,#2714,#2715,#2716,#2717,#2718,#2719,
#2720,#2721,#2722,#2723,#2724,#2725,#2726,#2727,#2728,#2729,#2730,#2731,#2732,
#2733,#2734,#2735,#2736,#2737,#2738,#2739,#2740,#2741,#2742,#2743,#2744,#2745,
#2746,#2747,#2748,#2749,#2750,#2751,#2752,#2753,#2754,#2755,#2756,#2757,#2758,
#2759,#2760,#2761,#2762,#2763,#2764,#2765,#2766,#2767,#2768,#2769,#2770,#2771,
#2772,#2773,#2774,#2775,#2776,#2777,#2778,#2779,#2780,#2781),.UNSPECIFIED.,.F.,
.F.,(4,1,1,1,1,1,1,1,1,1,1,1,1,1,1,1,1,1,1,1,1,1,1,1,1,1,1,1,1,1,1,1,1,1,1,1,1,
1,1,1,1,1,1,1,1,1,1,1,1,1,1,1,1,1,1,1,1,1,1,1,1,1,1,1,1,1,1,1,1,1,1,1,1,1,1,1,1,
1,1,1,1,1,1,1,1,1,1,1,1,1,1,1,1,1,1,1,1,1,1,1,1,1,1,1,1,1,1,1,1,1,1,1,1,1,1,1,1,
1,1,1,1,1,1,1,1,1,1,1,1,1,1,1,1,1,1,1,1,1,1,1,1,1,1,1,4),(0.E0,
6.944444444444E-3,1.388888888889E-2,2.083333333333E-2,2.777777777778E-2,
3.472222222222E-2,4.166666666667E-2,4.861111111111E-2,5.555555555556E-2,6.25E-2,
6.944444444444E-2,7.638888888889E-2,8.333333333333E-2,9.027777777778E-2,
9.722222222222E-2,1.041666666667E-1,1.111111111111E-1,1.180555555556E-1,1.25E-1,
1.319444444444E-1,1.388888888889E-1,1.458333333333E-1,1.527777777778E-1,
1.597222222222E-1,1.666666666667E-1,1.736111111111E-1,1.805555555556E-1,
1.875E-1,1.944444444444E-1,2.013888888889E-1,2.083333333333E-1,
2.152777777778E-1,2.222222222222E-1,2.291666666667E-1,2.361111111111E-1,
2.430555555556E-1,2.5E-1,2.569444444444E-1,2.638888888889E-1,2.708333333333E-1,
2.777777777778E-1,2.847222222222E-1,2.916666666667E-1,2.986111111111E-1,
3.055555555556E-1,3.125E-1,3.194444444444E-1,3.263888888889E-1,
3.333333333333E-1,3.402777777778E-1,3.472222222222E-1,3.541666666667E-1,
3.611111111111E-1,3.680555555556E-1,3.75E-1,3.819444444444E-1,3.888888888889E-1,
3.958333333333E-1,4.027777777778E-1,4.097222222222E-1,4.166666666667E-1,
4.236111111111E-1,4.305555555556E-1,4.375E-1,4.444444444444E-1,
4.513888888889E-1,4.583333333333E-1,4.652777777778E-1,4.722222222222E-1,
4.791666666667E-1,4.861111111111E-1,4.930555555556E-1,5.E-1,5.069444444444E-1,
5.138888888889E-1,5.208333333333E-1,5.277777777778E-1,5.347222222222E-1,
5.416666666667E-1,5.486111111111E-1,5.555555555556E-1,5.625E-1,
5.694444444444E-1,5.763888888889E-1,5.833333333333E-1,5.902777777778E-1,
5.972222222222E-1,6.041666666667E-1,6.111111111111E-1,6.180555555556E-1,6.25E-1,
6.319444444444E-1,6.388888888889E-1,6.458333333333E-1,6.527777777778E-1,
6.597222222222E-1,6.666666666667E-1,6.736111111111E-1,6.805555555556E-1,
6.875E-1,6.944444444444E-1,7.013888888889E-1,7.083333333333E-1,
7.152777777778E-1,7.222222222222E-1,7.291666666667E-1,7.361111111111E-1,
7.430555555556E-1,7.5E-1,7.569444444444E-1,7.638888888889E-1,7.708333333333E-1,
7.777777777778E-1,7.847222222222E-1,7.916666666667E-1,7.986111111111E-1,
8.055555555556E-1,8.125E-1,8.194444444444E-1,8.263888888889E-1,
8.333333333333E-1,8.402777777778E-1,8.472222222222E-1,8.541666666667E-1,
8.611111111111E-1,8.680555555556E-1,8.75E-1,8.819444444444E-1,8.888888888889E-1,
8.958333333333E-1,9.027777777778E-1,9.097222222222E-1,9.166666666667E-1,
9.236111111111E-1,9.305555555556E-1,9.375E-1,9.444444444444E-1,
9.513888888889E-1,9.583333333333E-1,9.652777777778E-1,9.722222222222E-1,
9.791666666667E-1,9.861111111111E-1,9.930555555556E-1,1.E0),.UNSPECIFIED.);
#2940=B_SPLINE_CURVE_WITH_KNOTS('',3,(#2793,#2794,#2795,#2796,#2797,#2798,#2799,
#2800,#2801,#2802,#2803,#2804,#2805,#2806,#2807,#2808,#2809,#2810,#2811,#2812,
#2813,#2814,#2815,#2816,#2817,#2818,#2819,#2820,#2821,#2822,#2823,#2824,#2825,
#2826,#2827,#2828,#2829,#2830,#2831,#2832,#2833,#2834,#2835,#2836,#2837,#2838,
#2839,#2840,#2841,#2842,#2843,#2844,#2845,#2846,#2847,#2848,#2849,#2850,#2851,
#2852,#2853,#2854,#2855,#2856,#2857,#2858,#2859,#2860,#2861,#2862,#2863,#2864,
#2865,#2866,#2867,#2868,#2869,#2870,#2871,#2872,#2873,#2874,#2875,#2876,#2877,
#2878,#2879,#2880,#2881,#2882,#2883,#2884,#2885,#2886,#2887,#2888,#2889,#2890,
#2891,#2892,#2893,#2894,#2895,#2896,#2897,#2898,#2899,#2900,#2901,#2902,#2903,
#2904,#2905,#2906,#2907,#2908,#2909,#2910,#2911,#2912,#2913,#2914,#2915,#2916,
#2917,#2918,#2919,#2920,#2921,#2922,#2923,#2924,#2925,#2926,#2927,#2928,#2929,
#2930,#2931,#2932,#2933,#2934,#2935,#2936,#2937,#2938,#2939),.UNSPECIFIED.,.F.,
.F.,(4,1,1,1,1,1,1,1,1,1,1,1,1,1,1,1,1,1,1,1,1,1,1,1,1,1,1,1,1,1,1,1,1,1,1,1,1,
1,1,1,1,1,1,1,1,1,1,1,1,1,1,1,1,1,1,1,1,1,1,1,1,1,1,1,1,1,1,1,1,1,1,1,1,1,1,1,1,
1,1,1,1,1,1,1,1,1,1,1,1,1,1,1,1,1,1,1,1,1,1,1,1,1,1,1,1,1,1,1,1,1,1,1,1,1,1,1,1,
1,1,1,1,1,1,1,1,1,1,1,1,1,1,1,1,1,1,1,1,1,1,1,1,1,1,1,4),(0.E0,
6.944444444444E-3,1.388888888889E-2,2.083333333333E-2,2.777777777778E-2,
3.472222222222E-2,4.166666666667E-2,4.861111111111E-2,5.555555555556E-2,6.25E-2,
6.944444444444E-2,7.638888888889E-2,8.333333333333E-2,9.027777777778E-2,
9.722222222222E-2,1.041666666667E-1,1.111111111111E-1,1.180555555556E-1,1.25E-1,
1.319444444444E-1,1.388888888889E-1,1.458333333333E-1,1.527777777778E-1,
1.597222222222E-1,1.666666666667E-1,1.736111111111E-1,1.805555555556E-1,
1.875E-1,1.944444444444E-1,2.013888888889E-1,2.083333333333E-1,
2.152777777778E-1,2.222222222222E-1,2.291666666667E-1,2.361111111111E-1,
2.430555555556E-1,2.5E-1,2.569444444444E-1,2.638888888889E-1,2.708333333333E-1,
2.777777777778E-1,2.847222222222E-1,2.916666666667E-1,2.986111111111E-1,
3.055555555556E-1,3.125E-1,3.194444444444E-1,3.263888888889E-1,
3.333333333333E-1,3.402777777778E-1,3.472222222222E-1,3.541666666667E-1,
3.611111111111E-1,3.680555555556E-1,3.75E-1,3.819444444444E-1,3.888888888889E-1,
3.958333333333E-1,4.027777777778E-1,4.097222222222E-1,4.166666666667E-1,
4.236111111111E-1,4.305555555556E-1,4.375E-1,4.444444444444E-1,
4.513888888889E-1,4.583333333333E-1,4.652777777778E-1,4.722222222222E-1,
4.791666666667E-1,4.861111111111E-1,4.930555555556E-1,5.E-1,5.069444444444E-1,
5.138888888889E-1,5.208333333333E-1,5.277777777778E-1,5.347222222222E-1,
5.416666666667E-1,5.486111111111E-1,5.555555555556E-1,5.625E-1,
5.694444444444E-1,5.763888888889E-1,5.833333333333E-1,5.902777777778E-1,
5.972222222222E-1,6.041666666667E-1,6.111111111111E-1,6.180555555556E-1,6.25E-1,
6.319444444444E-1,6.388888888889E-1,6.458333333333E-1,6.527777777778E-1,
6.597222222222E-1,6.666666666667E-1,6.736111111111E-1,6.805555555556E-1,
6.875E-1,6.944444444444E-1,7.013888888889E-1,7.083333333333E-1,
7.152777777778E-1,7.222222222222E-1,7.291666666667E-1,7.361111111111E-1,
7.430555555556E-1,7.5E-1,7.569444444444E-1,7.638888888889E-1,7.708333333333E-1,
7.777777777778E-1,7.847222222222E-1,7.916666666667E-1,7.986111111111E-1,
8.055555555556E-1,8.125E-1,8.194444444444E-1,8.263888888889E-1,
8.333333333333E-1,8.402777777778E-1,8.472222222222E-1,8.541666666667E-1,
8.611111111111E-1,8.680555555556E-1,8.75E-1,8.819444444444E-1,8.888888888889E-1,
8.958333333333E-1,9.027777777778E-1,9.097222222222E-1,9.166666666667E-1,
9.236111111111E-1,9.305555555556E-1,9.375E-1,9.444444444444E-1,
9.513888888889E-1,9.583333333333E-1,9.652777777778E-1,9.722222222222E-1,
9.791666666667E-1,9.861111111111E-1,9.930555555556E-1,1.E0),.UNSPECIFIED.);
#3005=B_SPLINE_CURVE_WITH_KNOTS('',3,(#2944,#2945,#2946,#2947,#2948,#2949,#2950,
#2951,#2952,#2953,#2954,#2955,#2956,#2957,#2958,#2959,#2960,#2961,#2962,#2963,
#2964,#2965,#2966,#2967,#2968,#2969,#2970,#2971,#2972,#2973,#2974,#2975,#2976,
#2977,#2978,#2979,#2980,#2981,#2982,#2983,#2984,#2985,#2986,#2987,#2988,#2989,
#2990,#2991,#2992,#2993,#2994,#2995,#2996,#2997,#2998,#2999,#3000,#3001,#3002,
#3003,#3004),.UNSPECIFIED.,.F.,.F.,(4,1,1,1,1,1,1,1,1,1,1,1,1,1,1,1,1,1,1,1,1,1,
1,1,1,1,1,1,1,1,1,1,1,1,1,1,1,1,1,1,1,1,1,1,1,1,1,1,1,1,1,1,1,1,1,1,1,1,4),
(0.E0,1.724137931034E-2,3.448275862069E-2,5.172413793103E-2,6.896551724138E-2,
8.620689655172E-2,1.034482758621E-1,1.206896551724E-1,1.379310344828E-1,
1.551724137931E-1,1.724137931034E-1,1.896551724138E-1,2.068965517241E-1,
2.241379310345E-1,2.413793103448E-1,2.586206896552E-1,2.758620689655E-1,
2.931034482759E-1,3.103448275862E-1,3.275862068966E-1,3.448275862069E-1,
3.620689655172E-1,3.793103448276E-1,3.965517241379E-1,4.137931034483E-1,
4.310344827586E-1,4.482758620690E-1,4.655172413793E-1,4.827586206897E-1,5.E-1,
5.172413793103E-1,5.344827586207E-1,5.517241379310E-1,5.689655172414E-1,
5.862068965517E-1,6.034482758621E-1,6.206896551724E-1,6.379310344828E-1,
6.551724137931E-1,6.724137931034E-1,6.896551724138E-1,7.068965517241E-1,
7.241379310345E-1,7.413793103448E-1,7.586206896552E-1,7.758620689655E-1,
7.931034482759E-1,8.103448275862E-1,8.275862068966E-1,8.448275862069E-1,
8.620689655172E-1,8.793103448276E-1,8.965517241379E-1,9.137931034483E-1,
9.310344827586E-1,9.482758620690E-1,9.655172413793E-1,9.827586206897E-1,1.E0),
.UNSPECIFIED.);
#3020=B_SPLINE_CURVE_WITH_KNOTS('',3,(#3009,#3010,#3011,#3012,#3013,#3014,#3015,
#3016,#3017,#3018,#3019),.UNSPECIFIED.,.F.,.F.,(4,1,1,1,1,1,1,1,4),(0.E0,
1.25E-1,2.5E-1,3.75E-1,5.E-1,6.25E-1,7.5E-1,8.75E-1,1.E0),.UNSPECIFIED.);
#3028=CIRCLE('',#3027,1.2645E0);
#3048=B_SPLINE_CURVE_WITH_KNOTS('',3,(#3032,#3033,#3034,#3035,#3036,#3037,#3038,
#3039,#3040,#3041,#3042,#3043,#3044,#3045,#3046,#3047),.UNSPECIFIED.,.F.,.F.,(4,
1,1,1,1,1,1,1,1,1,1,1,1,4),(0.E0,7.692307692308E-2,1.538461538462E-1,
2.307692307692E-1,3.076923076923E-1,3.846153846154E-1,4.615384615385E-1,
5.384615384615E-1,6.153846153846E-1,6.923076923077E-1,7.692307692308E-1,
8.461538461538E-1,9.230769230769E-1,1.E0),.UNSPECIFIED.);
#3056=CIRCLE('',#3055,1.5E0);
#3064=CIRCLE('',#3063,1.5E0);
#3100=B_SPLINE_CURVE_WITH_KNOTS('',3,(#3082,#3083,#3084,#3085,#3086,#3087,#3088,
#3089,#3090,#3091,#3092,#3093,#3094,#3095,#3096,#3097,#3098,#3099),
.UNSPECIFIED.,.F.,.F.,(4,1,1,1,1,1,1,1,1,1,1,1,1,1,1,4),(0.E0,6.666666666667E-2,
1.333333333333E-1,2.E-1,2.666666666667E-1,3.333333333333E-1,4.E-1,
4.666666666667E-1,5.333333333333E-1,6.E-1,6.666666666667E-1,7.333333333333E-1,
8.E-1,8.666666666667E-1,9.333333333333E-1,1.E0),.UNSPECIFIED.);
#3186=B_SPLINE_CURVE_WITH_KNOTS('',3,(#3132,#3133,#3134,#3135,#3136,#3137,#3138,
#3139,#3140,#3141,#3142,#3143,#3144,#3145,#3146,#3147,#3148,#3149,#3150,#3151,
#3152,#3153,#3154,#3155,#3156,#3157,#3158,#3159,#3160,#3161,#3162,#3163,#3164,
#3165,#3166,#3167,#3168,#3169,#3170,#3171,#3172,#3173,#3174,#3175,#3176,#3177,
#3178,#3179,#3180,#3181,#3182,#3183,#3184,#3185),.UNSPECIFIED.,.F.,.F.,(4,1,1,1,
1,1,1,1,1,1,1,1,1,1,1,1,1,1,1,1,1,1,1,1,1,1,1,1,1,1,1,1,1,1,1,1,1,1,1,1,1,1,1,1,
1,1,1,1,1,1,1,4),(0.E0,1.960784313725E-2,3.921568627451E-2,5.882352941176E-2,
7.843137254902E-2,9.803921568627E-2,1.176470588235E-1,1.372549019608E-1,
1.568627450980E-1,1.764705882353E-1,1.960784313725E-1,2.156862745098E-1,
2.352941176471E-1,2.549019607843E-1,2.745098039216E-1,2.941176470588E-1,
3.137254901961E-1,3.333333333333E-1,3.529411764706E-1,3.725490196078E-1,
3.921568627451E-1,4.117647058824E-1,4.313725490196E-1,4.509803921569E-1,
4.705882352941E-1,4.901960784314E-1,5.098039215686E-1,5.294117647059E-1,
5.490196078431E-1,5.686274509804E-1,5.882352941176E-1,6.078431372549E-1,
6.274509803922E-1,6.470588235294E-1,6.666666666667E-1,6.862745098039E-1,
7.058823529412E-1,7.254901960784E-1,7.450980392157E-1,7.647058823529E-1,
7.843137254902E-1,8.039215686275E-1,8.235294117647E-1,8.431372549020E-1,
8.627450980392E-1,8.823529411765E-1,9.019607843137E-1,9.215686274510E-1,
9.411764705882E-1,9.607843137255E-1,9.803921568627E-1,1.E0),.UNSPECIFIED.);
#3324=EDGE_CURVE('',#3199,#3200,#24,.T.);
#3326=EDGE_CURVE('',#3200,#3202,#32,.T.);
#3328=EDGE_CURVE('',#3202,#3204,#39,.T.);
#3330=EDGE_CURVE('',#3204,#3206,#46,.T.);
#3332=EDGE_CURVE('',#3206,#3208,#53,.T.);
#3334=EDGE_CURVE('',#3208,#3199,#60,.T.);
#3338=EDGE_CURVE('',#3223,#3224,#68,.T.);
#3340=EDGE_CURVE('',#3224,#3223,#76,.T.);
#3344=ADVANCED_FACE('',(#3337,#3343),#3323,.F.);
#3351=EDGE_CURVE('',#3199,#3211,#83,.T.);
#3353=EDGE_CURVE('',#3211,#3212,#125,.T.);
#3355=EDGE_CURVE('',#3200,#3212,#118,.T.);
#3359=ADVANCED_FACE('',(#3358),#3349,.T.);
#3366=EDGE_CURVE('',#3208,#3220,#90,.T.);
#3368=EDGE_CURVE('',#3220,#3211,#132,.T.);
#3373=ADVANCED_FACE('',(#3372),#3364,.T.);
#3380=EDGE_CURVE('',#3206,#3218,#97,.T.);
#3382=EDGE_CURVE('',#3218,#3220,#139,.T.);
#3387=ADVANCED_FACE('',(#3386),#3378,.T.);
#3394=EDGE_CURVE('',#3204,#3216,#104,.T.);
#3396=EDGE_CURVE('',#3216,#3218,#146,.T.);
#3401=ADVANCED_FACE('',(#3400),#3392,.T.);
#3408=EDGE_CURVE('',#3202,#3214,#111,.T.);
#3410=EDGE_CURVE('',#3214,#3216,#153,.T.);
#3415=ADVANCED_FACE('',(#3414),#3406,.T.);
#3423=EDGE_CURVE('',#3212,#3214,#160,.T.);
#3428=ADVANCED_FACE('',(#3427),#3420,.T.);
#3442=EDGE_CURVE('',#3227,#3228,#168,.T.);
#3444=EDGE_CURVE('',#3228,#3227,#176,.T.);
#3448=ADVANCED_FACE('',(#3441,#3447),#3433,.T.);
#3454=EDGE_CURVE('',#3227,#3310,#248,.T.);
#3456=EDGE_CURVE('',#3316,#3310,#198,.T.);
#3458=EDGE_CURVE('',#3312,#3316,#206,.T.);
#3460=EDGE_CURVE('',#3228,#3312,#255,.T.);
#3465=ADVANCED_FACE('',(#3464),#3453,.F.);
#3471=EDGE_CURVE('',#3318,#3298,#221,.T.);
#3473=EDGE_CURVE('',#3314,#3298,#1023,.T.);
#3475=EDGE_CURVE('',#3310,#3314,#241,.T.);
#3480=EDGE_CURVE('',#3318,#3312,#263,.T.);
#3484=ADVANCED_FACE('',(#3483),#3470,.F.);
#3562=EDGE_CURVE('',#3295,#3296,#985,.T.);
#3564=EDGE_CURVE('',#3296,#3297,#1927,.T.);
#3566=EDGE_CURVE('',#3297,#3298,#1044,.T.);
#3569=EDGE_CURVE('',#3244,#3318,#328,.T.);
#3571=EDGE_CURVE('',#3244,#3295,#335,.T.);
#3575=ADVANCED_FACE('',(#3574),#3561,.F.);
#3581=EDGE_CURVE('',#3245,#3246,#360,.T.);
#3583=EDGE_CURVE('',#3248,#3245,#1166,.T.);
#3585=EDGE_CURVE('',#3247,#3248,#385,.T.);
#3587=EDGE_CURVE('',#3247,#3246,#1102,.T.);
#3591=ADVANCED_FACE('',(#3590),#3580,.F.);
#3597=EDGE_CURVE('',#3249,#3250,#410,.T.);
#3599=EDGE_CURVE('',#3249,#3256,#1134,.T.);
#3601=EDGE_CURVE('',#3255,#3256,#435,.T.);
#3603=EDGE_CURVE('',#3250,#3255,#1198,.T.);
#3607=ADVANCED_FACE('',(#3606),#3596,.F.);
#3613=EDGE_CURVE('',#3251,#3252,#460,.T.);
#3615=EDGE_CURVE('',#3251,#3258,#1230,.T.);
#3617=EDGE_CURVE('',#3257,#3258,#485,.T.);
#3619=EDGE_CURVE('',#3252,#3257,#1262,.T.);
#3623=ADVANCED_FACE('',(#3622),#3612,.F.);
#3629=EDGE_CURVE('',#3253,#3254,#510,.T.);
#3631=EDGE_CURVE('',#3253,#3260,#1294,.T.);
#3633=EDGE_CURVE('',#3259,#3260,#535,.T.);
#3635=EDGE_CURVE('',#3254,#3259,#1326,.T.);
#3639=ADVANCED_FACE('',(#3638),#3628,.F.);
#3645=EDGE_CURVE('',#3261,#3262,#560,.T.);
#3647=EDGE_CURVE('',#3264,#3261,#1422,.T.);
#3649=EDGE_CURVE('',#3263,#3264,#585,.T.);
#3651=EDGE_CURVE('',#3263,#3262,#1358,.T.);
#3655=ADVANCED_FACE('',(#3654),#3644,.F.);
#3661=EDGE_CURVE('',#3265,#3266,#610,.T.);
#3663=EDGE_CURVE('',#3265,#3272,#1390,.T.);
#3665=EDGE_CURVE('',#3271,#3272,#635,.T.);
#3667=EDGE_CURVE('',#3266,#3271,#1454,.T.);
#3671=ADVANCED_FACE('',(#3670),#3660,.F.);
#3677=EDGE_CURVE('',#3267,#3268,#660,.T.);
#3679=EDGE_CURVE('',#3267,#3274,#1486,.T.);
#3681=EDGE_CURVE('',#3273,#3274,#685,.T.);
#3683=EDGE_CURVE('',#3268,#3273,#1518,.T.);
#3687=ADVANCED_FACE('',(#3686),#3676,.F.);
#3693=EDGE_CURVE('',#3269,#3270,#710,.T.);
#3695=EDGE_CURVE('',#3269,#3276,#1550,.T.);
#3697=EDGE_CURVE('',#3275,#3276,#735,.T.);
#3699=EDGE_CURVE('',#3270,#3275,#1582,.T.);
#3703=ADVANCED_FACE('',(#3702),#3692,.F.);
#3709=EDGE_CURVE('',#3277,#3278,#760,.T.);
#3711=EDGE_CURVE('',#3280,#3277,#1678,.T.);
#3713=EDGE_CURVE('',#3279,#3280,#785,.T.);
#3715=EDGE_CURVE('',#3279,#3278,#1614,.T.);
#3719=ADVANCED_FACE('',(#3718),#3708,.F.);
#3725=EDGE_CURVE('',#3281,#3282,#810,.T.);
#3727=EDGE_CURVE('',#3281,#3288,#1646,.T.);
#3729=EDGE_CURVE('',#3287,#3288,#835,.T.);
#3731=EDGE_CURVE('',#3282,#3287,#1710,.T.);
#3735=ADVANCED_FACE('',(#3734),#3724,.F.);
#3741=EDGE_CURVE('',#3283,#3284,#860,.T.);
#3743=EDGE_CURVE('',#3283,#3290,#1742,.T.);
#3745=EDGE_CURVE('',#3289,#3290,#885,.T.);
#3747=EDGE_CURVE('',#3284,#3289,#1774,.T.);
#3751=ADVANCED_FACE('',(#3750),#3740,.F.);
#3757=EDGE_CURVE('',#3285,#3286,#910,.T.);
#3759=EDGE_CURVE('',#3285,#3292,#1806,.T.);
#3761=EDGE_CURVE('',#3291,#3292,#935,.T.);
#3763=EDGE_CURVE('',#3286,#3291,#1838,.T.);
#3767=ADVANCED_FACE('',(#3766),#3756,.F.);
#3773=EDGE_CURVE('',#3293,#3294,#960,.T.);
#3775=EDGE_CURVE('',#3296,#3293,#1934,.T.);
#3778=EDGE_CURVE('',#3295,#3294,#1870,.T.);
#3782=ADVANCED_FACE('',(#3781),#3772,.F.);
#3788=EDGE_CURVE('',#3306,#3314,#1015,.T.);
#3792=EDGE_CURVE('',#3297,#3306,#1902,.T.);
#3796=ADVANCED_FACE('',(#3795),#3787,.F.);
#3875=EDGE_CURVE('',#3246,#3305,#1095,.T.);
#3877=EDGE_CURVE('',#3301,#3305,#3020,.T.);
#3879=EDGE_CURVE('',#3301,#3231,#3005,.T.);
#3881=EDGE_CURVE('',#3256,#3231,#3107,.T.);
#3883=EDGE_CURVE('',#3256,#3245,#1127,.T.);
#3887=ADVANCED_FACE('',(#3886),#3873,.F.);
#3893=EDGE_CURVE('',#3247,#3304,#1074,.T.);
#3895=EDGE_CURVE('',#3305,#3304,#3028,.T.);
#3901=ADVANCED_FACE('',(#3900),#3892,.F.);
#3909=EDGE_CURVE('',#3248,#3249,#1159,.T.);
#3914=ADVANCED_FACE('',(#3913),#3906,.F.);
#3920=EDGE_CURVE('',#3250,#3251,#1191,.T.);
#3923=EDGE_CURVE('',#3258,#3255,#1223,.T.);
#3928=ADVANCED_FACE('',(#3927),#3919,.F.);
#3934=EDGE_CURVE('',#3252,#3253,#1255,.T.);
#3937=EDGE_CURVE('',#3260,#3257,#1287,.T.);
#3942=ADVANCED_FACE('',(#3941),#3933,.F.);
#3948=EDGE_CURVE('',#3254,#3263,#1319,.T.);
#3951=EDGE_CURVE('',#3262,#3259,#1351,.T.);
#3956=ADVANCED_FACE('',(#3955),#3947,.F.);
#3962=EDGE_CURVE('',#3272,#3261,#1383,.T.);
#3965=EDGE_CURVE('',#3264,#3265,#1415,.T.);
#3970=ADVANCED_FACE('',(#3969),#3961,.F.);
#3976=EDGE_CURVE('',#3266,#3267,#1447,.T.);
#3979=EDGE_CURVE('',#3274,#3271,#1479,.T.);
#3984=ADVANCED_FACE('',(#3983),#3975,.F.);
#3990=EDGE_CURVE('',#3268,#3269,#1511,.T.);
#3993=EDGE_CURVE('',#3276,#3273,#1543,.T.);
#3998=ADVANCED_FACE('',(#3997),#3989,.F.);
#4004=EDGE_CURVE('',#3270,#3279,#1575,.T.);
#4007=EDGE_CURVE('',#3278,#3275,#1607,.T.);
#4012=ADVANCED_FACE('',(#4011),#4003,.F.);
#4018=EDGE_CURVE('',#3288,#3277,#1639,.T.);
#4021=EDGE_CURVE('',#3280,#3281,#1671,.T.);
#4026=ADVANCED_FACE('',(#4025),#4017,.F.);
#4032=EDGE_CURVE('',#3282,#3283,#1703,.T.);
#4035=EDGE_CURVE('',#3290,#3287,#1735,.T.);
#4040=ADVANCED_FACE('',(#4039),#4031,.F.);
#4046=EDGE_CURVE('',#3284,#3285,#1767,.T.);
#4049=EDGE_CURVE('',#3292,#3289,#1799,.T.);
#4054=ADVANCED_FACE('',(#4053),#4045,.F.);
#4060=EDGE_CURVE('',#3286,#3295,#1831,.T.);
#4063=EDGE_CURVE('',#3294,#3291,#1863,.T.);
#4068=ADVANCED_FACE('',(#4067),#4059,.F.);
#4074=EDGE_CURVE('',#3306,#3293,#1895,.T.);
#4081=ADVANCED_FACE('',(#4080),#4073,.F.);
#4160=EDGE_CURVE('',#3232,#3247,#2150,.T.);
#4162=EDGE_CURVE('',#3308,#3232,#1992,.T.);
#4164=EDGE_CURVE('',#3308,#3303,#3100,.T.);
#4166=EDGE_CURVE('',#3303,#3304,#3048,.T.);
#4170=ADVANCED_FACE('',(#4169),#4158,.F.);
#4448=EDGE_CURVE('',#3236,#3263,#2308,.T.);
#4450=EDGE_CURVE('',#3232,#3236,#2143,.T.);
#4455=ADVANCED_FACE('',(#4454),#4439,.F.);
#4733=EDGE_CURVE('',#3240,#3279,#2466,.T.);
#4735=EDGE_CURVE('',#3236,#3240,#2301,.T.);
#4740=ADVANCED_FACE('',(#4739),#4724,.F.);
#5019=EDGE_CURVE('',#3240,#3244,#2459,.T.);
#5024=ADVANCED_FACE('',(#5023),#5009,.F.);
#5294=EDGE_CURVE('',#3239,#3240,#2473,.T.);
#5297=EDGE_CURVE('',#3243,#3244,#3193,.T.);
#5299=EDGE_CURVE('',#3239,#3243,#2624,.T.);
#5303=ADVANCED_FACE('',(#5302),#5293,.F.);
#5573=EDGE_CURVE('',#3235,#3236,#2631,.T.);
#5577=EDGE_CURVE('',#3235,#3239,#2782,.T.);
#5581=ADVANCED_FACE('',(#5580),#5572,.F.);
#5851=EDGE_CURVE('',#3231,#3232,#2789,.T.);
#5855=EDGE_CURVE('',#3231,#3235,#2940,.T.);
#5859=ADVANCED_FACE('',(#5858),#5850,.F.);
#5937=EDGE_CURVE('',#3301,#3302,#3056,.T.);
#5939=EDGE_CURVE('',#3302,#3308,#3064,.T.);
#5946=ADVANCED_FACE('',(#5945),#5936,.F.);
#5955=EDGE_CURVE('',#3303,#3223,#3078,.T.);
#5958=EDGE_CURVE('',#3302,#3224,#3071,.T.);
#5963=ADVANCED_FACE('',(#5962),#5951,.F.);
#5976=ADVANCED_FACE('',(#5975),#5968,.F.);
#6249=EDGE_CURVE('',#3272,#3235,#3114,.T.);
#6260=ADVANCED_FACE('',(#6259),#6245,.F.);
#6533=EDGE_CURVE('',#3288,#3239,#3121,.T.);
#6544=ADVANCED_FACE('',(#6543),#6529,.F.);
#6817=EDGE_CURVE('',#3306,#3243,#3128,.T.);
#6828=ADVANCED_FACE('',(#6827),#6813,.F.);
#6908=EDGE_CURVE('',#3243,#3316,#3186,.T.);
#6914=ADVANCED_FACE('',(#6913),#6905,.F.);
#6999=ADVANCED_FACE('',(#6998),#6991,.F.);
#7000=CLOSED_SHELL('',(#3344,#3359,#3373,#3387,#3401,#3415,#3428,#3448,#3465,
#3484,#3575,#3591,#3607,#3623,#3639,#3655,#3671,#3687,#3703,#3719,#3735,#3751,
#3767,#3782,#3796,#3887,#3901,#3914,#3928,#3942,#3956,#3970,#3984,#3998,#4012,
#4026,#4040,#4054,#4068,#4081,#4170,#4455,#4740,#5024,#5303,#5581,#5859,#5946,
#5963,#5976,#6260,#6544,#6828,#6914,#6999));
#7001=MANIFOLD_SOLID_BREP('',#7000);
#7008=(LENGTH_UNIT()NAMED_UNIT(*)SI_UNIT(.MILLI.,.METRE.));
#7009=(NAMED_UNIT(*)PLANE_ANGLE_UNIT()SI_UNIT($,.RADIAN.));
#7012=(NAMED_UNIT(*)SI_UNIT($,.STERADIAN.)SOLID_ANGLE_UNIT());
#7014=(GEOMETRIC_REPRESENTATION_CONTEXT(3)GLOBAL_UNCERTAINTY_ASSIGNED_CONTEXT((
#7013))GLOBAL_UNIT_ASSIGNED_CONTEXT((#7008,#7011,#7012))REPRESENTATION_CONTEXT(
'ID1','3'));
#7015=ADVANCED_BREP_SHAPE_REPRESENTATION('',(#7001),#7014);
#7023=PRODUCT_DEFINITION('design','',#7022,#7019);
#7024=PRODUCT_DEFINITION_SHAPE('','SHAPE FOR R30-100.',#7023);
#7025=SHAPE_ASPECT('','solid data associated with R30-100',#7024,.F.);
#7026=PROPERTY_DEFINITION('',
'shape for solid data with which properties are associated',#7025);
#7027=SHAPE_REPRESENTATION('',(#7001),#7014);
#7028=SHAPE_DEFINITION_REPRESENTATION(#7026,#7027);
#7029=(LENGTH_UNIT()NAMED_UNIT(*)SI_UNIT(.MILLI.,.METRE.));
#7033=PROPERTY_DEFINITION('geometric validation property','area of R30-100',
#7025);
#7034=REPRESENTATION('surface area',(#7032),#7014);
#7035=PROPERTY_DEFINITION_REPRESENTATION(#7033,#7034);
#7036=(LENGTH_UNIT()NAMED_UNIT(*)SI_UNIT(.MILLI.,.METRE.));
#7040=PROPERTY_DEFINITION('geometric validation property','volume of R30-100',
#7025);
#7041=REPRESENTATION('volume',(#7039),#7014);
#7042=PROPERTY_DEFINITION_REPRESENTATION(#7040,#7041);
#7044=PROPERTY_DEFINITION('geometric validation property','centroid of R30-100',
#7025);
#7045=REPRESENTATION('centroid',(#7043),#7014);
#7046=PROPERTY_DEFINITION_REPRESENTATION(#7044,#7045);
#7047=(LENGTH_UNIT()NAMED_UNIT(*)SI_UNIT(.MILLI.,.METRE.));
#7051=PROPERTY_DEFINITION('geometric validation property','area of R30-100',
#7024);
#7052=REPRESENTATION('surface area',(#7050),#7014);
#7053=PROPERTY_DEFINITION_REPRESENTATION(#7051,#7052);
#7054=(LENGTH_UNIT()NAMED_UNIT(*)SI_UNIT(.MILLI.,.METRE.));
#7058=PROPERTY_DEFINITION('geometric validation property','volume of R30-100',
#7024);
#7059=REPRESENTATION('volume',(#7057),#7014);
#7060=PROPERTY_DEFINITION_REPRESENTATION(#7058,#7059);
#7062=PROPERTY_DEFINITION('geometric validation property','centroid of R30-100',
#7024);
#7063=REPRESENTATION('centroid',(#7061),#7014);
#7064=PROPERTY_DEFINITION_REPRESENTATION(#7062,#7063);
#7065=SHAPE_DEFINITION_REPRESENTATION(#7024,#7015);
ENDSEC;
END-ISO-10303-21;
