ISO-10303-21;
HEADER;
FILE_DESCRIPTION (( 'STEP AP214' ),
    '1' );
FILE_NAME ('39LA-1PB-103.STEP',
    '2025-08-06T11:34:19',
    ( '' ),
    ( '' ),
    'SwSTEP 2.0',
    'SolidWorks 2024',
    '' );
FILE_SCHEMA (( 'AUTOMOTIVE_DESIGN' ));
ENDSEC;

DATA;
#1 = CARTESIAN_POINT ( 'NONE',  ( 0.1918295665377000025, 0.09299999999999999933, 0.1197727077903999876 ) ) ;
#2 = ADVANCED_FACE ( 'NONE', ( #1568 ), #1673, .F. ) ;
#3 = EDGE_CURVE ( 'NONE', #6636, #9461, #9433, .T. ) ;
#4 = LINE ( 'NONE', #3927, #930 ) ;
#5 = CIRCLE ( 'NONE', #3961, 0.2249999999999999223 ) ;
#6 = CARTESIAN_POINT ( 'NONE',  ( 0.2247371153077506734, 0.1046294387963895706, 0.01090837767931772222 ) ) ;
#7 = DIRECTION ( 'NONE',  ( 0.000000000000000000, -1.000000000000000000, 0.000000000000000000 ) ) ;
#8 = DIRECTION ( 'NONE',  ( 0.000000000000000000, -1.000000000000000000, 0.000000000000000000 ) ) ;
#9 = CYLINDRICAL_SURFACE ( 'NONE', #7029, 0.01149999999999999981 ) ;
#10 = VERTEX_POINT ( 'NONE', #8763 ) ;
#11 = DIRECTION ( 'NONE',  ( 0.9396926207859296332, -4.930380657631322887E-28, -0.3420201433256107038 ) ) ;
#12 = AXIS2_PLACEMENT_3D ( 'NONE', #8709, #1726, #8002 ) ;
#13 = LINE ( 'NONE', #10094, #9639 ) ;
#14 = FILL_AREA_STYLE_COLOUR ( '', #8645 ) ;
#15 = LINE ( 'NONE', #838, #9253 ) ;
#16 =( NAMED_UNIT ( * ) SI_UNIT ( $, .STERADIAN. ) SOLID_ANGLE_UNIT ( ) );
#17 = DIRECTION ( 'NONE',  ( 0.000000000000000000, 0.000000000000000000, -1.000000000000000000 ) ) ;
#18 = CARTESIAN_POINT ( 'NONE',  ( 0.2539470408647999666, 0.1690000188652999724, -0.03235589164580000149 ) ) ;
#19 = VECTOR ( 'NONE', #7582, 39.37007874015748143 ) ;
#20 = EDGE_LOOP ( 'NONE', ( #7525, #2922, #2056, #2875, #3429, #9404 ) ) ;
#21 = DIRECTION ( 'NONE',  ( 0.000000000000000000, -0.8886206570548857986, 0.4586429197702099336 ) ) ;
#22 = ORIENTED_EDGE ( 'NONE', *, *, #568, .T. ) ;
#23 = ORIENTED_EDGE ( 'NONE', *, *, #1705, .F. ) ;
#24 = DIRECTION ( 'NONE',  ( -0.1940769632661985267, 0.000000000000000000, -0.9809863058826920890 ) ) ;
#25 = CARTESIAN_POINT ( 'NONE',  ( 0.1939816009519999829, 0.09300000000043996684, -0.1211475694756000004 ) ) ;
#26 = CARTESIAN_POINT ( 'NONE',  ( 0.1505543864307000157, 0.09299999999999999933, 0.1672075857323999937 ) ) ;
#27 = CIRCLE ( 'NONE', #1682, 0.2500000000000000555 ) ;
#29 = CARTESIAN_POINT ( 'NONE',  ( 0.000000000000000000, 0.1689999999999999836, 0.000000000000000000 ) ) ;
#28 = CARTESIAN_POINT ( 'NONE',  ( 0.2248528578907000031, 0.1191289331060999962, 0.008150977413582992728 ) ) ;
#30 = DIRECTION ( 'NONE',  ( 0.8277849711442306635, 0.000000000000000000, 0.5610454897312207034 ) ) ;
#31 = EDGE_LOOP ( 'NONE', ( #2832, #8284, #1396, #1548, #920, #5849 ) ) ;
#32 = ORIENTED_EDGE ( 'NONE', *, *, #2088, .F. ) ;
#33 = LINE ( 'NONE', #4822, #4319 ) ;
#34 = DIRECTION ( 'NONE',  ( -0.6691306063589282926, 0.000000000000000000, 0.7431448254773312945 ) ) ;
#35 = VERTEX_POINT ( 'NONE', #1728 ) ;
#36 = PRESENTATION_LAYER_ASSIGNMENT (  '', '', ( #4473 ) ) ;
#37 = AXIS2_PLACEMENT_3D ( 'NONE', #4211, #1637, #8024 ) ;
#38 = CARTESIAN_POINT ( 'NONE',  ( 0.2157593442449207422, 0.1282854236572289752, -0.1089340664298320827 ) ) ;
#39 = ORIENTED_EDGE ( 'NONE', *, *, #1895, .F. ) ;
#40 = CARTESIAN_POINT ( 'NONE',  ( -0.06658095948837007561, -0.2870005273840000037, 0.09499999996562991100 ) ) ;
#41 = DIRECTION ( 'NONE',  ( 0.000000000000000000, 1.000000000000000000, 0.000000000000000000 ) ) ;
#42 = ORIENTED_EDGE ( 'NONE', *, *, #3583, .F. ) ;
#43 =( CONVERSION_BASED_UNIT ( 'INCH', #704 ) LENGTH_UNIT ( ) NAMED_UNIT ( #1976 ) );
#44 = FACE_OUTER_BOUND ( 'NONE', #7331, .T. ) ;
#45 = EDGE_LOOP ( 'NONE', ( #6438, #7921, #3925, #3691, #5137, #8029 ) ) ;
#46 = ORIENTED_EDGE ( 'NONE', *, *, #5675, .F. ) ;
#47 = EDGE_CURVE ( 'NONE', #4739, #1320, #130, .T. ) ;
#48 = AXIS2_PLACEMENT_3D ( 'NONE', #3749, #8481, #6891 ) ;
#49 = AXIS2_PLACEMENT_3D ( 'NONE', #1212, #4351, #5072 ) ;
#50 = UNCERTAINTY_MEASURE_WITH_UNIT (LENGTH_MEASURE( 1.000000000000000082E-05 ), #9323, 'distance_accuracy_value', 'NONE');
#51 = ORIENTED_EDGE ( 'NONE', *, *, #5671, .F. ) ;
#52 = FACE_OUTER_BOUND ( 'NONE', #4121, .T. ) ;
#53 = CARTESIAN_POINT ( 'NONE',  ( 0.2551446421124533570, 0.1262028916889526287, 0.01465639012703290507 ) ) ;
#54 = CARTESIAN_POINT ( 'NONE',  ( 0.1906471184636999994, 0.09474985947455001611, -0.1194934149712000016 ) ) ;
#55 = EDGE_CURVE ( 'NONE', #5712, #9019, #9487, .T. ) ;
#56 = ADVANCED_FACE ( 'NONE', ( #7951 ), #5195, .F. ) ;
#57 = CARTESIAN_POINT ( 'NONE',  ( -0.06480740831667992918, -0.2880000001265000109, -0.09500000013037009083 ) ) ;
#58 = CARTESIAN_POINT ( 'NONE',  ( 0.2141098580460427947, 0.1272644760358873639, -0.1398871763658896816 ) ) ;
#59 = MECHANICAL_DESIGN_GEOMETRIC_PRESENTATION_REPRESENTATION (  '', ( #7463 ), #2044 ) ;
#60 = CIRCLE ( 'NONE', #7309, 0.06250000000000001388 ) ;
#61 = LINE ( 'NONE', #5680, #1274 ) ;
#62 = ORIENTED_EDGE ( 'NONE', *, *, #9991, .F. ) ;
#63 = CARTESIAN_POINT ( 'NONE',  ( 0.04950000000000000233, -0.1009999999999999926, -0.2169999999999999984 ) ) ;
#64 = EDGE_CURVE ( 'NONE', #1520, #1320, #8391, .T. ) ;
#65 = EDGE_CURVE ( 'NONE', #927, #9566, #8871, .T. ) ;
#66 = CIRCLE ( 'NONE', #7965, 0.2340000061842999468 ) ;
#67 = SURFACE_SIDE_STYLE ('',( #3207 ) ) ;
#68 = STYLED_ITEM ( 'NONE', ( #2050 ), #8314 ) ;
#69 = SURFACE_SIDE_STYLE ('',( #5629 ) ) ;
#70 = DIRECTION ( 'NONE',  ( 0.000000000000000000, 0.000000000000000000, -1.000000000000000000 ) ) ;
#71 = CARTESIAN_POINT ( 'NONE',  ( 0.2376177643936646655, 0.1888975547073250549, -0.01936591004064594848 ) ) ;
#72 = ORIENTED_EDGE ( 'NONE', *, *, #8568, .F. ) ;
#73 = PLANE ( 'NONE',  #2207 ) ;
#74 = ORIENTED_EDGE ( 'NONE', *, *, #5554, .T. ) ;
#75 = EDGE_CURVE ( 'NONE', #3923, #8461, #7234, .T. ) ;
#76 = ADVANCED_FACE ( 'NONE', ( #5965 ), #3537, .T. ) ;
#77 = COLOUR_RGB ( '',0.2509803921568627416, 0.2509803921568627416, 0.2509803921568627416 ) ;
#78 = VERTEX_POINT ( 'NONE', #3132 ) ;
#79 = CARTESIAN_POINT ( 'NONE',  ( 0.2092836543768999968, 0.09299999970751003653, 0.1169309021945000165 ) ) ;
#80 = DIRECTION ( 'NONE',  ( -0.9848077530122130163, 0.000000000000000000, -0.1736481776669025479 ) ) ;
#81 = CARTESIAN_POINT ( 'NONE',  ( 0.2045725464793000103, 0.09300000109160000417, -0.1221423807381000065 ) ) ;
#82 = CARTESIAN_POINT ( 'NONE',  ( 0.2069275418765000041, 0.09300000877803997479, 0.1205429154691999988 ) ) ;
#84 = FILL_AREA_STYLE ('',( #7143 ) ) ;
#83 = CARTESIAN_POINT ( 'NONE',  ( 0.2249717268415999949, 0.1256629901023000040, 0.003571601809888999817 ) ) ;
#85 = DIRECTION ( 'NONE',  ( -0.9271838545667934195, 0.000000000000000000, 0.3746065934158976374 ) ) ;
#86 = COLOUR_RGB ( '',0.2509803921568627416, 0.2509803921568627416, 0.2509803921568627416 ) ;
#87 = VERTEX_POINT ( 'NONE', #10025 ) ;
#88 = CARTESIAN_POINT ( 'NONE',  ( 0.1996989331259020617, 0.1269585329820735187, 0.1317414659948665245 ) ) ;
#89 = ORIENTED_EDGE ( 'NONE', *, *, #6935, .F. ) ;
#90 = CARTESIAN_POINT ( 'NONE',  ( -0.08755715669137008328, -0.09099999999999999756, 0.2405613109212000056 ) ) ;
#91 = LINE ( 'NONE', #9919, #2915 ) ;
#92 = ORIENTED_EDGE ( 'NONE', *, *, #1265, .F. ) ;
#93 = CARTESIAN_POINT ( 'NONE',  ( 0.2188821022253999993, 0.1342286274597000173, -0.1180000444870999976 ) ) ;
#94 = VERTEX_POINT ( 'NONE', #705 ) ;
#95 = DIRECTION ( 'NONE',  ( 0.000000000000000000, 1.000000000000000000, 0.000000000000000000 ) ) ;
#96 = CARTESIAN_POINT ( 'NONE',  ( 0.09580368519011003836, 0.000000000000000000, -0.2371224417229000347 ) ) ;
#97 = ORIENTED_EDGE ( 'NONE', *, *, #4920, .T. ) ;
#98 = DIRECTION ( 'NONE',  ( -0.9396926207858973257, 0.000000000000000000, -0.3420201433256991330 ) ) ;
#99 = VECTOR ( 'NONE', #2140, 39.37007874015748143 ) ;
#100 = CARTESIAN_POINT ( 'NONE',  ( 0.1957319595774000276, 0.000000000000000000, 0.1650000000000000078 ) ) ;
#101 = ORIENTED_EDGE ( 'NONE', *, *, #8859, .T. ) ;
#102 = ORIENTED_EDGE ( 'NONE', *, *, #5583, .F. ) ;
#103 = VERTEX_POINT ( 'NONE', #5450 ) ;
#104 = DIRECTION ( 'NONE',  ( 0.000000000000000000, -1.000000000000000000, 0.000000000000000000 ) ) ;
#105 =( GEOMETRIC_REPRESENTATION_CONTEXT ( 3 ) GLOBAL_UNCERTAINTY_ASSIGNED_CONTEXT ( ( #7987 ) ) GLOBAL_UNIT_ASSIGNED_CONTEXT ( ( #8303, #9883, #3713 ) ) REPRESENTATION_CONTEXT ( 'NONE', 'WORKASPACE' ) );
#106 =( GEOMETRIC_REPRESENTATION_CONTEXT ( 3 ) GLOBAL_UNCERTAINTY_ASSIGNED_CONTEXT ( ( #8693 ) ) GLOBAL_UNIT_ASSIGNED_CONTEXT ( ( #7227, #7335, #6451 ) ) REPRESENTATION_CONTEXT ( 'NONE', 'WORKASPACE' ) );
#107 = DIRECTION ( 'NONE',  ( 0.000000000000000000, -1.000000000000000000, 0.000000000000000000 ) ) ;
#108 =( LENGTH_UNIT ( ) NAMED_UNIT ( * ) SI_UNIT ( $, .METRE. ) );
#109 = CARTESIAN_POINT ( 'NONE',  ( 0.02200000000000000219, 0.4210000000000000409, -0.05399999999999999939 ) ) ;
#110 =( NAMED_UNIT ( * ) SI_UNIT ( $, .STERADIAN. ) SOLID_ANGLE_UNIT ( ) );
#111 = DIRECTION ( 'NONE',  ( -0.9271838545667933085, 0.000000000000000000, -0.3746065934158975819 ) ) ;
#112 = VERTEX_POINT ( 'NONE', #1597 ) ;
#113 = CARTESIAN_POINT ( 'NONE',  ( 0.000000000000000000, 0.1689999999999999836, 0.000000000000000000 ) ) ;
#114 = VECTOR ( 'NONE', #3188, 39.37007874015748143 ) ;
#115 = TOROIDAL_SURFACE ( 'NONE', #7518, 0.02000000000000000042, 0.01149999999999999981 ) ;
#116 = ADVANCED_FACE ( 'NONE', ( #44 ), #658, .F. ) ;
#117 = SURFACE_STYLE_USAGE ( .BOTH. , #67 ) ;
#118 = FACE_OUTER_BOUND ( 'NONE', #1487, .T. ) ;
#119 = AXIS2_PLACEMENT_3D ( 'NONE', #5921, #4382, #5100 ) ;
#120 = CARTESIAN_POINT ( 'NONE',  ( 0.2230491192367999864, 0.09299999999999999933, -0.1008600823071000158 ) ) ;
#121 = AXIS2_PLACEMENT_3D ( 'NONE', #5951, #1328, #2109 ) ;
#122 = ADVANCED_FACE ( 'NONE', ( #10076 ), #7825, .T. ) ;
#123 = VECTOR ( 'NONE', #6450, 39.37007874015748143 ) ;
#124 = UNCERTAINTY_MEASURE_WITH_UNIT (LENGTH_MEASURE( 1.000000000000000082E-05 ), #2274, 'distance_accuracy_value', 'NONE');
#125 = VECTOR ( 'NONE', #7950, 39.37007874015748143 ) ;
#126 = SURFACE_STYLE_FILL_AREA ( #6510 ) ;
#127 = ORIENTED_EDGE ( 'NONE', *, *, #937, .F. ) ;
#128 = DIRECTION ( 'NONE',  ( -0.08255970803063808483, 0.000000000000000000, -0.9965861200166777900 ) ) ;
#129 = ORIENTED_EDGE ( 'NONE', *, *, #3149, .F. ) ;
#130 = CIRCLE ( 'NONE', #2913, 0.009999999999999995004 ) ;
#131 = PRESENTATION_LAYER_ASSIGNMENT (  '', '', ( #6381 ) ) ;
#132 = B_SPLINE_CURVE_WITH_KNOTS ( 'NONE', 3,
 ( #7479, #1930, #9062, #5063, #7433, #371, #5883, #3515, #6662, #1200, #420, #1406, #2288, #9218, #4439, #520 ),
 .UNSPECIFIED., .F., .F.,
 ( 4, 1, 1, 1, 1, 1, 1, 1, 1, 1, 1, 1, 1, 4 ),
 ( 0.000000000000000000, 0.07692307692307999434, 0.1538461538461999845, 0.2307692307692000011, 0.3076923076922999933, 0.3846153846154000133, 0.4615384615385000333, 0.5384615384614999112, 0.6153846153845999867, 0.6923076923076999512, 0.7692307692308000266, 0.8461538461537999600, 0.9230769230769000355, 1.000000000000000000 ),
 .UNSPECIFIED. ) ;
#133 = EDGE_CURVE ( 'NONE', #6126, #1495, #9536, .T. ) ;
#134 = B_SPLINE_CURVE_WITH_KNOTS ( 'NONE', 3,
 ( #144, #8880, #2618, #190 ),
 .UNSPECIFIED., .F., .F.,
 ( 4, 4 ),
 ( 0.000000000000000000, 1.000000000000000000 ),
 .UNSPECIFIED. ) ;
#135 = ORIENTED_EDGE ( 'NONE', *, *, #7803, .T. ) ;
#136 = CARTESIAN_POINT ( 'NONE',  ( 0.2076775387024999975, 0.09299999999999999933, 0.1061858590972999949 ) ) ;
#137 = CARTESIAN_POINT ( 'NONE',  ( 0.2240237815998999960, 0.1035358418291000004, -0.02115606208312000025 ) ) ;
#138 = CARTESIAN_POINT ( 'NONE',  ( 0.2034708141795735503, 0.1743099078304768679, 0.1544491055648157807 ) ) ;
#139 = CARTESIAN_POINT ( 'NONE',  ( 0.000000000000000000, 0.09299999999999999933, 0.000000000000000000 ) ) ;
#140 = PLANE ( 'NONE',  #3626 ) ;
#141 = EDGE_CURVE ( 'NONE', #4117, #7586, #2372, .T. ) ;
#142 = EDGE_CURVE ( 'NONE', #182, #6040, #4156, .T. ) ;
#144 = CARTESIAN_POINT ( 'NONE',  ( 0.2132393488517000113, 0.1246118225996999951, 0.1405643480442000104 ) ) ;
#143 = FILL_AREA_STYLE ('',( #6310 ) ) ;
#145 = LINE ( 'NONE', #5645, #2586 ) ;
#146 = EDGE_LOOP ( 'NONE', ( #1963, #3265, #4126, #5258, #3294, #5550 ) ) ;
#147 = CARTESIAN_POINT ( 'NONE',  ( 0.1920254015286050608, 0.1294683911670840570, 0.1256012287881931033 ) ) ;
#148 = ORIENTED_EDGE ( 'NONE', *, *, #3919, .T. ) ;
#149 = ORIENTED_EDGE ( 'NONE', *, *, #9234, .F. ) ;
#150 = CARTESIAN_POINT ( 'NONE',  ( 0.2150418008047397245, 0.1276608964107751043, -0.1081221571311215546 ) ) ;
#151 = ORIENTED_EDGE ( 'NONE', *, *, #4777, .T. ) ;
#152 = DIRECTION ( 'NONE',  ( 1.000000000000000000, 0.000000000000000000, 0.000000000000000000 ) ) ;
#153 = LINE ( 'NONE', #2626, #5382 ) ;
#154 = B_SPLINE_CURVE_WITH_KNOTS ( 'NONE', 3,
 ( #5223, #1471, #10098, #8412 ),
 .UNSPECIFIED., .F., .F.,
 ( 4, 4 ),
 ( 0.000000000000000000, 1.000000000000000000 ),
 .UNSPECIFIED. ) ;
#155 = ORIENTED_EDGE ( 'NONE', *, *, #1651, .F. ) ;
#156 = CARTESIAN_POINT ( 'NONE',  ( -0.2215817452176999935, 0.1820000005619999972, -0.03907084011668000845 ) ) ;
#157 = CARTESIAN_POINT ( 'NONE',  ( 0.09589928791447008272, -0.006999999999998996608, -0.2373590667691000133 ) ) ;
#158 = VERTEX_POINT ( 'NONE', #2629 ) ;
#159 = ORIENTED_EDGE ( 'NONE', *, *, #6857, .F. ) ;
#160 = UNCERTAINTY_MEASURE_WITH_UNIT (LENGTH_MEASURE( 1.000000000000000082E-05 ), #4339, 'distance_accuracy_value', 'NONE');
#161 = EDGE_LOOP ( 'NONE', ( #2344, #197, #6475, #4691 ) ) ;
#162 = CARTESIAN_POINT ( 'NONE',  ( 0.2008187867626000378, 0.1275267284971962622, -0.1320599509436864716 ) ) ;
#163 = CARTESIAN_POINT ( 'NONE',  ( -0.05600000000000000810, 0.1640000000000000069, -0.2497999199358999778 ) ) ;
#164 = VECTOR ( 'NONE', #3703, 39.37007874015748143 ) ;
#165 = DIRECTION ( 'NONE',  ( 1.156482317317000073E-14, 0.000000000000000000, 1.000000000000000000 ) ) ;
#166 = LINE ( 'NONE', #2382, #9871 ) ;
#167 = DIRECTION ( 'NONE',  ( 0.000000000000000000, -1.000000000000000000, 0.000000000000000000 ) ) ;
#168 = ORIENTED_EDGE ( 'NONE', *, *, #5106, .T. ) ;
#169 =( LENGTH_UNIT ( ) NAMED_UNIT ( * ) SI_UNIT ( $, .METRE. ) );
#170 = PLANE ( 'NONE',  #5201 ) ;
#171 =( LENGTH_UNIT ( ) NAMED_UNIT ( * ) SI_UNIT ( $, .METRE. ) );
#172 = DIRECTION ( 'NONE',  ( 0.9848077529836841704, 5.055480220101920999E-13, 0.1736481778286970146 ) ) ;
#173 = DIRECTION ( 'NONE',  ( 1.000000000000000000, 0.000000000000000000, 0.000000000000000000 ) ) ;
#174 = CARTESIAN_POINT ( 'NONE',  ( 0.000000000000000000, 0.1689999999999999836, 0.000000000000000000 ) ) ;
#175 = EDGE_CURVE ( 'NONE', #8669, #1812, #3292, .T. ) ;
#176 = VERTEX_POINT ( 'NONE', #100 ) ;
#177 = VECTOR ( 'NONE', #4403, 39.37007874015748143 ) ;
#178 = PLANE ( 'NONE',  #4496 ) ;
#179 = ORIENTED_EDGE ( 'NONE', *, *, #4798, .F. ) ;
#180 = MECHANICAL_DESIGN_GEOMETRIC_PRESENTATION_REPRESENTATION (  '', ( #7087 ), #5430 ) ;
#181 = ADVANCED_FACE ( 'NONE', ( #7365 ), #6484, .F. ) ;
#182 = VERTEX_POINT ( 'NONE', #9612 ) ;
#183 = DIRECTION ( 'NONE',  ( 0.000000000000000000, 1.000000000000000000, 0.000000000000000000 ) ) ;
#184 = DIRECTION ( 'NONE',  ( -0.3420201433256111478, 0.000000000000000000, 0.9396926207859294111 ) ) ;
#185 = CARTESIAN_POINT ( 'NONE',  ( 0.03950000000000000039, -0.1009999999999999926, -0.2290000000000000091 ) ) ;
#186 = CARTESIAN_POINT ( 'NONE',  ( 0.2069275418767000108, 0.09300000877802992727, -0.1205429154689999921 ) ) ;
#187 = PLANE ( 'NONE',  #5102 ) ;
#188 = AXIS2_PLACEMENT_3D ( 'NONE', #8563, #8367, #173 ) ;
#190 = CARTESIAN_POINT ( 'NONE',  ( 0.1948723322835999860, 0.06967483934667992318, 0.1481500587434000094 ) ) ;
#189 = CARTESIAN_POINT ( 'NONE',  ( 0.02170253441420999865, 0.1890000000000000291, 0.2350000000000000144 ) ) ;
#191 = EDGE_CURVE ( 'NONE', #5281, #708, #7601, .T. ) ;
#192 = CARTESIAN_POINT ( 'NONE',  ( 0.2245000000000000329, 0.4385000000000000009, 0.000000000000000000 ) ) ;
#193 = EDGE_CURVE ( 'NONE', #8046, #792, #9890, .T. ) ;
#194 = ORIENTED_EDGE ( 'NONE', *, *, #7503, .T. ) ;
#195 = DIMENSIONAL_EXPONENTS ( 1.000000000000000000, 0.000000000000000000, 0.000000000000000000, 0.000000000000000000, 0.000000000000000000, 0.000000000000000000, 0.000000000000000000 ) ;
#196 = CARTESIAN_POINT ( 'NONE',  ( 0.1917890210366074155, 0.1297723365291953423, 0.1252028527630516253 ) ) ;
#197 = ORIENTED_EDGE ( 'NONE', *, *, #5660, .F. ) ;
#198 = DIMENSIONAL_EXPONENTS ( 1.000000000000000000, 0.000000000000000000, 0.000000000000000000, 0.000000000000000000, 0.000000000000000000, 0.000000000000000000, 0.000000000000000000 ) ;
#199 = LINE ( 'NONE', #90, #3495 ) ;
#200 = ORIENTED_EDGE ( 'NONE', *, *, #8732, .T. ) ;
#201 = CIRCLE ( 'NONE', #8252, 0.2447931081451000523 ) ;
#202 = ADVANCED_FACE ( 'NONE', ( #9513 ), #2345, .T. ) ;
#203 = EDGE_CURVE ( 'NONE', #9732, #10051, #1033, .T. ) ;
#204 = CARTESIAN_POINT ( 'NONE',  ( 0.09170111233393997419, -0.007000000000000001013, -0.2269682175813999836 ) ) ;
#205 = ORIENTED_EDGE ( 'NONE', *, *, #7670, .F. ) ;
#206 = CARTESIAN_POINT ( 'NONE',  ( 0.1565765618541000159, 0.1849999999999999978, 0.1738958891234999860 ) ) ;
#207 = CARTESIAN_POINT ( 'NONE',  ( 0.1906471184636999994, 0.09474985947455001611, -0.1194934149712000016 ) ) ;
#208 = ORIENTED_EDGE ( 'NONE', *, *, #1839, .F. ) ;
#209 = FILL_AREA_STYLE_COLOUR ( '', #6276 ) ;
#210 = DIRECTION ( 'NONE',  ( 0.000000000000000000, -1.000000000000000000, 0.000000000000000000 ) ) ;
#211 = ORIENTED_EDGE ( 'NONE', *, *, #3725, .F. ) ;
#212 = EDGE_LOOP ( 'NONE', ( #5564, #9671, #1380, #7875, #2966, #2683, #416 ) ) ;
#213 = EDGE_CURVE ( 'NONE', #9357, #1960, #4698, .T. ) ;
#214 = ORIENTED_EDGE ( 'NONE', *, *, #7562, .F. ) ;
#215 = DIRECTION ( 'NONE',  ( -0.9848235864561395436, 0.000000000000000000, 0.1735583577926069210 ) ) ;
#216 = CARTESIAN_POINT ( 'NONE',  ( 0.1579148231006999858, 0.1689999999999999836, -0.1753821788126999903 ) ) ;
#217 = CARTESIAN_POINT ( 'NONE',  ( 0.2245362860575610409, 0.1263819054499377703, 0.01459281397006434444 ) ) ;
#218 = CARTESIAN_POINT ( 'NONE',  ( -0.08755715669137008328, 0.000000000000000000, -0.2405613109212000056 ) ) ;
#219 = CARTESIAN_POINT ( 'NONE',  ( 0.002000000000000000042, 0.1890000000000000291, 0.2249931568283000394 ) ) ;
#220 = ORIENTED_EDGE ( 'NONE', *, *, #5227, .T. ) ;
#221 = ORIENTED_EDGE ( 'NONE', *, *, #10126, .F. ) ;
#222 = CIRCLE ( 'NONE', #4824, 0.2447931081451001079 ) ;
#223 = LINE ( 'NONE', #8207, #7347 ) ;
#224 = DIRECTION ( 'NONE',  ( 0.3746066024558122876, 0.000000000000000000, 0.9271838509144306739 ) ) ;
#225 = DIRECTION ( 'NONE',  ( -0.9691194095457791313, 0.000000000000000000, -0.2465919099273946313 ) ) ;
#226 = FACE_BOUND ( 'NONE', #2591, .T. ) ;
#227 = VECTOR ( 'NONE', #2043, 39.37007874015748143 ) ;
#228 = TOROIDAL_SURFACE ( 'NONE', #4338, 0.2360000000000000153, 0.02000000000000000042 ) ;
#229 = UNCERTAINTY_MEASURE_WITH_UNIT (LENGTH_MEASURE( 1.000000000000000082E-05 ), #8896, 'distance_accuracy_value', 'NONE');
#230 = FILL_AREA_STYLE ('',( #3567 ) ) ;
#231 = CARTESIAN_POINT ( 'NONE',  ( 0.2123462232365000146, 0.1890000000000000291, 0.1029809762878999974 ) ) ;
#232 = ORIENTED_EDGE ( 'NONE', *, *, #1125, .F. ) ;
#233 = VECTOR ( 'NONE', #472, 39.37007874015748143 ) ;
#234 = AXIS2_PLACEMENT_3D ( 'NONE', #7358, #1955, #9032 ) ;
#235 = VERTEX_POINT ( 'NONE', #923 ) ;
#236 = DIRECTION ( 'NONE',  ( 0.000000000000000000, 0.000000000000000000, -1.000000000000000000 ) ) ;
#237 = CARTESIAN_POINT ( 'NONE',  ( 0.09589928791447008272, 0.000000000000000000, -0.2373590667691000133 ) ) ;
#238 = CARTESIAN_POINT ( 'NONE',  ( 0.1868593687315000251, 0.1246118225996999951, 0.1253338594206000189 ) ) ;
#239 = STYLED_ITEM ( 'NONE', ( #10155 ), #943 ) ;
#240 = CARTESIAN_POINT ( 'NONE',  ( 0.2058160939552000357, 0.09299999999999999933, -0.09091059052180001931 ) ) ;
#241 = PLANE ( 'NONE',  #9040 ) ;
#243 = CARTESIAN_POINT ( 'NONE',  ( 0.1911340067463000170, 0.1143371685741000066, 0.1035858910738000072 ) ) ;
#242 = SURFACE_SIDE_STYLE ('',( #5486 ) ) ;
#244 = CIRCLE ( 'NONE', #715, 0.06949999999997992506 ) ;
#245 = DIRECTION ( 'NONE',  ( -0.9832549075639467340, 0.000000000000000000, 0.1822355254921899648 ) ) ;
#246 = ADVANCED_FACE ( 'NONE', ( #4891 ), #7265, .F. ) ;
#247 = ORIENTED_EDGE ( 'NONE', *, *, #4703, .F. ) ;
#248 = DIRECTION ( 'NONE',  ( 0.000000000000000000, 0.000000000000000000, -1.000000000000000000 ) ) ;
#249 = CARTESIAN_POINT ( 'NONE',  ( -0.03752881368660999917, -0.2550000000000000044, -0.03379109562112000281 ) ) ;
#250 = ORIENTED_EDGE ( 'NONE', *, *, #7056, .F. ) ;
#251 = EDGE_CURVE ( 'NONE', #9185, #3898, #9237, .T. ) ;
#252 = ORIENTED_EDGE ( 'NONE', *, *, #689, .T. ) ;
#253 = LINE ( 'NONE', #8891, #4631 ) ;
#254 = CARTESIAN_POINT ( 'NONE',  ( 0.1942011903474652745, 0.1136341933070733751, -0.1136288097301182271 ) ) ;
#255 = CARTESIAN_POINT ( 'NONE',  ( 0.2283519706985000230, 0.1246118225996999951, -0.1143885191698999909 ) ) ;
#256 = EDGE_CURVE ( 'NONE', #1820, #4074, #6620, .T. ) ;
#257 = EDGE_LOOP ( 'NONE', ( #8703, #2166, #2196, #8742, #4948 ) ) ;
#258 = SURFACE_STYLE_USAGE ( .BOTH. , #3240 ) ;
#259 = FILL_AREA_STYLE ('',( #4947 ) ) ;
#260 = VERTEX_POINT ( 'NONE', #8283 ) ;
#261 = ORIENTED_EDGE ( 'NONE', *, *, #3710, .F. ) ;
#262 = AXIS2_PLACEMENT_3D ( 'NONE', #10024, #4525, #2976 ) ;
#263 = DIMENSIONAL_EXPONENTS ( 1.000000000000000000, 0.000000000000000000, 0.000000000000000000, 0.000000000000000000, 0.000000000000000000, 0.000000000000000000, 0.000000000000000000 ) ;
#264 = DIMENSIONAL_EXPONENTS ( 1.000000000000000000, 0.000000000000000000, 0.000000000000000000, 0.000000000000000000, 0.000000000000000000, 0.000000000000000000, 0.000000000000000000 ) ;
#265 = UNCERTAINTY_MEASURE_WITH_UNIT (LENGTH_MEASURE( 1.000000000000000082E-05 ), #8747, 'distance_accuracy_value', 'NONE');
#266 = ADVANCED_FACE ( 'NONE', ( #6744 ), #9817, .T. ) ;
#267 = ORIENTED_EDGE ( 'NONE', *, *, #2654, .F. ) ;
#268 = CARTESIAN_POINT ( 'NONE',  ( 0.1908705388250634960, 0.1311944536531781391, -0.1232643593930828896 ) ) ;
#269 = CARTESIAN_POINT ( 'NONE',  ( 0.02200000000000000219, 0.4210000000000000409, -0.05399999999999999939 ) ) ;
#270 = VECTOR ( 'NONE', #9995, 39.37007874015748143 ) ;
#271 = CARTESIAN_POINT ( 'NONE',  ( 0.000000000000000000, 0.1740000000000000158, 0.000000000000000000 ) ) ;
#272 = EDGE_CURVE ( 'NONE', #1142, #1751, #5457, .T. ) ;
#273 = DIRECTION ( 'NONE',  ( 1.582557801136000271E-11, 0.000000000000000000, -1.000000000000000000 ) ) ;
#274 = EDGE_CURVE ( 'NONE', #4531, #4100, #9734, .T. ) ;
#275 = DIRECTION ( 'NONE',  ( 0.000000000000000000, 1.000000000000000000, 0.000000000000000000 ) ) ;
#276 = VERTEX_POINT ( 'NONE', #5086 ) ;
#277 = CARTESIAN_POINT ( 'NONE',  ( 0.04786990671139999820, 0.1886462364865000019, -0.2350000000105000042 ) ) ;
#278 = ORIENTED_EDGE ( 'NONE', *, *, #5226, .F. ) ;
#279 = AXIS2_PLACEMENT_3D ( 'NONE', #2379, #6957, #1457 ) ;
#280 = DIRECTION ( 'NONE',  ( 2.157547753918999831E-13, 0.000000000000000000, 1.000000000000000000 ) ) ;
#281 = CARTESIAN_POINT ( 'NONE',  ( -0.2462019382530999945, 0.1689999999995999702, -0.04341204441673000153 ) ) ;
#282 = AXIS2_PLACEMENT_3D ( 'NONE', #7877, #6265, #5502 ) ;
#283 = LINE ( 'NONE', #6565, #1717 ) ;
#284 = ORIENTED_EDGE ( 'NONE', *, *, #5535, .T. ) ;
#285 = VECTOR ( 'NONE', #5340, 39.37007874015747433 ) ;
#286 = DIRECTION ( 'NONE',  ( 0.000000000000000000, 0.000000000000000000, -1.000000000000000000 ) ) ;
#287 = AXIS2_PLACEMENT_3D ( 'NONE', #7809, #644, #3896 ) ;
#288 = STYLED_ITEM ( 'NONE', ( #4471 ), #1147 ) ;
#289 = CARTESIAN_POINT ( 'NONE',  ( 0.000000000000000000, -0.2300000000000000100, 0.000000000000000000 ) ) ;
#290 = FACE_OUTER_BOUND ( 'NONE', #2891, .T. ) ;
#291 = CARTESIAN_POINT ( 'NONE',  ( 0.000000000000000000, -0.2706794919243000197, 0.000000000000000000 ) ) ;
#292 = CARTESIAN_POINT ( 'NONE',  ( 0.2061084431500375125, 0.09918766834194647775, -0.1448669296222637182 ) ) ;
#293 = AXIS2_PLACEMENT_3D ( 'NONE', #5317, #3098, #6963 ) ;
#295 = CYLINDRICAL_SURFACE ( 'NONE', #10151, 0.2249999999999999778 ) ;
#294 = LINE ( 'NONE', #6729, #6926 ) ;
#296 = DIRECTION ( 'NONE',  ( 3.560279627966000214E-13, 0.000000000000000000, 1.000000000000000000 ) ) ;
#297 = ORIENTED_EDGE ( 'NONE', *, *, #1379, .T. ) ;
#298 = CARTESIAN_POINT ( 'NONE',  ( 0.2030207123896250743, 0.1288462673442140605, 0.1324361806184820023 ) ) ;
#299 = AXIS2_PLACEMENT_3D ( 'NONE', #2125, #5199, #8346 ) ;
#300 = LINE ( 'NONE', #3441, #2562 ) ;
#301 = ORIENTED_EDGE ( 'NONE', *, *, #8851, .T. ) ;
#302 = CIRCLE ( 'NONE', #5395, 0.01149999999999999113 ) ;
#303 = CYLINDRICAL_SURFACE ( 'NONE', #2396, 0.06249999999999997918 ) ;
#304 = CYLINDRICAL_SURFACE ( 'NONE', #7788, 0.2249999999999999778 ) ;
#305 = CARTESIAN_POINT ( 'NONE',  ( -0.05599999999999999423, 0.1777432080744450471, 0.2477749468333223515 ) ) ;
#306 = CARTESIAN_POINT ( 'NONE',  ( 0.1905558334928351971, 0.1001650833159787313, -0.1196438767470177356 ) ) ;
#307 = VECTOR ( 'NONE', #1810, 39.37007874015748143 ) ;
#308 = DIRECTION ( 'NONE',  ( 0.1736481776669025201, -1.017110952211741943E-16, 0.9848077530122130163 ) ) ;
#309 = ORIENTED_EDGE ( 'NONE', *, *, #9616, .F. ) ;
#310 = CARTESIAN_POINT ( 'NONE',  ( -0.08550503583142009256, 0.000000000000000000, 0.2349231551965000053 ) ) ;
#311 = FILL_AREA_STYLE_COLOUR ( '', #8582 ) ;
#312 = EDGE_CURVE ( 'NONE', #4788, #8078, #4977, .T. ) ;
#313 = VERTEX_POINT ( 'NONE', #4318 ) ;
#314 = EDGE_CURVE ( 'NONE', #3108, #7759, #8100, .T. ) ;
#315 = ORIENTED_EDGE ( 'NONE', *, *, #8859, .F. ) ;
#316 = CARTESIAN_POINT ( 'NONE',  ( 0.2047794013279840009, 0.1300034282294118271, -0.1324974229445312346 ) ) ;
#317 = CARTESIAN_POINT ( 'NONE',  ( -0.05599999999999999423, 0.1864145109660556576, -0.2397105874802181180 ) ) ;
#318 = CARTESIAN_POINT ( 'NONE',  ( 0.000000000000000000, 0.1890000000000000291, 0.000000000000000000 ) ) ;
#319 = ADVANCED_FACE ( 'NONE', ( #4268 ), #5815, .T. ) ;
#320 = ORIENTED_EDGE ( 'NONE', *, *, #1915, .F. ) ;
#321 = SURFACE_SIDE_STYLE ('',( #9009 ) ) ;
#322 = ORIENTED_EDGE ( 'NONE', *, *, #8557, .F. ) ;
#323 = ADVANCED_FACE ( 'NONE', ( #7869 ), #5797, .T. ) ;
#324 = EDGE_CURVE ( 'NONE', #3813, #8141, #5394, .T. ) ;
#325 = DIMENSIONAL_EXPONENTS ( 1.000000000000000000, 0.000000000000000000, 0.000000000000000000, 0.000000000000000000, 0.000000000000000000, 0.000000000000000000, 0.000000000000000000 ) ;
#326 = AXIS2_PLACEMENT_3D ( 'NONE', #2162, #6743, #8187 ) ;
#327 =( NAMED_UNIT ( * ) SI_UNIT ( $, .STERADIAN. ) SOLID_ANGLE_UNIT ( ) );
#328 = DIRECTION ( 'NONE',  ( 0.000000000000000000, -1.000000000000000000, 0.000000000000000000 ) ) ;
#329 = CARTESIAN_POINT ( 'NONE',  ( 0.2007882559008037360, 0.1032650866140569640, 0.1015369014194615060 ) ) ;
#330 = DIRECTION ( 'NONE',  ( 0.000000000000000000, 1.000000000000000000, 0.000000000000000000 ) ) ;
#331 = VERTEX_POINT ( 'NONE', #7150 ) ;
#332 = CIRCLE ( 'NONE', #6084, 0.01999999999999999348 ) ;
#333 = CARTESIAN_POINT ( 'NONE',  ( 0.000000000000000000, -0.007000000000000001013, 0.000000000000000000 ) ) ;
#334 = CARTESIAN_POINT ( 'NONE',  ( 0.1900807159121999934, 0.1330108282678000020, 0.1203923645349000010 ) ) ;
#335 = CARTESIAN_POINT ( 'NONE',  ( -0.2455627920447999990, 0.000000000000000000, -0.04551237334830000175 ) ) ;
#336 = PLANE ( 'NONE',  #9532 ) ;
#338 = DIRECTION ( 'NONE',  ( -0.6819983600646050137, -4.605025557352039571E-14, -0.7313537016172059202 ) ) ;
#337 = CARTESIAN_POINT ( 'NONE',  ( 0.2435962447044000001, 0.09299999999998996569, 0.02417716611269000310 ) ) ;
#339 = DIRECTION ( 'NONE',  ( 0.000000000000000000, 1.000000000000000000, 0.000000000000000000 ) ) ;
#340 = COLOUR_RGB ( '',0.2509803921568627416, 0.2509803921568627416, 0.2509803921568627416 ) ;
#341 = VERTEX_POINT ( 'NONE', #8887 ) ;
#342 = ORIENTED_EDGE ( 'NONE', *, *, #3022, .F. ) ;
#343 = DIRECTION ( 'NONE',  ( -0.7431448254773761475, 0.000000000000000000, -0.6691306063588782216 ) ) ;
#344 = VECTOR ( 'NONE', #4256, 39.37007874015748143 ) ;
#345 = DIRECTION ( 'NONE',  ( 1.000000000000000000, 0.000000000000000000, 0.000000000000000000 ) ) ;
#346 = DIRECTION ( 'NONE',  ( 0.6691306063589829156, 0.000000000000000000, 0.7431448254772818895 ) ) ;
#347 = DIRECTION ( 'NONE',  ( 0.000000000000000000, -1.000000000000000000, 0.000000000000000000 ) ) ;
#348 = CARTESIAN_POINT ( 'NONE',  ( 0.2155001309613044369, 0.1300047524062760418, -0.1387157110750058264 ) ) ;
#349 = ORIENTED_EDGE ( 'NONE', *, *, #6489, .F. ) ;
#350 = FILL_AREA_STYLE ('',( #7411 ) ) ;
#351 = PRESENTATION_STYLE_ASSIGNMENT (( #6693 ) ) ;
#352 = VECTOR ( 'NONE', #667, 39.37007874015748143 ) ;
#353 = ORIENTED_EDGE ( 'NONE', *, *, #5142, .F. ) ;
#354 = UNCERTAINTY_MEASURE_WITH_UNIT (LENGTH_MEASURE( 1.000000000000000082E-05 ), #7231, 'distance_accuracy_value', 'NONE');
#355 = ORIENTED_EDGE ( 'NONE', *, *, #3067, .T. ) ;
#356 = CARTESIAN_POINT ( 'NONE',  ( 0.2338315239525013411, 0.1267287993735798646, 0.01433997657346639150 ) ) ;
#357 = CARTESIAN_POINT ( 'NONE',  ( -0.05600000000000000810, 0.1740000000000000158, -0.2235999999999999932 ) ) ;
#358 = CARTESIAN_POINT ( 'NONE',  ( -0.006000000000000000125, 0.1890000000000000291, -0.2350000000000000144 ) ) ;
#359 = VECTOR ( 'NONE', #1171, 39.37007874015748143 ) ;
#360 = DIRECTION ( 'NONE',  ( 0.000000000000000000, 1.000000000000000000, 0.000000000000000000 ) ) ;
#361 = ADVANCED_FACE ( 'NONE', ( #3381 ), #5758, .T. ) ;
#362 = ORIENTED_EDGE ( 'NONE', *, *, #7225, .T. ) ;
#363 = ORIENTED_EDGE ( 'NONE', *, *, #6738, .T. ) ;
#364 = CARTESIAN_POINT ( 'NONE',  ( 0.02511435347936000206, 0.1890000000000000291, -0.2350000000000000144 ) ) ;
#365 = ORIENTED_EDGE ( 'NONE', *, *, #5669, .T. ) ;
#366 = EDGE_CURVE ( 'NONE', #7612, #4622, #4474, .T. ) ;
#367 = EDGE_CURVE ( 'NONE', #4542, #1748, #5649, .T. ) ;
#368 = B_SPLINE_CURVE_WITH_KNOTS ( 'NONE', 3,
 ( #8041, #2584, #1817, #7990, #317, #3454, #2685, #1040 ),
 .UNSPECIFIED., .F., .F.,
 ( 4, 2, 2, 4 ),
 ( 0.000000000000000000, 0.4999999999999988898, 0.7499999999999994449, 1.000000000000000000 ),
 .UNSPECIFIED. ) ;
#369 = CARTESIAN_POINT ( 'NONE',  ( 0.08124038382037007677, -0.2780000001801000153, -0.09499999998112007571 ) ) ;
#370 = PRESENTATION_STYLE_ASSIGNMENT (( #1053 ) ) ;
#371 = CARTESIAN_POINT ( 'NONE',  ( 0.2249557094244999944, 0.1241462268607999991, -0.004475748851520000224 ) ) ;
#372 = CARTESIAN_POINT ( 'NONE',  ( 0.2211205699120078194, 0.1877436586964184861, 0.1007868229348772293 ) ) ;
#373 = EDGE_CURVE ( 'NONE', #2280, #1141, #199, .T. ) ;
#374 = ORIENTED_EDGE ( 'NONE', *, *, #683, .F. ) ;
#375 = VERTEX_POINT ( 'NONE', #249 ) ;
#376 = FACE_OUTER_BOUND ( 'NONE', #6334, .T. ) ;
#377 = CIRCLE ( 'NONE', #8278, 0.01250000000000000243 ) ;
#378 = CIRCLE ( 'NONE', #1872, 0.01999999999999999001 ) ;
#379 = FACE_OUTER_BOUND ( 'NONE', #2938, .T. ) ;
#380 = FACE_OUTER_BOUND ( 'NONE', #6586, .T. ) ;
#381 = CARTESIAN_POINT ( 'NONE',  ( -0.01694845125667999997, -0.09099999999999999756, -0.09500000000000001499 ) ) ;
#382 = FACE_OUTER_BOUND ( 'NONE', #3174, .T. ) ;
#383 = DIRECTION ( 'NONE',  ( 0.000000000000000000, -1.000000000000000000, 0.000000000000000000 ) ) ;
#384 = EDGE_CURVE ( 'NONE', #498, #3707, #33, .T. ) ;
#385 = ORIENTED_EDGE ( 'NONE', *, *, #1385, .F. ) ;
#386 = DIMENSIONAL_EXPONENTS ( 1.000000000000000000, 0.000000000000000000, 0.000000000000000000, 0.000000000000000000, 0.000000000000000000, 0.000000000000000000, 0.000000000000000000 ) ;
#387 = EDGE_CURVE ( 'NONE', #10174, #1397, #5303, .T. ) ;
#388 =( CONVERSION_BASED_UNIT ( 'INCH', #6680 ) LENGTH_UNIT ( ) NAMED_UNIT ( #9720 ) );
#389 = PRESENTATION_LAYER_ASSIGNMENT (  '', '', ( #7463 ) ) ;
#390 = AXIS2_PLACEMENT_3D ( 'NONE', #3145, #2485, #3981 ) ;
#391 = ORIENTED_EDGE ( 'NONE', *, *, #6058, .T. ) ;
#392 = AXIS2_PLACEMENT_3D ( 'NONE', #8876, #794, #3945 ) ;
#393 = SURFACE_SIDE_STYLE ('',( #4361 ) ) ;
#394 = CARTESIAN_POINT ( 'NONE',  ( -0.2215817444276999837, 0.1890000000000000291, 0.03907083997506000800 ) ) ;
#395 = PLANE ( 'NONE',  #8945 ) ;
#396 = CARTESIAN_POINT ( 'NONE',  ( 0.1937821566674815532, 0.1125285798881963534, 0.1143394893392311595 ) ) ;
#397 = AXIS2_PLACEMENT_3D ( 'NONE', #5445, #916, #5603 ) ;
#398 = DIRECTION ( 'NONE',  ( 0.000000000000000000, 1.000000000000000000, 0.000000000000000000 ) ) ;
#399 = DIRECTION ( 'NONE',  ( 0.000000000000000000, -1.000000000000000000, 0.000000000000000000 ) ) ;
#400 = ORIENTED_EDGE ( 'NONE', *, *, #5530, .F. ) ;
#401 = LINE ( 'NONE', #8382, #3942 ) ;
#402 = DIMENSIONAL_EXPONENTS ( 1.000000000000000000, 0.000000000000000000, 0.000000000000000000, 0.000000000000000000, 0.000000000000000000, 0.000000000000000000, 0.000000000000000000 ) ;
#403 = ORIENTED_EDGE ( 'NONE', *, *, #816, .T. ) ;
#404 = ORIENTED_EDGE ( 'NONE', *, *, #3964, .T. ) ;
#405 = CIRCLE ( 'NONE', #7979, 0.02000000000000001082 ) ;
#406 = DIRECTION ( 'NONE',  ( 0.8072841237445113061, 0.000000000000000000, 0.5901629804978082428 ) ) ;
#407 = CARTESIAN_POINT ( 'NONE',  ( 0.09589928791447008272, 0.1690000000000999869, -0.2373590667691000133 ) ) ;
#408 = B_SPLINE_CURVE_WITH_KNOTS ( 'NONE', 3,
 ( #9398, #3911, #10021, #7058 ),
 .UNSPECIFIED., .F., .F.,
 ( 4, 4 ),
 ( 0.000000000000000000, 1.000000000000000000 ),
 .UNSPECIFIED. ) ;
#409 = DIRECTION ( 'NONE',  ( -0.3420201433256110923, 0.000000000000000000, -0.9396926207859294111 ) ) ;
#410 = CARTESIAN_POINT ( 'NONE',  ( 0.1849836275043000022, 0.04735423737649999826, 0.1603575013337000255 ) ) ;
#411 = DIRECTION ( 'NONE',  ( -0.9999988959613604900, 0.000000000000000000, 0.001485959642859940649 ) ) ;
#412 = MECHANICAL_DESIGN_GEOMETRIC_PRESENTATION_REPRESENTATION (  '', ( #6669 ), #9282 ) ;
#413 = ORIENTED_EDGE ( 'NONE', *, *, #7789, .T. ) ;
#414 = VERTEX_POINT ( 'NONE', #2463 ) ;
#415 = DIRECTION ( 'NONE',  ( -0.7368771531423670140, 0.000000000000000000, -0.6760266719418699388 ) ) ;
#416 = ORIENTED_EDGE ( 'NONE', *, *, #3779, .T. ) ;
#417 = VERTEX_POINT ( 'NONE', #5598 ) ;
#418 = DIRECTION ( 'NONE',  ( 0.000000000000000000, 1.000000000000000000, 0.000000000000000000 ) ) ;
#419 = SURFACE_STYLE_USAGE ( .BOTH. , #6507 ) ;
#420 = CARTESIAN_POINT ( 'NONE',  ( 0.2248526985309000081, 0.1191222016597000138, -0.008155374626092993379 ) ) ;
#421 = CARTESIAN_POINT ( 'NONE',  ( 0.2186494609283419488, 0.1883849757437458805, 0.1012847502964868834 ) ) ;
#422 = VERTEX_POINT ( 'NONE', #6319 ) ;
#423 = DIRECTION ( 'NONE',  ( 0.000000000000000000, -1.000000000000000000, 0.000000000000000000 ) ) ;
#424 = CIRCLE ( 'NONE', #585, 0.2420000000000000484 ) ;
#425 = VERTEX_POINT ( 'NONE', #912 ) ;
#426 = ADVANCED_FACE ( 'NONE', ( #3280 ), #1745, .T. ) ;
#427 = CARTESIAN_POINT ( 'NONE',  ( 0.2549528672140999874, 0.1246118225996999951, -0.01511262184679999961 ) ) ;
#428 = EDGE_CURVE ( 'NONE', #8149, #2298, #6527, .T. ) ;
#429 = PRESENTATION_STYLE_ASSIGNMENT (( #6519 ) ) ;
#430 = CARTESIAN_POINT ( 'NONE',  ( 0.06658096069207007639, -0.2870005267057000320, -0.09499999996562991100 ) ) ;
#431 = AXIS2_PLACEMENT_3D ( 'NONE', #8865, #4964, #8102 ) ;
#432 = LINE ( 'NONE', #4978, #7747 ) ;
#433 = CARTESIAN_POINT ( 'NONE',  ( 0.2282879691210569495, 0.1260783460809198342, 0.1148989067953243570 ) ) ;
#434 = ORIENTED_EDGE ( 'NONE', *, *, #9055, .T. ) ;
#435 = AXIS2_PLACEMENT_3D ( 'NONE', #1965, #5191, #1185 ) ;
#436 =( NAMED_UNIT ( * ) SI_UNIT ( $, .STERADIAN. ) SOLID_ANGLE_UNIT ( ) );
#437 = STYLED_ITEM ( 'NONE', ( #9242 ), #3772 ) ;
#438 = EDGE_CURVE ( 'NONE', #7198, #3611, #1026, .T. ) ;
#439 = DIRECTION ( 'NONE',  ( -0.9832549075639467340, 0.000000000000000000, 0.1822355254921899648 ) ) ;
#440 = EDGE_CURVE ( 'NONE', #9281, #3609, #5707, .T. ) ;
#441 = SURFACE_SIDE_STYLE ('',( #1170 ) ) ;
#442 = CARTESIAN_POINT ( 'NONE',  ( 0.1909430096564887491, 0.1033215091379659778, 0.1190200482782059060 ) ) ;
#444 = SURFACE_SIDE_STYLE ('',( #2159 ) ) ;
#443 = SURFACE_STYLE_USAGE ( .BOTH. , #9137 ) ;
#445 =( GEOMETRIC_REPRESENTATION_CONTEXT ( 3 ) GLOBAL_UNCERTAINTY_ASSIGNED_CONTEXT ( ( #4897 ) ) GLOBAL_UNIT_ASSIGNED_CONTEXT ( ( #509, #1348, #913 ) ) REPRESENTATION_CONTEXT ( 'NONE', 'WORKASPACE' ) );
#446 = VECTOR ( 'NONE', #6217, 39.37007874015748143 ) ;
#447 = DIRECTION ( 'NONE',  ( -0.000000000000000000, 1.000000000000000000, 0.000000000000000000 ) ) ;
#448 = EDGE_LOOP ( 'NONE', ( #1730, #5546, #7769, #5956, #8302, #9832 ) ) ;
#449 = DIRECTION ( 'NONE',  ( 0.9147381953564625023, 0.000000000000000000, -0.4040470689857833531 ) ) ;
#450 = VECTOR ( 'NONE', #521, 39.37007874015747433 ) ;
#451 = VERTEX_POINT ( 'NONE', #9706 ) ;
#452 = VECTOR ( 'NONE', #9139, 39.37007874015748143 ) ;
#453 = EDGE_LOOP ( 'NONE', ( #6547, #4221, #1180 ) ) ;
#454 = SURFACE_SIDE_STYLE ('',( #7514 ) ) ;
#455 = MECHANICAL_DESIGN_GEOMETRIC_PRESENTATION_REPRESENTATION (  '', ( #960 ), #4738 ) ;
#456 = FACE_OUTER_BOUND ( 'NONE', #1933, .T. ) ;
#457 = SURFACE_STYLE_FILL_AREA ( #2014 ) ;
#458 = ORIENTED_EDGE ( 'NONE', *, *, #8996, .F. ) ;
#459 = ORIENTED_EDGE ( 'NONE', *, *, #9296, .T. ) ;
#460 = CARTESIAN_POINT ( 'NONE',  ( -0.005159981751914999998, -0.5830000000000000737, -0.06228663250103996102 ) ) ;
#461 = ORIENTED_EDGE ( 'NONE', *, *, #6174, .F. ) ;
#462 = DIMENSIONAL_EXPONENTS ( 1.000000000000000000, 0.000000000000000000, 0.000000000000000000, 0.000000000000000000, 0.000000000000000000, 0.000000000000000000, 0.000000000000000000 ) ;
#463 = ORIENTED_EDGE ( 'NONE', *, *, #6809, .T. ) ;
#464 = SURFACE_STYLE_USAGE ( .BOTH. , #7477 ) ;
#465 = PLANE ( 'NONE',  #5097 ) ;
#466 = LINE ( 'NONE', #8356, #19 ) ;
#467 = CARTESIAN_POINT ( 'NONE',  ( 0.1808277240783000284, 0.02805275571415000169, 0.1650000000000000078 ) ) ;
#468 = EDGE_LOOP ( 'NONE', ( #6763, #6696, #9978, #7007, #1694, #9590, #7839, #3164, #4003, #4627, #4730, #2529, #4667, #32, #2366, #2917, #9209, #9358, #6709, #5972, #355, #2574, #7827, #8416, #4851, #7067, #8966, #3325, #4790, #4017, #9780, #9574 ) ) ;
#469 = ORIENTED_EDGE ( 'NONE', *, *, #9055, .F. ) ;
#470 = AXIS2_PLACEMENT_3D ( 'NONE', #3643, #3692, #6065 ) ;
#471 = CARTESIAN_POINT ( 'NONE',  ( 0.000000000000000000, 0.09299999999999999933, 0.000000000000000000 ) ) ;
#472 = DIRECTION ( 'NONE',  ( -4.361590453884999558E-14, 1.000000000000000000, -2.418700160791000099E-13 ) ) ;
#473 = CARTESIAN_POINT ( 'NONE',  ( 0.000000000000000000, -0.2600000000000000089, 0.000000000000000000 ) ) ;
#474 = CARTESIAN_POINT ( 'NONE',  ( 0.2058160939552000357, 0.09299999999999999933, -0.09091059052180001931 ) ) ;
#475 = EDGE_CURVE ( 'NONE', #103, #7382, #6997, .T. ) ;
#476 = CARTESIAN_POINT ( 'NONE',  ( -0.05103110104427999866, -0.5830000000002000249, 0.03608430027294000364 ) ) ;
#477 = CARTESIAN_POINT ( 'NONE',  ( 0.2283519706985000230, 0.1246118225996999951, 0.1143885191698999909 ) ) ;
#478 = ORIENTED_EDGE ( 'NONE', *, *, #8426, .F. ) ;
#479 =( NAMED_UNIT ( * ) PLANE_ANGLE_UNIT ( ) SI_UNIT ( $, .RADIAN. ) );
#480 = EDGE_CURVE ( 'NONE', #6406, #2550, #7649, .T. ) ;
#481 = CARTESIAN_POINT ( 'NONE',  ( -0.05600000000000000810, 0.09299999999999999933, -0.2350000000000000144 ) ) ;
#482 = CARTESIAN_POINT ( 'NONE',  ( 0.000000000000000000, -0.007000000000000001013, 0.000000000000000000 ) ) ;
#484 = EDGE_CURVE ( 'NONE', #9662, #9019, #300, .T. ) ;
#483 = CARTESIAN_POINT ( 'NONE',  ( 0.1905537404357986742, 0.09561522689458952506, 0.1196423960004540932 ) ) ;
#485 = AXIS2_PLACEMENT_3D ( 'NONE', #5026, #2040, #1840 ) ;
#486 = ADVANCED_FACE ( 'NONE', ( #8173 ), #6578, .T. ) ;
#488 =( NAMED_UNIT ( * ) SI_UNIT ( $, .STERADIAN. ) SOLID_ANGLE_UNIT ( ) );
#487 = CARTESIAN_POINT ( 'NONE',  ( 0.2257378805857000181, 0.06967483934667992318, -0.09468936088066003121 ) ) ;
#489 = DIRECTION ( 'NONE',  ( -1.000000000000000000, 0.000000000000000000, 0.000000000000000000 ) ) ;
#490 = EDGE_LOOP ( 'NONE', ( #10008, #9090, #7536, #1430, #9882, #4081 ) ) ;
#491 =( NAMED_UNIT ( * ) SI_UNIT ( $, .STERADIAN. ) SOLID_ANGLE_UNIT ( ) );
#492 = CARTESIAN_POINT ( 'NONE',  ( 0.1712974352279000023, 0.1890000000000000291, 0.1902450753222000301 ) ) ;
#493 = B_SPLINE_CURVE_WITH_KNOTS ( 'NONE', 3,
 ( #4255, #430, #1890, #9072, #8925, #4447 ),
 .UNSPECIFIED., .F., .F.,
 ( 4, 1, 1, 4 ),
 ( 0.000000000000000000, 0.3333333333333000081, 0.6666666666667000474, 1.000000000000000000 ),
 .UNSPECIFIED. ) ;
#494 = EDGE_CURVE ( 'NONE', #1652, #6472, #514, .T. ) ;
#495 = ADVANCED_FACE ( 'NONE', ( #3916 ), #2222, .T. ) ;
#496 = ORIENTED_EDGE ( 'NONE', *, *, #2283, .F. ) ;
#497 = VECTOR ( 'NONE', #7700, 39.37007874015748143 ) ;
#498 = VERTEX_POINT ( 'NONE', #4576 ) ;
#499 = CARTESIAN_POINT ( 'NONE',  ( 0.2472065587513359308, 0.1330257702567161637, 0.009204463304449055777 ) ) ;
#500 = CYLINDRICAL_SURFACE ( 'NONE', #5377, 0.01450000000000000941 ) ;
#501 = VECTOR ( 'NONE', #3873, 39.37007874015748854 ) ;
#502 = DIRECTION ( 'NONE',  ( 1.000000000000000000, 0.000000000000000000, 0.000000000000000000 ) ) ;
#503 = B_SPLINE_CURVE_WITH_KNOTS ( 'NONE', 3,
 ( #3538, #5854, #5035, #8179, #3487, #3590, #6734, #9134, #5898, #8226, #6684, #5947, #5178, #6630, #1954, #1123, #5079, #4262 ),
 .UNSPECIFIED., .F., .F.,
 ( 4, 2, 2, 2, 2, 2, 2, 2, 4 ),
 ( 0.000000000000000000, 0.1249999999999950873, 0.1874999999999922007, 0.2499999999999892863, 0.3749999999999822919, 0.4374999999999812372, 0.4687499999999816258, 0.4999999999999820144, 1.000000000000000000 ),
 .UNSPECIFIED. ) ;
#504 =( NAMED_UNIT ( * ) PLANE_ANGLE_UNIT ( ) SI_UNIT ( $, .RADIAN. ) );
#505 = CARTESIAN_POINT ( 'NONE',  ( 0.000000000000000000, -0.0005000000000000000104, 0.000000000000000000 ) ) ;
#506 = EDGE_CURVE ( 'NONE', #9041, #2671, #9972, .T. ) ;
#507 = EDGE_LOOP ( 'NONE', ( #8683, #7984, #8818, #5329, #2394 ) ) ;
#508 = ORIENTED_EDGE ( 'NONE', *, *, #8178, .F. ) ;
#509 =( CONVERSION_BASED_UNIT ( 'INCH', #5256 ) LENGTH_UNIT ( ) NAMED_UNIT ( #1853 ) );
#510 = ADVANCED_FACE ( 'NONE', ( #10130 ), #8536, .F. ) ;
#511 = VERTEX_POINT ( 'NONE', #656 ) ;
#512 = ORIENTED_EDGE ( 'NONE', *, *, #6988, .F. ) ;
#513 = CARTESIAN_POINT ( 'NONE',  ( 0.2098148392558999709, 0.09299999997900000592, -0.1137193392358000071 ) ) ;
#514 = B_SPLINE_CURVE_WITH_KNOTS ( 'NONE', 3,
 ( #3757, #1443, #6266, #6121, #8491, #758, #6850, #5504, #10182, #1544, #6170, #6947 ),
 .UNSPECIFIED., .F., .F.,
 ( 4, 1, 1, 1, 1, 1, 1, 1, 1, 4 ),
 ( 0.000000000000000000, 0.1111111111111000027, 0.2222222222222000054, 0.3333333333333000081, 0.4444444444444000109, 0.5555555555555999891, 0.6666666666667000474, 0.7777777777777999946, 0.8888888888888999418, 1.000000000000000000 ),
 .UNSPECIFIED. ) ;
#515 = AXIS2_PLACEMENT_3D ( 'NONE', #3169, #9239, #2961 ) ;
#516 = CARTESIAN_POINT ( 'NONE',  ( 0.04950000000000000233, -0.1009999999999999926, -0.9235321979946004012 ) ) ;
#517 = DIRECTION ( 'NONE',  ( -1.000000000000000000, 0.000000000000000000, 0.000000000000000000 ) ) ;
#518 = DIRECTION ( 'NONE',  ( 1.000000000000000000, 0.000000000000000000, 0.000000000000000000 ) ) ;
#519 = DIRECTION ( 'NONE',  ( 0.000000000000000000, 1.000000000000000000, 0.000000000000000000 ) ) ;
#520 = CARTESIAN_POINT ( 'NONE',  ( 0.2247204899075999907, 0.1119345429094000116, -0.01121166426958000034 ) ) ;
#521 = DIRECTION ( 'NONE',  ( 0.3739683354962898831, 0.9274414720326746853, -1.422818512290959814E-14 ) ) ;
#522 = VERTEX_POINT ( 'NONE', #3808 ) ;
#523 = EDGE_LOOP ( 'NONE', ( #8715, #9778, #8782 ) ) ;
#524 = VECTOR ( 'NONE', #7982, 39.37007874015748143 ) ;
#525 = DIRECTION ( 'NONE',  ( -1.000000000000000000, 0.000000000000000000, 0.000000000000000000 ) ) ;
#526 = FACE_OUTER_BOUND ( 'NONE', #257, .T. ) ;
#527 = DIRECTION ( 'NONE',  ( 0.000000000000000000, 1.000000000000000000, 0.000000000000000000 ) ) ;
#528 = DIRECTION ( 'NONE',  ( 0.8484031771242682707, 0.000000000000000000, -0.5293505918060802395 ) ) ;
#529 = CARTESIAN_POINT ( 'NONE',  ( 0.1565765618541000159, 0.1849999999999999978, 0.1738958891234999860 ) ) ;
#530 = CARTESIAN_POINT ( 'NONE',  ( 0.07011497591250000216, -0.2849541764813000033, 0.09499999995717992030 ) ) ;
#531 = ORIENTED_EDGE ( 'NONE', *, *, #6301, .F. ) ;
#532 = CARTESIAN_POINT ( 'NONE',  ( 0.09328833875349999694, 0.1841728378958999990, 0.2308967408259000043 ) ) ;
#533 = VERTEX_POINT ( 'NONE', #10074 ) ;
#534 = AXIS2_PLACEMENT_3D ( 'NONE', #5231, #8370, #1319 ) ;
#535 = DIRECTION ( 'NONE',  ( 0.000000000000000000, 0.000000000000000000, -1.000000000000000000 ) ) ;
#536 = CARTESIAN_POINT ( 'NONE',  ( 0.000000000000000000, 0.08900000000000000966, 0.000000000000000000 ) ) ;
#537 = SURFACE_STYLE_FILL_AREA ( #3843 ) ;
#538 = CARTESIAN_POINT ( 'NONE',  ( 0.1921863647953796772, 0.1083489081781549707, 0.1170017323230239242 ) ) ;
#540 = DIRECTION ( 'NONE',  ( -3.188307822620000065E-13, 0.000000000000000000, 1.000000000000000000 ) ) ;
#539 = CARTESIAN_POINT ( 'NONE',  ( 0.2248109110168999836, 0.1890000000000000291, 0.009222488152836005176 ) ) ;
#541 = MECHANICAL_DESIGN_GEOMETRIC_PRESENTATION_REPRESENTATION (  '', ( #5000 ), #3670 ) ;
#542 = STYLED_ITEM ( 'NONE', ( #3043 ), #3007 ) ;
#543 = VECTOR ( 'NONE', #6231, 39.37007874015748143 ) ;
#544 = LINE ( 'NONE', #6741, #8177 ) ;
#545 = VERTEX_POINT ( 'NONE', #9204 ) ;
#546 = CARTESIAN_POINT ( 'NONE',  ( -0.006000000000000000125, 0.1890000000000000291, -0.1780000000000000193 ) ) ;
#547 = CARTESIAN_POINT ( 'NONE',  ( 0.1579148231006999858, 0.1689999999999999836, 0.1753821788126999903 ) ) ;
#548 = ORIENTED_EDGE ( 'NONE', *, *, #1330, .F. ) ;
#549 = ADVANCED_FACE ( 'NONE', ( #3028 ), #6218, .T. ) ;
#550 = AXIS2_PLACEMENT_3D ( 'NONE', #2089, #5222, #9998 ) ;
#551 = CIRCLE ( 'NONE', #9268, 0.2250000000000000888 ) ;
#552 = STYLED_ITEM ( 'NONE', ( #6932 ), #8375 ) ;
#553 = ORIENTED_EDGE ( 'NONE', *, *, #475, .T. ) ;
#554 = CARTESIAN_POINT ( 'NONE',  ( 0.2328819721502240203, 0.1271053054181294495, 0.01416271533517399726 ) ) ;
#555 = LINE ( 'NONE', #10179, #7110 ) ;
#556 = EDGE_CURVE ( 'NONE', #10, #6010, #7405, .T. ) ;
#557 = DIRECTION ( 'NONE',  ( 1.000000000000000000, 0.000000000000000000, 0.000000000000000000 ) ) ;
#558 = PLANE ( 'NONE',  #6715 ) ;
#559 = FILL_AREA_STYLE_COLOUR ( '', #5908 ) ;
#560 = CARTESIAN_POINT ( 'NONE',  ( 0.2317500000000113081, 0.09975907427705463237, 0.000000000000000000 ) ) ;
#561 = VERTEX_POINT ( 'NONE', #9338 ) ;
#562 = ORIENTED_EDGE ( 'NONE', *, *, #4146, .F. ) ;
#563 = CARTESIAN_POINT ( 'NONE',  ( -0.2462021252230289781, 0.1126666666664001004, 0.04341207738457306120 ) ) ;
#564 = ORIENTED_EDGE ( 'NONE', *, *, #3135, .T. ) ;
#565 = AXIS2_PLACEMENT_3D ( 'NONE', #482, #3443, #439 ) ;
#566 = EDGE_LOOP ( 'NONE', ( #5694, #9456, #5668, #2412, #5186, #7594, #6894, #7614 ) ) ;
#567 = CARTESIAN_POINT ( 'NONE',  ( 0.1942926439423000307, 0.1143371685741000066, -0.1134696810162000163 ) ) ;
#568 = EDGE_CURVE ( 'NONE', #112, #1751, #7651, .T. ) ;
#569 = EDGE_CURVE ( 'NONE', #1142, #7795, #7804, .T. ) ;
#570 = DIRECTION ( 'NONE',  ( -0.000000000000000000, 1.000000000000000000, 0.000000000000000000 ) ) ;
#571 = AXIS2_PLACEMENT_3D ( 'NONE', #3008, #7040, #639 ) ;
#572 = DIRECTION ( 'NONE',  ( 0.000000000000000000, 1.000000000000000000, 0.000000000000000000 ) ) ;
#573 = LINE ( 'NONE', #4540, #4046 ) ;
#574 = DIRECTION ( 'NONE',  ( 2.044286183157999825E-11, 0.000000000000000000, 1.000000000000000000 ) ) ;
#575 = DIRECTION ( 'NONE',  ( 1.323602128786999855E-13, 1.000000000000000000, 6.543650973775999834E-14 ) ) ;
#576 = VERTEX_POINT ( 'NONE', #3890 ) ;
#577 = LENGTH_MEASURE_WITH_UNIT ( LENGTH_MEASURE( 0.02539999999999999897 ), #7638 );
#578 = ORIENTED_EDGE ( 'NONE', *, *, #7164, .T. ) ;
#579 = VECTOR ( 'NONE', #7704, 39.37007874015748143 ) ;
#580 = DIRECTION ( 'NONE',  ( 1.572575615822999941E-13, 0.000000000000000000, -1.000000000000000000 ) ) ;
#581 = FACE_OUTER_BOUND ( 'NONE', #6372, .T. ) ;
#582 = CARTESIAN_POINT ( 'NONE',  ( -0.2389309425380000129, 0.1849999999999999978, -0.04428323269459000233 ) ) ;
#583 = CARTESIAN_POINT ( 'NONE',  ( 0.2549528672140999874, 0.1246118225996999951, -0.01511262184679999961 ) ) ;
#584 = DIRECTION ( 'NONE',  ( -0.3746065934208904213, -2.914335439758924100E-12, -0.9271838545647759222 ) ) ;
#585 = AXIS2_PLACEMENT_3D ( 'NONE', #6306, #6410, #7038 ) ;
#586 = CARTESIAN_POINT ( 'NONE',  ( 0.2295064125071634431, 0.1291580898262083832, -0.01299423895995295217 ) ) ;
#587 = VERTEX_POINT ( 'NONE', #7753 ) ;
#588 = FACE_OUTER_BOUND ( 'NONE', #6457, .T. ) ;
#589 = EDGE_LOOP ( 'NONE', ( #4570, #1910, #89, #4433 ) ) ;
#590 =( LENGTH_UNIT ( ) NAMED_UNIT ( * ) SI_UNIT ( $, .METRE. ) );
#591 = LINE ( 'NONE', #6784, #1884 ) ;
#593 = DIRECTION ( 'NONE',  ( -0.9396926207858973257, 0.000000000000000000, 0.3420201433256991330 ) ) ;
#592 = PLANE ( 'NONE',  #3465 ) ;
#594 = CARTESIAN_POINT ( 'NONE',  ( 0.2072306584906999927, 0.09299999999999999933, 0.1054283463545000049 ) ) ;
#595 = VERTEX_POINT ( 'NONE', #6931 ) ;
#596 = CARTESIAN_POINT ( 'NONE',  ( 0.2291703027884000599, 0.1899449464299999835, 0.1323115360052000977 ) ) ;
#597 = AXIS2_PLACEMENT_3D ( 'NONE', #2169, #5301, #1293 ) ;
#598 = ORIENTED_EDGE ( 'NONE', *, *, #7882, .F. ) ;
#599 = VECTOR ( 'NONE', #3227, 39.37007874015748854 ) ;
#600 = ORIENTED_EDGE ( 'NONE', *, *, #3573, .T. ) ;
#601 =( NAMED_UNIT ( * ) SI_UNIT ( $, .STERADIAN. ) SOLID_ANGLE_UNIT ( ) );
#602 = FILL_AREA_STYLE ('',( #9916 ) ) ;
#603 = STYLED_ITEM ( 'NONE', ( #7896 ), #1083 ) ;
#604 = LINE ( 'NONE', #6848, #1763 ) ;
#605 = CIRCLE ( 'NONE', #1943, 0.03700000000000000511 ) ;
#606 = EDGE_CURVE ( 'NONE', #2004, #341, #3741, .T. ) ;
#607 = SURFACE_SIDE_STYLE ('',( #5143 ) ) ;
#608 = CARTESIAN_POINT ( 'NONE',  ( 0.2555618371489001839, 0.1806233488420000977, -0.04071576114284999881 ) ) ;
#609 = CARTESIAN_POINT ( 'NONE',  ( 0.08578490989225001639, 0.09299999999999999933, 0.2123251026958000165 ) ) ;
#610 = AXIS2_PLACEMENT_3D ( 'NONE', #9483, #2446, #4807 ) ;
#611 = ORIENTED_EDGE ( 'NONE', *, *, #9941, .T. ) ;
#612 = MECHANICAL_DESIGN_GEOMETRIC_PRESENTATION_REPRESENTATION (  '', ( #6381 ), #445 ) ;
#613 = VERTEX_POINT ( 'NONE', #1424 ) ;
#614 = ADVANCED_FACE ( 'NONE', ( #1373 ), #9187, .T. ) ;
#615 = B_SPLINE_CURVE_WITH_KNOTS ( 'NONE', 3,
 ( #7505, #6633, #6740, #5857 ),
 .UNSPECIFIED., .F., .F.,
 ( 4, 4 ),
 ( 0.000000000000000000, 1.000000000000000000 ),
 .UNSPECIFIED. ) ;
#616 = COLOUR_RGB ( '',0.2509803921568627416, 0.2509803921568627416, 0.2509803921568627416 ) ;
#617 = ORIENTED_EDGE ( 'NONE', *, *, #9608, .T. ) ;
#618 = CARTESIAN_POINT ( 'NONE',  ( 0.2007500000000002061, 0.08186121593216902359, 0.000000000000000000 ) ) ;
#619 = FACE_OUTER_BOUND ( 'NONE', #6579, .T. ) ;
#620 = DIRECTION ( 'NONE',  ( 0.3746065934158975819, 0.000000000000000000, -0.9271838545667931974 ) ) ;
#621 = ADVANCED_FACE ( 'NONE', ( #2301 ), #6833, .F. ) ;
#622 = CARTESIAN_POINT ( 'NONE',  ( 0.2286029785742203502, 0.1030483170961575407, 0.1073921787790365207 ) ) ;
#623 = CARTESIAN_POINT ( 'NONE',  ( 0.2270000000000000073, -0.0005000000000000000104, 0.1550000000000000266 ) ) ;
#624 = CARTESIAN_POINT ( 'NONE',  ( 0.000000000000000000, 0.000000000000000000, 0.2447931081450999968 ) ) ;
#625 = SURFACE_STYLE_FILL_AREA ( #2841 ) ;
#626 = VERTEX_POINT ( 'NONE', #10109 ) ;
#627 = DIRECTION ( 'NONE',  ( 0.000000000000000000, -1.000000000000000000, 0.000000000000000000 ) ) ;
#628 = ORIENTED_EDGE ( 'NONE', *, *, #4397, .F. ) ;
#629 = ADVANCED_FACE ( 'NONE', ( #5483 ), #2353, .T. ) ;
#630 = ADVANCED_FACE ( 'NONE', ( #6884 ), #3841, .T. ) ;
#631 = CARTESIAN_POINT ( 'NONE',  ( 0.2484591248870292035, 0.1831998355001771273, 0.02848002104321086317 ) ) ;
#632 = DIRECTION ( 'NONE',  ( 0.000000000000000000, -1.000000000000000000, 0.000000000000000000 ) ) ;
#633 = CARTESIAN_POINT ( 'NONE',  ( -7.654042494670769574E-18, -0.5830000000000000737, 0.06249999999999845957 ) ) ;
#634 = FACE_OUTER_BOUND ( 'NONE', #6115, .T. ) ;
#635 = CARTESIAN_POINT ( 'NONE',  ( 0.2178097301235880634, 0.1329584456527102276, 0.1364955521816959561 ) ) ;
#636 = ORIENTED_EDGE ( 'NONE', *, *, #5975, .F. ) ;
#637 = PLANE ( 'NONE',  #9262 ) ;
#638 = FACE_OUTER_BOUND ( 'NONE', #7574, .T. ) ;
#639 = DIRECTION ( 'NONE',  ( 0.000000000000000000, -1.000000000000000000, 0.000000000000000000 ) ) ;
#640 = CARTESIAN_POINT ( 'NONE',  ( -0.2215817444276999837, 0.1890000000000000291, 0.03907083997506000800 ) ) ;
#641 = DIRECTION ( 'NONE',  ( 0.000000000000000000, 1.000000000000000000, 0.000000000000000000 ) ) ;
#642 = STYLED_ITEM ( 'NONE', ( #7568 ), #76 ) ;
#643 = MECHANICAL_DESIGN_GEOMETRIC_PRESENTATION_REPRESENTATION (  '', ( #8051 ), #9029 ) ;
#644 = DIRECTION ( 'NONE',  ( 0.000000000000000000, 1.000000000000000000, 0.000000000000000000 ) ) ;
#645 = DIRECTION ( 'NONE',  ( 0.000000000000000000, 1.000000000000000000, 0.000000000000000000 ) ) ;
#646 = VERTEX_POINT ( 'NONE', #6982 ) ;
#647 = CARTESIAN_POINT ( 'NONE',  ( 0.2227853523331000118, 0.1889420390995998067, -0.1170813754536999540 ) ) ;
#648 = CARTESIAN_POINT ( 'NONE',  ( 0.2372431485388999395, 0.1806233514718999233, 0.1369723956724001046 ) ) ;
#649 = ORIENTED_EDGE ( 'NONE', *, *, #2315, .T. ) ;
#650 = MECHANICAL_DESIGN_GEOMETRIC_PRESENTATION_REPRESENTATION (  '', ( #9198 ), #7078 ) ;
#651 = ORIENTED_EDGE ( 'NONE', *, *, #6875, .F. ) ;
#652 = DIRECTION ( 'NONE',  ( 2.135444598926999996E-12, 1.000000000000000000, -2.371020046965000174E-12 ) ) ;
#653 = CARTESIAN_POINT ( 'NONE',  ( 0.2188819952931000123, 0.1338882963138858795, 0.1172442472708630501 ) ) ;
#654 = DIRECTION ( 'NONE',  ( 0.000000000000000000, -1.000000000000000000, -4.367042432926000050E-14 ) ) ;
#655 = VECTOR ( 'NONE', #1565, 39.37007874015748143 ) ;
#656 = CARTESIAN_POINT ( 'NONE',  ( 0.1988719531242000016, 0.09299999999999999933, -0.1427361623973000260 ) ) ;
#657 =( NAMED_UNIT ( * ) PLANE_ANGLE_UNIT ( ) SI_UNIT ( $, .RADIAN. ) );
#658 = PLANE ( 'NONE',  #8255 ) ;
#659 = LINE ( 'NONE', #3864, #8515 ) ;
#660 = ORIENTED_EDGE ( 'NONE', *, *, #9243, .F. ) ;
#661 = ORIENTED_EDGE ( 'NONE', *, *, #5744, .F. ) ;
#662 = ORIENTED_EDGE ( 'NONE', *, *, #4092, .F. ) ;
#663 = DIRECTION ( 'NONE',  ( 0.000000000000000000, -1.000000000000000000, 0.000000000000000000 ) ) ;
#664 = ADVANCED_FACE ( 'NONE', ( #4711 ), #733, .T. ) ;
#665 = CARTESIAN_POINT ( 'NONE',  ( 0.2270107402842432565, 0.07681990092829457661, 0.09779001275184395769 ) ) ;
#666 =( CONVERSION_BASED_UNIT ( 'INCH', #6865 ) LENGTH_UNIT ( ) NAMED_UNIT ( #3561 ) );
#667 = DIRECTION ( 'NONE',  ( -1.000000000000000000, 0.000000000000000000, 5.701342228171999189E-14 ) ) ;
#668 = CARTESIAN_POINT ( 'NONE',  ( 0.000000000000000000, 0.000000000000000000, 0.000000000000000000 ) ) ;
#669 = ORIENTED_EDGE ( 'NONE', *, *, #1070, .F. ) ;
#670 = VERTEX_POINT ( 'NONE', #6307 ) ;
#671 = AXIS2_PLACEMENT_3D ( 'NONE', #7941, #8751, #1715 ) ;
#672 = EDGE_CURVE ( 'NONE', #5556, #9675, #3996, .T. ) ;
#673 = DIRECTION ( 'NONE',  ( 0.7431124958678938519, 0.000000000000000000, 0.6691665102834939427 ) ) ;
#674 = LENGTH_MEASURE_WITH_UNIT ( LENGTH_MEASURE( 0.02539999999999999897 ), #4547 );
#675 = DIRECTION ( 'NONE',  ( 0.000000000000000000, 0.000000000000000000, -1.000000000000000000 ) ) ;
#676 = CARTESIAN_POINT ( 'NONE',  ( 0.08840715604615000112, 0.1890000000000000291, -0.2188153896778000096 ) ) ;
#677 = DIRECTION ( 'NONE',  ( -0.7317656748678063039, -3.171291354520100469E-14, 0.6815563051467311562 ) ) ;
#678 = EDGE_CURVE ( 'NONE', #7184, #3609, #3209, .T. ) ;
#679 = CARTESIAN_POINT ( 'NONE',  ( 0.2399543591012230914, 0.1274793885802221471, -0.01398309407406997731 ) ) ;
#680 = VERTEX_POINT ( 'NONE', #2503 ) ;
#681 = AXIS2_PLACEMENT_3D ( 'NONE', #7406, #3490, #7755 ) ;
#682 = CARTESIAN_POINT ( 'NONE',  ( 0.04644655159496000052, -0.5830000000000000737, 0.04182066289451000923 ) ) ;
#683 = EDGE_CURVE ( 'NONE', #680, #9381, #7090, .T. ) ;
#684 = VERTEX_POINT ( 'NONE', #1734 ) ;
#685 = DIRECTION ( 'NONE',  ( 0.000000000000000000, 0.000000000000000000, -1.000000000000000000 ) ) ;
#686 = DIRECTION ( 'NONE',  ( 0.000000000000000000, 0.2756373558170049365, -0.9612616959383172288 ) ) ;
#687 = CARTESIAN_POINT ( 'NONE',  ( 0.2245362860574420805, 0.1263819054425636967, -0.01459281397314881462 ) ) ;
#688 = CARTESIAN_POINT ( 'NONE',  ( -0.03950000000000000039, -0.1260000000000000009, -0.2290000000000000091 ) ) ;
#689 = EDGE_CURVE ( 'NONE', #6721, #78, #5069, .T. ) ;
#690 = EDGE_CURVE ( 'NONE', #2335, #3137, #9649, .T. ) ;
#692 = FACE_OUTER_BOUND ( 'NONE', #490, .T. ) ;
#691 = CARTESIAN_POINT ( 'NONE',  ( 0.08765794283983996404, 0.1849999999999999978, -0.2169610219203999824 ) ) ;
#693 = ORIENTED_EDGE ( 'NONE', *, *, #2021, .F. ) ;
#694 = CARTESIAN_POINT ( 'NONE',  ( 0.2018940820158354466, 0.1252269449638099275, -0.09931672013873182880 ) ) ;
#695 = CARTESIAN_POINT ( 'NONE',  ( 0.1814428691045001651, 0.1806233514718999233, 0.1482258776530000488 ) ) ;
#696 = CIRCLE ( 'NONE', #8921, 0.2360000000000000986 ) ;
#697 = EDGE_LOOP ( 'NONE', ( #9938, #2384, #3763 ) ) ;
#698 = B_SPLINE_CURVE_WITH_KNOTS ( 'NONE', 3,
 ( #2064, #410, #8343, #1188 ),
 .UNSPECIFIED., .F., .F.,
 ( 4, 4 ),
 ( 0.000000000000000000, 1.000000000000000000 ),
 .UNSPECIFIED. ) ;
#699 = VERTEX_POINT ( 'NONE', #3167 ) ;
#700 = CARTESIAN_POINT ( 'NONE',  ( 0.05099999951920999863, 0.1886060664280999888, -0.2344999508773000230 ) ) ;
#701 = AXIS2_PLACEMENT_3D ( 'NONE', #7096, #3799, #6317 ) ;
#702 = MECHANICAL_DESIGN_GEOMETRIC_PRESENTATION_REPRESENTATION (  '', ( #6643 ), #5819 ) ;
#703 = FACE_OUTER_BOUND ( 'NONE', #1581, .T. ) ;
#704 = LENGTH_MEASURE_WITH_UNIT ( LENGTH_MEASURE( 0.02539999999999999897 ), #3967 );
#705 = CARTESIAN_POINT ( 'NONE',  ( -0.2458137268910000062, -0.007000000000000001013, -0.04555888137302999824 ) ) ;
#706 = CARTESIAN_POINT ( 'NONE',  ( 0.2270000000000000073, 0.03950000000000000039, 0.1448810599014000167 ) ) ;
#707 = ORIENTED_EDGE ( 'NONE', *, *, #5106, .F. ) ;
#708 = VERTEX_POINT ( 'NONE', #2613 ) ;
#709 = PRESENTATION_LAYER_ASSIGNMENT (  '', '', ( #542 ) ) ;
#710 = AXIS2_PLACEMENT_3D ( 'NONE', #8180, #4263, #346 ) ;
#711 = VERTEX_POINT ( 'NONE', #5748 ) ;
#712 = STYLED_ITEM ( 'NONE', ( #1940 ), #845 ) ;
#713 = DIRECTION ( 'NONE',  ( 0.000000000000000000, -1.000000000000000000, 0.000000000000000000 ) ) ;
#714 = CARTESIAN_POINT ( 'NONE',  ( 0.2579015517972919058, 0.1357414834036225482, -0.002955073312827301291 ) ) ;
#715 = AXIS2_PLACEMENT_3D ( 'NONE', #291, #1941, #5117 ) ;
#716 = CARTESIAN_POINT ( 'NONE',  ( -0.05600000000000000810, 0.1740000000000000158, -0.2350000000000000144 ) ) ;
#717 = FACE_OUTER_BOUND ( 'NONE', #900, .T. ) ;
#718 =( LENGTH_UNIT ( ) NAMED_UNIT ( * ) SI_UNIT ( $, .METRE. ) );
#719 = VERTEX_POINT ( 'NONE', #7859 ) ;
#720 = B_SPLINE_CURVE_WITH_KNOTS ( 'NONE', 3,
 ( #5690, #1783, #4917, #8056 ),
 .UNSPECIFIED., .F., .F.,
 ( 4, 4 ),
 ( 0.000000000000000000, 1.000000000000000000 ),
 .UNSPECIFIED. ) ;
#721 = EDGE_CURVE ( 'NONE', #7892, #4883, #9619, .T. ) ;
#722 = PLANE ( 'NONE',  #5034 ) ;
#723 = CARTESIAN_POINT ( 'NONE',  ( -0.08550503583141004504, 0.1689999999999999836, -0.2349231551965000053 ) ) ;
#724 =( CONVERSION_BASED_UNIT ( 'INCH', #7127 ) LENGTH_UNIT ( ) NAMED_UNIT ( #4353 ) );
#725 = DIRECTION ( 'NONE',  ( -0.9832549075639646086, 0.000000000000000000, -0.1822355254920934586 ) ) ;
#726 = CARTESIAN_POINT ( 'NONE',  ( -0.005999999999999997523, 0.1863788759054219590, -0.2459206962193557500 ) ) ;
#727 = LINE ( 'NONE', #2094, #497 ) ;
#728 = CARTESIAN_POINT ( 'NONE',  ( 0.2166192963336532051, 0.1316792804179864329, 0.1377131629876861552 ) ) ;
#729 = EDGE_CURVE ( 'NONE', #2042, #4166, #5498, .T. ) ;
#730 = VERTEX_POINT ( 'NONE', #2554 ) ;
#731 = CARTESIAN_POINT ( 'NONE',  ( 0.000000000000000000, 0.1640000000000000069, 0.000000000000000000 ) ) ;
#732 = ORIENTED_EDGE ( 'NONE', *, *, #7377, .T. ) ;
#733 = CONICAL_SURFACE ( 'NONE', #6332, 0.2524999999999998912, 0.03644219260941965882 ) ;
#734 = EDGE_CURVE ( 'NONE', #10141, #7232, #7138, .T. ) ;
#735 = EDGE_LOOP ( 'NONE', ( #9556, #2161, #8735, #1654, #7925, #973, #8917 ) ) ;
#736 = SURFACE_STYLE_USAGE ( .BOTH. , #4051 ) ;
#737 = CARTESIAN_POINT ( 'NONE',  ( 0.1908907148530000208, 0.09299999999999999933, 0.1191038831563999978 ) ) ;
#738 = VECTOR ( 'NONE', #8311, 39.37007874015748143 ) ;
#739 = CARTESIAN_POINT ( 'NONE',  ( 0.1911340067463000170, 0.1143371685741000066, -0.1035858910738000072 ) ) ;
#740 = FACE_OUTER_BOUND ( 'NONE', #7584, .T. ) ;
#741 = FACE_OUTER_BOUND ( 'NONE', #4961, .T. ) ;
#742 = EDGE_CURVE ( 'NONE', #6655, #1006, #7467, .T. ) ;
#743 = ORIENTED_EDGE ( 'NONE', *, *, #8484, .T. ) ;
#744 = CARTESIAN_POINT ( 'NONE',  ( 0.2177867369762999106, 0.1889420390996001120, -0.1257392312191999151 ) ) ;
#745 = ORIENTED_EDGE ( 'NONE', *, *, #7805, .F. ) ;
#746 = CARTESIAN_POINT ( 'NONE',  ( 0.2236972611338000072, 0.09299999999999999933, 0.02417716611268000415 ) ) ;
#747 = COLOUR_RGB ( '',0.2509803921568627416, 0.2509803921568627416, 0.2509803921568627416 ) ;
#748 = VERTEX_POINT ( 'NONE', #5638 ) ;
#749 = AXIS2_PLACEMENT_3D ( 'NONE', #1301, #4435, #6861 ) ;
#750 = EDGE_CURVE ( 'NONE', #9548, #730, #4052, .T. ) ;
#751 = ADVANCED_FACE ( 'NONE', ( #8771, #5586 ), #847, .T. ) ;
#752 = CARTESIAN_POINT ( 'NONE',  ( 0.2171144037167058172, 0.1299765073157553019, -0.1110307270584238309 ) ) ;
#753 = ORIENTED_EDGE ( 'NONE', *, *, #10104, .F. ) ;
#754 = CARTESIAN_POINT ( 'NONE',  ( 0.05099999999999999672, 0.1890000000000000291, -0.2309381409895000237 ) ) ;
#755 = DIRECTION ( 'NONE',  ( -0.9271838545667919762, 5.556536133988211013E-15, 0.3746065934159009680 ) ) ;
#756 = AXIS2_PLACEMENT_3D ( 'NONE', #4534, #6028, #7680 ) ;
#757 = VECTOR ( 'NONE', #3552, 39.37007874015748143 ) ;
#758 = CARTESIAN_POINT ( 'NONE',  ( 0.2016075029034999910, 0.09300000007837008753, 0.1229099400960000088 ) ) ;
#759 = FILL_AREA_STYLE ('',( #2977 ) ) ;
#760 = DIRECTION ( 'NONE',  ( 0.3746065934158975264, 0.000000000000000000, -0.9271838545667931974 ) ) ;
#761 = LINE ( 'NONE', #981, #9490 ) ;
#762 = CIRCLE ( 'NONE', #6531, 0.1250000000000000278 ) ;
#763 = ORIENTED_EDGE ( 'NONE', *, *, #8068, .T. ) ;
#764 = VERTEX_POINT ( 'NONE', #9540 ) ;
#765 = UNCERTAINTY_MEASURE_WITH_UNIT (LENGTH_MEASURE( 1.000000000000000082E-05 ), #4847, 'distance_accuracy_value', 'NONE');
#766 = MECHANICAL_DESIGN_GEOMETRIC_PRESENTATION_REPRESENTATION (  '', ( #9647 ), #1779 ) ;
#767 = AXIS2_PLACEMENT_3D ( 'NONE', #1563, #8756, #8609 ) ;
#768 = EDGE_LOOP ( 'NONE', ( #2017, #1038, #4997, #3439 ) ) ;
#769 = CARTESIAN_POINT ( 'NONE',  ( -0.04600204222479000599, -0.5929999999999999716, 0.02529944883092000163 ) ) ;
#770 = CARTESIAN_POINT ( 'NONE',  ( 0.02506072624646000016, 0.1890000000000000291, -0.2235999999999999932 ) ) ;
#771 = DIRECTION ( 'NONE',  ( 1.000000000000000000, 0.000000000000000000, 0.000000000000000000 ) ) ;
#772 = LINE ( 'NONE', #4085, #543 ) ;
#773 = CARTESIAN_POINT ( 'NONE',  ( 0.2281658427055029137, 0.1277215391042085535, -0.1156332439241063159 ) ) ;
#774 = DIRECTION ( 'NONE',  ( 0.8448031818318025854, 0.000000000000000000, -0.5350771757110017735 ) ) ;
#775 = AXIS2_PLACEMENT_3D ( 'NONE', #8441, #5915, #1237 ) ;
#776 = CYLINDRICAL_SURFACE ( 'NONE', #293, 0.01250000000000000243 ) ;
#777 = CIRCLE ( 'NONE', #7036, 0.05049999999999999628 ) ;
#778 = ORIENTED_EDGE ( 'NONE', *, *, #8484, .F. ) ;
#779 = DIRECTION ( 'NONE',  ( 0.000000000000000000, 0.000000000000000000, -1.000000000000000000 ) ) ;
#780 = CIRCLE ( 'NONE', #6211, 0.01149999999999999981 ) ;
#781 = CIRCLE ( 'NONE', #2278, 0.2447931081451000523 ) ;
#782 = LINE ( 'NONE', #7022, #7174 ) ;
#783 = SURFACE_STYLE_USAGE ( .BOTH. , #5628 ) ;
#784 = SURFACE_STYLE_USAGE ( .BOTH. , #4040 ) ;
#785 = LINE ( 'NONE', #7229, #873 ) ;
#786 = CARTESIAN_POINT ( 'NONE',  ( -0.006000000000000000125, 0.1884591724985554828, -0.2411714139205979046 ) ) ;
#787 =( NAMED_UNIT ( * ) PLANE_ANGLE_UNIT ( ) SI_UNIT ( $, .RADIAN. ) );
#788 = CARTESIAN_POINT ( 'NONE',  ( 0.2282517247640638292, 0.1301229969670179287, -0.01225702601080753788 ) ) ;
#789 = ORIENTED_EDGE ( 'NONE', *, *, #4288, .F. ) ;
#790 = CARTESIAN_POINT ( 'NONE',  ( -0.2393379827818000183, 0.1841728378957999956, 0.04220174387277000200 ) ) ;
#791 = ORIENTED_EDGE ( 'NONE', *, *, #4518, .T. ) ;
#792 = VERTEX_POINT ( 'NONE', #9492 ) ;
#793 = CARTESIAN_POINT ( 'NONE',  ( 0.2270000000000000073, 0.03950000000000000039, 0.1448810599014000167 ) ) ;
#794 = DIRECTION ( 'NONE',  ( 0.000000000000000000, -1.000000000000000000, 0.000000000000000000 ) ) ;
#795 = DIRECTION ( 'NONE',  ( 0.000000000000000000, 1.000000000000000000, 0.000000000000000000 ) ) ;
#796 = DIRECTION ( 'NONE',  ( 1.000000000000000000, -7.069579605225761608E-13, 3.534789802612880804E-13 ) ) ;
#798 = CARTESIAN_POINT ( 'NONE',  ( 0.2247171630974695855, 0.1087243946870518757, -0.01153525525880564825 ) ) ;
#797 =( CONVERSION_BASED_UNIT ( 'INCH', #9443 ) LENGTH_UNIT ( ) NAMED_UNIT ( #8088 ) );
#799 = LINE ( 'NONE', #7865, #285 ) ;
#800 = EDGE_CURVE ( 'NONE', #4592, #7382, #1792, .T. ) ;
#801 = ORIENTED_EDGE ( 'NONE', *, *, #367, .F. ) ;
#802 = CARTESIAN_POINT ( 'NONE',  ( 0.2363747572010001519, 0.1674787285195998843, -0.1364710296995999828 ) ) ;
#803 = ORIENTED_EDGE ( 'NONE', *, *, #9688, .F. ) ;
#804 =( NAMED_UNIT ( * ) SI_UNIT ( $, .STERADIAN. ) SOLID_ANGLE_UNIT ( ) );
#805 = LINE ( 'NONE', #6260, #8347 ) ;
#806 = EDGE_CURVE ( 'NONE', #680, #626, #3020, .T. ) ;
#807 = VERTEX_POINT ( 'NONE', #3316 ) ;
#808 = EDGE_CURVE ( 'NONE', #2726, #6939, #6973, .T. ) ;
#809 = CARTESIAN_POINT ( 'NONE',  ( 0.000000000000000000, -0.08700000000000000788, 0.000000000000000000 ) ) ;
#810 = EDGE_CURVE ( 'NONE', #9715, #3971, #6648, .T. ) ;
#811 = PRESENTATION_LAYER_ASSIGNMENT (  '', '', ( #9522 ) ) ;
#812 = ORIENTED_EDGE ( 'NONE', *, *, #1589, .F. ) ;
#813 = CARTESIAN_POINT ( 'NONE',  ( 0.2129829961497857471, 0.1265510664347493375, 0.1063177214778865398 ) ) ;
#814 = CARTESIAN_POINT ( 'NONE',  ( 0.01694845125667999997, -0.09099999999999999756, -0.09500000000000001499 ) ) ;
#815 = ADVANCED_FACE ( 'NONE', ( #5536, #8672 ), #4759, .F. ) ;
#816 = EDGE_CURVE ( 'NONE', #6657, #1820, #2709, .T. ) ;
#817 = CARTESIAN_POINT ( 'NONE',  ( 0.1975654359297999985, 0.08522401768312008741, 0.1445565113675000013 ) ) ;
#818 =( NAMED_UNIT ( * ) PLANE_ANGLE_UNIT ( ) SI_UNIT ( $, .RADIAN. ) );
#819 = ORIENTED_EDGE ( 'NONE', *, *, #1278, .F. ) ;
#820 = ORIENTED_EDGE ( 'NONE', *, *, #2666, .F. ) ;
#821 = AXIS2_PLACEMENT_3D ( 'NONE', #3566, #7633, #7531 ) ;
#822 = EDGE_LOOP ( 'NONE', ( #6625, #914, #9368 ) ) ;
#823 = DIRECTION ( 'NONE',  ( -0.3746065934158975819, 0.000000000000000000, 0.9271838545667933085 ) ) ;
#824 = CARTESIAN_POINT ( 'NONE',  ( 0.2560819550910261033, 0.1303437709847709014, 0.01218208918628458162 ) ) ;
#825 = CARTESIAN_POINT ( 'NONE',  ( 0.1906683963367000190, 0.09455266985242992417, -0.1194594669483999977 ) ) ;
#826 = AXIS2_PLACEMENT_3D ( 'NONE', #7992, #3638, #9082 ) ;
#827 = EDGE_CURVE ( 'NONE', #4478, #9360, #4299, .T. ) ;
#828 = FACE_OUTER_BOUND ( 'NONE', #7572, .T. ) ;
#829 = DIRECTION ( 'NONE',  ( 1.000000000000000000, 0.000000000000000000, 3.217927312343999881E-13 ) ) ;
#830 = ADVANCED_FACE ( 'NONE', ( #379 ), #3525, .F. ) ;
#831 = PRESENTATION_STYLE_ASSIGNMENT (( #6283 ) ) ;
#832 = DIRECTION ( 'NONE',  ( -0.3746065934158975819, 0.000000000000000000, 0.9271838545667933085 ) ) ;
#833 = VERTEX_POINT ( 'NONE', #5890 ) ;
#834 = DIRECTION ( 'NONE',  ( 0.000000000000000000, -1.000000000000000000, 0.000000000000000000 ) ) ;
#835 = AXIS2_PLACEMENT_3D ( 'NONE', #3581, #8268, #8116 ) ;
#836 = DIRECTION ( 'NONE',  ( 0.000000000000000000, 1.000000000000000000, 0.000000000000000000 ) ) ;
#837 =( LENGTH_UNIT ( ) NAMED_UNIT ( * ) SI_UNIT ( $, .METRE. ) );
#838 = CARTESIAN_POINT ( 'NONE',  ( 0.002000000000000000042, 0.4210000000000000409, 0.2290000000000000091 ) ) ;
#839 = CARTESIAN_POINT ( 'NONE',  ( 0.2461786528748302894, 0.1852855259401472166, -0.02676173190848866665 ) ) ;
#840 = CARTESIAN_POINT ( 'NONE',  ( 0.09328833875349999694, 0.1841728378958999990, 0.2308967408259000043 ) ) ;
#841 =( GEOMETRIC_REPRESENTATION_CONTEXT ( 3 ) GLOBAL_UNCERTAINTY_ASSIGNED_CONTEXT ( ( #3867 ) ) GLOBAL_UNIT_ASSIGNED_CONTEXT ( ( #1968, #8044, #1867 ) ) REPRESENTATION_CONTEXT ( 'NONE', 'WORKASPACE' ) );
#842 = ORIENTED_EDGE ( 'NONE', *, *, #2533, .F. ) ;
#843 = SURFACE_STYLE_FILL_AREA ( #2395 ) ;
#844 = ORIENTED_EDGE ( 'NONE', *, *, #9230, .T. ) ;
#845 = MANIFOLD_SOLID_BREP ( '39XB-XXX-XXX', #2434 ) ;
#846 = VERTEX_POINT ( 'NONE', #3578 ) ;
#847 = PLANE ( 'NONE',  #4835 ) ;
#848 = CARTESIAN_POINT ( 'NONE',  ( 0.03950000000000000039, -0.1009999999999999926, -0.2169999999999999984 ) ) ;
#849 = CARTESIAN_POINT ( 'NONE',  ( 0.2361025303266000297, 0.1689999999999999836, -0.09895248947532007955 ) ) ;
#850 = DIRECTION ( 'NONE',  ( 0.000000000000000000, 1.000000000000000000, 0.000000000000000000 ) ) ;
#851 = VECTOR ( 'NONE', #6383, 39.37007874015748143 ) ;
#853 = CARTESIAN_POINT ( 'NONE',  ( 0.000000000000000000, -0.2350000000000000144, 0.000000000000000000 ) ) ;
#852 = CARTESIAN_POINT ( 'NONE',  ( 0.2249065246083000180, 0.1214580380866000092, 0.006500517553296003559 ) ) ;
#854 =( CONVERSION_BASED_UNIT ( 'INCH', #10064 ) LENGTH_UNIT ( ) NAMED_UNIT ( #5010 ) );
#855 = VERTEX_POINT ( 'NONE', #3432 ) ;
#856 = CARTESIAN_POINT ( 'NONE',  ( 0.000000000000000000, 0.1740000000000000158, 0.000000000000000000 ) ) ;
#857 = ORIENTED_EDGE ( 'NONE', *, *, #4341, .T. ) ;
#858 = DIRECTION ( 'NONE',  ( -0.3420201433256991330, 0.000000000000000000, -0.9396926207858972147 ) ) ;
#859 = ORIENTED_EDGE ( 'NONE', *, *, #7288, .T. ) ;
#860 = PRESENTATION_LAYER_ASSIGNMENT (  '', '', ( #6277 ) ) ;
#861 = CARTESIAN_POINT ( 'NONE',  ( 0.2083933694296945249, 0.1272866774107513921, -0.1040637512155819094 ) ) ;
#862 = EDGE_CURVE ( 'NONE', #2717, #3296, #5071, .T. ) ;
#863 = VERTEX_POINT ( 'NONE', #8313 ) ;
#864 = CARTESIAN_POINT ( 'NONE',  ( -0.05600000000000002198, 0.1848791695870810603, 0.2418293957482517964 ) ) ;
#865 = LINE ( 'NONE', #814, #4230 ) ;
#866 = ORIENTED_EDGE ( 'NONE', *, *, #10180, .F. ) ;
#867 = CARTESIAN_POINT ( 'NONE',  ( 0.2047651328492999800, 0.4385000000000000009, -0.1182212045712000004 ) ) ;
#868 = LENGTH_MEASURE_WITH_UNIT ( LENGTH_MEASURE( 0.02539999999999999897 ), #2575 );
#869 = PLANE ( 'NONE',  #9169 ) ;
#870 = EDGE_CURVE ( 'NONE', #3544, #4840, #6723, .T. ) ;
#871 = ORIENTED_EDGE ( 'NONE', *, *, #4838, .F. ) ;
#872 = VERTEX_POINT ( 'NONE', #8112 ) ;
#873 = VECTOR ( 'NONE', #172, 39.37007874015748143 ) ;
#874 = EDGE_CURVE ( 'NONE', #3876, #909, #7343, .T. ) ;
#875 = ORIENTED_EDGE ( 'NONE', *, *, #8940, .T. ) ;
#876 = CARTESIAN_POINT ( 'NONE',  ( 0.04644655159233999908, -0.2849999999999999756, 0.04182066289742999987 ) ) ;
#877 = CARTESIAN_POINT ( 'NONE',  ( 0.03099999999999999978, 0.1740000000000000158, 0.2290000000000000091 ) ) ;
#878 = CARTESIAN_POINT ( 'NONE',  ( 0.1745915801759999886, -0.006999999999998996608, 0.1872265476144999996 ) ) ;
#879 = CARTESIAN_POINT ( 'NONE',  ( 0.1912003766089999945, 0.09299999999999999933, -0.1193314424443999988 ) ) ;
#880 = MECHANICAL_DESIGN_GEOMETRIC_PRESENTATION_REPRESENTATION (  '', ( #8934 ), #7134 ) ;
#881 = AXIS2_PLACEMENT_3D ( 'NONE', #2638, #9570, #3301 ) ;
#882 = PRESENTATION_STYLE_ASSIGNMENT (( #2540 ) ) ;
#883 = EDGE_CURVE ( 'NONE', #6178, #3898, #5839, .T. ) ;
#884 = EDGE_LOOP ( 'NONE', ( #6299, #778, #2415, #6840, #7575, #469 ) ) ;
#885 = CARTESIAN_POINT ( 'NONE',  ( 0.2353877118643999955, 0.1890000000000000291, -0.01698897004644999917 ) ) ;
#886 = EDGE_CURVE ( 'NONE', #1863, #7333, #1066, .T. ) ;
#887 = ADVANCED_FACE ( 'NONE', ( #1259 ), #4401, .T. ) ;
#888 = PRESENTATION_LAYER_ASSIGNMENT (  '', '', ( #5979 ) ) ;
#889 = AXIS2_PLACEMENT_3D ( 'NONE', #3985, #11, #4852 ) ;
#890 = DIRECTION ( 'NONE',  ( -1.000000000000000000, 0.000000000000000000, 0.000000000000000000 ) ) ;
#891 = CIRCLE ( 'NONE', #2377, 0.2249999999999999500 ) ;
#892 = LINE ( 'NONE', #4041, #2840 ) ;
#893 = CARTESIAN_POINT ( 'NONE',  ( 0.2418894436941638193, 0.1877436580293052604, -0.02327633827359509855 ) ) ;
#894 = B_SPLINE_CURVE_WITH_KNOTS ( 'NONE', 3,
 ( #3527, #1014, #6618, #240 ),
 .UNSPECIFIED., .F., .F.,
 ( 4, 4 ),
 ( 0.000000000000000000, 1.000000000000000000 ),
 .UNSPECIFIED. ) ;
#895 = DIRECTION ( 'NONE',  ( -0.1955555555556000857, 0.000000000000000000, 0.9806926249806003915 ) ) ;
#896 = ORIENTED_EDGE ( 'NONE', *, *, #1446, .F. ) ;
#897 = CARTESIAN_POINT ( 'NONE',  ( 0.2539470338983000341, 0.000000000000000000, -0.03235589550999000419 ) ) ;
#898 = ORIENTED_EDGE ( 'NONE', *, *, #9099, .F. ) ;
#899 = COLOUR_RGB ( '',0.2509803921568627416, 0.2509803921568627416, 0.2509803921568627416 ) ;
#900 = EDGE_LOOP ( 'NONE', ( #1349, #8800, #2149, #5494 ) ) ;
#901 = DIRECTION ( 'NONE',  ( 0.000000000000000000, 0.000000000000000000, -1.000000000000000000 ) ) ;
#902 = DIRECTION ( 'NONE',  ( 0.000000000000000000, 0.000000000000000000, 1.000000000000000000 ) ) ;
#903 = DIRECTION ( 'NONE',  ( 0.000000000000000000, -1.000000000000000000, 0.000000000000000000 ) ) ;
#904 = DIRECTION ( 'NONE',  ( -0.8164976167097107718, 0.000000000000000000, 0.5773488043699078753 ) ) ;
#906 = CARTESIAN_POINT ( 'NONE',  ( 0.000000000000000000, 0.1890000000000000291, 0.000000000000000000 ) ) ;
#905 = CARTESIAN_POINT ( 'NONE',  ( 0.03099999999999999978, 0.1290000000000000036, 0.2290000000000000091 ) ) ;
#907 = CARTESIAN_POINT ( 'NONE',  ( 0.2361025303266000297, 0.1689999999999999836, -0.09895248947532007955 ) ) ;
#908 = AXIS2_PLACEMENT_3D ( 'NONE', #3062, #3114, #6204 ) ;
#909 = VERTEX_POINT ( 'NONE', #8163 ) ;
#910 = CARTESIAN_POINT ( 'NONE',  ( 0.1963431634228316736, 0.1264233572598123523, 0.1300719805686786079 ) ) ;
#911 = VERTEX_POINT ( 'NONE', #4252 ) ;
#912 = CARTESIAN_POINT ( 'NONE',  ( -0.06949999999997992506, -0.2706794919243000197, 0.000000000000000000 ) ) ;
#913 =( NAMED_UNIT ( * ) SI_UNIT ( $, .STERADIAN. ) SOLID_ANGLE_UNIT ( ) );
#914 = ORIENTED_EDGE ( 'NONE', *, *, #6227, .F. ) ;
#915 =( GEOMETRIC_REPRESENTATION_CONTEXT ( 3 ) GLOBAL_UNCERTAINTY_ASSIGNED_CONTEXT ( ( #5003 ) ) GLOBAL_UNIT_ASSIGNED_CONTEXT ( ( #4309, #6580, #1903 ) ) REPRESENTATION_CONTEXT ( 'NONE', 'WORKASPACE' ) );
#916 = DIRECTION ( 'NONE',  ( 0.000000000000000000, -1.000000000000000000, 0.000000000000000000 ) ) ;
#917 = ORIENTED_EDGE ( 'NONE', *, *, #2949, .F. ) ;
#918 = PLANE ( 'NONE',  #5626 ) ;
#919 = CARTESIAN_POINT ( 'NONE',  ( -0.2389605945087999728, 0.1841728378957999956, -0.04428872836253000544 ) ) ;
#920 = ORIENTED_EDGE ( 'NONE', *, *, #7047, .F. ) ;
#921 = FILL_AREA_STYLE_COLOUR ( '', #4597 ) ;
#922 = AXIS2_PLACEMENT_3D ( 'NONE', #6045, #3933, #9475 ) ;
#923 = CARTESIAN_POINT ( 'NONE',  ( 0.1659443903770000117, 0.1849999999999999978, -0.1842999167183999865 ) ) ;
#924 = DIRECTION ( 'NONE',  ( 1.000000000000000000, 0.000000000000000000, 0.000000000000000000 ) ) ;
#925 = VERTEX_POINT ( 'NONE', #6616 ) ;
#926 = ORIENTED_EDGE ( 'NONE', *, *, #2941, .T. ) ;
#927 = VERTEX_POINT ( 'NONE', #6095 ) ;
#928 = CARTESIAN_POINT ( 'NONE',  ( 9.445049048428996120E-10, -0.2780000002890000155, -9.299848279268996179E-10 ) ) ;
#929 = STYLED_ITEM ( 'NONE', ( #1552 ), #5976 ) ;
#930 = VECTOR ( 'NONE', #107, 39.37007874015748143 ) ;
#931 = ADVANCED_FACE ( 'NONE', ( #2996 ), #5664, .T. ) ;
#932 = CARTESIAN_POINT ( 'NONE',  ( 0.000000000000000000, 0.1890000000000000291, 0.000000000000000000 ) ) ;
#933 = SURFACE_STYLE_FILL_AREA ( #7504 ) ;
#934 = CARTESIAN_POINT ( 'NONE',  ( 0.2132393488517000113, 0.1246118225996999951, 0.1405643480442000104 ) ) ;
#935 = CARTESIAN_POINT ( 'NONE',  ( 0.000000000000000000, -0.0005000000000000000104, 0.000000000000000000 ) ) ;
#936 = B_SPLINE_CURVE_WITH_KNOTS ( 'NONE', 3,
 ( #3297, #9723, #2684, #1816, #2481, #4082, #268, #4181, #5005, #7163, #9567, #9518, #7218, #1761, #1864, #1093, #3402, #9676, #8953, #4228, #162, #7326, #6548, #988, #1710, #7374, #2636, #4952, #3248, #4023, #5673, #316, #5771, #6391, #8196, #5618, #6491, #8745, #6441, #7989, #2530, #4900, #8901, #2583, #8091 ),
 .UNSPECIFIED., .F., .F.,
 ( 4, 2, 1, 2, 2, 2, 2, 2, 2, 2, 2, 2, 1, 2, 2, 2, 2, 2, 2, 1, 2, 2, 2, 4 ),
 ( 0.000000000000000000, 0.03125000000001006834, 0.04687500000001523087, 0.05468750000001800643, 0.06250000000002078893, 0.1250000000000425493, 0.1875000000000643097, 0.2500000000000860423, 0.3125000000001078027, 0.3750000000001295630, 0.4375000000001512679, 0.4687500000001614819, 0.4843750000001676437, 0.4921875000001701417, 0.5000000000001725287, 0.5312500000001642020, 0.5468750000001590950, 0.5625000000001539879, 0.5937500000001438849, 0.6093750000001381117, 0.6171875000001353362, 0.6250000000001325606, 0.7500000000000877076, 1.000000000000000000 ),
 .UNSPECIFIED. ) ;
#937 = EDGE_CURVE ( 'NONE', #8669, #4542, #3855, .T. ) ;
#938 = VERTEX_POINT ( 'NONE', #1469 ) ;
#939 = AXIS2_PLACEMENT_3D ( 'NONE', #7765, #2974, #8587 ) ;
#940 = CIRCLE ( 'NONE', #1269, 0.2250000000000000056 ) ;
#941 = EDGE_CURVE ( 'NONE', #1141, #4386, #6190, .T. ) ;
#943 = ADVANCED_FACE ( 'NONE', ( #526 ), #3102, .F. ) ;
#942 =( NAMED_UNIT ( * ) SI_UNIT ( $, .STERADIAN. ) SOLID_ANGLE_UNIT ( ) );
#944 = CARTESIAN_POINT ( 'NONE',  ( -0.03950000000000000039, -0.1009999999999999926, -0.2169999999999999984 ) ) ;
#945 = VECTOR ( 'NONE', #2827, 39.37007874015748143 ) ;
#946 = DIRECTION ( 'NONE',  ( 0.9848077530123355849, 0.000000000000000000, -0.1736481776662064658 ) ) ;
#947 = CIRCLE ( 'NONE', #10140, 0.01999999999999999001 ) ;
#948 = AXIS2_PLACEMENT_3D ( 'NONE', #9943, #7790, #7589 ) ;
#949 = UNCERTAINTY_MEASURE_WITH_UNIT (LENGTH_MEASURE( 1.000000000000000082E-05 ), #7519, 'distance_accuracy_value', 'NONE');
#950 = FACE_OUTER_BOUND ( 'NONE', #2310, .T. ) ;
#951 = CARTESIAN_POINT ( 'NONE',  ( 0.2502206624010704372, 0.1357412847905068720, -0.003294474322017675906 ) ) ;
#952 = EDGE_CURVE ( 'NONE', #7121, #8858, #5212, .T. ) ;
#953 = ORIENTED_EDGE ( 'NONE', *, *, #2323, .F. ) ;
#954 = ADVANCED_FACE ( 'NONE', ( #9224, #3046 ), #7696, .T. ) ;
#955 = DIRECTION ( 'NONE',  ( 0.3746065934151055488, -4.242637971182061173E-13, -0.9271838545671132747 ) ) ;
#956 = ORIENTED_EDGE ( 'NONE', *, *, #373, .T. ) ;
#957 =( GEOMETRIC_REPRESENTATION_CONTEXT ( 3 ) GLOBAL_UNCERTAINTY_ASSIGNED_CONTEXT ( ( #8193 ) ) GLOBAL_UNIT_ASSIGNED_CONTEXT ( ( #9154, #3606, #3653 ) ) REPRESENTATION_CONTEXT ( 'NONE', 'WORKASPACE' ) );
#958 = ORIENTED_EDGE ( 'NONE', *, *, #8060, .F. ) ;
#959 = LINE ( 'NONE', #3369, #8159 ) ;
#960 = STYLED_ITEM ( 'NONE', ( #2476 ), #4984 ) ;
#961 = DIRECTION ( 'NONE',  ( -1.092157265348000152E-14, 1.000000000000000000, 0.000000000000000000 ) ) ;
#962 = CARTESIAN_POINT ( 'NONE',  ( 0.1981717527973845538, 0.1874584181787073422, 0.1420429703771428909 ) ) ;
#963 = DIRECTION ( 'NONE',  ( 0.000000000000000000, 1.000000000000000000, 0.000000000000000000 ) ) ;
#964 = CARTESIAN_POINT ( 'NONE',  ( 0.000000000000000000, -0.5830000000000000737, 0.000000000000000000 ) ) ;
#966 = CARTESIAN_POINT ( 'NONE',  ( 0.000000000000000000, -0.1110000000000000014, 0.000000000000000000 ) ) ;
#965 = CARTESIAN_POINT ( 'NONE',  ( 0.2248818812637000120, 0.1203638065746000102, 0.007305379035762992260 ) ) ;
#967 = CARTESIAN_POINT ( 'NONE',  ( 0.2175135558830172122, 0.1887749012996166320, -0.1014906074895939869 ) ) ;
#968 = ORIENTED_EDGE ( 'NONE', *, *, #4658, .T. ) ;
#969 = EDGE_CURVE ( 'NONE', #8098, #4296, #4499, .T. ) ;
#970 = CARTESIAN_POINT ( 'NONE',  ( 0.1900807159121999934, 0.1330108282678000020, 0.1203923645349000010 ) ) ;
#971 = ORIENTED_EDGE ( 'NONE', *, *, #5522, .T. ) ;
#972 = DIRECTION ( 'NONE',  ( 0.000000000000000000, -1.000000000000000000, 0.000000000000000000 ) ) ;
#973 = ORIENTED_EDGE ( 'NONE', *, *, #1462, .F. ) ;
#974 = CARTESIAN_POINT ( 'NONE',  ( 0.01694845125667999997, -0.09099999999999999756, 0.09500000000000001499 ) ) ;
#975 = EDGE_LOOP ( 'NONE', ( #4555, #9333, #6164, #5093 ) ) ;
#976 = CARTESIAN_POINT ( 'NONE',  ( -0.07935891874671004154, -0.2792228077341999959, 0.09499999998112007571 ) ) ;
#977 = CARTESIAN_POINT ( 'NONE',  ( 0.1907385182766769549, 0.1019487100815088254, -0.1193491229893276495 ) ) ;
#978 = ORIENTED_EDGE ( 'NONE', *, *, #3083, .F. ) ;
#979 =( NAMED_UNIT ( * ) SI_UNIT ( $, .STERADIAN. ) SOLID_ANGLE_UNIT ( ) );
#980 = DIRECTION ( 'NONE',  ( 0.6815563051464075262, 0.000000000000000000, 0.7317656748681076184 ) ) ;
#981 = CARTESIAN_POINT ( 'NONE',  ( 0.2494589144528999991, 0.05700000000000000205, -0.05750000000000000250 ) ) ;
#982 = ORIENTED_EDGE ( 'NONE', *, *, #3964, .F. ) ;
#983 = ORIENTED_EDGE ( 'NONE', *, *, #9693, .F. ) ;
#984 = DIMENSIONAL_EXPONENTS ( 1.000000000000000000, 0.000000000000000000, 0.000000000000000000, 0.000000000000000000, 0.000000000000000000, 0.000000000000000000, 0.000000000000000000 ) ;
#985 = DIMENSIONAL_EXPONENTS ( 1.000000000000000000, 0.000000000000000000, 0.000000000000000000, 0.000000000000000000, 0.000000000000000000, 0.000000000000000000, 0.000000000000000000 ) ;
#986 = UNCERTAINTY_MEASURE_WITH_UNIT (LENGTH_MEASURE( 1.000000000000000082E-05 ), #1102, 'distance_accuracy_value', 'NONE');
#987 = ORIENTED_EDGE ( 'NONE', *, *, #4235, .T. ) ;
#988 = CARTESIAN_POINT ( 'NONE',  ( 0.2020762474639044293, 0.1282512445165393256, -0.1323181986577751379 ) ) ;
#989 = DIRECTION ( 'NONE',  ( 0.000000000000000000, 0.000000000000000000, -1.000000000000000000 ) ) ;
#990 = CARTESIAN_POINT ( 'NONE',  ( -0.06300000000000000044, 0.1740000000000000158, -0.2036000000000000032 ) ) ;
#991 = CARTESIAN_POINT ( 'NONE',  ( -1.237907614193000029E-07, 0.1849999999999999978, -2.288631448181000047E-08 ) ) ;
#992 = APPLICATION_PROTOCOL_DEFINITION ( 'draft international standard', 'automotive_design', 1998, #7323 ) ;
#993 = CIRCLE ( 'NONE', #6239, 0.06949999999997992506 ) ;
#994 = ORIENTED_EDGE ( 'NONE', *, *, #5456, .T. ) ;
#995 = ORIENTED_EDGE ( 'NONE', *, *, #6560, .F. ) ;
#996 = LINE ( 'NONE', #4139, #1593 ) ;
#997 = ADVANCED_FACE ( 'NONE', ( #581 ), #4643, .T. ) ;
#998 = VECTOR ( 'NONE', #2770, 39.37007874015748143 ) ;
#999 = SURFACE_STYLE_FILL_AREA ( #9578 ) ;
#1000 = DIRECTION ( 'NONE',  ( 1.128459480019984552E-07, 0.9999999999999933387, 2.023139853912971662E-08 ) ) ;
#1001 =( NAMED_UNIT ( * ) PLANE_ANGLE_UNIT ( ) SI_UNIT ( $, .RADIAN. ) );
#1002 = DIRECTION ( 'NONE',  ( 0.000000000000000000, -1.000000000000000000, 0.000000000000000000 ) ) ;
#1003 = ORIENTED_EDGE ( 'NONE', *, *, #2405, .T. ) ;
#1004 = AXIS2_PLACEMENT_3D ( 'NONE', #4352, #2091, #5842 ) ;
#1005 = CARTESIAN_POINT ( 'NONE',  ( -9.445048562706005121E-10, -0.2880000000000000338, 9.299847411888996111E-10 ) ) ;
#1006 = VERTEX_POINT ( 'NONE', #723 ) ;
#1007 = AXIS2_PLACEMENT_3D ( 'NONE', #5800, #1891, #1161 ) ;
#1008 = ADVANCED_FACE ( 'NONE', ( #8465 ), #2896, .F. ) ;
#1009 = ORIENTED_EDGE ( 'NONE', *, *, #4934, .T. ) ;
#1010 = CARTESIAN_POINT ( 'NONE',  ( 0.04950000000000000233, -0.09099999999999999756, -0.2169999999999999984 ) ) ;
#1011 = ADVANCED_FACE ( 'NONE', ( #3879 ), #4038, .T. ) ;
#1012 = DIRECTION ( 'NONE',  ( 0.000000000000000000, -1.000000000000000000, 0.000000000000000000 ) ) ;
#1013 = SURFACE_STYLE_USAGE ( .BOTH. , #8064 ) ;
#1014 = CARTESIAN_POINT ( 'NONE',  ( 0.2033067739687999809, 0.1140731207115999873, -0.09643925066667990986 ) ) ;
#1015 = PLANE ( 'NONE',  #5270 ) ;
#1016 = VECTOR ( 'NONE', #6717, 39.37007874015748143 ) ;
#1018 = CARTESIAN_POINT ( 'NONE',  ( 0.000000000000000000, 0.1849999999999999978, 0.000000000000000000 ) ) ;
#1017 = DIRECTION ( 'NONE',  ( 0.000000000000000000, 1.000000000000000000, 0.000000000000000000 ) ) ;
#1019 = CARTESIAN_POINT ( 'NONE',  ( 0.02200000000000000219, 0.4335000000000000520, 0.2290000000000000091 ) ) ;
#1020 = EDGE_LOOP ( 'NONE', ( #1744, #4344, #9881, #2990, #8057, #5584, #6761 ) ) ;
#1021 = CARTESIAN_POINT ( 'NONE',  ( 0.000000000000000000, 0.1841728378957999956, 0.000000000000000000 ) ) ;
#1022 = CARTESIAN_POINT ( 'NONE',  ( -0.006000000000000000125, 0.1640000000000000069, 0.2559296778414000273 ) ) ;
#1023 = ORIENTED_EDGE ( 'NONE', *, *, #5347, .F. ) ;
#1024 =( LENGTH_UNIT ( ) NAMED_UNIT ( * ) SI_UNIT ( $, .METRE. ) );
#1025 = ADVANCED_FACE ( 'NONE', ( #2491 ), #4695, .T. ) ;
#1026 = B_SPLINE_CURVE_WITH_KNOTS ( 'NONE', 3,
 ( #8835, #1801, #4937, #8074 ),
 .UNSPECIFIED., .F., .F.,
 ( 4, 4 ),
 ( 0.000000000000000000, 1.000000000000000000 ),
 .UNSPECIFIED. ) ;
#1027 = EDGE_CURVE ( 'NONE', #1572, #5047, #4140, .T. ) ;
#1028 = ORIENTED_EDGE ( 'NONE', *, *, #1088, .F. ) ;
#1029 = CARTESIAN_POINT ( 'NONE',  ( -0.08191917933408994490, 0.09299999999999999933, -0.2095572667727000349 ) ) ;
#1030 = CARTESIAN_POINT ( 'NONE',  ( 0.1909390535579172654, 0.1033019034383148987, -0.1190261439591280834 ) ) ;
#1031 = VERTEX_POINT ( 'NONE', #7176 ) ;
#1032 =( CONVERSION_BASED_UNIT ( 'INCH', #8082 ) LENGTH_UNIT ( ) NAMED_UNIT ( #8999 ) );
#1033 = LINE ( 'NONE', #4836, #524 ) ;
#1034 = LINE ( 'NONE', #5767, #307 ) ;
#1035 = AXIS2_PLACEMENT_3D ( 'NONE', #492, #2865, #9962 ) ;
#1036 = ORIENTED_EDGE ( 'NONE', *, *, #3455, .T. ) ;
#1037 = EDGE_LOOP ( 'NONE', ( #9937, #7462, #3496, #6757, #4380, #7276 ) ) ;
#1038 = ORIENTED_EDGE ( 'NONE', *, *, #1077, .T. ) ;
#1039 = CARTESIAN_POINT ( 'NONE',  ( 0.2123461911865000273, 0.1889999999999000257, -0.1029810367280999950 ) ) ;
#1040 = CARTESIAN_POINT ( 'NONE',  ( -0.05600000000000000810, 0.1890000000000000291, -0.2292596780944999857 ) ) ;
#1041 = DIRECTION ( 'NONE',  ( 0.000000000000000000, -1.000000000000000000, 0.000000000000000000 ) ) ;
#1042 = LINE ( 'NONE', #358, #8125 ) ;
#1043 = LINE ( 'NONE', #4907, #2273 ) ;
#1044 = VERTEX_POINT ( 'NONE', #8050 ) ;
#1045 = DIRECTION ( 'NONE',  ( 0.000000000000000000, 0.000000000000000000, -1.000000000000000000 ) ) ;
#1046 = ORIENTED_EDGE ( 'NONE', *, *, #2012, .F. ) ;
#1047 = CIRCLE ( 'NONE', #7129, 0.02000000000000000042 ) ;
#1048 = CARTESIAN_POINT ( 'NONE',  ( -0.006000000000000000125, 0.1890000000000000291, -0.2350000000000000144 ) ) ;
#1049 = DIRECTION ( 'NONE',  ( 1.000000000000000000, 0.000000000000000000, -3.223953393453000004E-13 ) ) ;
#1050 = CARTESIAN_POINT ( 'NONE',  ( 0.07949999999997992006, -0.2880000000000000338, 0.000000000000000000 ) ) ;
#1051 = DIMENSIONAL_EXPONENTS ( 1.000000000000000000, 0.000000000000000000, 0.000000000000000000, 0.000000000000000000, 0.000000000000000000, 0.000000000000000000, 0.000000000000000000 ) ;
#1052 = COLOUR_RGB ( '',0.2509803921568627416, 0.2509803921568627416, 0.2509803921568627416 ) ;
#1053 = SURFACE_STYLE_USAGE ( .BOTH. , #6452 ) ;
#1054 = VECTOR ( 'NONE', #1060, 39.37007874015748143 ) ;
#1055 = AXIS2_PLACEMENT_3D ( 'NONE', #3662, #6864, #518 ) ;
#1056 = UNCERTAINTY_MEASURE_WITH_UNIT (LENGTH_MEASURE( 1.000000000000000082E-05 ), #388, 'distance_accuracy_value', 'NONE');
#1057 = LENGTH_MEASURE_WITH_UNIT ( LENGTH_MEASURE( 0.02539999999999999897 ), #1152 );
#1058 = CARTESIAN_POINT ( 'NONE',  ( 0.2490884291196802658, 0.1347064210385343908, -0.006463267235907919905 ) ) ;
#1059 = SURFACE_STYLE_FILL_AREA ( #6704 ) ;
#1060 = DIRECTION ( 'NONE',  ( 1.000000000000000000, 0.000000000000000000, 0.000000000000000000 ) ) ;
#1061 = ORIENTED_EDGE ( 'NONE', *, *, #9561, .T. ) ;
#1062 = COLOUR_RGB ( '',0.2509803921568627416, 0.2509803921568627416, 0.2509803921568627416 ) ;
#1063 = COLOUR_RGB ( '',0.2509803921568627416, 0.2509803921568627416, 0.2509803921568627416 ) ;
#1064 =( GEOMETRIC_REPRESENTATION_CONTEXT ( 3 ) GLOBAL_UNCERTAINTY_ASSIGNED_CONTEXT ( ( #8593 ) ) GLOBAL_UNIT_ASSIGNED_CONTEXT ( ( #2722, #2809, #5949 ) ) REPRESENTATION_CONTEXT ( 'NONE', 'WORKASPACE' ) );
#1065 = DIMENSIONAL_EXPONENTS ( 1.000000000000000000, 0.000000000000000000, 0.000000000000000000, 0.000000000000000000, 0.000000000000000000, 0.000000000000000000, 0.000000000000000000 ) ;
#1066 = LINE ( 'NONE', #2847, #2214 ) ;
#1067 = CARTESIAN_POINT ( 'NONE',  ( 0.2428394196240000191, 0.06967483934667992318, 0.03086554830210999981 ) ) ;
#1068 = VECTOR ( 'NONE', #9745, 39.37007874015748143 ) ;
#1069 = FACE_OUTER_BOUND ( 'NONE', #2487, .T. ) ;
#1070 = EDGE_CURVE ( 'NONE', #4844, #3017, #7282, .T. ) ;
#1072 = DIRECTION ( 'NONE',  ( -0.3420201433257875623, 0.000000000000000000, 0.9396926207858652402 ) ) ;
#1071 = DIRECTION ( 'NONE',  ( 3.611241740424999869E-13, 1.000000000000000000, -4.017016188283999707E-13 ) ) ;
#1073 = DIRECTION ( 'NONE',  ( 0.000000000000000000, -1.000000000000000000, 0.000000000000000000 ) ) ;
#1074 = ORIENTED_EDGE ( 'NONE', *, *, #9991, .T. ) ;
#1075 = DIRECTION ( 'NONE',  ( -0.7431448254773762585, 0.000000000000000000, -0.6691306063588782216 ) ) ;
#1076 = DIRECTION ( 'NONE',  ( 0.000000000000000000, 1.000000000000000000, 0.000000000000000000 ) ) ;
#1077 = EDGE_CURVE ( 'NONE', #3544, #9360, #3246, .T. ) ;
#1078 = ORIENTED_EDGE ( 'NONE', *, *, #4358, .F. ) ;
#1079 = AXIS2_PLACEMENT_3D ( 'NONE', #1324, #7500, #4456 ) ;
#1080 = CARTESIAN_POINT ( 'NONE',  ( 0.2001921211085999908, 0.1047618926469000011, -0.1027040147514000079 ) ) ;
#1081 = CARTESIAN_POINT ( 'NONE',  ( 0.000000000000000000, 0.000000000000000000, 0.000000000000000000 ) ) ;
#1082 = CARTESIAN_POINT ( 'NONE',  ( -0.05103110104435999717, -0.4030000000000000249, 0.03608430027311999855 ) ) ;
#1083 = ADVANCED_FACE ( 'NONE', ( #3361 ), #7079, .F. ) ;
#1084 = CARTESIAN_POINT ( 'NONE',  ( 0.000000000000000000, 0.1689999999999999836, 0.000000000000000000 ) ) ;
#1085 = DIRECTION ( 'NONE',  ( 1.000000000000000000, 0.000000000000000000, 0.000000000000000000 ) ) ;
#1086 = VERTEX_POINT ( 'NONE', #8437 ) ;
#1087 = DIRECTION ( 'NONE',  ( 0.000000000000000000, 0.000000000000000000, -1.000000000000000000 ) ) ;
#1088 = EDGE_CURVE ( 'NONE', #2450, #10159, #8993, .T. ) ;
#1089 = EDGE_CURVE ( 'NONE', #2127, #764, #5383, .T. ) ;
#1090 = EDGE_LOOP ( 'NONE', ( #4909, #6927 ) ) ;
#1091 = UNCERTAINTY_MEASURE_WITH_UNIT (LENGTH_MEASURE( 1.000000000000000082E-05 ), #4690, 'distance_accuracy_value', 'NONE');
#1092 = ORIENTED_EDGE ( 'NONE', *, *, #10059, .F. ) ;
#1093 = CARTESIAN_POINT ( 'NONE',  ( 0.1964194591407431023, 0.1263854629169862132, -0.1301349973214615263 ) ) ;
#1094 = CARTESIAN_POINT ( 'NONE',  ( 0.2043819952930999995, 0.05700000000000000205, -0.1180000000000000077 ) ) ;
#1095 = AXIS2_PLACEMENT_3D ( 'NONE', #6876, #4444, #7537 ) ;
#1096 = CARTESIAN_POINT ( 'NONE',  ( 9.445049048428996120E-10, -0.2880000000000000338, -9.299848279268996179E-10 ) ) ;
#1097 = CARTESIAN_POINT ( 'NONE',  ( 0.1954847458819000128, 0.1137393489759000037, 0.1114035724033000108 ) ) ;
#1098 = ORIENTED_EDGE ( 'NONE', *, *, #7599, .F. ) ;
#1099 = VERTEX_POINT ( 'NONE', #1291 ) ;
#1100 = STYLED_ITEM ( 'NONE', ( #6449 ), #5785 ) ;
#1101 = DIRECTION ( 'NONE',  ( 0.000000000000000000, 0.000000000000000000, -1.000000000000000000 ) ) ;
#1102 =( CONVERSION_BASED_UNIT ( 'INCH', #5784 ) LENGTH_UNIT ( ) NAMED_UNIT ( #9862 ) );
#1103 = DIRECTION ( 'NONE',  ( -0.7431448254773762585, 0.000000000000000000, -0.6691306063588782216 ) ) ;
#1104 = DIRECTION ( 'NONE',  ( 0.000000000000000000, -1.000000000000000000, 0.000000000000000000 ) ) ;
#1105 = VECTOR ( 'NONE', #5772, 39.37007874015748143 ) ;
#1106 = CARTESIAN_POINT ( 'NONE',  ( 0.002000000000000000042, 0.1740000000000000158, 0.2249911109355000050 ) ) ;
#1107 = ORIENTED_EDGE ( 'NONE', *, *, #808, .F. ) ;
#1108 = CIRCLE ( 'NONE', #7021, 0.01699993158781000838 ) ;
#1109 = CARTESIAN_POINT ( 'NONE',  ( 0.1579148231006999858, 0.1890000000000000291, -0.1753821788126999903 ) ) ;
#1110 = AXIS2_PLACEMENT_3D ( 'NONE', #6384, #8946, #7311 ) ;
#1111 = DIRECTION ( 'NONE',  ( 0.6499230790836747484, 0.000000000000000000, 0.7599999942594707347 ) ) ;
#1112 = PLANE ( 'NONE',  #6962 ) ;
#1113 = STYLED_ITEM ( 'NONE', ( #6351 ), #4269 ) ;
#1115 = CARTESIAN_POINT ( 'NONE',  ( 0.02506072624646000016, 0.1290000000000000036, -0.2235999999999999932 ) ) ;
#1114 = CARTESIAN_POINT ( 'NONE',  ( -0.006000000000000000125, 0.1640000000000000069, -0.2559296778414000273 ) ) ;
#1116 = CARTESIAN_POINT ( 'NONE',  ( 0.2290516165363476464, 0.1835047043116140308, -0.09960653901615448835 ) ) ;
#1117 = ORIENTED_EDGE ( 'NONE', *, *, #484, .F. ) ;
#1118 = DIMENSIONAL_EXPONENTS ( 1.000000000000000000, 0.000000000000000000, 0.000000000000000000, 0.000000000000000000, 0.000000000000000000, 0.000000000000000000, 0.000000000000000000 ) ;
#1119 = PRESENTATION_LAYER_ASSIGNMENT (  '', '', ( #5555 ) ) ;
#1120 = DIRECTION ( 'NONE',  ( 0.000000000000000000, 1.000000000000000000, 0.000000000000000000 ) ) ;
#1121 = ORIENTED_EDGE ( 'NONE', *, *, #8685, .F. ) ;
#1122 = TOROIDAL_SURFACE ( 'NONE', #9004, 0.2360000000000000153, 0.02000000000000000042 ) ;
#1123 = CARTESIAN_POINT ( 'NONE',  ( 0.2021567583298153337, 0.09680357537399571222, -0.09878589852367772317 ) ) ;
#1124 = CARTESIAN_POINT ( 'NONE',  ( 0.1936105295675931981, 0.1121089618464913146, 0.1146300158315317896 ) ) ;
#1125 = EDGE_CURVE ( 'NONE', #7401, #4061, #5738, .T. ) ;
#1126 = CARTESIAN_POINT ( 'NONE',  ( 0.1924484666990231296, 0.1091392522831086814, -0.1165711663953340332 ) ) ;
#1127 = CARTESIAN_POINT ( 'NONE',  ( 0.1915132753340000049, 0.09299999999999999933, -0.1195544567718000162 ) ) ;
#1128 = ORIENTED_EDGE ( 'NONE', *, *, #2533, .T. ) ;
#1129 = DIRECTION ( 'NONE',  ( 0.000000000000000000, 0.000000000000000000, 1.000000000000000000 ) ) ;
#1130 = DIRECTION ( 'NONE',  ( -0.1113810055397978505, 0.000000000000000000, -0.9937777777777804245 ) ) ;
#1131 = ORIENTED_EDGE ( 'NONE', *, *, #480, .T. ) ;
#1132 = EDGE_CURVE ( 'NONE', #7985, #9675, #1441, .T. ) ;
#1133 = ADVANCED_FACE ( 'NONE', ( #1235 ), #5961, .T. ) ;
#1134 = ORIENTED_EDGE ( 'NONE', *, *, #9047, .T. ) ;
#1135 = CARTESIAN_POINT ( 'NONE',  ( 0.2370555016256263581, 0.1263578878277789308, 0.01449847631106023285 ) ) ;
#1136 = ADVANCED_FACE ( 'NONE', ( #6847 ), #2271, .T. ) ;
#1137 = ADVANCED_FACE ( 'NONE', ( #5190 ), #2595, .F. ) ;
#1138 = CARTESIAN_POINT ( 'NONE',  ( 0.000000000000000000, 0.1890000000000000291, 0.2249999999999999778 ) ) ;
#1139 = DIRECTION ( 'NONE',  ( 0.000000000000000000, 0.000000000000000000, 1.000000000000000000 ) ) ;
#1140 = CARTESIAN_POINT ( 'NONE',  ( 0.1973180323676212988, 0.1101852158372907814, 0.1081334368223724890 ) ) ;
#1141 = VERTEX_POINT ( 'NONE', #8861 ) ;
#1142 = VERTEX_POINT ( 'NONE', #6751 ) ;
#1143 = CARTESIAN_POINT ( 'NONE',  ( -0.007676106652277992284, -0.5881233808343000469, -0.05689078523935000437 ) ) ;
#1144 = ORIENTED_EDGE ( 'NONE', *, *, #8009, .T. ) ;
#1145 = AXIS2_PLACEMENT_3D ( 'NONE', #1830, #4967, #1238 ) ;
#1146 = CARTESIAN_POINT ( 'NONE',  ( 0.1964563005111999716, 0.1117106795754000126, -0.1096813408870000173 ) ) ;
#1147 = ADVANCED_FACE ( 'NONE', ( #2119 ), #5248, .F. ) ;
#1148 = CIRCLE ( 'NONE', #1310, 0.02000000000000000389 ) ;
#1149 = EDGE_CURVE ( 'NONE', #8844, #8493, #555, .T. ) ;
#1150 = DIRECTION ( 'NONE',  ( -0.9999988959613604900, 0.000000000000000000, 0.001485959642859940649 ) ) ;
#1151 = LENGTH_MEASURE_WITH_UNIT ( LENGTH_MEASURE( 0.02539999999999999897 ), #2697 );
#1152 =( LENGTH_UNIT ( ) NAMED_UNIT ( * ) SI_UNIT ( $, .METRE. ) );
#1153 = CARTESIAN_POINT ( 'NONE',  ( -0.08550503583142009256, -0.007000000000000001013, 0.2349231551965000053 ) ) ;
#1154 = ORIENTED_EDGE ( 'NONE', *, *, #4918, .T. ) ;
#1155 = CARTESIAN_POINT ( 'NONE',  ( 0.05099999999999999672, 0.1890000000000000291, 0.2191437884130000013 ) ) ;
#1156 = VERTEX_POINT ( 'NONE', #2416 ) ;
#1157 = VECTOR ( 'NONE', #1000, 39.37007874015748854 ) ;
#1158 = DIRECTION ( 'NONE',  ( 0.000000000000000000, -1.000000000000000000, 0.000000000000000000 ) ) ;
#1159 = LENGTH_MEASURE_WITH_UNIT ( LENGTH_MEASURE( 0.02539999999999999897 ), #5224 );
#1160 = CIRCLE ( 'NONE', #1491, 0.05249999999999999806 ) ;
#1162 = CARTESIAN_POINT ( 'NONE',  ( 0.000000000000000000, 0.03950000000000000039, 0.000000000000000000 ) ) ;
#1161 = DIRECTION ( 'NONE',  ( 0.5000000000000175415, -0.8660254037844283825, 0.000000000000000000 ) ) ;
#1163 = LINE ( 'NONE', #9027, #2422 ) ;
#1164 = ORIENTED_EDGE ( 'NONE', *, *, #6812, .F. ) ;
#1165 = DIRECTION ( 'NONE',  ( 0.7317656748678063039, 3.171291354520100469E-14, 0.6815563051467311562 ) ) ;
#1166 = VERTEX_POINT ( 'NONE', #3186 ) ;
#1167 = SURFACE_STYLE_USAGE ( .BOTH. , #8273 ) ;
#1168 = AXIS2_PLACEMENT_3D ( 'NONE', #8055, #4806, #17 ) ;
#1169 = FACE_OUTER_BOUND ( 'NONE', #2124, .T. ) ;
#1170 = SURFACE_STYLE_FILL_AREA ( #9666 ) ;
#1171 = DIRECTION ( 'NONE',  ( 0.000000000000000000, 1.000000000000000000, 0.000000000000000000 ) ) ;
#1172 = B_SPLINE_CURVE_WITH_KNOTS ( 'NONE', 3,
 ( #769, #2983, #10030, #8545, #3196 ),
 .UNSPECIFIED., .F., .F.,
 ( 4, 1, 4 ),
 ( 0.000000000000000000, 0.5000000000000000000, 1.000000000000000000 ),
 .UNSPECIFIED. ) ;
#1173 = CARTESIAN_POINT ( 'NONE',  ( 0.2047651328491999767, 0.1143371685741000066, -0.1182212045712000004 ) ) ;
#1174 = DIRECTION ( 'NONE',  ( 0.000000000000000000, 0.000000000000000000, -1.000000000000000000 ) ) ;
#1175 = VERTEX_POINT ( 'NONE', #7764 ) ;
#1176 = FACE_OUTER_BOUND ( 'NONE', #8769, .T. ) ;
#1177 = DIRECTION ( 'NONE',  ( 1.082494767489464888E-12, 1.000000000000000000, 1.202013117212276318E-12 ) ) ;
#1178 = VECTOR ( 'NONE', #6035, 39.37007874015748143 ) ;
#1179 =( GEOMETRIC_REPRESENTATION_CONTEXT ( 3 ) GLOBAL_UNCERTAINTY_ASSIGNED_CONTEXT ( ( #949 ) ) GLOBAL_UNIT_ASSIGNED_CONTEXT ( ( #7519, #504, #5916 ) ) REPRESENTATION_CONTEXT ( 'NONE', 'WORKASPACE' ) );
#1180 = ORIENTED_EDGE ( 'NONE', *, *, #10119, .F. ) ;
#1181 = DIMENSIONAL_EXPONENTS ( 1.000000000000000000, 0.000000000000000000, 0.000000000000000000, 0.000000000000000000, 0.000000000000000000, 0.000000000000000000, 0.000000000000000000 ) ;
#1182 = UNCERTAINTY_MEASURE_WITH_UNIT (LENGTH_MEASURE( 1.000000000000000082E-05 ), #7826, 'distance_accuracy_value', 'NONE');
#1183 = EDGE_LOOP ( 'NONE', ( #7459, #4607, #4639, #39, #9274, #10080 ) ) ;
#1184 = CARTESIAN_POINT ( 'NONE',  ( 0.2441147538221219715, 0.1304064368984453604, 0.01206048197404813518 ) ) ;
#1185 = DIRECTION ( 'NONE',  ( 1.000000000000000000, 0.000000000000000000, 0.000000000000000000 ) ) ;
#1186 = EDGE_CURVE ( 'NONE', #10124, #9606, #2973, .T. ) ;
#1187 = MECHANICAL_DESIGN_GEOMETRIC_PRESENTATION_REPRESENTATION (  '', ( #9726 ), #9563 ) ;
#1188 = CARTESIAN_POINT ( 'NONE',  ( 0.1808277240783000284, 0.02805275571415000169, 0.1650000000000000078 ) ) ;
#1189 = CARTESIAN_POINT ( 'NONE',  ( 0.002000000000000000042, 0.4210000000000000409, 0.2190000000000000002 ) ) ;
#1190 = VERTEX_POINT ( 'NONE', #5557 ) ;
#1191 = ORIENTED_EDGE ( 'NONE', *, *, #2315, .F. ) ;
#1192 = FACE_OUTER_BOUND ( 'NONE', #4113, .T. ) ;
#1193 = ORIENTED_EDGE ( 'NONE', *, *, #4048, .F. ) ;
#1194 = EDGE_CURVE ( 'NONE', #9606, #9210, #2268, .T. ) ;
#1195 = DIMENSIONAL_EXPONENTS ( 1.000000000000000000, 0.000000000000000000, 0.000000000000000000, 0.000000000000000000, 0.000000000000000000, 0.000000000000000000, 0.000000000000000000 ) ;
#1196 = PRESENTATION_LAYER_ASSIGNMENT (  '', '', ( #2993 ) ) ;
#1197 = ORIENTED_EDGE ( 'NONE', *, *, #1788, .T. ) ;
#1198 = LENGTH_MEASURE_WITH_UNIT ( LENGTH_MEASURE( 0.02539999999999999897 ), #5104 );
#1199 = LENGTH_MEASURE_WITH_UNIT ( LENGTH_MEASURE( 0.02539999999999999897 ), #6661 );
#1200 = CARTESIAN_POINT ( 'NONE',  ( 0.2248817541977999879, 0.1203583094430999839, -0.007309319109687992082 ) ) ;
#1201 = VECTOR ( 'NONE', #4094, 39.37007874015748143 ) ;
#1202 = CARTESIAN_POINT ( 'NONE',  ( 0.2014980802303133756, 0.1005283363605975200, 0.1001204778719940458 ) ) ;
#1203 = ORIENTED_EDGE ( 'NONE', *, *, #4095, .F. ) ;
#1204 = CARTESIAN_POINT ( 'NONE',  ( 0.1318187294527000120, 0.1890000000000000291, -0.1463995306189999901 ) ) ;
#1205 = ORIENTED_EDGE ( 'NONE', *, *, #10175, .T. ) ;
#1206 = EDGE_CURVE ( 'NONE', #4672, #2313, #7420, .T. ) ;
#1207 = EDGE_CURVE ( 'NONE', #7121, #8858, #10052, .T. ) ;
#1208 = LINE ( 'NONE', #1258, #5520 ) ;
#1209 = AXIS2_PLACEMENT_3D ( 'NONE', #8981, #8223, #3585 ) ;
#1210 = TOROIDAL_SURFACE ( 'NONE', #5811, 0.05550000000000000072, 0.005000000000000000104 ) ;
#1211 =( CONVERSION_BASED_UNIT ( 'INCH', #9123 ) LENGTH_UNIT ( ) NAMED_UNIT ( #6504 ) );
#1212 = CARTESIAN_POINT ( 'NONE',  ( 0.2750000000000000222, 0.000000000000000000, -0.05750000000000000250 ) ) ;
#1213 = DIRECTION ( 'NONE',  ( 1.000000000000000000, 0.000000000000000000, 0.000000000000000000 ) ) ;
#1214 = CARTESIAN_POINT ( 'NONE',  ( 0.000000000000000000, -0.2650000000000000133, 0.000000000000000000 ) ) ;
#1215 = CARTESIAN_POINT ( 'NONE',  ( 0.04199999999999999567, 0.1890000000000000291, 0.2210452442374999937 ) ) ;
#1216 = ORIENTED_EDGE ( 'NONE', *, *, #7862, .F. ) ;
#1217 = CARTESIAN_POINT ( 'NONE',  ( -0.04400000000000000439, 0.1740000000000000158, 0.2206558406205999801 ) ) ;
#1218 = CIRCLE ( 'NONE', #7302, 0.03699999999999998429 ) ;
#1219 = AXIS2_PLACEMENT_3D ( 'NONE', #1503, #9319, #7835 ) ;
#1220 = VECTOR ( 'NONE', #5793, 39.37007874015748143 ) ;
#1221 = CARTESIAN_POINT ( 'NONE',  ( 0.06480740831667992918, -0.2880000001265000109, 0.09500000013037009083 ) ) ;
#1222 = PLANE ( 'NONE',  #4842 ) ;
#1223 = CARTESIAN_POINT ( 'NONE',  ( 0.2240237815998999960, 0.1035358418291000004, 0.02115606208312000025 ) ) ;
#1224 = AXIS2_PLACEMENT_3D ( 'NONE', #739, #10164, #4712 ) ;
#1225 = CARTESIAN_POINT ( 'NONE',  ( 0.1808277240783000284, 0.000000000000000000, 0.1650000000000000078 ) ) ;
#1226 = DIRECTION ( 'NONE',  ( 1.000000000000000000, 0.000000000000000000, 0.000000000000000000 ) ) ;
#1227 = ORIENTED_EDGE ( 'NONE', *, *, #2099, .F. ) ;
#1228 = CARTESIAN_POINT ( 'NONE',  ( 0.000000000000000000, 0.09299999999999999933, 0.000000000000000000 ) ) ;
#1229 = DIRECTION ( 'NONE',  ( 1.000000000000000000, 0.000000000000000000, 0.000000000000000000 ) ) ;
#1230 = ORIENTED_EDGE ( 'NONE', *, *, #9243, .T. ) ;
#1231 = B_SPLINE_CURVE_WITH_KNOTS ( 'NONE', 3,
 ( #6229, #7728, #4584, #3870, #3816, #10086 ),
 .UNSPECIFIED., .F., .F.,
 ( 4, 1, 1, 4 ),
 ( 0.000000000000000000, 0.3333333333333000081, 0.6666666666667000474, 1.000000000000000000 ),
 .UNSPECIFIED. ) ;
#1232 = ORIENTED_EDGE ( 'NONE', *, *, #9320, .T. ) ;
#1233 = AXIS2_PLACEMENT_3D ( 'NONE', #2049, #8328, #6581 ) ;
#1234 = FILL_AREA_STYLE_COLOUR ( '', #4336 ) ;
#1235 = FACE_OUTER_BOUND ( 'NONE', #9719, .T. ) ;
#1236 = CARTESIAN_POINT ( 'NONE',  ( 0.2270000000000000073, 0.03950000000000000039, -0.09162240880552008360 ) ) ;
#1237 = DIRECTION ( 'NONE',  ( 0.000000000000000000, 1.000000000000000000, 0.000000000000000000 ) ) ;
#1238 = DIRECTION ( 'NONE',  ( 0.7368771531423669030, 0.000000000000000000, 0.6760266719418700498 ) ) ;
#1239 =( NAMED_UNIT ( * ) SI_UNIT ( $, .STERADIAN. ) SOLID_ANGLE_UNIT ( ) );
#1240 = EDGE_LOOP ( 'NONE', ( #3612, #1784, #3120, #3339 ) ) ;
#1241 = ORIENTED_EDGE ( 'NONE', *, *, #3333, .F. ) ;
#1242 = ORIENTED_EDGE ( 'NONE', *, *, #4146, .T. ) ;
#1243 = MECHANICAL_DESIGN_GEOMETRIC_PRESENTATION_REPRESENTATION (  '', ( #239 ), #8312 ) ;
#1244 = EDGE_CURVE ( 'NONE', #3798, #6089, #6924, .T. ) ;
#1245 = ORIENTED_EDGE ( 'NONE', *, *, #9688, .T. ) ;
#1246 = STYLED_ITEM ( 'NONE', ( #8875 ), #5422 ) ;
#1247 = FILL_AREA_STYLE_COLOUR ( '', #7019 ) ;
#1248 = CARTESIAN_POINT ( 'NONE',  ( 0.2236972611338000072, 0.09299999999999999933, -0.02417716611268000415 ) ) ;
#1249 = CARTESIAN_POINT ( 'NONE',  ( -0.08124038404296003713, -0.1110000000000000014, 0.09500000000000001499 ) ) ;
#1250 = EDGE_CURVE ( 'NONE', #533, #451, #408, .T. ) ;
#1251 = FACE_OUTER_BOUND ( 'NONE', #8687, .T. ) ;
#1252 = CARTESIAN_POINT ( 'NONE',  ( 0.2022252105499678931, 0.09478452637502993161, 0.09864803884095646458 ) ) ;
#1253 = ORIENTED_EDGE ( 'NONE', *, *, #1827, .T. ) ;
#1254 = DIRECTION ( 'NONE',  ( 1.315498635949000090E-14, -1.000000000000000000, 0.000000000000000000 ) ) ;
#1255 = ORIENTED_EDGE ( 'NONE', *, *, #9913, .T. ) ;
#1256 = EDGE_CURVE ( 'NONE', #2726, #7663, #8417, .T. ) ;
#1257 = EDGE_CURVE ( 'NONE', #341, #8332, #10002, .T. ) ;
#1258 = CARTESIAN_POINT ( 'NONE',  ( -0.05600000000000000810, 0.1890000000000000291, -0.2179197099850999908 ) ) ;
#1259 = FACE_OUTER_BOUND ( 'NONE', #5360, .T. ) ;
#1260 = LINE ( 'NONE', #4402, #233 ) ;
#1261 = LINE ( 'NONE', #3730, #5316 ) ;
#1262 = LINE ( 'NONE', #381, #177 ) ;
#1263 = VECTOR ( 'NONE', #8961, 39.37007874015748143 ) ;
#1264 = COLOUR_RGB ( '',0.2509803921568627416, 0.2509803921568627416, 0.2509803921568627416 ) ;
#1265 = EDGE_CURVE ( 'NONE', #87, #4769, #9667, .T. ) ;
#1266 = DIMENSIONAL_EXPONENTS ( 1.000000000000000000, 0.000000000000000000, 0.000000000000000000, 0.000000000000000000, 0.000000000000000000, 0.000000000000000000, 0.000000000000000000 ) ;
#1267 = EDGE_CURVE ( 'NONE', #1156, #3019, #2180, .T. ) ;
#1268 = DIRECTION ( 'NONE',  ( 0.7473164411277990471, 0.000000000000000000, 0.6644683113738990565 ) ) ;
#1269 = AXIS2_PLACEMENT_3D ( 'NONE', #2714, #383, #1316 ) ;
#1270 = CARTESIAN_POINT ( 'NONE',  ( 0.1969272353400999820, 0.1143371685741000066, 0.1098058993102000030 ) ) ;
#1271 = ORIENTED_EDGE ( 'NONE', *, *, #5554, .F. ) ;
#1272 = PRESENTATION_STYLE_ASSIGNMENT (( #4307 ) ) ;
#1273 = CARTESIAN_POINT ( 'NONE',  ( 0.01200000000000000025, 0.4210000000000000409, -0.2235999999999999932 ) ) ;
#1274 = VECTOR ( 'NONE', #9419, 39.37007874015748143 ) ;
#1275 = CARTESIAN_POINT ( 'NONE',  ( -0.2265057831927999865, 0.1890000000000000291, -0.03993908086340000607 ) ) ;
#1276 = LINE ( 'NONE', #9711, #5982 ) ;
#1277 = CARTESIAN_POINT ( 'NONE',  ( 0.1939727568072757702, 0.1130071188922711495, 0.1140156573842655424 ) ) ;
#1278 = EDGE_CURVE ( 'NONE', #8238, #4844, #3131, .T. ) ;
#1280 = DIRECTION ( 'NONE',  ( 0.000000000000000000, -1.000000000000000000, 0.000000000000000000 ) ) ;
#1279 = DIRECTION ( 'NONE',  ( 0.000000000000000000, -1.000000000000000000, 0.000000000000000000 ) ) ;
#1281 = AXIS2_PLACEMENT_3D ( 'NONE', #2363, #8580, #7625 ) ;
#1282 = CARTESIAN_POINT ( 'NONE',  ( 0.1957319595774000276, 0.000000000000000000, -0.1650000000000000078 ) ) ;
#1283 = ORIENTED_EDGE ( 'NONE', *, *, #7120, .T. ) ;
#1284 = DIRECTION ( 'NONE',  ( 0.7431448255194028629, 0.000000000000000000, 0.6691306063122028913 ) ) ;
#1285 =( NAMED_UNIT ( * ) PLANE_ANGLE_UNIT ( ) SI_UNIT ( $, .RADIAN. ) );
#1286 = AXIS2_PLACEMENT_3D ( 'NONE', #668, #3041, #10036 ) ;
#1287 = VERTEX_POINT ( 'NONE', #3236 ) ;
#1288 = VECTOR ( 'NONE', #829, 39.37007874015748143 ) ;
#1289 = ORIENTED_EDGE ( 'NONE', *, *, #7171, .F. ) ;
#1290 = PRESENTATION_STYLE_ASSIGNMENT (( #9868 ) ) ;
#1291 = CARTESIAN_POINT ( 'NONE',  ( 0.1712974352279000023, 0.1690000000000999869, 0.1902450753222000301 ) ) ;
#1292 = CIRCLE ( 'NONE', #2612, 0.03499999999999999639 ) ;
#1293 = DIRECTION ( 'NONE',  ( 0.9221578266490071396, 0.000000000000000000, -0.3868138347448031311 ) ) ;
#1294 = FILL_AREA_STYLE ('',( #7669 ) ) ;
#1295 = DIRECTION ( 'NONE',  ( 0.000000000000000000, -1.000000000000000000, 0.000000000000000000 ) ) ;
#1296 = VERTEX_POINT ( 'NONE', #8079 ) ;
#1297 = ORIENTED_EDGE ( 'NONE', *, *, #3149, .T. ) ;
#1298 = CARTESIAN_POINT ( 'NONE',  ( -0.006000000000000000125, 0.1890000000000000291, 0.2350000000000000144 ) ) ;
#1299 = ORIENTED_EDGE ( 'NONE', *, *, #6213, .F. ) ;
#1300 = ORIENTED_EDGE ( 'NONE', *, *, #8625, .F. ) ;
#1301 = CARTESIAN_POINT ( 'NONE',  ( 0.000000000000000000, -0.1110000000000000014, 0.000000000000000000 ) ) ;
#1302 = CARTESIAN_POINT ( 'NONE',  ( 0.2270000000000000073, -0.0005000000000000000104, 0.09162240880552008360 ) ) ;
#1303 = CARTESIAN_POINT ( 'NONE',  ( 0.09589928791448995571, -0.007000000000000001013, -0.2373590667691000133 ) ) ;
#1304 = DIRECTION ( 'NONE',  ( 0.000000000000000000, -1.000000000000000000, 0.000000000000000000 ) ) ;
#1305 = CARTESIAN_POINT ( 'NONE',  ( 0.2016510461976860624, 0.09978854587225634287, 0.09981207076489569119 ) ) ;
#1306 = VERTEX_POINT ( 'NONE', #5605 ) ;
#1307 = CARTESIAN_POINT ( 'NONE',  ( 0.1808277240783000284, 0.02805275571415000169, -0.1650000000000000078 ) ) ;
#1308 = B_SPLINE_CURVE_WITH_KNOTS ( 'NONE', 3,
 ( #7712, #694, #6940, #3851, #6162, #10117 ),
 .UNSPECIFIED., .F., .F.,
 ( 4, 2, 4 ),
 ( 0.000000000000000000, 0.5000000000000000000, 1.000000000000000000 ),
 .UNSPECIFIED. ) ;
#1309 = ORIENTED_EDGE ( 'NONE', *, *, #3726, .T. ) ;
#1310 = AXIS2_PLACEMENT_3D ( 'NONE', #4995, #1699, #4834 ) ;
#1311 = LINE ( 'NONE', #4347, #9458 ) ;
#1312 = CARTESIAN_POINT ( 'NONE',  ( 0.2043819952930999995, 0.1890000000000000291, 0.1180000000000000077 ) ) ;
#1313 = DIRECTION ( 'NONE',  ( -0.7385639170599788139, 0.000000000000000000, -0.6741834619871809320 ) ) ;
#1314 =( NAMED_UNIT ( * ) SI_UNIT ( $, .STERADIAN. ) SOLID_ANGLE_UNIT ( ) );
#1315 = FILL_AREA_STYLE ('',( #2195 ) ) ;
#1316 = DIRECTION ( 'NONE',  ( 0.9998940677966099422, 0.000000000000000000, 0.01455517726269013774 ) ) ;
#1317 = EDGE_CURVE ( 'NONE', #5672, #6528, #5761, .T. ) ;
#1318 = ORIENTED_EDGE ( 'NONE', *, *, #5082, .F. ) ;
#1319 = DIRECTION ( 'NONE',  ( 0.000000000000000000, -1.000000000000000000, 0.000000000000000000 ) ) ;
#1320 = VERTEX_POINT ( 'NONE', #2676 ) ;
#1321 = VECTOR ( 'NONE', #7579, 39.37007874015748143 ) ;
#1322 = ADVANCED_FACE ( 'NONE', ( #9509 ), #918, .F. ) ;
#1323 = DIRECTION ( 'NONE',  ( 0.8395399907599885303, 0.000000000000000000, 0.5432978961073918756 ) ) ;
#1324 = CARTESIAN_POINT ( 'NONE',  ( -0.04756126883046000314, -0.2249999999999999778, -0.04282435880707000098 ) ) ;
#1325 = CARTESIAN_POINT ( 'NONE',  ( 0.000000000000000000, 0.1689999999999999836, 0.000000000000000000 ) ) ;
#1326 = CARTESIAN_POINT ( 'NONE',  ( 0.1906471184636999994, 0.09474985947455001611, 0.1194934149712000016 ) ) ;
#1328 = DIRECTION ( 'NONE',  ( 0.000000000000000000, 1.000000000000000000, 0.000000000000000000 ) ) ;
#1327 = DIRECTION ( 'NONE',  ( 0.6819983600645020960, -1.347437984297004360E-13, 0.7313537016173020655 ) ) ;
#1329 = CARTESIAN_POINT ( 'NONE',  ( 0.000000000000000000, 0.000000000000000000, 0.000000000000000000 ) ) ;
#1330 = EDGE_CURVE ( 'NONE', #3497, #6068, #2984, .T. ) ;
#1331 = ORIENTED_EDGE ( 'NONE', *, *, #2651, .F. ) ;
#1332 = DIRECTION ( 'NONE',  ( 0.3746065934153119392, 0.000000000000000000, 0.9271838545670298970 ) ) ;
#1333 = CARTESIAN_POINT ( 'NONE',  ( 0.000000000000000000, 0.000000000000000000, 0.000000000000000000 ) ) ;
#1334 = VERTEX_POINT ( 'NONE', #1082 ) ;
#1335 = AXIS2_PLACEMENT_3D ( 'NONE', #7592, #3000, #1416 ) ;
#1336 = EDGE_CURVE ( 'NONE', #4261, #9173, #253, .T. ) ;
#1337 = ADVANCED_FACE ( 'NONE', ( #4170 ), #4118, .T. ) ;
#1338 = ORIENTED_EDGE ( 'NONE', *, *, #6849, .F. ) ;
#1339 = CARTESIAN_POINT ( 'NONE',  ( 0.2290391213309391494, 0.1295181775243269828, 0.01272038240661715544 ) ) ;
#1340 = DIRECTION ( 'NONE',  ( 1.000000000000000000, 0.000000000000000000, 0.000000000000000000 ) ) ;
#1341 = FILL_AREA_STYLE_COLOUR ( '', #1264 ) ;
#1342 = CIRCLE ( 'NONE', #6442, 0.2359999999999998765 ) ;
#1343 = FACE_OUTER_BOUND ( 'NONE', #3764, .T. ) ;
#1344 = CARTESIAN_POINT ( 'NONE',  ( 0.2312470739988001789, 0.1806233488419999866, 0.03764594094179000289 ) ) ;
#1345 = DIRECTION ( 'NONE',  ( -0.2648868614857078918, -0.7071067838519207172, 0.6556179884985189332 ) ) ;
#1346 = ORIENTED_EDGE ( 'NONE', *, *, #438, .F. ) ;
#1347 = VERTEX_POINT ( 'NONE', #6430 ) ;
#1348 =( NAMED_UNIT ( * ) PLANE_ANGLE_UNIT ( ) SI_UNIT ( $, .RADIAN. ) );
#1349 = ORIENTED_EDGE ( 'NONE', *, *, #3903, .F. ) ;
#1350 = EDGE_LOOP ( 'NONE', ( #803, #5438, #1074, #2777 ) ) ;
#1351 = COLOUR_RGB ( '',0.2509803921568627416, 0.2509803921568627416, 0.2509803921568627416 ) ;
#1352 = SURFACE_STYLE_USAGE ( .BOTH. , #6714 ) ;
#1353 = DIRECTION ( 'NONE',  ( 0.000000000000000000, 1.000000000000000000, 0.000000000000000000 ) ) ;
#1354 = CARTESIAN_POINT ( 'NONE',  ( 0.09290243516715000760, 0.1849999999999999978, -0.2299415959325999959 ) ) ;
#1355 = FACE_OUTER_BOUND ( 'NONE', #4163, .T. ) ;
#1356 = DIRECTION ( 'NONE',  ( -0.7313537016191831164, 0.000000000000000000, -0.6819983600624851539 ) ) ;
#1357 = VERTEX_POINT ( 'NONE', #4990 ) ;
#1358 = DIRECTION ( 'NONE',  ( 0.3739683354962898831, 0.9274414720326746853, 1.422818512290959814E-14 ) ) ;
#1359 = ORIENTED_EDGE ( 'NONE', *, *, #6424, .F. ) ;
#1360 = AXIS2_PLACEMENT_3D ( 'NONE', #4123, #5610, #6434 ) ;
#1361 = AXIS2_PLACEMENT_3D ( 'NONE', #3598, #7610, #6791 ) ;
#1362 = CARTESIAN_POINT ( 'NONE',  ( 0.2037466423580999997, 0.1690000188652999724, -0.1549945445525000021 ) ) ;
#1363 = LINE ( 'NONE', #2848, #4185 ) ;
#1364 = CARTESIAN_POINT ( 'NONE',  ( 0.1579148231006999858, 0.1689999999999999836, -0.1753821788126999903 ) ) ;
#1365 =( CONVERSION_BASED_UNIT ( 'INCH', #3783 ) LENGTH_UNIT ( ) NAMED_UNIT ( #2566 ) );
#1366 = DIRECTION ( 'NONE',  ( -0.6499230723708898649, 0.000000000000000000, 0.7599999999999887956 ) ) ;
#1367 = EDGE_LOOP ( 'NONE', ( #7522, #600, #3247, #7426, #7868, #3311, #4467 ) ) ;
#1368 = CARTESIAN_POINT ( 'NONE',  ( -0.04755919973553999341, -0.2600000000000000089, -0.04282665665814999745 ) ) ;
#1369 = ORIENTED_EDGE ( 'NONE', *, *, #6216, .T. ) ;
#1370 = VECTOR ( 'NONE', #10066, 39.37007874015748143 ) ;
#1371 = FACE_OUTER_BOUND ( 'NONE', #5392, .T. ) ;
#1372 = EDGE_CURVE ( 'NONE', #4739, #4886, #9712, .T. ) ;
#1373 = FACE_OUTER_BOUND ( 'NONE', #4283, .T. ) ;
#1374 = CARTESIAN_POINT ( 'NONE',  ( 0.02200000000000000219, 0.4210000000000000409, 0.2190000000000000002 ) ) ;
#1375 = FACE_OUTER_BOUND ( 'NONE', #4735, .T. ) ;
#1376 = CIRCLE ( 'NONE', #8448, 0.01450000000000000941 ) ;
#1377 = AXIS2_PLACEMENT_3D ( 'NONE', #1162, #572, #9933 ) ;
#1378 = CARTESIAN_POINT ( 'NONE',  ( 0.04950000000000000233, -0.1009999999999999926, -0.2290000000000000091 ) ) ;
#1379 = EDGE_CURVE ( 'NONE', #3451, #2042, #2674, .T. ) ;
#1380 = ORIENTED_EDGE ( 'NONE', *, *, #8685, .T. ) ;
#1381 = ORIENTED_EDGE ( 'NONE', *, *, #4226, .F. ) ;
#1382 = CIRCLE ( 'NONE', #7144, 0.06899999999999997802 ) ;
#1383 = AXIS2_PLACEMENT_3D ( 'NONE', #4593, #7277, #1615 ) ;
#1384 = CIRCLE ( 'NONE', #2706, 0.01150000000000000674 ) ;
#1385 = EDGE_CURVE ( 'NONE', #5821, #9360, #3445, .T. ) ;
#1386 = EDGE_LOOP ( 'NONE', ( #205, #2258, #135, #1742, #1131, #9629 ) ) ;
#1387 = CARTESIAN_POINT ( 'NONE',  ( 0.2037466423580999997, 0.1689999999999999836, 0.1549945445525000021 ) ) ;
#1388 = CARTESIAN_POINT ( 'NONE',  ( 0.2379441442761999759, 0.000000000000000000, 0.05750000000000000250 ) ) ;
#1389 = FACE_OUTER_BOUND ( 'NONE', #6705, .T. ) ;
#1390 = EDGE_CURVE ( 'NONE', #613, #6601, #5713, .T. ) ;
#1391 = CARTESIAN_POINT ( 'NONE',  ( 0.1907961615968999936, 0.09357633566759999966, 0.1192553297521000144 ) ) ;
#1392 = EDGE_CURVE ( 'NONE', #6024, #3243, #10132, .T. ) ;
#1393 = CARTESIAN_POINT ( 'NONE',  ( -1.237907614193000029E-07, 0.1835000006823000185, -2.288631448181000047E-08 ) ) ;
#1394 = CARTESIAN_POINT ( 'NONE',  ( 0.2646230749037999930, 0.1899449431641999086, 0.000000000000000000 ) ) ;
#1395 = DIRECTION ( 'NONE',  ( 1.000000000000000000, 0.000000000000000000, 0.000000000000000000 ) ) ;
#1396 = ORIENTED_EDGE ( 'NONE', *, *, #5418, .F. ) ;
#1397 = VERTEX_POINT ( 'NONE', #3637 ) ;
#1398 = CIRCLE ( 'NONE', #7480, 0.2249999999999999778 ) ;
#1399 = VERTEX_POINT ( 'NONE', #8228 ) ;
#1400 = DIRECTION ( 'NONE',  ( 0.000000000000000000, -1.000000000000000000, 0.000000000000000000 ) ) ;
#1401 = DIRECTION ( 'NONE',  ( -0.6819983600636752019, 5.364408276041801668E-14, 0.7313537016180732264 ) ) ;
#1402 = CARTESIAN_POINT ( 'NONE',  ( 0.000000000000000000, -0.006999999999997992203, 0.000000000000000000 ) ) ;
#1403 = MECHANICAL_DESIGN_GEOMETRIC_PRESENTATION_REPRESENTATION (  '', ( #3378 ), #9446 ) ;
#1404 =( NAMED_UNIT ( * ) SI_UNIT ( $, .STERADIAN. ) SOLID_ANGLE_UNIT ( ) );
#1405 = CARTESIAN_POINT ( 'NONE',  ( 0.1969272353400999820, 0.4385000000000000009, 0.1098058993102000030 ) ) ;
#1406 = CARTESIAN_POINT ( 'NONE',  ( 0.2248196694689000019, 0.1177110113361999888, -0.009020421476142008455 ) ) ;
#1407 = DIRECTION ( 'NONE',  ( 1.000000000000000000, 0.000000000000000000, 0.000000000000000000 ) ) ;
#1408 = ORIENTED_EDGE ( 'NONE', *, *, #8738, .F. ) ;
#1409 = DIRECTION ( 'NONE',  ( 1.000000000000000000, 0.000000000000000000, 0.000000000000000000 ) ) ;
#1410 = ORIENTED_EDGE ( 'NONE', *, *, #133, .T. ) ;
#1411 = MECHANICAL_DESIGN_GEOMETRIC_PRESENTATION_REPRESENTATION (  '', ( #6501 ), #7166 ) ;
#1412 = CARTESIAN_POINT ( 'NONE',  ( 0.2457436146894917128, 0.1856168283941694030, 0.02642168186703555688 ) ) ;
#1413 = DIRECTION ( 'NONE',  ( 0.6691306064284938682, 5.800348863343949769E-12, 0.7431448254146938437 ) ) ;
#1414 = LENGTH_MEASURE_WITH_UNIT ( LENGTH_MEASURE( 0.02539999999999999897 ), #8513 );
#1415 = DIRECTION ( 'NONE',  ( 0.000000000000000000, 0.000000000000000000, -1.000000000000000000 ) ) ;
#1416 = DIRECTION ( 'NONE',  ( 0.03601694915052056079, -1.807846726254951186E-14, -0.9993511792027309770 ) ) ;
#1417 = CIRCLE ( 'NONE', #1095, 0.2479999999999999982 ) ;
#1418 = LINE ( 'NONE', #3784, #3080 ) ;
#1419 = ORIENTED_EDGE ( 'NONE', *, *, #1250, .F. ) ;
#1420 = LENGTH_MEASURE_WITH_UNIT ( LENGTH_MEASURE( 0.02539999999999999897 ), #2297 );
#1421 = DIRECTION ( 'NONE',  ( 0.000000000000000000, 0.000000000000000000, -1.000000000000000000 ) ) ;
#1422 = MECHANICAL_DESIGN_GEOMETRIC_PRESENTATION_REPRESENTATION (  '', ( #4384 ), #2413 ) ;
#1423 = AXIS2_PLACEMENT_3D ( 'NONE', #1775, #6505, #5832 ) ;
#1424 = CARTESIAN_POINT ( 'NONE',  ( -0.08191917933408994490, 0.09299999999999999933, -0.2095572667727000349 ) ) ;
#1425 = SURFACE_SIDE_STYLE ('',( #537 ) ) ;
#1426 = CYLINDRICAL_SURFACE ( 'NONE', #7413, 0.03700000000000000511 ) ;
#1428 = CARTESIAN_POINT ( 'NONE',  ( 0.2249233376207346591, 0.09782011810978458177, -0.006130194847963224211 ) ) ;
#1427 = SURFACE_STYLE_FILL_AREA ( #4660 ) ;
#1429 = CARTESIAN_POINT ( 'NONE',  ( 0.05100000012030999480, 0.1884939906062000070, 0.2349999999974000109 ) ) ;
#1430 = ORIENTED_EDGE ( 'NONE', *, *, #4918, .F. ) ;
#1431 = CARTESIAN_POINT ( 'NONE',  ( 0.000000000000000000, -0.08700000000000000788, 0.2447931081450999968 ) ) ;
#1432 = CARTESIAN_POINT ( 'NONE',  ( 0.2406952593994999556, 0.1674787285195998843, 0.09319336954530006711 ) ) ;
#1433 = VECTOR ( 'NONE', #41, 39.37007874015748143 ) ;
#1434 = ORIENTED_EDGE ( 'NONE', *, *, #7074, .T. ) ;
#1435 = CIRCLE ( 'NONE', #7194, 0.01150000000000001195 ) ;
#1436 = EDGE_CURVE ( 'NONE', #10, #1748, #6829, .T. ) ;
#1437 = AXIS2_PLACEMENT_3D ( 'NONE', #3124, #34, #1639 ) ;
#1438 = ORIENTED_EDGE ( 'NONE', *, *, #9247, .F. ) ;
#1439 = LINE ( 'NONE', #6944, #9905 ) ;
#1440 = CARTESIAN_POINT ( 'NONE',  ( 0.05099999951920999863, 0.1884940035350000098, -0.2350000000105000042 ) ) ;
#1441 = CIRCLE ( 'NONE', #3416, 0.01150000000000000674 ) ;
#1442 = DIRECTION ( 'NONE',  ( 0.2247639560499983258, 0.7999999999990926591, 0.5563103127411950233 ) ) ;
#1443 = CARTESIAN_POINT ( 'NONE',  ( 0.2065812724700999969, 0.09300000877803997479, 0.1208654259467000086 ) ) ;
#1444 = CARTESIAN_POINT ( 'NONE',  ( -0.2462038189668999955, 0.000000000000000000, 0.04340465833973000676 ) ) ;
#1445 = B_SPLINE_CURVE_WITH_KNOTS ( 'NONE', 3,
 ( #460, #6759, #1143, #8857, #1821 ),
 .UNSPECIFIED., .F., .F.,
 ( 4, 1, 4 ),
 ( 0.000000000000000000, 0.5000000000000000000, 1.000000000000000000 ),
 .UNSPECIFIED. ) ;
#1446 = EDGE_CURVE ( 'NONE', #8007, #7086, #5856, .T. ) ;
#1447 = CARTESIAN_POINT ( 'NONE',  ( 0.2439796792993001173, 0.1889420395008000186, 0.01660880385997998837 ) ) ;
#1448 = DIRECTION ( 'NONE',  ( 0.000000000000000000, 1.000000000000000000, 0.000000000000000000 ) ) ;
#1449 = EDGE_CURVE ( 'NONE', #2307, #4769, #4313, .T. ) ;
#1450 = VECTOR ( 'NONE', #4753, 39.37007874015748143 ) ;
#1451 = ORIENTED_EDGE ( 'NONE', *, *, #1330, .T. ) ;
#1452 = AXIS2_PLACEMENT_3D ( 'NONE', #8274, #5763, #7363 ) ;
#1453 = ORIENTED_EDGE ( 'NONE', *, *, #806, .F. ) ;
#1454 = AXIS2_PLACEMENT_3D ( 'NONE', #6755, #1295, #6653 ) ;
#1455 = EDGE_CURVE ( 'NONE', #4883, #7725, #6271, .T. ) ;
#1456 = ORIENTED_EDGE ( 'NONE', *, *, #8500, .T. ) ;
#1457 = DIRECTION ( 'NONE',  ( -0.9832549075639467340, 0.000000000000000000, 0.1822355254921899370 ) ) ;
#1458 = CYLINDRICAL_SURFACE ( 'NONE', #7895, 0.03900000000000000688 ) ;
#1459 = FACE_OUTER_BOUND ( 'NONE', #5030, .T. ) ;
#1460 = DIRECTION ( 'NONE',  ( 0.000000000000000000, -1.000000000000000000, 0.000000000000000000 ) ) ;
#1461 = CARTESIAN_POINT ( 'NONE',  ( 0.000000000000000000, -0.007000000000000001013, 0.000000000000000000 ) ) ;
#1462 = EDGE_CURVE ( 'NONE', #5112, #94, #6687, .T. ) ;
#1463 = ORIENTED_EDGE ( 'NONE', *, *, #3978, .T. ) ;
#1464 = CARTESIAN_POINT ( 'NONE',  ( -0.2389309425380000129, 0.1849999999999999978, 0.04428323269459000233 ) ) ;
#1465 = ORIENTED_EDGE ( 'NONE', *, *, #7503, .F. ) ;
#1466 = EDGE_CURVE ( 'NONE', #680, #35, #3646, .T. ) ;
#1467 = ADVANCED_FACE ( 'NONE', ( #9136, #6060, #8181 ), #8377, .T. ) ;
#1468 = CARTESIAN_POINT ( 'NONE',  ( -0.2462019382530999945, 0.1890000000000000291, 0.04341204441673000153 ) ) ;
#1469 = CARTESIAN_POINT ( 'NONE',  ( -0.2389605945087999728, 0.1841728378957999956, 0.04428872836253000544 ) ) ;
#1470 = FACE_OUTER_BOUND ( 'NONE', #2266, .T. ) ;
#1471 = CARTESIAN_POINT ( 'NONE',  ( -0.2460345703331063283, 0.000000000000000000, 0.04338253293673006300 ) ) ;
#1472 = CARTESIAN_POINT ( 'NONE',  ( 0.000000000000000000, -0.2880000000000000338, 0.000000000000000000 ) ) ;
#1473 = DIRECTION ( 'NONE',  ( 1.000000000000000000, 0.000000000000000000, 2.774768801112000055E-13 ) ) ;
#1474 = CARTESIAN_POINT ( 'NONE',  ( 0.2278965113265428999, 0.1304008248031960637, -0.01202988479314382603 ) ) ;
#1475 = ORIENTED_EDGE ( 'NONE', *, *, #6408, .F. ) ;
#1476 = DIRECTION ( 'NONE',  ( 0.000000000000000000, 1.000000000000000000, 0.000000000000000000 ) ) ;
#1477 = ORIENTED_EDGE ( 'NONE', *, *, #2836, .T. ) ;
#1478 = FILL_AREA_STYLE_COLOUR ( '', #86 ) ;
#1479 = DIRECTION ( 'NONE',  ( 1.000000000000000000, 0.000000000000000000, 0.000000000000000000 ) ) ;
#1481 = FACE_OUTER_BOUND ( 'NONE', #3557, .T. ) ;
#1480 = LINE ( 'NONE', #3844, #9042 ) ;
#1482 = DIRECTION ( 'NONE',  ( 0.000000000000000000, 1.000000000000000000, 0.000000000000000000 ) ) ;
#1483 = ORIENTED_EDGE ( 'NONE', *, *, #3588, .T. ) ;
#1484 =( NAMED_UNIT ( * ) SI_UNIT ( $, .STERADIAN. ) SOLID_ANGLE_UNIT ( ) );
#1485 = DIRECTION ( 'NONE',  ( 0.000000000000000000, 1.000000000000000000, 0.000000000000000000 ) ) ;
#1486 = ORIENTED_EDGE ( 'NONE', *, *, #8549, .F. ) ;
#1487 = EDGE_LOOP ( 'NONE', ( #8832, #1832, #662, #2982, #4430, #5419 ) ) ;
#1488 = DIRECTION ( 'NONE',  ( 0.1736481776669025201, 0.000000000000000000, -0.9848077530122130163 ) ) ;
#1489 = CARTESIAN_POINT ( 'NONE',  ( 0.2179640914376139715, 0.1312872386113452250, 0.1128860142084616436 ) ) ;
#1490 = LINE ( 'NONE', #10181, #6026 ) ;
#1491 = AXIS2_PLACEMENT_3D ( 'NONE', #7092, #9442, #5287 ) ;
#1492 = DIRECTION ( 'NONE',  ( 1.000000000000000000, 0.000000000000000000, 0.000000000000000000 ) ) ;
#1493 =( LENGTH_UNIT ( ) NAMED_UNIT ( * ) SI_UNIT ( $, .METRE. ) );
#1494 = DIRECTION ( 'NONE',  ( -0.9902680687415228444, 0.000000000000000000, 0.1391731009604032232 ) ) ;
#1495 = VERTEX_POINT ( 'NONE', #9956 ) ;
#1496 = ORIENTED_EDGE ( 'NONE', *, *, #2719, .T. ) ;
#1497 = B_SPLINE_CURVE_WITH_KNOTS ( 'NONE', 3,
 ( #189, #3322, #6367, #2558, #5702, #1796 ),
 .UNSPECIFIED., .F., .F.,
 ( 4, 1, 1, 4 ),
 ( 0.000000000000000000, 0.3333333333333000081, 0.6666666666667000474, 1.000000000000000000 ),
 .UNSPECIFIED. ) ;
#1498 = ORIENTED_EDGE ( 'NONE', *, *, #1257, .F. ) ;
#1499 = DIRECTION ( 'NONE',  ( 0.000000000000000000, 0.000000000000000000, -1.000000000000000000 ) ) ;
#1500 = EDGE_CURVE ( 'NONE', #4166, #1006, #4802, .T. ) ;
#1501 = CARTESIAN_POINT ( 'NONE',  ( 0.002000000000000000042, 0.4210000000000000409, 0.2190000000000000002 ) ) ;
#1502 = B_SPLINE_CURVE_WITH_KNOTS ( 'NONE', 3,
 ( #8562, #6097, #786, #5326, #726, #2247, #9376, #4550, #7698, #7644, #10048, #9179 ),
 .UNSPECIFIED., .F., .F.,
 ( 4, 2, 2, 2, 2, 4 ),
 ( 0.000000000000000000, 0.2500000000000002776, 0.3750000000000010547, 0.5000000000000017764, 0.7500000000000009992, 1.000000000000000000 ),
 .UNSPECIFIED. ) ;
#1503 = CARTESIAN_POINT ( 'NONE',  ( 0.000000000000000000, -0.007000000000000001013, 0.000000000000000000 ) ) ;
#1504 = DIRECTION ( 'NONE',  ( -0.7510220026571080565, 0.3028314526843031151, -0.5867359395759064178 ) ) ;
#1505 = DIRECTION ( 'NONE',  ( 0.1822355254920910161, 3.472835083742630996E-15, 0.9832549075639651637 ) ) ;
#1506 = CARTESIAN_POINT ( 'NONE',  ( 0.1505543864307000157, 0.09299999999999999933, -0.1672075857323999937 ) ) ;
#1507 = EDGE_CURVE ( 'NONE', #576, #4128, #4468, .T. ) ;
#1508 = VERTEX_POINT ( 'NONE', #5387 ) ;
#1509 = LINE ( 'NONE', #6870, #9417 ) ;
#1510 = VECTOR ( 'NONE', #8403, 39.37007874015748143 ) ;
#1511 = DIRECTION ( 'NONE',  ( -1.070572202317000179E-13, 1.000000000000000000, -1.110223024625000157E-13 ) ) ;
#1513 = EDGE_CURVE ( 'NONE', #9451, #4478, #4612, .T. ) ;
#1512 = FILL_AREA_STYLE_COLOUR ( '', #8291 ) ;
#1514 = CARTESIAN_POINT ( 'NONE',  ( 0.000000000000000000, -0.007000000000000001013, 0.000000000000000000 ) ) ;
#1515 =( LENGTH_UNIT ( ) NAMED_UNIT ( * ) SI_UNIT ( $, .METRE. ) );
#1516 = SURFACE_STYLE_USAGE ( .BOTH. , #5426 ) ;
#1517 = PLANE ( 'NONE',  #8558 ) ;
#1518 = CARTESIAN_POINT ( 'NONE',  ( 0.2142242481133020682, 0.1277215391048171778, 0.1397807940964208850 ) ) ;
#1519 = EDGE_CURVE ( 'NONE', #1526, #3659, #7595, .T. ) ;
#1520 = VERTEX_POINT ( 'NONE', #688 ) ;
#1521 = VECTOR ( 'NONE', #4946, 39.37007874015748143 ) ;
#1522 = STYLED_ITEM ( 'NONE', ( #351 ), #319 ) ;
#1523 = EDGE_CURVE ( 'NONE', #94, #1296, #27, .T. ) ;
#1524 = DIRECTION ( 'NONE',  ( -0.9847921006522427634, 0.000000000000000000, -0.1737369232286074539 ) ) ;
#1525 = ORIENTED_EDGE ( 'NONE', *, *, #8500, .F. ) ;
#1526 = VERTEX_POINT ( 'NONE', #3794 ) ;
#1527 = FILL_AREA_STYLE ('',( #1478 ) ) ;
#1529 = DIRECTION ( 'NONE',  ( 0.000000000000000000, 1.000000000000000000, 0.000000000000000000 ) ) ;
#1528 = SURFACE_STYLE_USAGE ( .BOTH. , #4563 ) ;
#1530 = CYLINDRICAL_SURFACE ( 'NONE', #9644, 0.01149999999999999981 ) ;
#1531 = ORIENTED_EDGE ( 'NONE', *, *, #941, .T. ) ;
#1532 = CARTESIAN_POINT ( 'NONE',  ( 0.2384138389522998669, 0.1899449464300000390, -0.1163012617277000144 ) ) ;
#1533 = VERTEX_POINT ( 'NONE', #7807 ) ;
#1534 = CARTESIAN_POINT ( 'NONE',  ( 0.2483048275269001404, 0.1674787285195998843, 0.1158075417574000593 ) ) ;
#1535 = VECTOR ( 'NONE', #9893, 39.37007874015748143 ) ;
#1536 = DIRECTION ( 'NONE',  ( 0.8070511906867577911, -0.3492748259489810159, 0.4761044754771743270 ) ) ;
#1537 = EDGE_LOOP ( 'NONE', ( #7172, #1935, #403, #8725 ) ) ;
#1538 = CARTESIAN_POINT ( 'NONE',  ( 0.000000000000000000, 0.1890000000000000291, 0.000000000000000000 ) ) ;
#1539 = ORIENTED_EDGE ( 'NONE', *, *, #387, .F. ) ;
#1540 = AXIS2_PLACEMENT_3D ( 'NONE', #8923, #5116, #5022 ) ;
#1541 = CARTESIAN_POINT ( 'NONE',  ( -0.06480740657467991273, -0.2880000001265000109, 0.09499999996562991100 ) ) ;
#1542 = CIRCLE ( 'NONE', #8450, 0.1250000000000000278 ) ;
#1543 = LINE ( 'NONE', #3027, #114 ) ;
#1544 = CARTESIAN_POINT ( 'NONE',  ( 0.1939816126132000162, 0.09300000000043996684, 0.1211475688576000020 ) ) ;
#1545 = SURFACE_STYLE_FILL_AREA ( #6220 ) ;
#1546 = CARTESIAN_POINT ( 'NONE',  ( -0.03752881368660999917, -0.2550000000000000044, -0.03379109562112000281 ) ) ;
#1547 = ORIENTED_EDGE ( 'NONE', *, *, #4707, .T. ) ;
#1548 = ORIENTED_EDGE ( 'NONE', *, *, #8872, .T. ) ;
#1549 = COLOUR_RGB ( '',0.2509803921568627416, 0.2509803921568627416, 0.2509803921568627416 ) ;
#1550 = PRESENTATION_LAYER_ASSIGNMENT (  '', '', ( #68 ) ) ;
#1551 = ORIENTED_EDGE ( 'NONE', *, *, #2721, .T. ) ;
#1552 = PRESENTATION_STYLE_ASSIGNMENT (( #2326 ) ) ;
#1553 = CARTESIAN_POINT ( 'NONE',  ( 0.2572713966749364256, 0.1340530636457917257, -0.007788346622864951267 ) ) ;
#1554 = SURFACE_STYLE_USAGE ( .BOTH. , #5459 ) ;
#1555 = AXIS2_PLACEMENT_3D ( 'NONE', #2454, #795, #1986 ) ;
#1556 = LINE ( 'NONE', #878, #6304 ) ;
#1557 = CARTESIAN_POINT ( 'NONE',  ( 0.2278565539373757221, 0.1303960153904484276, -0.1175339148541772044 ) ) ;
#1558 = CARTESIAN_POINT ( 'NONE',  ( 0.1869578436704463775, 0.1252269449751430008, -0.1251870438273719466 ) ) ;
#1559 = EDGE_LOOP ( 'NONE', ( #4067, #7723, #4517, #9485 ) ) ;
#1560 = DIRECTION ( 'NONE',  ( 0.000000000000000000, 0.000000000000000000, -1.000000000000000000 ) ) ;
#1561 = MECHANICAL_DESIGN_GEOMETRIC_PRESENTATION_REPRESENTATION (  '', ( #7156 ), #8467 ) ;
#1562 = ADVANCED_FACE ( 'NONE', ( #740 ), #1426, .T. ) ;
#1563 = CARTESIAN_POINT ( 'NONE',  ( 0.1950000000000000067, 0.09182050807568996331, 0.000000000000000000 ) ) ;
#1564 = CARTESIAN_POINT ( 'NONE',  ( -0.08191917933409999242, 0.1290000000000000036, -0.2095572667727000349 ) ) ;
#1565 = DIRECTION ( 'NONE',  ( 1.609289443429999933E-13, 0.000000000000000000, 1.000000000000000000 ) ) ;
#1566 = CARTESIAN_POINT ( 'NONE',  ( 0.1888749586367000077, 0.05700000000000000205, -0.03450000000000000289 ) ) ;
#1567 = CARTESIAN_POINT ( 'NONE',  ( 0.2440926208473396253, 0.1303910330910937609, -0.01203828291177013246 ) ) ;
#1568 = FACE_OUTER_BOUND ( 'NONE', #7321, .T. ) ;
#1569 = EDGE_CURVE ( 'NONE', #5560, #6528, #8076, .T. ) ;
#1570 = EDGE_LOOP ( 'NONE', ( #7402, #46, #10169, #7639 ) ) ;
#1571 = EDGE_CURVE ( 'NONE', #7217, #7929, #6252, .T. ) ;
#1572 = VERTEX_POINT ( 'NONE', #3743 ) ;
#1573 = DIRECTION ( 'NONE',  ( 0.000000000000000000, 0.000000000000000000, -1.000000000000000000 ) ) ;
#1574 = ADVANCED_FACE ( 'NONE', ( #3010 ), #8623, .T. ) ;
#1575 = EDGE_CURVE ( 'NONE', #8262, #7892, #1160, .T. ) ;
#1576 = VECTOR ( 'NONE', #236, 39.37007874015748143 ) ;
#1577 = DIRECTION ( 'NONE',  ( -0.000000000000000000, 1.000000000000000000, 0.000000000000000000 ) ) ;
#1578 = CARTESIAN_POINT ( 'NONE',  ( 0.000000000000000000, -0.007000000000000001013, 0.000000000000000000 ) ) ;
#1579 = CARTESIAN_POINT ( 'NONE',  ( 0.000000000000000000, 0.1841728378957999956, 0.000000000000000000 ) ) ;
#1580 = LINE ( 'NONE', #7094, #7842 ) ;
#1581 = EDGE_LOOP ( 'NONE', ( #2360, #3708, #363, #9584 ) ) ;
#1582 = DIRECTION ( 'NONE',  ( 0.000000000000000000, -1.000000000000000000, 0.000000000000000000 ) ) ;
#1583 = ORIENTED_EDGE ( 'NONE', *, *, #4582, .T. ) ;
#1584 = CARTESIAN_POINT ( 'NONE',  ( 0.2154758557225999460, 0.1899449464299999835, 0.09161427446368010374 ) ) ;
#1585 = CARTESIAN_POINT ( 'NONE',  ( 0.000000000000000000, 0.1890000000000000291, 0.000000000000000000 ) ) ;
#1586 = VERTEX_POINT ( 'NONE', #8424 ) ;
#1587 = AXIS2_PLACEMENT_3D ( 'NONE', #2233, #5206, #9266 ) ;
#1588 = CARTESIAN_POINT ( 'NONE',  ( 0.2063238804518570113, 0.1284781360087789703, -0.1036186633416985720 ) ) ;
#1589 = EDGE_CURVE ( 'NONE', #9603, #7612, #2316, .T. ) ;
#1590 = ADVANCED_FACE ( 'NONE', ( #10013 ), #7141, .T. ) ;
#1591 = EDGE_LOOP ( 'NONE', ( #9028, #3414, #4821, #5725, #168 ) ) ;
#1592 = CARTESIAN_POINT ( 'NONE',  ( 0.2188308816173066551, 0.1335126391268006696, 0.1165008554762281406 ) ) ;
#1593 = VECTOR ( 'NONE', #4289, 39.37007874015748143 ) ;
#1594 = CIRCLE ( 'NONE', #4385, 0.2559999999999999498 ) ;
#1595 =( LENGTH_UNIT ( ) NAMED_UNIT ( * ) SI_UNIT ( $, .METRE. ) );
#1596 = SURFACE_SIDE_STYLE ('',( #8537 ) ) ;
#1597 = CARTESIAN_POINT ( 'NONE',  ( -0.05600000000000000810, 0.1890000000000000291, -0.2179197099850999908 ) ) ;
#1598 = SURFACE_SIDE_STYLE ('',( #3133 ) ) ;
#1599 = AXIS2_PLACEMENT_3D ( 'NONE', #2257, #3849, #30 ) ;
#1600 = ORIENTED_EDGE ( 'NONE', *, *, #191, .F. ) ;
#1601 = ORIENTED_EDGE ( 'NONE', *, *, #3702, .T. ) ;
#1602 = UNCERTAINTY_MEASURE_WITH_UNIT (LENGTH_MEASURE( 1.000000000000000082E-05 ), #9240, 'distance_accuracy_value', 'NONE');
#1603 = AXIS2_PLACEMENT_3D ( 'NONE', #1579, #10167, #5436 ) ;
#1604 = MECHANICAL_DESIGN_GEOMETRIC_PRESENTATION_REPRESENTATION (  '', ( #288 ), #5126 ) ;
#1605 = ORIENTED_EDGE ( 'NONE', *, *, #3903, .T. ) ;
#1606 = AXIS2_PLACEMENT_3D ( 'NONE', #5732, #111, #832 ) ;
#1607 = CARTESIAN_POINT ( 'NONE',  ( 0.2569702448608463530, 0.1332379923300686664, 0.008913097902033612768 ) ) ;
#1608 = SURFACE_SIDE_STYLE ('',( #10087 ) ) ;
#1609 = CARTESIAN_POINT ( 'NONE',  ( 0.2249229738286579183, 0.09738693750836627250, 0.006416715795603059914 ) ) ;
#1610 = CARTESIAN_POINT ( 'NONE',  ( 0.1918295665377000025, 0.09299999999998996569, -0.1197727077903999876 ) ) ;
#1611 = FACE_OUTER_BOUND ( 'NONE', #3453, .T. ) ;
#1612 = AXIS2_PLACEMENT_3D ( 'NONE', #4771, #2070, #858 ) ;
#1613 = FACE_OUTER_BOUND ( 'NONE', #735, .T. ) ;
#1614 = ORIENTED_EDGE ( 'NONE', *, *, #2757, .F. ) ;
#1615 = DIRECTION ( 'NONE',  ( 0.8573117576618752844, -7.807916900810700960E-13, -0.5147975817490851869 ) ) ;
#1616 = CIRCLE ( 'NONE', #5064, 0.005000000000000014849 ) ;
#1617 = CARTESIAN_POINT ( 'NONE',  ( 0.1959177934729000037, 0.1127208010542000011, -0.1106404229271999995 ) ) ;
#1618 = DIRECTION ( 'NONE',  ( 0.000000000000000000, 1.000000000000000000, 0.000000000000000000 ) ) ;
#1619 = CARTESIAN_POINT ( 'NONE',  ( 0.02200000000000000219, 0.4210000000000000409, 0.2290000000000000091 ) ) ;
#1620 = DIRECTION ( 'NONE',  ( 0.000000000000000000, -1.000000000000000000, 0.000000000000000000 ) ) ;
#1621 = DIRECTION ( 'NONE',  ( -0.000000000000000000, 1.000000000000000000, 0.000000000000000000 ) ) ;
#1622 = CARTESIAN_POINT ( 'NONE',  ( 0.2364719039107025800, 0.1889999967011533888, -0.01819708916970111043 ) ) ;
#1623 = CARTESIAN_POINT ( 'NONE',  ( 0.2249761652542000001, 0.1890000000000000291, -0.003274914884099000469 ) ) ;
#1624 = ORIENTED_EDGE ( 'NONE', *, *, #1462, .T. ) ;
#1625 = DIRECTION ( 'NONE',  ( 0.000000000000000000, 0.000000000000000000, -1.000000000000000000 ) ) ;
#1626 = ORIENTED_EDGE ( 'NONE', *, *, #2641, .F. ) ;
#1627 = ORIENTED_EDGE ( 'NONE', *, *, #480, .F. ) ;
#1628 = DIRECTION ( 'NONE',  ( 0.000000000000000000, 1.000000000000000000, 0.000000000000000000 ) ) ;
#1629 = DIRECTION ( 'NONE',  ( 0.3746065934158975819, 0.000000000000000000, 0.9271838545667931974 ) ) ;
#1630 = CARTESIAN_POINT ( 'NONE',  ( 0.2428394196240000191, 0.000000000000000000, -0.03086554830210000433 ) ) ;
#1631 = CARTESIAN_POINT ( 'NONE',  ( 0.2087513193361190400, 0.1078774029960564845, -0.1435156107680988502 ) ) ;
#1632 = ADVANCED_FACE ( 'NONE', ( #8775 ), #1737, .F. ) ;
#1633 = FACE_OUTER_BOUND ( 'NONE', #8351, .T. ) ;
#1634 = ORIENTED_EDGE ( 'NONE', *, *, #2203, .T. ) ;
#1635 = CARTESIAN_POINT ( 'NONE',  ( 0.2156541872447436115, 0.1359346823073624699, 0.1273396463473632501 ) ) ;
#1636 = ORIENTED_EDGE ( 'NONE', *, *, #3705, .F. ) ;
#1637 = DIRECTION ( 'NONE',  ( 0.000000000000000000, 0.000000000000000000, 1.000000000000000000 ) ) ;
#1638 = ADVANCED_FACE ( 'NONE', ( #7244 ), #140, .F. ) ;
#1639 = DIRECTION ( 'NONE',  ( -0.7431448254773314055, 0.000000000000000000, -0.6691306063589280706 ) ) ;
#1640 = ORIENTED_EDGE ( 'NONE', *, *, #1466, .T. ) ;
#1641 = B_SPLINE_CURVE_WITH_KNOTS ( 'NONE', 3,
 ( #8418, #10102, #3055, #790 ),
 .UNSPECIFIED., .F., .F.,
 ( 4, 4 ),
 ( 0.000000000000000000, 1.000000000000000000 ),
 .UNSPECIFIED. ) ;
#1642 = DIRECTION ( 'NONE',  ( 0.000000000000000000, -1.000000000000000000, 0.000000000000000000 ) ) ;
#1643 = STYLED_ITEM ( 'NONE', ( #3494 ), #2350 ) ;
#1644 = EDGE_LOOP ( 'NONE', ( #6731, #5041, #2398 ) ) ;
#1645 = CARTESIAN_POINT ( 'NONE',  ( 0.2082187598856011790, 0.1273383048222553326, 0.1039718876296994166 ) ) ;
#1646 =( NAMED_UNIT ( * ) PLANE_ANGLE_UNIT ( ) SI_UNIT ( $, .RADIAN. ) );
#1647 = ORIENTED_EDGE ( 'NONE', *, *, #3840, .F. ) ;
#1648 = CARTESIAN_POINT ( 'NONE',  ( 0.1975654359297999985, 0.08522401768312008741, -0.1445565113675000013 ) ) ;
#1649 = CARTESIAN_POINT ( 'NONE',  ( 0.01200000000000000025, 0.4210000000000000409, -0.2235999999999999932 ) ) ;
#1650 = CARTESIAN_POINT ( 'NONE',  ( 0.000000000000000000, -0.1110000000000000014, 0.000000000000000000 ) ) ;
#1651 = EDGE_CURVE ( 'NONE', #8174, #807, #7899, .T. ) ;
#1652 = VERTEX_POINT ( 'NONE', #82 ) ;
#1653 = EDGE_CURVE ( 'NONE', #6679, #2628, #1989, .T. ) ;
#1654 = ORIENTED_EDGE ( 'NONE', *, *, #3766, .F. ) ;
#1655 = CIRCLE ( 'NONE', #8706, 0.2489999999999999436 ) ;
#1656 = VERTEX_POINT ( 'NONE', #7346 ) ;
#1657 =( NAMED_UNIT ( * ) PLANE_ANGLE_UNIT ( ) SI_UNIT ( $, .RADIAN. ) );
#1658 = MECHANICAL_DESIGN_GEOMETRIC_PRESENTATION_REPRESENTATION (  '', ( #8712 ), #2959 ) ;
#1659 = DIRECTION ( 'NONE',  ( -1.000000000000000000, 0.000000000000000000, 0.000000000000000000 ) ) ;
#1660 = CARTESIAN_POINT ( 'NONE',  ( 0.1907148986761000309, 0.09416015450471003356, -0.1193852342233999997 ) ) ;
#1661 = CYLINDRICAL_SURFACE ( 'NONE', #9756, 0.2290000000000000091 ) ;
#1662 = LINE ( 'NONE', #6537, #1288 ) ;
#1663 = CARTESIAN_POINT ( 'NONE',  ( -0.2261486287397000139, 0.1689999999999999836, 0.04191417086318999924 ) ) ;
#1664 = ORIENTED_EDGE ( 'NONE', *, *, #1257, .T. ) ;
#1665 = AXIS2_PLACEMENT_3D ( 'NONE', #6972, #5228, #9895 ) ;
#1666 =( LENGTH_UNIT ( ) NAMED_UNIT ( * ) SI_UNIT ( $, .METRE. ) );
#1667 = B_SPLINE_CURVE_WITH_KNOTS ( 'NONE', 3,
 ( #427, #6722, #3672, #9842, #3621, #2797, #5935, #9068, #8409, #6773, #2846, #6824, #5991 ),
 .UNSPECIFIED., .F., .F.,
 ( 4, 2, 2, 2, 1, 2, 4 ),
 ( 0.000000000000000000, 0.2500000000000043854, 0.3750000000000065503, 0.4062500000000066613, 0.4375000000000067724, 0.5000000000000065503, 1.000000000000000000 ),
 .UNSPECIFIED. ) ;
#1668 = DIRECTION ( 'NONE',  ( 0.000000000000000000, 1.000000000000000000, 0.000000000000000000 ) ) ;
#1669 = DIRECTION ( 'NONE',  ( 0.6819983600623278353, 0.000000000000000000, 0.7313537016193296658 ) ) ;
#1670 = CARTESIAN_POINT ( 'NONE',  ( 0.2476576227710789724, 0.1840209597524153362, -0.02788603027106474272 ) ) ;
#1671 = SURFACE_STYLE_USAGE ( .BOTH. , #7181 ) ;
#1672 = AXIS2_PLACEMENT_3D ( 'NONE', #6819, #9935, #5265 ) ;
#1673 = CYLINDRICAL_SURFACE ( 'NONE', #3744, 0.01450000000000000941 ) ;
#1674 = DIRECTION ( 'NONE',  ( 0.000000000000000000, -1.000000000000000000, 0.000000000000000000 ) ) ;
#1675 = ORIENTED_EDGE ( 'NONE', *, *, #1519, .F. ) ;
#1676 = ORIENTED_EDGE ( 'NONE', *, *, #8185, .F. ) ;
#1677 = CARTESIAN_POINT ( 'NONE',  ( 0.000000000000000000, -0.5879999999999999671, 0.000000000000000000 ) ) ;
#1678 = CARTESIAN_POINT ( 'NONE',  ( 0.000000000000000000, 0.1689999999999999836, 0.000000000000000000 ) ) ;
#1679 = CARTESIAN_POINT ( 'NONE',  ( -0.08124038427137007801, -0.2780000003961000110, -0.09500000013517008457 ) ) ;
#1680 = CARTESIAN_POINT ( 'NONE',  ( 0.1960717147618000200, 0.09299999999847992360, -0.1220971797326999980 ) ) ;
#1681 = CARTESIAN_POINT ( 'NONE',  ( 0.1550000000000000266, -1.003547950131000066, -0.1550000000000000266 ) ) ;
#1682 = AXIS2_PLACEMENT_3D ( 'NONE', #6206, #6156, #6110 ) ;
#1684 = DIRECTION ( 'NONE',  ( 0.6815563051467312672, 0.000000000000000000, 0.7317656748678061929 ) ) ;
#1683 = CARTESIAN_POINT ( 'NONE',  ( 0.000000000000000000, -0.08700000000000000788, 0.000000000000000000 ) ) ;
#1685 = DIRECTION ( 'NONE',  ( 0.000000000000000000, -1.000000000000000000, 0.000000000000000000 ) ) ;
#1686 = ORIENTED_EDGE ( 'NONE', *, *, #6301, .T. ) ;
#1687 = CARTESIAN_POINT ( 'NONE',  ( 0.2090248203176009734, 0.1327477204116857545, 0.1317374028779206008 ) ) ;
#1688 = EDGE_LOOP ( 'NONE', ( #8242, #1331 ) ) ;
#1689 = CARTESIAN_POINT ( 'NONE',  ( 0.000000000000000000, -0.2849999999999999756, 0.000000000000000000 ) ) ;
#1690 = ORIENTED_EDGE ( 'NONE', *, *, #4646, .T. ) ;
#1691 = EDGE_CURVE ( 'NONE', #2378, #9408, #8827, .T. ) ;
#1692 =( GEOMETRIC_REPRESENTATION_CONTEXT ( 3 ) GLOBAL_UNCERTAINTY_ASSIGNED_CONTEXT ( ( #3424 ) ) GLOBAL_UNIT_ASSIGNED_CONTEXT ( ( #9039, #2817, #804 ) ) REPRESENTATION_CONTEXT ( 'NONE', 'WORKASPACE' ) );
#1693 = FACE_OUTER_BOUND ( 'NONE', #5733, .T. ) ;
#1694 = ORIENTED_EDGE ( 'NONE', *, *, #690, .F. ) ;
#1695 = DIRECTION ( 'NONE',  ( -1.000000000000000000, 0.000000000000000000, 0.000000000000000000 ) ) ;
#1696 = EDGE_CURVE ( 'NONE', #3493, #587, #3695, .T. ) ;
#1697 = SURFACE_STYLE_FILL_AREA ( #6479 ) ;
#1698 = VERTEX_POINT ( 'NONE', #8066 ) ;
#1699 = DIRECTION ( 'NONE',  ( -0.9271838545668013021, -2.480112469560590446E-14, -0.3746065934158775423 ) ) ;
#1700 =( NAMED_UNIT ( * ) SI_UNIT ( $, .STERADIAN. ) SOLID_ANGLE_UNIT ( ) );
#1701 = DIRECTION ( 'NONE',  ( 0.000000000000000000, 0.000000000000000000, 1.000000000000000000 ) ) ;
#1702 = ORIENTED_EDGE ( 'NONE', *, *, #937, .T. ) ;
#1703 = EDGE_LOOP ( 'NONE', ( #4932, #4063, #5428, #5769 ) ) ;
#1704 = ADVANCED_FACE ( 'NONE', ( #4105 ), #187, .T. ) ;
#1705 = EDGE_CURVE ( 'NONE', #3866, #3648, #4975, .T. ) ;
#1706 = CIRCLE ( 'NONE', #7456, 0.2497447916667000500 ) ;
#1707 = AXIS2_PLACEMENT_3D ( 'NONE', #9226, #5630, #9429 ) ;
#1708 = UNCERTAINTY_MEASURE_WITH_UNIT (LENGTH_MEASURE( 1.000000000000000082E-05 ), #7893, 'distance_accuracy_value', 'NONE');
#1709 = ORIENTED_EDGE ( 'NONE', *, *, #2337, .F. ) ;
#1710 = CARTESIAN_POINT ( 'NONE',  ( 0.2023910383474695207, 0.1284459489805549193, -0.1323630634066658984 ) ) ;
#1711 = ADVANCED_FACE ( 'NONE', ( #5700 ), #1015, .T. ) ;
#1712 = EDGE_CURVE ( 'NONE', #6500, #2715, #4130, .T. ) ;
#1713 = FACE_OUTER_BOUND ( 'NONE', #4330, .T. ) ;
#1714 = CARTESIAN_POINT ( 'NONE',  ( 0.000000000000000000, -0.007000000000000001013, 0.000000000000000000 ) ) ;
#1715 = DIRECTION ( 'NONE',  ( 1.000000000000000000, 0.000000000000000000, 0.000000000000000000 ) ) ;
#1716 = VECTOR ( 'NONE', #6412, 39.37007874015748143 ) ;
#1717 = VECTOR ( 'NONE', #1254, 39.37007874015748143 ) ;
#1718 = CIRCLE ( 'NONE', #7780, 0.06899999999999997802 ) ;
#1719 = DIRECTION ( 'NONE',  ( 0.000000000000000000, -1.000000000000000000, 0.000000000000000000 ) ) ;
#1720 = ORIENTED_EDGE ( 'NONE', *, *, #4035, .F. ) ;
#1721 = AXIS2_PLACEMENT_3D ( 'NONE', #2400, #5697, #4925 ) ;
#1722 = CIRCLE ( 'NONE', #1883, 0.2447931081450999691 ) ;
#1723 = LENGTH_MEASURE_WITH_UNIT ( LENGTH_MEASURE( 0.02539999999999999897 ), #2694 );
#1724 = CYLINDRICAL_SURFACE ( 'NONE', #3192, 0.2560000000000000053 ) ;
#1725 = DIRECTION ( 'NONE',  ( -0.9271838545667934195, 2.566085814328221156E-16, -0.3746065934158976374 ) ) ;
#1726 = DIRECTION ( 'NONE',  ( 0.000000000000000000, -1.000000000000000000, 0.000000000000000000 ) ) ;
#1727 = CARTESIAN_POINT ( 'NONE',  ( 0.2481456949960492986, 0.1338439473224755094, -0.008169189095421693428 ) ) ;
#1728 = CARTESIAN_POINT ( 'NONE',  ( -0.07866463296488995782, 0.1890000000000000291, 0.2161293027807999756 ) ) ;
#1729 = SURFACE_STYLE_USAGE ( .BOTH. , #6456 ) ;
#1730 = ORIENTED_EDGE ( 'NONE', *, *, #506, .T. ) ;
#1731 = CIRCLE ( 'NONE', #1233, 0.2249999999999999778 ) ;
#1732 = EDGE_LOOP ( 'NONE', ( #4481, #4767, #6666, #2511 ) ) ;
#1733 = DIRECTION ( 'NONE',  ( 0.000000000000000000, -1.000000000000000000, 0.000000000000000000 ) ) ;
#1734 = CARTESIAN_POINT ( 'NONE',  ( 0.1711266675211000343, 0.000000000000000000, 0.1900554185698999921 ) ) ;
#1735 = DIRECTION ( 'NONE',  ( -0.8660254037847204822, 0.000000000000000000, -0.4999999999995117239 ) ) ;
#1736 = CARTESIAN_POINT ( 'NONE',  ( -0.006000000000000000125, 0.1689999999999999836, -0.2559296778414000273 ) ) ;
#1737 = PLANE ( 'NONE',  #4773 ) ;
#1739 = DIRECTION ( 'NONE',  ( 0.000000000000000000, 1.000000000000000000, 0.000000000000000000 ) ) ;
#1738 = DIRECTION ( 'NONE',  ( 0.000000000000000000, 0.000000000000000000, 1.000000000000000000 ) ) ;
#1740 = DIRECTION ( 'NONE',  ( 0.000000000000000000, -1.000000000000000000, 0.000000000000000000 ) ) ;
#1741 = PRESENTATION_LAYER_ASSIGNMENT (  '', '', ( #6669 ) ) ;
#1742 = ORIENTED_EDGE ( 'NONE', *, *, #5208, .F. ) ;
#1743 = CARTESIAN_POINT ( 'NONE',  ( 0.1958105795296034568, 0.1265493999950917658, 0.1296998446356470158 ) ) ;
#1744 = ORIENTED_EDGE ( 'NONE', *, *, #2330, .T. ) ;
#1745 = PLANE ( 'NONE',  #8474 ) ;
#1746 = ORIENTED_EDGE ( 'NONE', *, *, #4358, .T. ) ;
#1747 = CARTESIAN_POINT ( 'NONE',  ( 0.2129309717396964396, 0.1265383192758261777, -0.1062800657858195136 ) ) ;
#1748 = VERTEX_POINT ( 'NONE', #4055 ) ;
#1749 = DIRECTION ( 'NONE',  ( -0.5908846518067982778, 0.8000000000003965051, -0.1041889066000997732 ) ) ;
#1750 = CARTESIAN_POINT ( 'NONE',  ( 0.1920060900203043042, 0.1077885596643366056, -0.1172985228572615279 ) ) ;
#1751 = VERTEX_POINT ( 'NONE', #5642 ) ;
#1752 = SURFACE_STYLE_FILL_AREA ( #3291 ) ;
#1753 = AXIS2_PLACEMENT_3D ( 'NONE', #8670, #4758, #4869 ) ;
#1754 = DIRECTION ( 'NONE',  ( 0.000000000000000000, 0.000000000000000000, -1.000000000000000000 ) ) ;
#1755 = FACE_OUTER_BOUND ( 'NONE', #7474, .T. ) ;
#1756 = AXIS2_PLACEMENT_3D ( 'NONE', #5978, #3714, #8353 ) ;
#1757 = EDGE_LOOP ( 'NONE', ( #8075, #1359, #6297 ) ) ;
#1758 = VERTEX_POINT ( 'NONE', #4155 ) ;
#1759 = EDGE_CURVE ( 'NONE', #7762, #6657, #7294, .T. ) ;
#1760 = EDGE_LOOP ( 'NONE', ( #3304, #1346, #6385 ) ) ;
#1761 = CARTESIAN_POINT ( 'NONE',  ( 0.1948729295799627725, 0.1269214563682151964, -0.1289657017870898259 ) ) ;
#1762 = CIRCLE ( 'NONE', #6476, 0.2360000000000000153 ) ;
#1763 = VECTOR ( 'NONE', #2781, 39.37007874015748143 ) ;
#1764 = CARTESIAN_POINT ( 'NONE',  ( 0.1957319595774000276, 0.05700000000000000205, 0.1650000000000000078 ) ) ;
#1765 = LINE ( 'NONE', #1225, #998 ) ;
#1766 = ADVANCED_FACE ( 'NONE', ( #1069 ), #241, .T. ) ;
#1767 = DIRECTION ( 'NONE',  ( -0.7431448254773762585, 0.000000000000000000, -0.6691306063588782216 ) ) ;
#1768 =( NAMED_UNIT ( * ) SI_UNIT ( $, .STERADIAN. ) SOLID_ANGLE_UNIT ( ) );
#1769 = ORIENTED_EDGE ( 'NONE', *, *, #3421, .T. ) ;
#1770 = CIRCLE ( 'NONE', #9964, 0.06949999999997992506 ) ;
#1771 = ADVANCED_FACE ( 'NONE', ( #9024 ), #9700, .T. ) ;
#1772 = VECTOR ( 'NONE', #5437, 39.37007874015748143 ) ;
#1773 = CARTESIAN_POINT ( 'NONE',  ( 0.000000000000000000, 0.05700000000000000205, 0.000000000000000000 ) ) ;
#1774 = LENGTH_MEASURE_WITH_UNIT ( LENGTH_MEASURE( 0.02539999999999999897 ), #171 );
#1775 = CARTESIAN_POINT ( 'NONE',  ( 0.000000000000000000, 0.1890000000000000291, 0.000000000000000000 ) ) ;
#1776 = VECTOR ( 'NONE', #8390, 39.37007874015748143 ) ;
#1777 = DIMENSIONAL_EXPONENTS ( 1.000000000000000000, 0.000000000000000000, 0.000000000000000000, 0.000000000000000000, 0.000000000000000000, 0.000000000000000000, 0.000000000000000000 ) ;
#1778 = CARTESIAN_POINT ( 'NONE',  ( 0.1712974352279000023, 0.1890000000000000291, 0.1902450753222000301 ) ) ;
#1779 =( GEOMETRIC_REPRESENTATION_CONTEXT ( 3 ) GLOBAL_UNCERTAINTY_ASSIGNED_CONTEXT ( ( #5723 ) ) GLOBAL_UNIT_ASSIGNED_CONTEXT ( ( #7361, #8031, #488 ) ) REPRESENTATION_CONTEXT ( 'NONE', 'WORKASPACE' ) );
#1780 = EDGE_CURVE ( 'NONE', #9173, #8332, #8267, .T. ) ;
#1781 = UNCERTAINTY_MEASURE_WITH_UNIT (LENGTH_MEASURE( 1.000000000000000082E-05 ), #6386, 'distance_accuracy_value', 'NONE');
#1782 = AXIS2_PLACEMENT_3D ( 'NONE', #174, #8869, #3427 ) ;
#1783 = CARTESIAN_POINT ( 'NONE',  ( -0.2415417683276078475, 0.1227818920615915549, -0.04259280167896663943 ) ) ;
#1784 = ORIENTED_EDGE ( 'NONE', *, *, #4026, .T. ) ;
#1785 = DIRECTION ( 'NONE',  ( 0.000000000000000000, -1.000000000000000000, 0.000000000000000000 ) ) ;
#1786 = ORIENTED_EDGE ( 'NONE', *, *, #3, .F. ) ;
#1787 = EDGE_CURVE ( 'NONE', #260, #8694, #8237, .T. ) ;
#1788 = EDGE_CURVE ( 'NONE', #6976, #6628, #493, .T. ) ;
#1789 = AXIS2_PLACEMENT_3D ( 'NONE', #2435, #8893, #2678 ) ;
#1790 = ORIENTED_EDGE ( 'NONE', *, *, #1390, .F. ) ;
#1791 = CARTESIAN_POINT ( 'NONE',  ( 0.2482606619294184247, 0.08427723335591645604, 0.02667837919892453169 ) ) ;
#1792 = LINE ( 'NONE', #4870, #2543 ) ;
#1793 = CARTESIAN_POINT ( 'NONE',  ( 0.000000000000000000, 0.000000000000000000, 0.000000000000000000 ) ) ;
#1794 = DIRECTION ( 'NONE',  ( 0.6691305995918952476, 0.000000000000000000, -0.7431448315703950147 ) ) ;
#1795 = DIRECTION ( 'NONE',  ( 0.000000000000000000, -1.000000000000000000, 0.000000000000000000 ) ) ;
#1797 = CARTESIAN_POINT ( 'NONE',  ( 0.2047651328492999800, 0.1143371685741000066, -0.1182212045712000004 ) ) ;
#1796 = CARTESIAN_POINT ( 'NONE',  ( 0.05100000012030999480, 0.1884939906062000070, 0.2349999999974000109 ) ) ;
#1798 = CARTESIAN_POINT ( 'NONE',  ( 0.1532309089204000052, 0.1799999998516000066, -0.1701801650940999999 ) ) ;
#1799 = VERTEX_POINT ( 'NONE', #474 ) ;
#1800 = DIRECTION ( 'NONE',  ( -1.486885579180999965E-12, 1.000000000000000000, 3.043845294642000099E-13 ) ) ;
#1801 = CARTESIAN_POINT ( 'NONE',  ( 0.2041733913634716513, 0.09299999999999999933, 0.1008089098002996203 ) ) ;
#1802 = ORIENTED_EDGE ( 'NONE', *, *, #5142, .T. ) ;
#1803 = LINE ( 'NONE', #4939, #3548 ) ;
#1804 = ORIENTED_EDGE ( 'NONE', *, *, #7805, .T. ) ;
#1805 = CARTESIAN_POINT ( 'NONE',  ( -0.05600000000000000810, 0.09299999999999999933, 0.2350000000000000144 ) ) ;
#1806 = FACE_OUTER_BOUND ( 'NONE', #9768, .T. ) ;
#1807 = ORIENTED_EDGE ( 'NONE', *, *, #8812, .F. ) ;
#1808 = SURFACE_STYLE_FILL_AREA ( #7212 ) ;
#1809 = SURFACE_STYLE_USAGE ( .BOTH. , #8845 ) ;
#1810 = DIRECTION ( 'NONE',  ( 0.000000000000000000, 1.000000000000000000, 0.000000000000000000 ) ) ;
#1811 = ORIENTED_EDGE ( 'NONE', *, *, #6907, .F. ) ;
#1812 = VERTEX_POINT ( 'NONE', #6726 ) ;
#1813 = CIRCLE ( 'NONE', #8864, 0.2250000000000000888 ) ;
#1814 = UNCERTAINTY_MEASURE_WITH_UNIT (LENGTH_MEASURE( 1.000000000000000082E-05 ), #6673, 'distance_accuracy_value', 'NONE');
#1815 = ORIENTED_EDGE ( 'NONE', *, *, #3634, .T. ) ;
#1816 = CARTESIAN_POINT ( 'NONE',  ( 0.1904867079348563641, 0.1319413327896361288, -0.1221528701221109570 ) ) ;
#1817 = CARTESIAN_POINT ( 'NONE',  ( -0.05600000000000000810, 0.1793314258489241142, -0.2476346131701205322 ) ) ;
#1818 = CARTESIAN_POINT ( 'NONE',  ( 0.2159999999999999976, 0.1270388744963000249, 0.000000000000000000 ) ) ;
#1819 = CARTESIAN_POINT ( 'NONE',  ( 0.1993032040650000170, 0.1890000000000000291, 0.1044185464819999964 ) ) ;
#1820 = VERTEX_POINT ( 'NONE', #9748 ) ;
#1821 = CARTESIAN_POINT ( 'NONE',  ( -0.01018904057148000038, -0.5929999999999999716, -0.05150178105884000573 ) ) ;
#1822 = EDGE_LOOP ( 'NONE', ( #9394, #4684, #9171, #6248 ) ) ;
#1823 = EDGE_CURVE ( 'NONE', #6272, #276, #4610, .T. ) ;
#1824 = LINE ( 'NONE', #4963, #7356 ) ;
#1825 = CARTESIAN_POINT ( 'NONE',  ( 0.01200000000000000025, 0.4210000000000000409, -0.2235999999999999932 ) ) ;
#1826 = LINE ( 'NONE', #1929, #6295 ) ;
#1827 = EDGE_CURVE ( 'NONE', #3277, #3993, #2660, .T. ) ;
#1828 = CARTESIAN_POINT ( 'NONE',  ( 0.2283392295906379876, 0.08427723335519099468, -0.1010261768463745075 ) ) ;
#1829 = CARTESIAN_POINT ( 'NONE',  ( 0.2505000000000000560, 0.1360000007285000478, -0.001634810806926399827 ) ) ;
#1830 = CARTESIAN_POINT ( 'NONE',  ( 0.000000000000000000, -0.2300000000000000100, 0.000000000000000000 ) ) ;
#1831 = FACE_OUTER_BOUND ( 'NONE', #3239, .T. ) ;
#1832 = ORIENTED_EDGE ( 'NONE', *, *, #4459, .T. ) ;
#1833 = EDGE_CURVE ( 'NONE', #4386, #2116, #8556, .T. ) ;
#1834 = DIRECTION ( 'NONE',  ( 1.157605470250000115E-13, -1.000000000000000000, 0.000000000000000000 ) ) ;
#1835 =( CONVERSION_BASED_UNIT ( 'INCH', #5840 ) LENGTH_UNIT ( ) NAMED_UNIT ( #2775 ) );
#1836 = CARTESIAN_POINT ( 'NONE',  ( 0.01270362161409000282, 0.1740000000000000158, -0.01077199079990000079 ) ) ;
#1837 = CIRCLE ( 'NONE', #6772, 0.02000000000000000042 ) ;
#1838 = ADVANCED_FACE ( 'NONE', ( #8974 ), #336, .F. ) ;
#1839 = EDGE_CURVE ( 'NONE', #5933, #8205, #1262, .T. ) ;
#1841 = LINE ( 'NONE', #4159, #9661 ) ;
#1840 = DIRECTION ( 'NONE',  ( -0.1756316192402035681, 0.000000000000000000, -0.9844559585492201892 ) ) ;
#1842 = FACE_OUTER_BOUND ( 'NONE', #161, .T. ) ;
#1843 = ORIENTED_EDGE ( 'NONE', *, *, #4035, .T. ) ;
#1844 = DIMENSIONAL_EXPONENTS ( 1.000000000000000000, 0.000000000000000000, 0.000000000000000000, 0.000000000000000000, 0.000000000000000000, 0.000000000000000000, 0.000000000000000000 ) ;
#1845 = CARTESIAN_POINT ( 'NONE',  ( 0.2032598103356048902, 0.1290018386408308682, 0.1324573963386248832 ) ) ;
#1846 = DIMENSIONAL_EXPONENTS ( 1.000000000000000000, 0.000000000000000000, 0.000000000000000000, 0.000000000000000000, 0.000000000000000000, 0.000000000000000000, 0.000000000000000000 ) ;
#1847 = DIRECTION ( 'NONE',  ( -0.000000000000000000, 1.000000000000000000, 0.000000000000000000 ) ) ;
#1848 = ORIENTED_EDGE ( 'NONE', *, *, #3468, .F. ) ;
#1849 = LENGTH_MEASURE_WITH_UNIT ( LENGTH_MEASURE( 0.02539999999999999897 ), #9804 );
#1850 = VECTOR ( 'NONE', #5337, 39.37007874015748854 ) ;
#1851 = DIRECTION ( 'NONE',  ( -0.5902450743659324317, -0.5000000000014492851, -0.6337276640523954452 ) ) ;
#1852 = DIRECTION ( 'NONE',  ( -0.7368771531423669030, 0.000000000000000000, -0.6760266719418699388 ) ) ;
#1853 = DIMENSIONAL_EXPONENTS ( 1.000000000000000000, 0.000000000000000000, 0.000000000000000000, 0.000000000000000000, 0.000000000000000000, 0.000000000000000000, 0.000000000000000000 ) ;
#1854 = B_SPLINE_CURVE_WITH_KNOTS ( 'NONE', 3,
 ( #207, #9713, #9609, #306, #8182, #977, #5039, #3446, #1030, #6535, #3334, #7209, #2677, #6431, #1750, #8132, #1126, #6584, #5661, #4069, #8842, #9668, #254, #7263, #5809 ),
 .UNSPECIFIED., .F., .F.,
 ( 4, 2, 2, 1, 2, 2, 2, 2, 2, 2, 2, 2, 4 ),
 ( 0.000000000000000000, 0.1250000000000069389, 0.1875000000000104083, 0.2187500000000111022, 0.2343750000000114631, 0.2500000000000118239, 0.3750000000000084932, 0.4375000000000063838, 0.5000000000000043299, 0.6250000000000031086, 0.7500000000000021094, 0.8750000000000009992, 1.000000000000000000 ),
 .UNSPECIFIED. ) ;
#1855 = FILL_AREA_STYLE_COLOUR ( '', #4556 ) ;
#1856 = PLANE ( 'NONE',  #7206 ) ;
#1857 = ORIENTED_EDGE ( 'NONE', *, *, #5296, .F. ) ;
#1858 =( NAMED_UNIT ( * ) PLANE_ANGLE_UNIT ( ) SI_UNIT ( $, .RADIAN. ) );
#1859 = DIRECTION ( 'NONE',  ( 0.000000000000000000, -1.000000000000000000, 0.000000000000000000 ) ) ;
#1860 = VECTOR ( 'NONE', #3450, 39.37007874015748143 ) ;
#1861 = VERTEX_POINT ( 'NONE', #6776 ) ;
#1862 = VERTEX_POINT ( 'NONE', #9894 ) ;
#1863 = VERTEX_POINT ( 'NONE', #5996 ) ;
#1864 = CARTESIAN_POINT ( 'NONE',  ( 0.1958877917602042940, 0.1265005152744076988, -0.1297693437693818730 ) ) ;
#1865 = DIRECTION ( 'NONE',  ( 0.6691306063588233766, 7.027678963701315460E-12, -0.7431448254774255524 ) ) ;
#1866 = PLANE ( 'NONE',  #881 ) ;
#1867 =( NAMED_UNIT ( * ) SI_UNIT ( $, .STERADIAN. ) SOLID_ANGLE_UNIT ( ) );
#1868 = CARTESIAN_POINT ( 'NONE',  ( 0.1959207986654999956, 0.1127147110247000011, 0.1106351036112000058 ) ) ;
#1869 = ORIENTED_EDGE ( 'NONE', *, *, #6052, .F. ) ;
#1870 = ORIENTED_EDGE ( 'NONE', *, *, #3216, .T. ) ;
#1871 = CIRCLE ( 'NONE', #7128, 0.2430301569517000493 ) ;
#1872 = AXIS2_PLACEMENT_3D ( 'NONE', #4751, #1725, #2341 ) ;
#1873 = LINE ( 'NONE', #5014, #3232 ) ;
#1874 = CIRCLE ( 'NONE', #8932, 0.1250000008436000509 ) ;
#1875 = AXIS2_PLACEMENT_3D ( 'NONE', #5018, #5268, #2939 ) ;
#1876 = AXIS2_PLACEMENT_3D ( 'NONE', #109, #4796, #8550 ) ;
#1877 = UNCERTAINTY_MEASURE_WITH_UNIT (LENGTH_MEASURE( 1.000000000000000082E-05 ), #3901, 'distance_accuracy_value', 'NONE');
#1878 = PLANE ( 'NONE',  #8897 ) ;
#1879 = CARTESIAN_POINT ( 'NONE',  ( 0.2361025342095000035, 0.1690000188652999724, 0.09895249594167006280 ) ) ;
#1880 = FACE_OUTER_BOUND ( 'NONE', #6532, .T. ) ;
#1881 = ORIENTED_EDGE ( 'NONE', *, *, #8128, .F. ) ;
#1882 = CIRCLE ( 'NONE', #4018, 0.2360000000000000153 ) ;
#1883 = AXIS2_PLACEMENT_3D ( 'NONE', #5420, #10038, #5368 ) ;
#1884 = VECTOR ( 'NONE', #10012, 39.37007874015748143 ) ;
#1885 = EDGE_CURVE ( 'NONE', #4811, #8238, #8469, .T. ) ;
#1886 = CARTESIAN_POINT ( 'NONE',  ( 0.2360000000000000153, 0.1270388744963000249, 0.000000000000000000 ) ) ;
#1887 = CARTESIAN_POINT ( 'NONE',  ( 0.000000000000000000, 0.09299999999999999933, 0.000000000000000000 ) ) ;
#1888 =( NAMED_UNIT ( * ) PLANE_ANGLE_UNIT ( ) SI_UNIT ( $, .RADIAN. ) );
#1889 = DIRECTION ( 'NONE',  ( 2.157547753918999831E-13, 0.000000000000000000, 1.000000000000000000 ) ) ;
#1890 = CARTESIAN_POINT ( 'NONE',  ( 0.07016232982554999886, -0.2849262030446000349, -0.09500000001352010282 ) ) ;
#1892 = CARTESIAN_POINT ( 'NONE',  ( 0.2286475299891622126, 0.1056896232561308907, 0.1082923745209723315 ) ) ;
#1891 = DIRECTION ( 'NONE',  ( 0.8660254037844289376, 0.5000000000000169864, 0.000000000000000000 ) ) ;
#1893 = EDGE_CURVE ( 'NONE', #1031, #2022, #9863, .T. ) ;
#1894 = CARTESIAN_POINT ( 'NONE',  ( 0.2279443666757959563, 0.1843653987972766195, -0.09973930958831923876 ) ) ;
#1895 = EDGE_CURVE ( 'NONE', #9249, #587, #3731, .T. ) ;
#1896 = ORIENTED_EDGE ( 'NONE', *, *, #5165, .T. ) ;
#1897 = DIRECTION ( 'NONE',  ( 0.000000000000000000, 0.000000000000000000, -1.000000000000000000 ) ) ;
#1898 = DIRECTION ( 'NONE',  ( 0.000000000000000000, -1.000000000000000000, 0.000000000000000000 ) ) ;
#1899 = ORIENTED_EDGE ( 'NONE', *, *, #7368, .F. ) ;
#1900 = CIRCLE ( 'NONE', #5344, 0.2559999999999999498 ) ;
#1901 = EDGE_CURVE ( 'NONE', #235, #5410, #405, .T. ) ;
#1902 = EDGE_CURVE ( 'NONE', #2541, #78, #3882, .T. ) ;
#1903 =( NAMED_UNIT ( * ) SI_UNIT ( $, .STERADIAN. ) SOLID_ANGLE_UNIT ( ) );
#1904 = DIRECTION ( 'NONE',  ( 0.6691306063588229325, 0.000000000000000000, 0.7431448254774259965 ) ) ;
#1905 = CARTESIAN_POINT ( 'NONE',  ( 0.2017730173515543957, 0.1314739753072954875, -0.1036199001915274892 ) ) ;
#1906 = CARTESIAN_POINT ( 'NONE',  ( -0.05600000000000000810, 0.1879509907278861525, 0.2359483495777309758 ) ) ;
#1907 = VECTOR ( 'NONE', #7958, 39.37007874015748143 ) ;
#1908 = CARTESIAN_POINT ( 'NONE',  ( 0.2379441442761999759, 0.000000000000000000, 0.05750000000000000250 ) ) ;
#1909 = CARTESIAN_POINT ( 'NONE',  ( 0.2146638617338343658, 0.1284825519920450021, -0.1394316805541317705 ) ) ;
#1910 = ORIENTED_EDGE ( 'NONE', *, *, #5418, .T. ) ;
#1911 = LENGTH_MEASURE_WITH_UNIT ( LENGTH_MEASURE( 0.02539999999999999897 ), #6587 );
#1912 = CARTESIAN_POINT ( 'NONE',  ( 0.1918155630515000210, 0.09182050807568996331, 0.1043176567486999856 ) ) ;
#1913 = AXIS2_PLACEMENT_3D ( 'NONE', #3384, #4455, #535 ) ;
#1914 = ORIENTED_EDGE ( 'NONE', *, *, #4777, .F. ) ;
#1915 = EDGE_CURVE ( 'NONE', #2579, #9548, #2948, .T. ) ;
#1916 = DIMENSIONAL_EXPONENTS ( 1.000000000000000000, 0.000000000000000000, 0.000000000000000000, 0.000000000000000000, 0.000000000000000000, 0.000000000000000000, 0.000000000000000000 ) ;
#1917 = EDGE_CURVE ( 'NONE', #4531, #3329, #6243, .T. ) ;
#1918 = UNCERTAINTY_MEASURE_WITH_UNIT (LENGTH_MEASURE( 1.000000000000000082E-05 ), #724, 'distance_accuracy_value', 'NONE');
#1919 = ORIENTED_EDGE ( 'NONE', *, *, #734, .F. ) ;
#1920 = DIRECTION ( 'NONE',  ( 0.7431448254774259965, 0.000000000000000000, 0.6691306063588229325 ) ) ;
#1921 = FACE_OUTER_BOUND ( 'NONE', #453, .T. ) ;
#1922 = PRESENTATION_STYLE_ASSIGNMENT (( #3457 ) ) ;
#1923 = DIMENSIONAL_EXPONENTS ( 1.000000000000000000, 0.000000000000000000, 0.000000000000000000, 0.000000000000000000, 0.000000000000000000, 0.000000000000000000, 0.000000000000000000 ) ;
#1924 = ORIENTED_EDGE ( 'NONE', *, *, #6546, .F. ) ;
#1925 = ORIENTED_EDGE ( 'NONE', *, *, #4781, .T. ) ;
#1926 = AXIS2_PLACEMENT_3D ( 'NONE', #2599, #6658, #4241 ) ;
#1927 = AXIS2_PLACEMENT_3D ( 'NONE', #3466, #7387, #1150 ) ;
#1928 =( NAMED_UNIT ( * ) PLANE_ANGLE_UNIT ( ) SI_UNIT ( $, .RADIAN. ) );
#1929 = CARTESIAN_POINT ( 'NONE',  ( 0.2257378805857000181, 0.05700000000000000205, -0.09468936088067007872 ) ) ;
#1930 = CARTESIAN_POINT ( 'NONE',  ( 0.2249761652542000001, 0.1268247323187999820, -0.003274914884095000197 ) ) ;
#1931 = CARTESIAN_POINT ( 'NONE',  ( -0.005999999999981004903, 0.1890000000000000291, 0.2359227369061000223 ) ) ;
#1932 = CONICAL_SURFACE ( 'NONE', #3238, 0.1200000009759000091, 0.7853981646146668272 ) ;
#1933 = EDGE_LOOP ( 'NONE', ( #6432, #5213, #9140, #7472 ) ) ;
#1934 = FILL_AREA_STYLE ('',( #7483 ) ) ;
#1935 = ORIENTED_EDGE ( 'NONE', *, *, #1759, .T. ) ;
#1936 = VECTOR ( 'NONE', #399, 39.37007874015748143 ) ;
#1937 = CARTESIAN_POINT ( 'NONE',  ( 0.000000000000000000, 0.1890000000000000291, 0.000000000000000000 ) ) ;
#1938 = VECTOR ( 'NONE', #3796, 39.37007874015748143 ) ;
#1939 = MECHANICAL_DESIGN_GEOMETRIC_PRESENTATION_REPRESENTATION (  '', ( #8340 ), #2103 ) ;
#1940 = PRESENTATION_STYLE_ASSIGNMENT (( #8971 ) ) ;
#1941 = DIRECTION ( 'NONE',  ( 0.000000000000000000, -1.000000000000000000, 0.000000000000000000 ) ) ;
#1942 = PRESENTATION_STYLE_ASSIGNMENT (( #9126 ) ) ;
#1943 = AXIS2_PLACEMENT_3D ( 'NONE', #5417, #7016, #1407 ) ;
#1945 = CARTESIAN_POINT ( 'NONE',  ( 0.2283519706985000230, 0.1246118225996999951, 0.1143885191698999909 ) ) ;
#1944 = CARTESIAN_POINT ( 'NONE',  ( -0.008000000000000000167, 0.4210000000000000409, -0.2235999999999999932 ) ) ;
#1946 = DIRECTION ( 'NONE',  ( 0.000000000000000000, 1.000000000000000000, 0.000000000000000000 ) ) ;
#1947 = PRODUCT_DEFINITION ( 'UNKNOWN', '', #7918, #2634 ) ;
#1948 = ORIENTED_EDGE ( 'NONE', *, *, #9427, .T. ) ;
#1949 = FACE_OUTER_BOUND ( 'NONE', #1020, .T. ) ;
#1950 = VERTEX_POINT ( 'NONE', #9278 ) ;
#1951 = CIRCLE ( 'NONE', #7699, 0.01250000000000000243 ) ;
#1952 = DIRECTION ( 'NONE',  ( -9.460008397731000849E-13, 1.000000000000000000, -1.283232620618000079E-12 ) ) ;
#1953 = ADVANCED_FACE ( 'NONE', ( #5276, #634 ), #8413, .T. ) ;
#1954 = CARTESIAN_POINT ( 'NONE',  ( 0.2017354198755446637, 0.09929833144719524274, -0.09963901523980987773 ) ) ;
#1955 = DIRECTION ( 'NONE',  ( 0.000000000000000000, 1.000000000000000000, 0.000000000000000000 ) ) ;
#1956 = CARTESIAN_POINT ( 'NONE',  ( 0.1904722251286978529, 0.09693071466758239330, 0.1197719708804959593 ) ) ;
#1957 = LINE ( 'NONE', #9904, #3078 ) ;
#1958 = DIRECTION ( 'NONE',  ( 1.000000000000000000, 0.000000000000000000, 0.000000000000000000 ) ) ;
#1959 = EDGE_CURVE ( 'NONE', #708, #5281, #9770, .T. ) ;
#1960 = VERTEX_POINT ( 'NONE', #9329 ) ;
#1961 = DIRECTION ( 'NONE',  ( 0.5902450743664918731, 0.5000000000000328626, 0.6337276640529919680 ) ) ;
#1962 = ORIENTED_EDGE ( 'NONE', *, *, #9306, .F. ) ;
#1963 = ORIENTED_EDGE ( 'NONE', *, *, #7662, .F. ) ;
#1964 = CARTESIAN_POINT ( 'NONE',  ( 0.2421625769627498981, 0.1289135344957949014, 0.01314938536282276790 ) ) ;
#1965 = CARTESIAN_POINT ( 'NONE',  ( -0.04950000000000000233, -0.1009999999999999926, -0.2169999999999999984 ) ) ;
#1966 = EDGE_CURVE ( 'NONE', #4755, #8449, #1502, .T. ) ;
#1967 = ADVANCED_FACE ( 'NONE', ( #5376 ), #8789, .T. ) ;
#1968 =( CONVERSION_BASED_UNIT ( 'INCH', #8095 ) LENGTH_UNIT ( ) NAMED_UNIT ( #264 ) );
#1969 = FACE_OUTER_BOUND ( 'NONE', #2513, .T. ) ;
#1970 = ORIENTED_EDGE ( 'NONE', *, *, #5612, .F. ) ;
#1971 = ORIENTED_EDGE ( 'NONE', *, *, #6168, .F. ) ;
#1972 = CYLINDRICAL_SURFACE ( 'NONE', #119, 0.03700000000000000511 ) ;
#1973 = VERTEX_POINT ( 'NONE', #4603 ) ;
#1974 = ORIENTED_EDGE ( 'NONE', *, *, #9432, .T. ) ;
#1975 = PRESENTATION_STYLE_ASSIGNMENT (( #464 ) ) ;
#1976 = DIMENSIONAL_EXPONENTS ( 1.000000000000000000, 0.000000000000000000, 0.000000000000000000, 0.000000000000000000, 0.000000000000000000, 0.000000000000000000, 0.000000000000000000 ) ;
#1977 = AXIS2_PLACEMENT_3D ( 'NONE', #546, #5243, #9767 ) ;
#1978 = SURFACE_STYLE_USAGE ( .BOTH. , #7389 ) ;
#1979 = DIRECTION ( 'NONE',  ( 0.000000000000000000, 1.000000000000000000, 0.000000000000000000 ) ) ;
#1980 = ORIENTED_EDGE ( 'NONE', *, *, #1569, .T. ) ;
#1981 = DIRECTION ( 'NONE',  ( 0.000000000000000000, -1.000000000000000000, 0.000000000000000000 ) ) ;
#1982 = ORIENTED_EDGE ( 'NONE', *, *, #5354, .F. ) ;
#1983 = AXIS2_PLACEMENT_3D ( 'NONE', #2884, #517, #2985 ) ;
#1984 = DIRECTION ( 'NONE',  ( -6.943970635147000394E-14, -1.000000000000000000, 4.358176391232999385E-14 ) ) ;
#1985 = FILL_AREA_STYLE ('',( #8264 ) ) ;
#1986 = DIRECTION ( 'NONE',  ( 1.000000000000000000, 0.000000000000000000, 0.000000000000000000 ) ) ;
#1987 = FILL_AREA_STYLE ('',( #3624 ) ) ;
#1988 = DIMENSIONAL_EXPONENTS ( 1.000000000000000000, 0.000000000000000000, 0.000000000000000000, 0.000000000000000000, 0.000000000000000000, 0.000000000000000000, 0.000000000000000000 ) ;
#1989 = CIRCLE ( 'NONE', #7084, 0.07949999999997992006 ) ;
#1990 = DIRECTION ( 'NONE',  ( 0.000000000000000000, -1.000000000000000000, 0.000000000000000000 ) ) ;
#1991 = DIRECTION ( 'NONE',  ( -0.5321741965290842646, -0.3492748259506886499, 0.7712313015598755150 ) ) ;
#1992 = AXIS2_PLACEMENT_3D ( 'NONE', #2406, #7142, #4714 ) ;
#1993 = ORIENTED_EDGE ( 'NONE', *, *, #7074, .F. ) ;
#1994 = DIRECTION ( 'NONE',  ( 0.000000000000000000, -1.000000000000000000, 0.000000000000000000 ) ) ;
#1995 = CARTESIAN_POINT ( 'NONE',  ( 0.1992259562867274292, 0.1068807002950803720, -0.1046023018075269290 ) ) ;
#1996 = PRESENTATION_LAYER_ASSIGNMENT (  '', '', ( #3629 ) ) ;
#1997 = CARTESIAN_POINT ( 'NONE',  ( 0.2270000000000000073, 0.03950000000000000039, 0.09162240880552008360 ) ) ;
#1998 = CARTESIAN_POINT ( 'NONE',  ( 0.1941902649448916107, 0.1135815549778498856, 0.1136454854630867262 ) ) ;
#1999 = DIRECTION ( 'NONE',  ( -0.8131464833719156404, 0.000000000000000000, 0.5820591005902122639 ) ) ;
#2000 = CARTESIAN_POINT ( 'NONE',  ( 0.04199999999999999567, 0.4210000000000000409, 0.2190000000000000002 ) ) ;
#2001 = ORIENTED_EDGE ( 'NONE', *, *, #9099, .T. ) ;
#2002 = ADVANCED_FACE ( 'NONE', ( #6971 ), #10099, .F. ) ;
#2003 = COLOUR_RGB ( '',0.2509803921568627416, 0.2509803921568627416, 0.2509803921568627416 ) ;
#2004 = VERTEX_POINT ( 'NONE', #1221 ) ;
#2005 = EDGE_CURVE ( 'NONE', #2280, #9715, #1900, .T. ) ;
#2006 = ORIENTED_EDGE ( 'NONE', *, *, #175, .T. ) ;
#2007 = CYLINDRICAL_SURFACE ( 'NONE', #4179, 0.03700000000000000511 ) ;
#2008 = DIRECTION ( 'NONE',  ( 0.000000000000000000, 0.000000000000000000, -1.000000000000000000 ) ) ;
#2009 = DIRECTION ( 'NONE',  ( 0.000000000000000000, 0.000000000000000000, -1.000000000000000000 ) ) ;
#2010 = AXIS2_PLACEMENT_3D ( 'NONE', #2518, #8787, #1749 ) ;
#2011 = PLANE ( 'NONE',  #1452 ) ;
#2012 = EDGE_CURVE ( 'NONE', #8046, #1863, #4360, .T. ) ;
#2013 = DIRECTION ( 'NONE',  ( 0.000000000000000000, -1.000000000000000000, 0.000000000000000000 ) ) ;
#2014 = FILL_AREA_STYLE ('',( #2687 ) ) ;
#2015 = EDGE_CURVE ( 'NONE', #5648, #5816, #2230, .T. ) ;
#2016 = VERTEX_POINT ( 'NONE', #2808 ) ;
#2017 = ORIENTED_EDGE ( 'NONE', *, *, #870, .F. ) ;
#2018 = CARTESIAN_POINT ( 'NONE',  ( 0.000000000000000000, -0.2350000000000000144, 0.000000000000000000 ) ) ;
#2019 = VERTEX_POINT ( 'NONE', #8939 ) ;
#2020 = EDGE_CURVE ( 'NONE', #730, #9017, #5682, .T. ) ;
#2021 = EDGE_CURVE ( 'NONE', #670, #925, #503, .T. ) ;
#2022 = VERTEX_POINT ( 'NONE', #1997 ) ;
#2023 = CARTESIAN_POINT ( 'NONE',  ( 0.2092481673369999962, 0.09299999999847992360, -0.1098245419908000092 ) ) ;
#2024 = DIRECTION ( 'NONE',  ( 0.000000000000000000, 1.000000000000000000, 0.000000000000000000 ) ) ;
#2025 = CARTESIAN_POINT ( 'NONE',  ( 0.2249761652542000001, 0.1890000000000000291, 0.003274914884104000376 ) ) ;
#2026 = DIRECTION ( 'NONE',  ( 0.7313537016192318552, -2.608861477543244650E-15, -0.6819983600624328623 ) ) ;
#2027 = TOROIDAL_SURFACE ( 'NONE', #7290, 0.2360000000000000153, 0.02000000000000000042 ) ;
#2028 = CARTESIAN_POINT ( 'NONE',  ( 0.2020708797754881825, 0.09687455527567104263, 0.09896343632784780631 ) ) ;
#2029 = EDGE_CURVE ( 'NONE', #7017, #3920, #6781, .T. ) ;
#2030 = ORIENTED_EDGE ( 'NONE', *, *, #6365, .F. ) ;
#2031 = DIRECTION ( 'NONE',  ( -0.9271838545667919762, 5.556536133988211013E-15, -0.3746065934159009680 ) ) ;
#2032 = ORIENTED_EDGE ( 'NONE', *, *, #366, .F. ) ;
#2033 = EDGE_CURVE ( 'NONE', #9692, #3277, #1731, .T. ) ;
#2034 = LINE ( 'NONE', #3576, #4872 ) ;
#2035 = VECTOR ( 'NONE', #2461, 39.37007874015748854 ) ;
#2036 = AXIS2_PLACEMENT_3D ( 'NONE', #5678, #4905, #2534 ) ;
#2037 = DIRECTION ( 'NONE',  ( 2.064820103010000124E-12, 0.000000000000000000, -1.000000000000000000 ) ) ;
#2038 = CARTESIAN_POINT ( 'NONE',  ( 0.000000000000000000, 0.05700000000000000205, 0.000000000000000000 ) ) ;
#2039 = CARTESIAN_POINT ( 'NONE',  ( 0.000000000000000000, 0.1890000000000000291, 0.000000000000000000 ) ) ;
#2040 = DIRECTION ( 'NONE',  ( 0.000000000000000000, 1.000000000000000000, 0.000000000000000000 ) ) ;
#2041 = DIRECTION ( 'NONE',  ( 0.4443272836235904188, 0.7586418947894849607, -0.4764826759682891932 ) ) ;
#2042 = VERTEX_POINT ( 'NONE', #1275 ) ;
#2043 = DIRECTION ( 'NONE',  ( 0.000000000000000000, 1.000000000000000000, 0.000000000000000000 ) ) ;
#2044 =( GEOMETRIC_REPRESENTATION_CONTEXT ( 3 ) GLOBAL_UNCERTAINTY_ASSIGNED_CONTEXT ( ( #2729 ) ) GLOBAL_UNIT_ASSIGNED_CONTEXT ( ( #2868, #5639, #601 ) ) REPRESENTATION_CONTEXT ( 'NONE', 'WORKASPACE' ) );
#2045 = CIRCLE ( 'NONE', #4012, 0.03899999999999999994 ) ;
#2046 = ORIENTED_EDGE ( 'NONE', *, *, #9636, .F. ) ;
#2047 = CIRCLE ( 'NONE', #7967, 0.2559999999999998943 ) ;
#2048 = AXIS2_PLACEMENT_3D ( 'NONE', #289, #7442, #7538 ) ;
#2049 = CARTESIAN_POINT ( 'NONE',  ( 0.000000000000000000, 0.09299999999999999933, 0.000000000000000000 ) ) ;
#2050 = PRESENTATION_STYLE_ASSIGNMENT (( #2675 ) ) ;
#2051 = CARTESIAN_POINT ( 'NONE',  ( 0.1926819428007759405, 0.1097837922901685748, 0.1161849600569488522 ) ) ;
#2052 = CIRCLE ( 'NONE', #5989, 0.2340000061842999468 ) ;
#2054 = PLANE ( 'NONE',  #8505 ) ;
#2053 = CARTESIAN_POINT ( 'NONE',  ( -0.006000000000000000125, 0.1640000000000000069, 0.2559296778414000273 ) ) ;
#2055 = PLANE ( 'NONE',  #4713 ) ;
#2056 = ORIENTED_EDGE ( 'NONE', *, *, #1132, .F. ) ;
#2057 = LINE ( 'NONE', #3545, #9348 ) ;
#2058 = DIRECTION ( 'NONE',  ( 0.7431448254774259965, -2.579308513648259790E-16, -0.6691306063588229325 ) ) ;
#2059 = DIMENSIONAL_EXPONENTS ( 1.000000000000000000, 0.000000000000000000, 0.000000000000000000, 0.000000000000000000, 0.000000000000000000, 0.000000000000000000, 0.000000000000000000 ) ;
#2060 = EDGE_LOOP ( 'NONE', ( #159, #2032, #812, #9057, #8310 ) ) ;
#2061 = ORIENTED_EDGE ( 'NONE', *, *, #7377, .F. ) ;
#2062 = CARTESIAN_POINT ( 'NONE',  ( 0.000000000000000000, -0.007000000000000001013, 0.000000000000000000 ) ) ;
#2063 = DIRECTION ( 'NONE',  ( 0.1756316192402035681, 0.000000000000000000, -0.9844559585492201892 ) ) ;
#2064 = CARTESIAN_POINT ( 'NONE',  ( 0.1870042449162999665, 0.05700000000001999995, 0.1579654334929000148 ) ) ;
#2065 = CONICAL_SURFACE ( 'NONE', #1913, 0.05750000000000000250, 0.7853981633972997312 ) ;
#2066 = FILL_AREA_STYLE_COLOUR ( '', #8191 ) ;
#2067 =( GEOMETRIC_REPRESENTATION_CONTEXT ( 3 ) GLOBAL_UNCERTAINTY_ASSIGNED_CONTEXT ( ( #7230 ) ) GLOBAL_UNIT_ASSIGNED_CONTEXT ( ( #8728, #4062, #7201 ) ) REPRESENTATION_CONTEXT ( 'NONE', 'WORKASPACE' ) );
#2068 = ORIENTED_EDGE ( 'NONE', *, *, #4356, .F. ) ;
#2069 = EDGE_LOOP ( 'NONE', ( #7278, #4801, #4532 ) ) ;
#2070 = DIRECTION ( 'NONE',  ( 0.000000000000000000, -1.000000000000000000, 0.000000000000000000 ) ) ;
#2071 = ORIENTED_EDGE ( 'NONE', *, *, #3835, .F. ) ;
#2072 = ORIENTED_EDGE ( 'NONE', *, *, #10004, .F. ) ;
#2073 = CIRCLE ( 'NONE', #8319, 0.2559999999999998943 ) ;
#2074 = CARTESIAN_POINT ( 'NONE',  ( 0.1669484983095000097, -0.007000000000000001013, 0.1790303457727999981 ) ) ;
#2075 = ADVANCED_FACE ( 'NONE', ( #1169 ), #7404, .T. ) ;
#2076 = PLANE ( 'NONE',  #749 ) ;
#2077 = CARTESIAN_POINT ( 'NONE',  ( 0.1834322548758000049, 0.1035358418290000110, -0.1303335780079999950 ) ) ;
#2078 = LINE ( 'NONE', #8306, #2975 ) ;
#2079 = CARTESIAN_POINT ( 'NONE',  ( 0.2154659686373607830, 0.1888975553250787920, 0.1020375144623789643 ) ) ;
#2080 = EDGE_CURVE ( 'NONE', #8581, #94, #9759, .T. ) ;
#2081 = VERTEX_POINT ( 'NONE', #4310 ) ;
#2082 =( LENGTH_UNIT ( ) NAMED_UNIT ( * ) SI_UNIT ( $, .METRE. ) );
#2083 = MECHANICAL_DESIGN_GEOMETRIC_PRESENTATION_REPRESENTATION (  '', ( #7830 ), #5861 ) ;
#2084 = ORIENTED_EDGE ( 'NONE', *, *, #1149, .F. ) ;
#2085 = CIRCLE ( 'NONE', #7832, 0.2500000000000000555 ) ;
#2086 = FACE_OUTER_BOUND ( 'NONE', #5720, .T. ) ;
#2088 = EDGE_CURVE ( 'NONE', #7364, #4778, #9031, .T. ) ;
#2087 = CARTESIAN_POINT ( 'NONE',  ( -0.2462019382530999945, 0.1890000000000000291, 0.04341204441673000153 ) ) ;
#2089 = CARTESIAN_POINT ( 'NONE',  ( 0.04756126883063000604, -0.2650000000000000133, 0.04282435880688000018 ) ) ;
#2090 = DIRECTION ( 'NONE',  ( 0.6691306063590328757, 0.000000000000000000, -0.7431448254772369255 ) ) ;
#2091 = DIRECTION ( 'NONE',  ( 0.000000000000000000, 0.000000000000000000, -1.000000000000000000 ) ) ;
#2092 = COLOUR_RGB ( '',0.9686274509803921573, 0.8784313725490195957, 0.5999999999999999778 ) ;
#2093 = AXIS2_PLACEMENT_3D ( 'NONE', #216, #1920, #1865 ) ;
#2094 = CARTESIAN_POINT ( 'NONE',  ( 0.2435962447044000001, 0.09299999999999999933, 0.02417716611268000415 ) ) ;
#2095 = CIRCLE ( 'NONE', #5718, 0.01149999999999999634 ) ;
#2096 = CARTESIAN_POINT ( 'NONE',  ( -0.2462037304598311271, -3.408505057651452640E-10, -0.04340271340591913413 ) ) ;
#2097 = EDGE_CURVE ( 'NONE', #9849, #846, #2673, .T. ) ;
#2098 = EDGE_LOOP ( 'NONE', ( #3943, #4381, #200, #8602, #8322, #1434, #8531, #5085, #1605 ) ) ;
#2099 = EDGE_CURVE ( 'NONE', #3329, #6964, #1398, .T. ) ;
#2100 = CARTESIAN_POINT ( 'NONE',  ( -0.2406940249214999938, -0.007000000000000001013, 0.04461000069967999831 ) ) ;
#2101 = B_SPLINE_CURVE_WITH_KNOTS ( 'NONE', 3,
 ( #238, #3371, #9698, #7344, #7395, #334 ),
 .UNSPECIFIED., .F., .F.,
 ( 4, 2, 4 ),
 ( 0.000000000000000000, 0.5000000000000000000, 1.000000000000000000 ),
 .UNSPECIFIED. ) ;
#2102 = AXIS2_PLACEMENT_3D ( 'NONE', #5487, #593, #3117 ) ;
#2103 =( GEOMETRIC_REPRESENTATION_CONTEXT ( 3 ) GLOBAL_UNCERTAINTY_ASSIGNED_CONTEXT ( ( #4861 ) ) GLOBAL_UNIT_ASSIGNED_CONTEXT ( ( #6290, #2339, #3307 ) ) REPRESENTATION_CONTEXT ( 'NONE', 'WORKASPACE' ) );
#2104 = CARTESIAN_POINT ( 'NONE',  ( 0.000000000000000000, 0.1890000000000000291, 0.000000000000000000 ) ) ;
#2105 = CARTESIAN_POINT ( 'NONE',  ( -0.2455627920447999990, 0.000000000000000000, -0.04551237334830000175 ) ) ;
#2106 = CARTESIAN_POINT ( 'NONE',  ( 0.2246426264074420087, 0.1294278841037326822, -0.01290308576690813065 ) ) ;
#2107 = CARTESIAN_POINT ( 'NONE',  ( 0.1942926439423000307, 0.1143371685741000066, 0.1134696810162000163 ) ) ;
#2109 = DIRECTION ( 'NONE',  ( 0.000000000000000000, 0.000000000000000000, -1.000000000000000000 ) ) ;
#2108 = FACE_OUTER_BOUND ( 'NONE', #2981, .T. ) ;
#2110 = CIRCLE ( 'NONE', #4243, 0.06249999999999997918 ) ;
#2111 = LINE ( 'NONE', #1282, #2762 ) ;
#2112 = EDGE_LOOP ( 'NONE', ( #2227, #5452, #6138, #732, #5806, #8251, #4453, #3032, #148, #3886 ) ) ;
#2113 = CARTESIAN_POINT ( 'NONE',  ( 0.1954139482904000136, 0.1890000000000000291, -0.1115275249146000097 ) ) ;
#2114 =( LENGTH_UNIT ( ) NAMED_UNIT ( * ) SI_UNIT ( $, .METRE. ) );
#2115 = MECHANICAL_DESIGN_GEOMETRIC_PRESENTATION_REPRESENTATION (  '', ( #4411 ), #5735 ) ;
#2116 = VERTEX_POINT ( 'NONE', #7453 ) ;
#2117 = ORIENTED_EDGE ( 'NONE', *, *, #6611, .F. ) ;
#2118 = CARTESIAN_POINT ( 'NONE',  ( 0.2457334484949214859, 0.1317420771174908078, 0.01079650107380595962 ) ) ;
#2119 = FACE_OUTER_BOUND ( 'NONE', #4136, .T. ) ;
#2120 = VECTOR ( 'NONE', #3395, 39.37007874015748143 ) ;
#2121 = CARTESIAN_POINT ( 'NONE',  ( 0.08840715604615000112, 0.1689999999999999836, 0.2188153896778000096 ) ) ;
#2122 = DIRECTION ( 'NONE',  ( -0.3746065934146921017, 3.653051157460920857E-13, -0.9271838545672802523 ) ) ;
#2123 = ORIENTED_EDGE ( 'NONE', *, *, #7071, .T. ) ;
#2124 = EDGE_LOOP ( 'NONE', ( #5779, #3570, #4441, #5533 ) ) ;
#2125 = CARTESIAN_POINT ( 'NONE',  ( 0.1808205123181000074, 0.05700000000000000205, 0.06455960288777008727 ) ) ;
#2126 = ORIENTED_EDGE ( 'NONE', *, *, #4765, .T. ) ;
#2127 = VERTEX_POINT ( 'NONE', #394 ) ;
#2128 = CARTESIAN_POINT ( 'NONE',  ( 0.2270000000000000073, -0.0005000000000000000104, -0.1448810599014000167 ) ) ;
#2129 = DIRECTION ( 'NONE',  ( 0.000000000000000000, -1.000000000000000000, 4.367042432926000050E-14 ) ) ;
#2130 = CARTESIAN_POINT ( 'NONE',  ( -0.2379476876305000044, 0.1849999999999999978, -0.04410099716910000078 ) ) ;
#2131 = LINE ( 'NONE', #1354, #5002 ) ;
#2132 = DIRECTION ( 'NONE',  ( 0.7916997824685098051, 0.000000000000000000, -0.6109103489378079344 ) ) ;
#2133 = CARTESIAN_POINT ( 'NONE',  ( -0.05600000000000000810, 0.09299999999999999933, 0.2179197099850999908 ) ) ;
#2134 = SURFACE_STYLE_USAGE ( .BOTH. , #8601 ) ;
#2135 = ORIENTED_EDGE ( 'NONE', *, *, #3002, .F. ) ;
#2136 = CARTESIAN_POINT ( 'NONE',  ( 0.05099999999999999672, 0.1890000000000000291, -0.2304235919856000014 ) ) ;
#2137 = ORIENTED_EDGE ( 'NONE', *, *, #5686, .T. ) ;
#2138 = ADVANCED_FACE ( 'NONE', ( #9806 ), #6267, .T. ) ;
#2139 = MECHANICAL_DESIGN_GEOMETRIC_PRESENTATION_REPRESENTATION (  '', ( #9522 ), #3776 ) ;
#2140 = DIRECTION ( 'NONE',  ( 0.000000000000000000, 0.000000000000000000, 1.000000000000000000 ) ) ;
#2141 = EDGE_CURVE ( 'NONE', #1960, #498, #6326, .T. ) ;
#2142 = DIRECTION ( 'NONE',  ( -1.000000000000000000, 0.000000000000000000, 9.240114396941000479E-14 ) ) ;
#2143 = SURFACE_SIDE_STYLE ('',( #9945 ) ) ;
#2144 = LENGTH_MEASURE_WITH_UNIT ( LENGTH_MEASURE( 0.02539999999999999897 ), #2899 );
#2145 = LINE ( 'NONE', #529, #7267 ) ;
#2146 = CARTESIAN_POINT ( 'NONE',  ( 0.07558919994763996231, -0.2816227460305000263, 0.09499999995430000177 ) ) ;
#2147 = ORIENTED_EDGE ( 'NONE', *, *, #4027, .F. ) ;
#2148 = CARTESIAN_POINT ( 'NONE',  ( 0.2037466423580999997, 0.1690000188652999724, -0.1549945445525000021 ) ) ;
#2149 = ORIENTED_EDGE ( 'NONE', *, *, #5532, .T. ) ;
#2150 = EDGE_CURVE ( 'NONE', #587, #511, #10009, .T. ) ;
#2151 = FACE_OUTER_BOUND ( 'NONE', #8642, .T. ) ;
#2152 = EDGE_CURVE ( 'NONE', #792, #7658, #8952, .T. ) ;
#2153 = LENGTH_MEASURE_WITH_UNIT ( LENGTH_MEASURE( 0.02539999999999999897 ), #590 );
#2154 = AXIS2_PLACEMENT_3D ( 'NONE', #7491, #3479, #1213 ) ;
#2155 = EDGE_CURVE ( 'NONE', #498, #1357, #2661, .T. ) ;
#2156 = CARTESIAN_POINT ( 'NONE',  ( 0.2244918899669000323, 0.1246118225996999951, 0.01511262184679000066 ) ) ;
#2157 = COLOUR_RGB ( '',0.2509803921568627416, 0.2509803921568627416, 0.2509803921568627416 ) ;
#2159 = SURFACE_STYLE_FILL_AREA ( #9809 ) ;
#2158 = CARTESIAN_POINT ( 'NONE',  ( 0.01200000000000000025, 0.4210000000000000409, -0.2235999999999999932 ) ) ;
#2160 = CARTESIAN_POINT ( 'NONE',  ( 0.2475000000000000255, 0.4385000000000000009, 0.000000000000000000 ) ) ;
#2161 = ORIENTED_EDGE ( 'NONE', *, *, #5674, .F. ) ;
#2162 = CARTESIAN_POINT ( 'NONE',  ( 0.08124038404636003963, -0.2880000000000000338, -0.09500000000000001499 ) ) ;
#2163 = DIRECTION ( 'NONE',  ( 1.000000000000000000, 0.000000000000000000, 0.000000000000000000 ) ) ;
#2164 = VERTEX_POINT ( 'NONE', #7002 ) ;
#2165 = STYLED_ITEM ( 'NONE', ( #9837 ), #9852 ) ;
#2166 = ORIENTED_EDGE ( 'NONE', *, *, #862, .T. ) ;
#2167 = CARTESIAN_POINT ( 'NONE',  ( 0.2381001648025474204, 0.1266278731512087419, 0.01439478756138385870 ) ) ;
#2168 = CARTESIAN_POINT ( 'NONE',  ( 0.2047651328491999767, 0.1143371685741000066, -0.1182212045712000004 ) ) ;
#2169 = CARTESIAN_POINT ( 'NONE',  ( 0.000000000000000000, 0.05700000000000000205, 0.000000000000000000 ) ) ;
#2170 = STYLED_ITEM ( 'NONE', ( #831 ), #10136 ) ;
#2171 = DIRECTION ( 'NONE',  ( -0.000000000000000000, 1.000000000000000000, 0.000000000000000000 ) ) ;
#2172 = LINE ( 'NONE', #9874, #945 ) ;
#2173 =( NAMED_UNIT ( * ) PLANE_ANGLE_UNIT ( ) SI_UNIT ( $, .RADIAN. ) );
#2174 = CARTESIAN_POINT ( 'NONE',  ( -0.05600000000000000810, 0.1890000000000000291, 0.2179197099850999908 ) ) ;
#2175 = ORIENTED_EDGE ( 'NONE', *, *, #2964, .T. ) ;
#2176 = ORIENTED_EDGE ( 'NONE', *, *, #6174, .T. ) ;
#2177 = VERTEX_POINT ( 'NONE', #1444 ) ;
#2178 = ORIENTED_EDGE ( 'NONE', *, *, #2283, .T. ) ;
#2179 = LENGTH_MEASURE_WITH_UNIT ( LENGTH_MEASURE( 0.02539999999999999897 ), #8452 );
#2180 = CIRCLE ( 'NONE', #2507, 0.01700002223117001027 ) ;
#2181 = LINE ( 'NONE', #8696, #3885 ) ;
#2182 = FACE_OUTER_BOUND ( 'NONE', #5358, .T. ) ;
#2183 = LENGTH_MEASURE_WITH_UNIT ( LENGTH_MEASURE( 0.02539999999999999897 ), #8978 );
#2184 = DIRECTION ( 'NONE',  ( 0.9832549075638536973, 1.784347659900914685E-13, 0.1822355254926914525 ) ) ;
#2185 = CARTESIAN_POINT ( 'NONE',  ( -0.08124038389382991221, -0.1110000000000000014, -0.09500000004726004421 ) ) ;
#2186 = PRESENTATION_STYLE_ASSIGNMENT (( #2134 ) ) ;
#2187 = ORIENTED_EDGE ( 'NONE', *, *, #1186, .T. ) ;
#2188 =( NAMED_UNIT ( * ) SI_UNIT ( $, .STERADIAN. ) SOLID_ANGLE_UNIT ( ) );
#2189 = EDGE_LOOP ( 'NONE', ( #9295, #3031, #982 ) ) ;
#2190 = PRESENTATION_LAYER_ASSIGNMENT (  '', '', ( #1522 ) ) ;
#2191 = DIRECTION ( 'NONE',  ( -0.3746065933982151153, -1.556068199534065179E-11, -0.9271838545739373716 ) ) ;
#2192 = SURFACE_SIDE_STYLE ('',( #8410 ) ) ;
#2193 = LINE ( 'NONE', #3729, #3521 ) ;
#2194 = DIRECTION ( 'NONE',  ( -0.6691306063590328757, 0.000000000000000000, -0.7431448254772369255 ) ) ;
#2195 = FILL_AREA_STYLE_COLOUR ( '', #2805 ) ;
#2196 = ORIENTED_EDGE ( 'NONE', *, *, #3600, .F. ) ;
#2197 = CARTESIAN_POINT ( 'NONE',  ( 0.1975510344010683039, 0.1880010365132250005, -0.1402603617603228325 ) ) ;
#2198 = ADVANCED_FACE ( 'NONE', ( #9353 ), #2317, .T. ) ;
#2199 =( GEOMETRIC_REPRESENTATION_CONTEXT ( 3 ) GLOBAL_UNCERTAINTY_ASSIGNED_CONTEXT ( ( #3138 ) ) GLOBAL_UNIT_ASSIGNED_CONTEXT ( ( #3828, #5375, #6192 ) ) REPRESENTATION_CONTEXT ( 'NONE', 'WORKASPACE' ) );
#2200 = DIRECTION ( 'NONE',  ( 0.000000000000000000, -1.000000000000000000, 0.000000000000000000 ) ) ;
#2201 = DIRECTION ( 'NONE',  ( 1.000000000000000000, 0.000000000000000000, 0.000000000000000000 ) ) ;
#2202 = ADVANCED_FACE ( 'NONE', ( #7314 ), #4015, .T. ) ;
#2203 = EDGE_CURVE ( 'NONE', #6557, #1320, #3449, .T. ) ;
#2205 = CARTESIAN_POINT ( 'NONE',  ( 0.2248141044396890498, 0.1009931229106202921, -0.009185619607340331574 ) ) ;
#2204 = CARTESIAN_POINT ( 'NONE',  ( 0.2494589144528999991, 0.000000000000000000, 0.05750000000000000250 ) ) ;
#2206 = AXIS2_PLACEMENT_3D ( 'NONE', #6672, #6517, #5749 ) ;
#2207 = AXIS2_PLACEMENT_3D ( 'NONE', #5580, #1785, #8873 ) ;
#2208 = DIRECTION ( 'NONE',  ( 0.000000000000000000, 1.000000000000000000, 0.000000000000000000 ) ) ;
#2209 = ORIENTED_EDGE ( 'NONE', *, *, #569, .F. ) ;
#2210 = CARTESIAN_POINT ( 'NONE',  ( 0.000000000000000000, 0.08900000000000000966, 0.000000000000000000 ) ) ;
#2211 = CARTESIAN_POINT ( 'NONE',  ( 0.2416809237224001594, 0.1806233514718999511, 0.09252003402421010714 ) ) ;
#2212 = ADVANCED_FACE ( 'NONE', ( #4945 ), #8791, .T. ) ;
#2213 = EDGE_LOOP ( 'NONE', ( #9324, #3313, #6023, #4520 ) ) ;
#2214 = VECTOR ( 'NONE', #5169, 39.37007874015748143 ) ;
#2215 = AXIS2_PLACEMENT_3D ( 'NONE', #2038, #527, #5324 ) ;
#2216 = STYLED_ITEM ( 'NONE', ( #8754 ), #3154 ) ;
#2217 = VECTOR ( 'NONE', #4815, 39.37007874015748854 ) ;
#2218 = ORIENTED_EDGE ( 'NONE', *, *, #8178, .T. ) ;
#2219 = CARTESIAN_POINT ( 'NONE',  ( 0.2043819952930999995, 0.000000000000000000, -0.1180000000000000077 ) ) ;
#2220 = CARTESIAN_POINT ( 'NONE',  ( 0.2018713604684643781, 0.1313978253324311063, 0.1037000950965696056 ) ) ;
#2221 = DIRECTION ( 'NONE',  ( -4.950994569274000038E-13, -1.000000000000000000, 0.000000000000000000 ) ) ;
#2222 = PLANE ( 'NONE',  #4858 ) ;
#2223 = DIRECTION ( 'NONE',  ( 0.000000000000000000, 0.000000000000000000, 1.000000000000000000 ) ) ;
#2224 = CARTESIAN_POINT ( 'NONE',  ( 0.000000000000000000, 0.09299999999999999933, 0.000000000000000000 ) ) ;
#2225 = CARTESIAN_POINT ( 'NONE',  ( 0.05127699295793999162, -0.2849999999999999756, 0.04617001183875999587 ) ) ;
#2226 = EDGE_CURVE ( 'NONE', #2022, #2992, #5609, .T. ) ;
#2227 = ORIENTED_EDGE ( 'NONE', *, *, #9617, .T. ) ;
#2228 = EDGE_CURVE ( 'NONE', #3282, #7232, #1148, .T. ) ;
#2229 = ORIENTED_EDGE ( 'NONE', *, *, #2459, .F. ) ;
#2230 = CIRCLE ( 'NONE', #565, 0.2447931081451000246 ) ;
#2231 = ORIENTED_EDGE ( 'NONE', *, *, #568, .F. ) ;
#2232 = FILL_AREA_STYLE ('',( #9361 ) ) ;
#2233 = CARTESIAN_POINT ( 'NONE',  ( 0.000000000000000000, -0.09099999999999999756, 0.000000000000000000 ) ) ;
#2234 = DIRECTION ( 'NONE',  ( 0.000000000000000000, 1.000000000000000000, 0.000000000000000000 ) ) ;
#2235 = CARTESIAN_POINT ( 'NONE',  ( 0.2285642703448884094, 0.1012219864335903025, 0.1067651539428198793 ) ) ;
#2236 =( NAMED_UNIT ( * ) SI_UNIT ( $, .STERADIAN. ) SOLID_ANGLE_UNIT ( ) );
#2237 = CARTESIAN_POINT ( 'NONE',  ( -0.08755715669137008328, -0.007000000000000001013, -0.2405613109212000056 ) ) ;
#2238 = CARTESIAN_POINT ( 'NONE',  ( 0.000000000000000000, 0.000000000000000000, 0.000000000000000000 ) ) ;
#2239 = ORIENTED_EDGE ( 'NONE', *, *, #883, .T. ) ;
#2240 = CARTESIAN_POINT ( 'NONE',  ( 0.2431227561771000245, 0.07744896146032007045, 0.02863635465768999896 ) ) ;
#2241 = EDGE_LOOP ( 'NONE', ( #7113, #8430, #1134, #6256, #1496, #5624, #1164, #155, #461 ) ) ;
#2242 = COLOUR_RGB ( '',0.2509803921568627416, 0.2509803921568627416, 0.2509803921568627416 ) ;
#2243 = CARTESIAN_POINT ( 'NONE',  ( 0.002000000000000000042, 0.1740000000000000158, 0.2249911109355000050 ) ) ;
#2244 = CARTESIAN_POINT ( 'NONE',  ( 0.000000000000000000, -0.2600000000000000089, 0.000000000000000000 ) ) ;
#2245 = DIRECTION ( 'NONE',  ( -1.000000000000000000, 0.000000000000000000, 0.000000000000000000 ) ) ;
#2246 = CYLINDRICAL_SURFACE ( 'NONE', #8111, 0.2249999999999999778 ) ;
#2247 = CARTESIAN_POINT ( 'NONE',  ( -0.006000000000000000992, 0.1849335088769254454, -0.2480858665603601909 ) ) ;
#2248 = CARTESIAN_POINT ( 'NONE',  ( 0.2189530280448829247, 0.1340232401376025839, 0.1352411771470509172 ) ) ;
#2249 = ORIENTED_EDGE ( 'NONE', *, *, #8997, .F. ) ;
#2250 = SURFACE_SIDE_STYLE ('',( #7598 ) ) ;
#2251 = STYLED_ITEM ( 'NONE', ( #9014 ), #6626 ) ;
#2252 = SURFACE_STYLE_FILL_AREA ( #1527 ) ;
#2253 = DIRECTION ( 'NONE',  ( 0.7431448254773762585, 0.000000000000000000, 0.6691306063588782216 ) ) ;
#2254 = CARTESIAN_POINT ( 'NONE',  ( -2.338355432896000156E-09, 0.1799999999389999827, 5.781357068225000228E-09 ) ) ;
#2256 = CARTESIAN_POINT ( 'NONE',  ( -0.2245361687121000260, 0.1849999999999999978, -0.03959178468651999849 ) ) ;
#2255 = FACE_OUTER_BOUND ( 'NONE', #4316, .T. ) ;
#2257 = CARTESIAN_POINT ( 'NONE',  ( 0.000000000000000000, 0.1890000000000000291, 0.000000000000000000 ) ) ;
#2258 = ORIENTED_EDGE ( 'NONE', *, *, #4168, .F. ) ;
#2259 = CARTESIAN_POINT ( 'NONE',  ( 0.2416809237223999929, 0.1806233514719000066, -0.09252003402422008527 ) ) ;
#2260 =( NAMED_UNIT ( * ) PLANE_ANGLE_UNIT ( ) SI_UNIT ( $, .RADIAN. ) );
#2261 = AXIS2_PLACEMENT_3D ( 'NONE', #1094, #7327, #8902 ) ;
#2262 = ORIENTED_EDGE ( 'NONE', *, *, #690, .T. ) ;
#2263 = CIRCLE ( 'NONE', #8016, 0.2559999999999999498 ) ;
#2264 = ADVANCED_FACE ( 'NONE', ( #7981 ), #8895, .F. ) ;
#2265 = AXIS2_PLACEMENT_3D ( 'NONE', #8682, #6804, #4479 ) ;
#2266 = EDGE_LOOP ( 'NONE', ( #1675, #1463, #9130, #6978 ) ) ;
#2267 = CARTESIAN_POINT ( 'NONE',  ( 0.1999061164608461894, 0.1851507277478544600, 0.1464792395802556324 ) ) ;
#2268 = LINE ( 'NONE', #8636, #3488 ) ;
#2269 = AXIS2_PLACEMENT_3D ( 'NONE', #9138, #398, #5183 ) ;
#2270 = EDGE_CURVE ( 'NONE', #1520, #699, #2057, .T. ) ;
#2271 = TOROIDAL_SURFACE ( 'NONE', #7027, 0.02000000000000000042, 0.01149999999999999981 ) ;
#2272 = DIRECTION ( 'NONE',  ( 0.000000000000000000, -1.000000000000000000, 0.000000000000000000 ) ) ;
#2273 = VECTOR ( 'NONE', #167, 39.37007874015748143 ) ;
#2274 =( CONVERSION_BASED_UNIT ( 'INCH', #7823 ) LENGTH_UNIT ( ) NAMED_UNIT ( #3420 ) );
#2275 = FILL_AREA_STYLE_COLOUR ( '', #77 ) ;
#2276 = LINE ( 'NONE', #6075, #6049 ) ;
#2277 = ORIENTED_EDGE ( 'NONE', *, *, #1519, .T. ) ;
#2278 = AXIS2_PLACEMENT_3D ( 'NONE', #9714, #4029, #7409 ) ;
#2279 = ORIENTED_EDGE ( 'NONE', *, *, #3139, .T. ) ;
#2280 = VERTEX_POINT ( 'NONE', #9961 ) ;
#2281 = CARTESIAN_POINT ( 'NONE',  ( -0.08550503583141004504, -0.09099999999999999756, -0.2349231551965000053 ) ) ;
#2282 = EDGE_CURVE ( 'NONE', #10162, #9249, #4933, .T. ) ;
#2283 = EDGE_CURVE ( 'NONE', #5429, #5112, #6790, .T. ) ;
#2284 = CARTESIAN_POINT ( 'NONE',  ( 0.2578864767474759456, 0.1357521310563098993, 0.003257468237092899909 ) ) ;
#2285 = CYLINDRICAL_SURFACE ( 'NONE', #8543, 0.01149999999999999981 ) ;
#2286 = CARTESIAN_POINT ( 'NONE',  ( 0.1816389278424999920, 0.09299999999999999933, -0.1327866706120000018 ) ) ;
#2287 = CARTESIAN_POINT ( 'NONE',  ( 0.03200000000000000067, 0.1890000000000000291, -0.2227128195682000211 ) ) ;
#2288 = CARTESIAN_POINT ( 'NONE',  ( 0.2247836268762000156, 0.1160680979237000143, -0.009876837114716005214 ) ) ;
#2289 = LINE ( 'NONE', #6867, #5384 ) ;
#2290 = ORIENTED_EDGE ( 'NONE', *, *, #3388, .F. ) ;
#2291 = CARTESIAN_POINT ( 'NONE',  ( 0.2435962447044000001, 0.09299999999998996569, 0.02417716611269000310 ) ) ;
#2292 = SURFACE_SIDE_STYLE ('',( #2443 ) ) ;
#2293 = SURFACE_STYLE_FILL_AREA ( #3049 ) ;
#2294 = CYLINDRICAL_SURFACE ( 'NONE', #188, 0.2560000000000000053 ) ;
#2295 = CARTESIAN_POINT ( 'NONE',  ( 0.2434149904412354903, 0.1298600785116922063, -0.01246710409032508390 ) ) ;
#2296 = ORIENTED_EDGE ( 'NONE', *, *, #3977, .T. ) ;
#2297 =( LENGTH_UNIT ( ) NAMED_UNIT ( * ) SI_UNIT ( $, .METRE. ) );
#2298 = VERTEX_POINT ( 'NONE', #7559 ) ;
#2299 = ORIENTED_EDGE ( 'NONE', *, *, #9940, .T. ) ;
#2300 =( CONVERSION_BASED_UNIT ( 'INCH', #9439 ) LENGTH_UNIT ( ) NAMED_UNIT ( #7445 ) );
#2301 = FACE_OUTER_BOUND ( 'NONE', #2563, .T. ) ;
#2302 = CARTESIAN_POINT ( 'NONE',  ( 0.2043819952930999995, 0.1890000000000000291, 0.1180000000000000077 ) ) ;
#2303 =( NAMED_UNIT ( * ) PLANE_ANGLE_UNIT ( ) SI_UNIT ( $, .RADIAN. ) );
#2304 = CARTESIAN_POINT ( 'NONE',  ( 0.2249999958302000003, 0.09586155062732991394, -6.965797847810000671E-10 ) ) ;
#2305 = EDGE_LOOP ( 'NONE', ( #9261, #2517, #5803, #8786 ) ) ;
#2306 = CARTESIAN_POINT ( 'NONE',  ( 0.2154758557225999460, 0.1899449464299999835, -0.09161427446367008398 ) ) ;
#2307 = VERTEX_POINT ( 'NONE', #9141 ) ;
#2308 = CARTESIAN_POINT ( 'NONE',  ( 0.2010554551903000753, 0.1674787285196999986, 0.1618515244379000462 ) ) ;
#2309 = DIRECTION ( 'NONE',  ( 0.6815563051467172784, 0.000000000000000000, -0.7317656748678191825 ) ) ;
#2310 = EDGE_LOOP ( 'NONE', ( #62, #1419, #1970, #8335, #5245 ) ) ;
#2311 = DIRECTION ( 'NONE',  ( 0.000000000000000000, 1.000000000000000000, 0.000000000000000000 ) ) ;
#2312 = STYLED_ITEM ( 'NONE', ( #5182 ), #9248 ) ;
#2313 = VERTEX_POINT ( 'NONE', #4422 ) ;
#2314 = CARTESIAN_POINT ( 'NONE',  ( 0.2063035974967212804, 0.1284933427197104683, 0.1036260515940146260 ) ) ;
#2315 = EDGE_CURVE ( 'NONE', #1799, #925, #1813, .T. ) ;
#2316 = CIRCLE ( 'NONE', #6425, 0.02000000000000000389 ) ;
#2317 = PLANE ( 'NONE',  #5091 ) ;
#2318 = CARTESIAN_POINT ( 'NONE',  ( 0.2514784676972999233, 0.1889420395008000186, 0.000000000000000000 ) ) ;
#2319 = LINE ( 'NONE', #706, #8032 ) ;
#2320 = VECTOR ( 'NONE', #2850, 39.37007874015748143 ) ;
#2321 = ORIENTED_EDGE ( 'NONE', *, *, #4854, .T. ) ;
#2322 = ORIENTED_EDGE ( 'NONE', *, *, #3766, .T. ) ;
#2323 = EDGE_CURVE ( 'NONE', #2715, #6845, #8233, .T. ) ;
#2324 = UNCERTAINTY_MEASURE_WITH_UNIT (LENGTH_MEASURE( 1.000000000000000082E-05 ), #6325, 'distance_accuracy_value', 'NONE');
#2325 = VERTEX_POINT ( 'NONE', #9196 ) ;
#2326 = SURFACE_STYLE_USAGE ( .BOTH. , #8497 ) ;
#2327 = COLOUR_RGB ( '',0.2509803921568627416, 0.2509803921568627416, 0.2509803921568627416 ) ;
#2328 = CARTESIAN_POINT ( 'NONE',  ( 0.2554527683558094342, 0.1276939258519112219, -0.01387102137419401332 ) ) ;
#2329 = LENGTH_MEASURE_WITH_UNIT ( LENGTH_MEASURE( 0.02539999999999999897 ), #2483 );
#2330 = EDGE_CURVE ( 'NONE', #6964, #863, #401, .T. ) ;
#2331 = EDGE_CURVE ( 'NONE', #7417, #522, #5756, .T. ) ;
#2332 = CARTESIAN_POINT ( 'NONE',  ( 0.2247166049403813148, 0.1087765649643069460, 0.01153405908936435027 ) ) ;
#2333 = PLANE ( 'NONE',  #6996 ) ;
#2334 = CARTESIAN_POINT ( 'NONE',  ( 0.1698175916556000087, 0.1849999999999999978, -0.1821070717032000075 ) ) ;
#2335 = VERTEX_POINT ( 'NONE', #9088 ) ;
#2336 = DIRECTION ( 'NONE',  ( 0.000000000000000000, -1.000000000000000000, 7.771561172375999857E-14 ) ) ;
#2337 = EDGE_CURVE ( 'NONE', #9831, #8249, #4367, .T. ) ;
#2338 = EDGE_CURVE ( 'NONE', #7200, #1044, #9686, .T. ) ;
#2339 =( NAMED_UNIT ( * ) PLANE_ANGLE_UNIT ( ) SI_UNIT ( $, .RADIAN. ) );
#2340 = DIRECTION ( 'NONE',  ( 0.000000000000000000, 0.000000000000000000, -1.000000000000000000 ) ) ;
#2341 = DIRECTION ( 'NONE',  ( 6.966212383843874643E-13, 1.000000000000000000, -1.722771641004526840E-12 ) ) ;
#2342 = DIRECTION ( 'NONE',  ( 0.000000000000000000, 1.000000000000000000, 0.000000000000000000 ) ) ;
#2343 = CARTESIAN_POINT ( 'NONE',  ( 0.2252072587292351658, 0.1355439868544077997, 0.1255748172903303761 ) ) ;
#2344 = ORIENTED_EDGE ( 'NONE', *, *, #1256, .F. ) ;
#2345 = TOROIDAL_SURFACE ( 'NONE', #1360, 0.2360000000000000153, 0.02000000000000000042 ) ;
#2346 = AXIS2_PLACEMENT_3D ( 'NONE', #5134, #5954, #3694 ) ;
#2347 =( CONVERSION_BASED_UNIT ( 'INCH', #1420 ) LENGTH_UNIT ( ) NAMED_UNIT ( #325 ) );
#2348 = ORIENTED_EDGE ( 'NONE', *, *, #8254, .F. ) ;
#2349 = ADVANCED_FACE ( 'NONE', ( #3597 ), #6692, .F. ) ;
#2350 = ADVANCED_FACE ( 'NONE', ( #1176 ), #9539, .T. ) ;
#2351 = ORIENTED_EDGE ( 'NONE', *, *, #7750, .F. ) ;
#2352 = CARTESIAN_POINT ( 'NONE',  ( 0.2072737847963000146, 0.09300000877803997479, 0.1202204296610000084 ) ) ;
#2353 = PLANE ( 'NONE',  #571 ) ;
#2354 = CARTESIAN_POINT ( 'NONE',  ( 0.2043819952930999995, 0.05700000000000000205, -0.1180000000000000077 ) ) ;
#2355 = DIRECTION ( 'NONE',  ( -7.073921028522809958E-13, -1.000000000000000000, -3.381461189453000075E-13 ) ) ;
#2357 = DIRECTION ( 'NONE',  ( 0.000000000000000000, 1.000000000000000000, 0.000000000000000000 ) ) ;
#2356 = CARTESIAN_POINT ( 'NONE',  ( 0.2247204899075999907, 0.1119345429094000116, 0.01121166426958000034 ) ) ;
#2358 = ORIENTED_EDGE ( 'NONE', *, *, #5038, .F. ) ;
#2359 = CARTESIAN_POINT ( 'NONE',  ( 0.2187001666901000896, 0.1674787285195998843, -0.08394554771394005521 ) ) ;
#2360 = ORIENTED_EDGE ( 'NONE', *, *, #4987, .T. ) ;
#2361 = CARTESIAN_POINT ( 'NONE',  ( 0.2494970411643997465, 0.1806233514718999511, 0.1157480310545000585 ) ) ;
#2362 = CIRCLE ( 'NONE', #4331, 0.2250000000000000333 ) ;
#2363 = CARTESIAN_POINT ( 'NONE',  ( 0.000000000000000000, -0.4030000000000000249, 0.000000000000000000 ) ) ;
#2364 = ORIENTED_EDGE ( 'NONE', *, *, #5298, .F. ) ;
#2365 = CARTESIAN_POINT ( 'NONE',  ( 0.2179440979257563082, 0.1312665319306508538, -0.1128275381313244147 ) ) ;
#2366 = ORIENTED_EDGE ( 'NONE', *, *, #6228, .T. ) ;
#2367 = CARTESIAN_POINT ( 'NONE',  ( 0.2149924471432761441, 0.1276499241507584037, 0.1080835732579000091 ) ) ;
#2368 = VECTOR ( 'NONE', #8401, 39.37007874015748854 ) ;
#2369 = CARTESIAN_POINT ( 'NONE',  ( 0.2379441442761999759, 0.000000000000000000, -0.05750000000000000250 ) ) ;
#2370 = DIRECTION ( 'NONE',  ( -0.000000000000000000, 1.000000000000000000, 0.000000000000000000 ) ) ;
#2371 = DIRECTION ( 'NONE',  ( 0.9111740151795680864, 0.000000000000000000, 0.4120217397923855440 ) ) ;
#2372 = LINE ( 'NONE', #156, #1521 ) ;
#2373 = ORIENTED_EDGE ( 'NONE', *, *, #742, .F. ) ;
#2374 =( GEOMETRIC_REPRESENTATION_CONTEXT ( 3 ) GLOBAL_UNCERTAINTY_ASSIGNED_CONTEXT ( ( #1918 ) ) GLOBAL_UNIT_ASSIGNED_CONTEXT ( ( #724, #4644, #9477 ) ) REPRESENTATION_CONTEXT ( 'NONE', 'WORKASPACE' ) );
#2375 = ORIENTED_EDGE ( 'NONE', *, *, #10004, .T. ) ;
#2376 = AXIS2_PLACEMENT_3D ( 'NONE', #63, #8808, #6499 ) ;
#2377 = AXIS2_PLACEMENT_3D ( 'NONE', #139, #963, #7806 ) ;
#2378 = VERTEX_POINT ( 'NONE', #3175 ) ;
#2379 = CARTESIAN_POINT ( 'NONE',  ( 0.000000000000000000, 0.1849999999999999978, 0.000000000000000000 ) ) ;
#2380 = CARTESIAN_POINT ( 'NONE',  ( 0.2247221663163337102, 0.1062990421227541921, 0.01126403289040943563 ) ) ;
#2381 = CARTESIAN_POINT ( 'NONE',  ( 0.2134146484771846375, 0.1253193704853459434, -0.1404312846511422130 ) ) ;
#2382 = CARTESIAN_POINT ( 'NONE',  ( 0.2539470408647999666, 0.1690000188652999724, -0.03235589164580000149 ) ) ;
#2383 = CARTESIAN_POINT ( 'NONE',  ( 0.000000000000000000, 0.1841728378957999956, 0.000000000000000000 ) ) ;
#2384 = ORIENTED_EDGE ( 'NONE', *, *, #5464, .T. ) ;
#2385 = FILL_AREA_STYLE ('',( #4090 ) ) ;
#2386 =( GEOMETRIC_REPRESENTATION_CONTEXT ( 3 ) GLOBAL_UNCERTAINTY_ASSIGNED_CONTEXT ( ( #2494 ) ) GLOBAL_UNIT_ASSIGNED_CONTEXT ( ( #3936, #6293, #16 ) ) REPRESENTATION_CONTEXT ( 'NONE', 'WORKASPACE' ) );
#2387 = ADVANCED_FACE ( 'NONE', ( #4668 ), #5810, .T. ) ;
#2388 = DIRECTION ( 'NONE',  ( 0.7431448254773314055, 0.000000000000000000, 0.6691306063589280706 ) ) ;
#2389 = CARTESIAN_POINT ( 'NONE',  ( 0.000000000000000000, 0.05700000000000000205, 0.000000000000000000 ) ) ;
#2390 = DIRECTION ( 'NONE',  ( 0.000000000000000000, -1.000000000000000000, 0.000000000000000000 ) ) ;
#2391 = EDGE_CURVE ( 'NONE', #2450, #8694, #9390, .T. ) ;
#2392 = CARTESIAN_POINT ( 'NONE',  ( 0.2446299659518283987, 0.1863950408085200128, -0.02555156202937620968 ) ) ;
#2393 = CARTESIAN_POINT ( 'NONE',  ( 0.2197571009755154847, 0.1346558037755468118, 0.1342973200614696327 ) ) ;
#2394 = ORIENTED_EDGE ( 'NONE', *, *, #4049, .F. ) ;
#2395 = FILL_AREA_STYLE ('',( #5529 ) ) ;
#2396 = AXIS2_PLACEMENT_3D ( 'NONE', #3589, #2765, #343 ) ;
#2397 = VERTEX_POINT ( 'NONE', #5393 ) ;
#2398 = ORIENTED_EDGE ( 'NONE', *, *, #2835, .F. ) ;
#2399 = CARTESIAN_POINT ( 'NONE',  ( 0.000000000000000000, -0.007000000000000001013, 0.000000000000000000 ) ) ;
#2400 = CARTESIAN_POINT ( 'NONE',  ( 0.000000000000000000, -0.2600000000000000089, 0.000000000000000000 ) ) ;
#2401 = CIRCLE ( 'NONE', #6344, 0.06400000000000001521 ) ;
#2402 = CARTESIAN_POINT ( 'NONE',  ( -0.2458137268910000062, -0.007000000000000001013, 0.04555888137302999824 ) ) ;
#2403 = CARTESIAN_POINT ( 'NONE',  ( 0.2081077123659013650, 0.1056896232562253984, -0.1438683822226775044 ) ) ;
#2404 = EDGE_CURVE ( 'NONE', #4100, #4718, #3836, .T. ) ;
#2405 = EDGE_CURVE ( 'NONE', #3630, #4544, #7948, .T. ) ;
#2407 = CARTESIAN_POINT ( 'NONE',  ( 0.2249998196263967853, 0.09586185582126960369, -0.001561800330632015597 ) ) ;
#2406 = CARTESIAN_POINT ( 'NONE',  ( 0.000000000000000000, -0.2849999999999999756, 0.000000000000000000 ) ) ;
#2408 = CARTESIAN_POINT ( 'NONE',  ( 0.2730000000000000204, 0.000000000000000000, 0.000000000000000000 ) ) ;
#2409 = VERTEX_POINT ( 'NONE', #10016 ) ;
#2410 = CARTESIAN_POINT ( 'NONE',  ( 0.2106434450103814027, 0.1336948882283007789, 0.1310910586516311482 ) ) ;
#2411 = EDGE_LOOP ( 'NONE', ( #3562, #8849, #857, #5369, #6027 ) ) ;
#2412 = ORIENTED_EDGE ( 'NONE', *, *, #4908, .F. ) ;
#2413 =( GEOMETRIC_REPRESENTATION_CONTEXT ( 3 ) GLOBAL_UNCERTAINTY_ASSIGNED_CONTEXT ( ( #3034 ) ) GLOBAL_UNIT_ASSIGNED_CONTEXT ( ( #7528, #1657, #9409 ) ) REPRESENTATION_CONTEXT ( 'NONE', 'WORKASPACE' ) );
#2414 = DIRECTION ( 'NONE',  ( 0.000000000000000000, 1.000000000000000000, 0.000000000000000000 ) ) ;
#2415 = ORIENTED_EDGE ( 'NONE', *, *, #810, .F. ) ;
#2416 = CARTESIAN_POINT ( 'NONE',  ( 0.2123462232365000146, 0.1890000000000000291, 0.1029809762878999974 ) ) ;
#2417 =( NAMED_UNIT ( * ) SI_UNIT ( $, .STERADIAN. ) SOLID_ANGLE_UNIT ( ) );
#2418 =( GEOMETRIC_REPRESENTATION_CONTEXT ( 3 ) GLOBAL_UNCERTAINTY_ASSIGNED_CONTEXT ( ( #2324 ) ) GLOBAL_UNIT_ASSIGNED_CONTEXT ( ( #6325, #1646, #2417 ) ) REPRESENTATION_CONTEXT ( 'NONE', 'WORKASPACE' ) );
#2419 = ORIENTED_EDGE ( 'NONE', *, *, #5025, .F. ) ;
#2420 = FILL_AREA_STYLE ('',( #2275 ) ) ;
#2421 = DIRECTION ( 'NONE',  ( 0.000000000000000000, 0.000000000000000000, 1.000000000000000000 ) ) ;
#2422 = VECTOR ( 'NONE', #339, 39.37007874015748143 ) ;
#2423 = EDGE_LOOP ( 'NONE', ( #8224, #3150, #434, #5295, #3962, #463 ) ) ;
#2424 = ORIENTED_EDGE ( 'NONE', *, *, #8677, .T. ) ;
#2425 = UNCERTAINTY_MEASURE_WITH_UNIT (LENGTH_MEASURE( 1.000000000000000082E-05 ), #4428, 'distance_accuracy_value', 'NONE');
#2426 = CIRCLE ( 'NONE', #287, 0.2249999999999999778 ) ;
#2427 = VECTOR ( 'NONE', #8511, 39.37007874015748854 ) ;
#2428 = EDGE_LOOP ( 'NONE', ( #9967, #9516, #8195, #6802, #221 ) ) ;
#2429 = DIRECTION ( 'NONE',  ( 0.000000000000000000, 1.000000000000000000, 0.000000000000000000 ) ) ;
#2430 = PRESENTATION_LAYER_ASSIGNMENT (  '', '', ( #3740 ) ) ;
#2431 = FACE_OUTER_BOUND ( 'NONE', #9159, .T. ) ;
#2432 = DIRECTION ( 'NONE',  ( -0.000000000000000000, 1.000000000000000000, 0.000000000000000000 ) ) ;
#2433 = CARTESIAN_POINT ( 'NONE',  ( 0.2249998196263967853, 0.09586185582126960369, 0.003117750744306788373 ) ) ;
#2434 = CLOSED_SHELL ( 'NONE', ( #1136, #2581, #3857, #1967, #2075, #7236, #122, #5422, #3197, #6090, #1011, #2, #7386, #1133, #1590, #9484, #5217, #5397, #7934, #1008, #1711, #9180, #1337, #830, #5045, #549, #4349, #4783, #8989, #5653, #3007, #3652, #266, #997, #9190, #614, #10006, #931, #6733, #7727, #9984, #9112, #3338, #8445, #9181, #7112, #5468, #6598, #7742, #954, #6922, #3842, #9797, #8724, #9743, #8624, #2871, #2708, #4476, #5291, #4727, #2763, #751, #9107, #4281, #9371, #3509, #1083, #8885, #2198, #9248, #5730, #1025, #5976, #629, #6727, #3203, #5334, #8748, #3772, #3154, #4984, #5897, #2212, #5151, #8373, #9604, #7557, #3096, #3894, #8806, #1137, #4911, #3641, #815, #4178, #6404, #7923, #9814, #7492, #9091, #4586, #2950, #6273, #5237, #6916, #1953, #8120, #2811, #9304, #9920, #2349, #6745, #5280, #9623, #5914, #8199, #4021, #6746, #7871, #7177, #4774, #1467, #8053, #4855, #1638, #9799, #8067, #3073, #9852, #3462, #5238, #943, #6345, #1704, #9192, #7561, #4641, #361, #2264, #6288, #7429, #5903, #1766, #8314, #8235, #4595, #9491, #5614, #7318, #116, #4480, #8433, #9359, #2202, #7677, #5107, #3257, #8247, #4596, #5848, #2893, #1322, #510, #8109, #2776, #621, #8194, #8321, #3785, #5473, #8139, #9503, #8118, #9749, #181, #2935, #8375, #4465, #4269, #486, #319, #2350, #7784, #630, #1562, #76, #9750, #6554, #3473, #4400, #8668, #426, #5032, #56, #3340, #2387, #1574, #2885, #6349, #7976, #887, #8734, #4575, #6609, #1147, #3595, #1838, #7678, #9927, #9284, #7061, #5745, #1632, #6626, #9174, #8982, #6356, #7175, #2138, #495, #7440, #2703, #6739, #5090, #7548, #2597, #9866, #5406, #10136, #5785, #246, #2510, #6604, #202, #323, #1771, #2768, #9372, #9738, #7124, #9420, #7621, #664, #6670, #7993, #7748, #2002 ) ) ;
#2435 = CARTESIAN_POINT ( 'NONE',  ( 0.2043819952930999995, 0.1890000000000000291, 0.1180000000000000077 ) ) ;
#2436 = DIRECTION ( 'NONE',  ( -0.5899529445381053172, 0.8000000000002089884, 0.1093413152952013162 ) ) ;
#2437 = ORIENTED_EDGE ( 'NONE', *, *, #2668, .F. ) ;
#2438 = CYLINDRICAL_SURFACE ( 'NONE', #8456, 0.06899999999999997802 ) ;
#2439 = CIRCLE ( 'NONE', #9826, 0.2560000000000000053 ) ;
#2440 = DIRECTION ( 'NONE',  ( -0.3420201433256991330, 0.000000000000000000, -0.9396926207858972147 ) ) ;
#2441 = SURFACE_STYLE_USAGE ( .BOTH. , #4750 ) ;
#2442 = CARTESIAN_POINT ( 'NONE',  ( 0.1698381586472000326, 0.1841728378957999956, -0.1821291271015000324 ) ) ;
#2443 = SURFACE_STYLE_FILL_AREA ( #3988 ) ;
#2444 = CARTESIAN_POINT ( 'NONE',  ( -0.01694845125667999997, -0.1110000000000000014, 0.09500000000000001499 ) ) ;
#2445 = EDGE_CURVE ( 'NONE', #3017, #4769, #2967, .T. ) ;
#2446 = DIRECTION ( 'NONE',  ( 0.9396926207859296332, 4.833299137117832118E-17, 0.3420201433256107038 ) ) ;
#2447 = DIRECTION ( 'NONE',  ( -0.000000000000000000, 0.2756373558170050475, 0.9612616959383172288 ) ) ;
#2448 = EDGE_LOOP ( 'NONE', ( #1203, #4922, #247, #5508, #8544, #8691 ) ) ;
#2449 = EDGE_CURVE ( 'NONE', #5648, #10029, #4618, .T. ) ;
#2450 = VERTEX_POINT ( 'NONE', #4568 ) ;
#2451 = DIRECTION ( 'NONE',  ( -0.7431448254773761475, 0.000000000000000000, -0.6691306063588782216 ) ) ;
#2452 = CARTESIAN_POINT ( 'NONE',  ( -0.08550503583141004504, 0.1689999999999999836, 0.2349231551965000053 ) ) ;
#2453 = B_SPLINE_CURVE_WITH_KNOTS ( 'NONE', 3,
 ( #231, #9936, #2079, #3666, #421, #3568, #372, #3470, #6719, #6820, #5984, #7583, #5834, #3516, #5017, #1879 ),
 .UNSPECIFIED., .F., .F.,
 ( 4, 2, 2, 2, 2, 2, 2, 4 ),
 ( 0.000000000000000000, 0.1250000000000013878, 0.1875000000000018874, 0.2500000000000023870, 0.3750000000000048295, 0.4375000000000055511, 0.5000000000000062172, 1.000000000000000000 ),
 .UNSPECIFIED. ) ;
#2454 = CARTESIAN_POINT ( 'NONE',  ( 0.2360000000000000153, 0.000000000000000000, 0.000000000000000000 ) ) ;
#2455 = CARTESIAN_POINT ( 'NONE',  ( 0.2016394540049606388, 0.08556696679431560759, -0.1467990528345960444 ) ) ;
#2457 = CARTESIAN_POINT ( 'NONE',  ( 0.001999945446501000170, 0.1890000000000000291, 0.2249911114204999896 ) ) ;
#2456 = DIRECTION ( 'NONE',  ( 0.000000000000000000, 1.000000000000000000, 0.000000000000000000 ) ) ;
#2458 = DIRECTION ( 'NONE',  ( 0.000000000000000000, -1.000000000000000000, 0.000000000000000000 ) ) ;
#2459 = EDGE_CURVE ( 'NONE', #7017, #9732, #1308, .T. ) ;
#2460 = ORIENTED_EDGE ( 'NONE', *, *, #7422, .F. ) ;
#2461 = DIRECTION ( 'NONE',  ( -0.02437918953871043987, 0.9993360567820176454, -0.02707583300295048762 ) ) ;
#2462 = ORIENTED_EDGE ( 'NONE', *, *, #7320, .F. ) ;
#2463 = CARTESIAN_POINT ( 'NONE',  ( 0.1870042449162999665, 0.05700000000001999995, 0.1579654334929000148 ) ) ;
#2464 = EDGE_LOOP ( 'NONE', ( #3042, #2279, #8739, #3910 ) ) ;
#2465 = EDGE_CURVE ( 'NONE', #10040, #8680, #3507, .T. ) ;
#2466 = EDGE_CURVE ( 'NONE', #684, #7711, #9500, .T. ) ;
#2467 = PRESENTATION_LAYER_ASSIGNMENT (  '', '', ( #642 ) ) ;
#2468 = CARTESIAN_POINT ( 'NONE',  ( 0.2182794146600362806, 0.1319488961162609275, -0.1138581293725845350 ) ) ;
#2469 = ORIENTED_EDGE ( 'NONE', *, *, #7673, .F. ) ;
#2470 = DIRECTION ( 'NONE',  ( -0.4806308479691890900, 0.2756373558169940563, -0.8324770483674814869 ) ) ;
#2471 = B_SPLINE_CURVE_WITH_KNOTS ( 'NONE', 3,
 ( #4144, #3364, #1828, #8915 ),
 .UNSPECIFIED., .F., .F.,
 ( 4, 4 ),
 ( 0.000000000000000000, 1.000000000000000000 ),
 .UNSPECIFIED. ) ;
#2472 = B_SPLINE_CURVE_WITH_KNOTS ( 'NONE', 3,
 ( #2304, #2407, #4715, #6311, #1428, #9288, #10014, #2205, #6937, #5339, #4564, #6159, #5542, #7709, #6255, #5389, #4615, #9387, #7863, #798, #7757, #10114 ),
 .UNSPECIFIED., .F., .F.,
 ( 4, 2, 2, 2, 2, 2, 1, 1, 2, 2, 2, 4 ),
 ( 0.000000000000000000, 0.2500000000000233702, 0.3750000000000357492, 0.5000000000000480727, 0.6250000000000603961, 0.6875000000000666134, 0.7187500000000697220, 0.7343750000000712763, 0.7421875000000720535, 0.7500000000000728306, 0.8750000000000364153, 1.000000000000000000 ),
 .UNSPECIFIED. ) ;
#2473 = CARTESIAN_POINT ( 'NONE',  ( 0.000000000000000000, -0.5830000000000000737, -0.06249999999999845957 ) ) ;
#2474 = ORIENTED_EDGE ( 'NONE', *, *, #251, .T. ) ;
#2475 = DIRECTION ( 'NONE',  ( -0.7431448254773761475, 0.000000000000000000, -0.6691306063588782216 ) ) ;
#2476 = PRESENTATION_STYLE_ASSIGNMENT (( #3293 ) ) ;
#2477 = EDGE_LOOP ( 'NONE', ( #1300, #2321, #1601, #3003, #4237, #6901 ) ) ;
#2478 = ORIENTED_EDGE ( 'NONE', *, *, #6849, .T. ) ;
#2479 =( GEOMETRIC_REPRESENTATION_CONTEXT ( 3 ) GLOBAL_UNCERTAINTY_ASSIGNED_CONTEXT ( ( #4273 ) ) GLOBAL_UNIT_ASSIGNED_CONTEXT ( ( #4244, #6562, #5109 ) ) REPRESENTATION_CONTEXT ( 'NONE', 'WORKASPACE' ) );
#2480 = ORIENTED_EDGE ( 'NONE', *, *, #8127, .T. ) ;
#2481 = CARTESIAN_POINT ( 'NONE',  ( 0.1906121881965464060, 0.1316755730821907722, -0.1225600888686187023 ) ) ;
#2482 = CARTESIAN_POINT ( 'NONE',  ( 0.2553725391552154056, 0.1272864495346905378, -0.01408014617437934428 ) ) ;
#2483 =( LENGTH_UNIT ( ) NAMED_UNIT ( * ) SI_UNIT ( $, .METRE. ) );
#2484 = AXIS2_PLACEMENT_3D ( 'NONE', #8675, #2456, #7963 ) ;
#2485 = DIRECTION ( 'NONE',  ( 0.000000000000000000, -1.000000000000000000, 0.000000000000000000 ) ) ;
#2486 = LENGTH_MEASURE_WITH_UNIT ( LENGTH_MEASURE( 0.02539999999999999897 ), #8045 );
#2487 = EDGE_LOOP ( 'NONE', ( #9994, #8206, #1009, #5307 ) ) ;
#2488 = DIRECTION ( 'NONE',  ( -2.325995421309999977E-14, -1.000000000000000000, 0.000000000000000000 ) ) ;
#2489 =( GEOMETRIC_REPRESENTATION_CONTEXT ( 3 ) GLOBAL_UNCERTAINTY_ASSIGNED_CONTEXT ( ( #354 ) ) GLOBAL_UNIT_ASSIGNED_CONTEXT ( ( #7231, #787, #2495 ) ) REPRESENTATION_CONTEXT ( 'NONE', 'WORKASPACE' ) );
#2490 = DIRECTION ( 'NONE',  ( 0.000000000000000000, 1.000000000000000000, 0.000000000000000000 ) ) ;
#2491 = FACE_OUTER_BOUND ( 'NONE', #4208, .T. ) ;
#2492 = CARTESIAN_POINT ( 'NONE',  ( 0.000000000000000000, 0.1890000000000000291, 0.000000000000000000 ) ) ;
#2493 = DIRECTION ( 'NONE',  ( -0.8660254037843855279, 0.000000000000000000, 0.5000000000000917044 ) ) ;
#2494 = UNCERTAINTY_MEASURE_WITH_UNIT (LENGTH_MEASURE( 1.000000000000000082E-05 ), #3936, 'distance_accuracy_value', 'NONE');
#2495 =( NAMED_UNIT ( * ) SI_UNIT ( $, .STERADIAN. ) SOLID_ANGLE_UNIT ( ) );
#2496 = DIRECTION ( 'NONE',  ( 1.000000000000000000, 0.000000000000000000, 0.000000000000000000 ) ) ;
#2497 = CIRCLE ( 'NONE', #7273, 0.2250000000000000888 ) ;
#2498 = ORIENTED_EDGE ( 'NONE', *, *, #7613, .T. ) ;
#2499 = B_SPLINE_CURVE_WITH_KNOTS ( 'NONE', 3,
 ( #10007, #9951, #6199, #4650, #9334, #2197, #8617, #5330, #9380, #2905, #3004, #3109, #6928, #6055, #6149, #2148 ),
 .UNSPECIFIED., .F., .F.,
 ( 4, 2, 2, 2, 2, 2, 2, 4 ),
 ( 0.000000000000000000, 0.1249999999999975020, 0.1874999999999962530, 0.2499999999999950040, 0.3749999999999946154, 0.4374999999999954481, 0.4999999999999963363, 1.000000000000000000 ),
 .UNSPECIFIED. ) ;
#2500 = ORIENTED_EDGE ( 'NONE', *, *, #3709, .F. ) ;
#2501 = ORIENTED_EDGE ( 'NONE', *, *, #6798, .T. ) ;
#2502 = FILL_AREA_STYLE ('',( #6358 ) ) ;
#2503 = CARTESIAN_POINT ( 'NONE',  ( -0.08550503583140001140, 0.1690000000000999869, 0.2349231551965000053 ) ) ;
#2504 = AXIS2_PLACEMENT_3D ( 'NONE', #2224, #5404, #760 ) ;
#2505 = CARTESIAN_POINT ( 'NONE',  ( 0.1999164106247999784, 0.09299999997900000592, -0.1229387186331999948 ) ) ;
#2506 = DIRECTION ( 'NONE',  ( 0.1391731009600952473, 0.000000000000000000, -0.9902680687415661431 ) ) ;
#2507 = AXIS2_PLACEMENT_3D ( 'NONE', #4218, #3332, #6477 ) ;
#2508 = CARTESIAN_POINT ( 'NONE',  ( 0.1712974352279000023, 0.1689999999999999836, -0.1902450753222000301 ) ) ;
#2509 = DIRECTION ( 'NONE',  ( -0.3407781525734079331, 0.8660254037844198338, -0.3658828374339083145 ) ) ;
#2510 = ADVANCED_FACE ( 'NONE', ( #9658 ), #5596, .F. ) ;
#2511 = ORIENTED_EDGE ( 'NONE', *, *, #2721, .F. ) ;
#2512 = CARTESIAN_POINT ( 'NONE',  ( 0.2066365716438954281, 0.1312376740914768247, 0.1323850385941220398 ) ) ;
#2513 = EDGE_LOOP ( 'NONE', ( #5203, #7383, #5931, #365 ) ) ;
#2514 = ORIENTED_EDGE ( 'NONE', *, *, #6874, .T. ) ;
#2515 = CARTESIAN_POINT ( 'NONE',  ( 0.2139764709904981299, 0.1269891659897104952, -0.1071172455502250598 ) ) ;
#2516 = EDGE_CURVE ( 'NONE', #7663, #8232, #9252, .T. ) ;
#2517 = ORIENTED_EDGE ( 'NONE', *, *, #6094, .F. ) ;
#2518 = CARTESIAN_POINT ( 'NONE',  ( -0.2265057831927999865, 0.1689999999999999836, -0.03993908086339000713 ) ) ;
#2519 = CIRCLE ( 'NONE', #1707, 0.2559999999999999498 ) ;
#2520 = EDGE_CURVE ( 'NONE', #2313, #7153, #8188, .T. ) ;
#2521 = ORIENTED_EDGE ( 'NONE', *, *, #1901, .T. ) ;
#2522 = CARTESIAN_POINT ( 'NONE',  ( 0.2248686604163000202, 0.07744896146032992368, 0.09676156748322006784 ) ) ;
#2523 = DIRECTION ( 'NONE',  ( 0.000000000000000000, -1.000000000000000000, 0.000000000000000000 ) ) ;
#2524 = ORIENTED_EDGE ( 'NONE', *, *, #6685, .T. ) ;
#2525 = ORIENTED_EDGE ( 'NONE', *, *, #2894, .T. ) ;
#2526 = AXIS2_PLACEMENT_3D ( 'NONE', #4359, #1165, #4260 ) ;
#2527 = AXIS2_PLACEMENT_3D ( 'NONE', #7379, #8144, #8043 ) ;
#2528 = UNCERTAINTY_MEASURE_WITH_UNIT (LENGTH_MEASURE( 1.000000000000000082E-05 ), #4251, 'distance_accuracy_value', 'NONE');
#2529 = ORIENTED_EDGE ( 'NONE', *, *, #8976, .F. ) ;
#2530 = CARTESIAN_POINT ( 'NONE',  ( 0.2108386181100845858, 0.1338749546876817631, -0.1311957091629956940 ) ) ;
#2531 = CARTESIAN_POINT ( 'NONE',  ( 0.000000000000000000, 0.1689999999999999836, 0.000000000000000000 ) ) ;
#2532 = FACE_OUTER_BOUND ( 'NONE', #7772, .T. ) ;
#2533 = EDGE_CURVE ( 'NONE', #8381, #938, #1871, .T. ) ;
#2534 = DIRECTION ( 'NONE',  ( 0.7431448255194028629, 0.000000000000000000, 0.6691306063122028913 ) ) ;
#2535 = EDGE_CURVE ( 'NONE', #2550, #1357, #7300, .T. ) ;
#2536 = CARTESIAN_POINT ( 'NONE',  ( -0.008000000000000000167, 0.4210000000000000409, -0.2235999999999999932 ) ) ;
#2537 = VECTOR ( 'NONE', #7716, 39.37007874015748143 ) ;
#2538 = VECTOR ( 'NONE', #1358, 39.37007874015747433 ) ;
#2539 = VECTOR ( 'NONE', #8698, 39.37007874015748143 ) ;
#2540 = SURFACE_STYLE_USAGE ( .BOTH. , #4135 ) ;
#2541 = VERTEX_POINT ( 'NONE', #4164 ) ;
#2542 = CARTESIAN_POINT ( 'NONE',  ( -0.008000000000000000167, 0.4210000000000000409, -0.2136000000000000121 ) ) ;
#2543 = VECTOR ( 'NONE', #8716, 39.37007874015748854 ) ;
#2544 = FACE_OUTER_BOUND ( 'NONE', #4944, .T. ) ;
#2545 = CIRCLE ( 'NONE', #3353, 0.01149999999999999981 ) ;
#2546 = CARTESIAN_POINT ( 'NONE',  ( -0.006000000000000000125, 0.1640000000000000069, -0.2350000000000000144 ) ) ;
#2547 = DIRECTION ( 'NONE',  ( -8.912554208048000078E-13, 1.000000000000000000, 1.373015107725999943E-12 ) ) ;
#2548 = FILL_AREA_STYLE_COLOUR ( '', #6253 ) ;
#2549 = CARTESIAN_POINT ( 'NONE',  ( 0.1938026504681999995, 0.03950000000000000039, 0.1495466431144999997 ) ) ;
#2550 = VERTEX_POINT ( 'NONE', #3631 ) ;
#2551 = ORIENTED_EDGE ( 'NONE', *, *, #1571, .T. ) ;
#2552 = VERTEX_POINT ( 'NONE', #2669 ) ;
#2553 = CARTESIAN_POINT ( 'NONE',  ( 0.2249999958302000003, 0.09586155062732991394, -6.965797847810000671E-10 ) ) ;
#2554 = CARTESIAN_POINT ( 'NONE',  ( 0.03200000000000000067, 0.1890000000000000291, -0.2227128195682000211 ) ) ;
#2555 = DIRECTION ( 'NONE',  ( 0.000000000000000000, 1.000000000000000000, 0.000000000000000000 ) ) ;
#2556 = DIRECTION ( 'NONE',  ( 0.000000000000000000, 1.000000000000000000, 0.000000000000000000 ) ) ;
#2557 = CARTESIAN_POINT ( 'NONE',  ( 0.2119701149221965841, 0.1194889150017084956, -0.1415277760764243331 ) ) ;
#2559 = DIRECTION ( 'NONE',  ( 0.000000000000000000, -1.000000000000000000, 0.000000000000000000 ) ) ;
#2558 = CARTESIAN_POINT ( 'NONE',  ( 0.04152898293111999956, 0.1888568033816000191, 0.2350000000012000267 ) ) ;
#2560 = CIRCLE ( 'NONE', #7495, 0.2249999999999999223 ) ;
#2561 = CARTESIAN_POINT ( 'NONE',  ( 0.2361025342095103841, 0.1716303538292836273, -0.09895249594164233498 ) ) ;
#2562 = VECTOR ( 'NONE', #1120, 39.37007874015748143 ) ;
#2563 = EDGE_LOOP ( 'NONE', ( #4267, #8884, #6177, #1230, #1869, #1381, #5604 ) ) ;
#2564 = DIMENSIONAL_EXPONENTS ( 1.000000000000000000, 0.000000000000000000, 0.000000000000000000, 0.000000000000000000, 0.000000000000000000, 0.000000000000000000, 0.000000000000000000 ) ;
#2565 = CARTESIAN_POINT ( 'NONE',  ( 0.1980103483206166470, 0.1264065732334655467, 0.1310404130835390590 ) ) ;
#2566 = DIMENSIONAL_EXPONENTS ( 1.000000000000000000, 0.000000000000000000, 0.000000000000000000, 0.000000000000000000, 0.000000000000000000, 0.000000000000000000, 0.000000000000000000 ) ;
#2567 = DIRECTION ( 'NONE',  ( 1.982541115402000068E-14, 1.000000000000000000, -4.361590453884999558E-14 ) ) ;
#2568 = VERTEX_POINT ( 'NONE', #2716 ) ;
#2569 = MECHANICAL_DESIGN_GEOMETRIC_PRESENTATION_REPRESENTATION (  '', ( #1246 ), #9294 ) ;
#2570 = PRESENTATION_STYLE_ASSIGNMENT (( #6682 ) ) ;
#2571 = VERTEX_POINT ( 'NONE', #2100 ) ;
#2572 = DIRECTION ( 'NONE',  ( 0.000000000000000000, -1.000000000000000000, 0.000000000000000000 ) ) ;
#2573 = DIRECTION ( 'NONE',  ( 0.7958852922524817242, 0.000000000000000000, 0.6054474391523856358 ) ) ;
#2574 = ORIENTED_EDGE ( 'NONE', *, *, #5964, .F. ) ;
#2575 =( LENGTH_UNIT ( ) NAMED_UNIT ( * ) SI_UNIT ( $, .METRE. ) );
#2576 = CARTESIAN_POINT ( 'NONE',  ( -7.041719095097177527E-18, -0.5929999999999999716, 0.05250000000000000500 ) ) ;
#2577 = TOROIDAL_SURFACE ( 'NONE', #1927, 0.2360000000000000153, 0.02000000000000000042 ) ;
#2578 = EDGE_CURVE ( 'NONE', #8540, #522, #7596, .T. ) ;
#2579 = VERTEX_POINT ( 'NONE', #8172 ) ;
#2580 = ORIENTED_EDGE ( 'NONE', *, *, #8750, .T. ) ;
#2581 = ADVANCED_FACE ( 'NONE', ( #8324 ), #7617, .T. ) ;
#2582 = VERTEX_POINT ( 'NONE', #6627 ) ;
#2583 = CARTESIAN_POINT ( 'NONE',  ( 0.2188819952931000401, 0.1361284318350820255, -0.1222210294661902341 ) ) ;
#2584 = CARTESIAN_POINT ( 'NONE',  ( -0.05600000000000001504, 0.1741701817984594725, -0.2497999199358998945 ) ) ;
#2585 = CARTESIAN_POINT ( 'NONE',  ( 0.1900807159121999934, 0.1890000000000000291, 0.1203923645349000010 ) ) ;
#2586 = VECTOR ( 'NONE', #4161, 39.37007874015748854 ) ;
#2587 = FACE_OUTER_BOUND ( 'NONE', #7534, .T. ) ;
#2588 = CARTESIAN_POINT ( 'NONE',  ( 0.1870042449162999665, 0.05700000000000000205, -0.1579654334929000148 ) ) ;
#2589 = PLANE ( 'NONE',  #1606 ) ;
#2590 = EDGE_CURVE ( 'NONE', #4128, #1812, #2691, .T. ) ;
#2591 = EDGE_LOOP ( 'NONE', ( #149, #866, #3506, #9643, #531 ) ) ;
#2592 = LENGTH_MEASURE_WITH_UNIT ( LENGTH_MEASURE( 0.02539999999999999897 ), #169 );
#2593 = ORIENTED_EDGE ( 'NONE', *, *, #9476, .T. ) ;
#2594 = TOROIDAL_SURFACE ( 'NONE', #4721, 0.2360000000000000153, 0.02000000000000000042 ) ;
#2595 = TOROIDAL_SURFACE ( 'NONE', #3905, 0.05550000000000000072, 0.005000000000000000104 ) ;
#2596 = TOROIDAL_SURFACE ( 'NONE', #7692, 0.06400000000000000133, 0.005000000000000000104 ) ;
#2597 = ADVANCED_FACE ( 'NONE', ( #1949 ), #5804, .F. ) ;
#2598 = EDGE_CURVE ( 'NONE', #6178, #417, #377, .T. ) ;
#2599 = CARTESIAN_POINT ( 'NONE',  ( 0.000000000000000000, 0.1890000000000000291, 0.000000000000000000 ) ) ;
#2600 = CARTESIAN_POINT ( 'NONE',  ( -0.05600000000000000810, 0.1890000000000000291, 0.1780000000000000193 ) ) ;
#2601 = DIRECTION ( 'NONE',  ( 0.6819983600624851539, 0.000000000000000000, -0.7313537016191830054 ) ) ;
#2602 =( CONVERSION_BASED_UNIT ( 'INCH', #1151 ) LENGTH_UNIT ( ) NAMED_UNIT ( #985 ) );
#2603 = AXIS2_PLACEMENT_3D ( 'NONE', #5592, #7910, #9598 ) ;
#2604 = UNCERTAINTY_MEASURE_WITH_UNIT (LENGTH_MEASURE( 1.000000000000000082E-05 ), #5905, 'distance_accuracy_value', 'NONE');
#2605 = AXIS2_PLACEMENT_3D ( 'NONE', #9975, #3760, #6221 ) ;
#2606 = CARTESIAN_POINT ( 'NONE',  ( 0.09589928791447992207, -0.006999999999998996608, 0.2373590667691000133 ) ) ;
#2607 = CARTESIAN_POINT ( 'NONE',  ( 0.2190000000000000002, 0.000000000000000000, 0.000000000000000000 ) ) ;
#2608 = ORIENTED_EDGE ( 'NONE', *, *, #4523, .F. ) ;
#2609 = TOROIDAL_SURFACE ( 'NONE', #9822, 0.05550000000000000072, 0.005000000000000000104 ) ;
#2610 = ORIENTED_EDGE ( 'NONE', *, *, #2994, .F. ) ;
#2611 = LINE ( 'NONE', #9021, #9786 ) ;
#2612 = AXIS2_PLACEMENT_3D ( 'NONE', #7569, #1448, #6951 ) ;
#2613 = CARTESIAN_POINT ( 'NONE',  ( 0.1969272353400999820, 0.4385000000000000009, 0.1098058993102000030 ) ) ;
#2614 = DIRECTION ( 'NONE',  ( -7.073698357825560054E-13, -1.000000000000000000, 3.389106702379189948E-13 ) ) ;
#2615 = CARTESIAN_POINT ( 'NONE',  ( 0.1659443903770000117, 0.1849999999999999978, -0.1842999167183999865 ) ) ;
#2616 = CARTESIAN_POINT ( 'NONE',  ( 0.2730000000000000204, 0.000000000000000000, 0.000000000000000000 ) ) ;
#2618 = CARTESIAN_POINT ( 'NONE',  ( 0.2016608503918138340, 0.08427723335595840859, 0.1472344850827891627 ) ) ;
#2617 = CARTESIAN_POINT ( 'NONE',  ( -0.06300000000000000044, 0.1290000000000000036, -0.2235999999999999932 ) ) ;
#2619 = CARTESIAN_POINT ( 'NONE',  ( 0.2296510880758294015, 0.1829886275463308010, -0.09953824394351355742 ) ) ;
#2620 = ORIENTED_EDGE ( 'NONE', *, *, #5606, .F. ) ;
#2621 = CARTESIAN_POINT ( 'NONE',  ( 0.2188818820482000271, 0.1342284427746000264, 0.1179999486742999981 ) ) ;
#2622 = DIRECTION ( 'NONE',  ( 5.776113010923189711E-07, 0.9999999999998330225, 1.354145368912044180E-08 ) ) ;
#2623 = ORIENTED_EDGE ( 'NONE', *, *, #4536, .F. ) ;
#2624 = CARTESIAN_POINT ( 'NONE',  ( -7.041719095097280756E-18, -0.5879999999999999671, 0.05750000000000000250 ) ) ;
#2625 = CARTESIAN_POINT ( 'NONE',  ( -0.05600000000000001504, 0.1839696596358760816, 0.2429441062185632161 ) ) ;
#2626 = CARTESIAN_POINT ( 'NONE',  ( 0.05099999999999999672, 0.1890000000000000291, 0.2191437884130000013 ) ) ;
#2627 = CARTESIAN_POINT ( 'NONE',  ( -1.237907614193000029E-07, 0.1820000013644999803, -2.288631448181000047E-08 ) ) ;
#2628 = VERTEX_POINT ( 'NONE', #9898 ) ;
#2629 = CARTESIAN_POINT ( 'NONE',  ( -0.08550503583142009256, -0.09099999999999999756, 0.2349231551965000053 ) ) ;
#2630 = LINE ( 'NONE', #7317, #2120 ) ;
#2631 = VERTEX_POINT ( 'NONE', #2807 ) ;
#2632 = ORIENTED_EDGE ( 'NONE', *, *, #9320, .F. ) ;
#2633 = AXIS2_PLACEMENT_3D ( 'NONE', #5187, #6011, #1284 ) ;
#2634 = PRODUCT_DEFINITION_CONTEXT ( 'detailed design', #7262, 'design' ) ;
#2635 = VERTEX_POINT ( 'NONE', #5944 ) ;
#2636 = CARTESIAN_POINT ( 'NONE',  ( 0.2027790574204845486, 0.1286901987531161584, -0.1324111876797178511 ) ) ;
#2637 = CARTESIAN_POINT ( 'NONE',  ( 0.06480740657467991273, -0.2880000001265000109, -0.09499999996562991100 ) ) ;
#2638 = CARTESIAN_POINT ( 'NONE',  ( -0.08755715669137008328, -0.007000000000000001013, 0.2405613109212000056 ) ) ;
#2639 = CARTESIAN_POINT ( 'NONE',  ( 0.09589928791447008272, 0.000000000000000000, -0.2373590667691000133 ) ) ;
#2640 = DIRECTION ( 'NONE',  ( 0.000000000000000000, 1.000000000000000000, 0.000000000000000000 ) ) ;
#2641 = EDGE_CURVE ( 'NONE', #4544, #5572, #9030, .T. ) ;
#2642 = COLOUR_RGB ( '',0.2509803921568627416, 0.2509803921568627416, 0.2509803921568627416 ) ;
#2643 = DIMENSIONAL_EXPONENTS ( 1.000000000000000000, 0.000000000000000000, 0.000000000000000000, 0.000000000000000000, 0.000000000000000000, 0.000000000000000000, 0.000000000000000000 ) ;
#2644 = ORIENTED_EDGE ( 'NONE', *, *, #9119, .F. ) ;
#2645 = CARTESIAN_POINT ( 'NONE',  ( -0.2393379827818000183, 0.1841728378957999956, -0.04220174387277000200 ) ) ;
#2646 = ORIENTED_EDGE ( 'NONE', *, *, #7171, .T. ) ;
#2647 = VECTOR ( 'NONE', #4928, 39.37007874015748143 ) ;
#2648 = EDGE_CURVE ( 'NONE', #9860, #8047, #5973, .T. ) ;
#2649 = DIRECTION ( 'NONE',  ( 0.000000000000000000, -1.000000000000000000, 0.000000000000000000 ) ) ;
#2650 = MECHANICAL_DESIGN_GEOMETRIC_PRESENTATION_REPRESENTATION (  '', ( #3620 ), #3795 ) ;
#2651 = EDGE_CURVE ( 'NONE', #417, #6178, #4991, .T. ) ;
#2652 = CARTESIAN_POINT ( 'NONE',  ( 0.000000000000000000, 0.05700000000000000205, 0.000000000000000000 ) ) ;
#2653 = FACE_OUTER_BOUND ( 'NONE', #4514, .T. ) ;
#2654 = EDGE_CURVE ( 'NONE', #6636, #3801, #8271, .T. ) ;
#2655 = EDGE_CURVE ( 'NONE', #1533, #8098, #9131, .T. ) ;
#2656 = FACE_OUTER_BOUND ( 'NONE', #6212, .T. ) ;
#2657 = ORIENTED_EDGE ( 'NONE', *, *, #6104, .T. ) ;
#2658 = COLOUR_RGB ( '',0.2509803921568627416, 0.2509803921568627416, 0.2509803921568627416 ) ;
#2659 = DIRECTION ( 'NONE',  ( 1.000000000000000000, 0.000000000000000000, 0.000000000000000000 ) ) ;
#2660 = LINE ( 'NONE', #7444, #5924 ) ;
#2661 = B_SPLINE_CURVE_WITH_KNOTS ( 'NONE', 3,
 ( #5403, #817, #6898, #6171 ),
 .UNSPECIFIED., .F., .F.,
 ( 4, 4 ),
 ( 0.000000000000000000, 1.000000000000000000 ),
 .UNSPECIFIED. ) ;
#2662 = CIRCLE ( 'NONE', #8408, 0.01150000000000000154 ) ;
#2664 = CYLINDRICAL_SURFACE ( 'NONE', #5724, 0.01250000000000000243 ) ;
#2663 = CARTESIAN_POINT ( 'NONE',  ( 0.02200000000000000219, 0.4085000000000000298, 0.2190000000000000002 ) ) ;
#2665 = CARTESIAN_POINT ( 'NONE',  ( 0.2294119244873863706, 0.1831998354909847304, -0.09956514072000216542 ) ) ;
#2666 = EDGE_CURVE ( 'NONE', #1758, #8581, #1706, .T. ) ;
#2667 = ORIENTED_EDGE ( 'NONE', *, *, #5967, .T. ) ;
#2668 = EDGE_CURVE ( 'NONE', #2016, #5560, #2499, .T. ) ;
#2669 = CARTESIAN_POINT ( 'NONE',  ( 0.2248109110168999836, 0.1330108282678000020, 0.009222488152840000245 ) ) ;
#2670 = DIRECTION ( 'NONE',  ( 1.000000000000000000, 0.000000000000000000, 0.000000000000000000 ) ) ;
#2671 = VERTEX_POINT ( 'NONE', #10160 ) ;
#2672 = CARTESIAN_POINT ( 'NONE',  ( 0.2494589144528999991, 0.05700000000000000205, -0.05750000000000000250 ) ) ;
#2673 = LINE ( 'NONE', #6003, #9437 ) ;
#2674 = CIRCLE ( 'NONE', #2010, 0.02000000000000000736 ) ;
#2675 = SURFACE_STYLE_USAGE ( .BOTH. , #441 ) ;
#2676 = CARTESIAN_POINT ( 'NONE',  ( -0.03950000000000000039, -0.1009999999999999926, -0.2290000000000000091 ) ) ;
#2677 = CARTESIAN_POINT ( 'NONE',  ( 0.1916631485644682831, 0.1066068366977062920, -0.1178582573186084115 ) ) ;
#2678 = DIRECTION ( 'NONE',  ( 1.000000000000000000, 0.000000000000000000, 0.000000000000000000 ) ) ;
#2679 = EDGE_LOOP ( 'NONE', ( #3165, #5098, #6803, #789 ) ) ;
#2680 = FILL_AREA_STYLE ('',( #311 ) ) ;
#2681 = AXIS2_PLACEMENT_3D ( 'NONE', #1333, #3644, #4464 ) ;
#2682 = ORIENTED_EDGE ( 'NONE', *, *, #7385, .F. ) ;
#2683 = ORIENTED_EDGE ( 'NONE', *, *, #6793, .T. ) ;
#2684 = CARTESIAN_POINT ( 'NONE',  ( 0.1902658848478041009, 0.1324458969692771937, -0.1213595818152494454 ) ) ;
#2685 = CARTESIAN_POINT ( 'NONE',  ( -0.05599999999999998729, 0.1889999999999999736, -0.2320447408798424760 ) ) ;
#2686 = DIRECTION ( 'NONE',  ( 1.000000000000000000, 0.000000000000000000, 0.000000000000000000 ) ) ;
#2687 = FILL_AREA_STYLE_COLOUR ( '', #616 ) ;
#2688 = ORIENTED_EDGE ( 'NONE', *, *, #7599, .T. ) ;
#2689 = SURFACE_STYLE_USAGE ( .BOTH. , #321 ) ;
#2690 = ORIENTED_EDGE ( 'NONE', *, *, #142, .T. ) ;
#2691 = CIRCLE ( 'NONE', #1209, 0.01150000000000000674 ) ;
#2692 = MECHANICAL_DESIGN_GEOMETRIC_PRESENTATION_REPRESENTATION (  '', ( #6134 ), #7618 ) ;
#2693 = B_SPLINE_CURVE_WITH_KNOTS ( 'NONE', 3,
 ( #5917, #9728, #3411, #9051, #1140, #8295 ),
 .UNSPECIFIED., .F., .F.,
 ( 4, 2, 4 ),
 ( 0.000000000000000000, 0.5000000000000000000, 1.000000000000000000 ),
 .UNSPECIFIED. ) ;
#2694 =( LENGTH_UNIT ( ) NAMED_UNIT ( * ) SI_UNIT ( $, .METRE. ) );
#2695 = FACE_OUTER_BOUND ( 'NONE', #4059, .T. ) ;
#2696 = VECTOR ( 'NONE', #9023, 39.37007874015748143 ) ;
#2697 =( LENGTH_UNIT ( ) NAMED_UNIT ( * ) SI_UNIT ( $, .METRE. ) );
#2698 = VECTOR ( 'NONE', #3887, 39.37007874015748143 ) ;
#2699 = CARTESIAN_POINT ( 'NONE',  ( -0.006000000000000000125, 0.1864615425990014119, 0.2460002911023348449 ) ) ;
#2700 = ORIENTED_EDGE ( 'NONE', *, *, #4658, .F. ) ;
#2701 = SURFACE_STYLE_USAGE ( .BOTH. , #5067 ) ;
#2702 = ORIENTED_EDGE ( 'NONE', *, *, #1575, .T. ) ;
#2703 = ADVANCED_FACE ( 'NONE', ( #3788 ), #637, .T. ) ;
#2704 = AXIS2_PLACEMENT_3D ( 'NONE', #1619, #2340, #6291 ) ;
#2705 = CIRCLE ( 'NONE', #1383, 0.03699999999999998429 ) ;
#2706 = AXIS2_PLACEMENT_3D ( 'NONE', #3591, #1851, #3386 ) ;
#2707 = PLANE ( 'NONE',  #6179 ) ;
#2708 = ADVANCED_FACE ( 'NONE', ( #588 ), #7751, .F. ) ;
#2709 = LINE ( 'NONE', #5992, #3358 ) ;
#2710 = PRESENTATION_STYLE_ASSIGNMENT (( #1013 ) ) ;
#2711 = CARTESIAN_POINT ( 'NONE',  ( -0.05127699295793999162, -0.2849999999999999756, -0.04617001183875999587 ) ) ;
#2713 = PLANE ( 'NONE',  #1055 ) ;
#2712 = CARTESIAN_POINT ( 'NONE',  ( 0.05127699295789000383, -0.2249999999999999778, 0.04617001183881999649 ) ) ;
#2714 = CARTESIAN_POINT ( 'NONE',  ( 0.000000000000000000, 0.1890000000000000291, 0.000000000000000000 ) ) ;
#2715 = VERTEX_POINT ( 'NONE', #682 ) ;
#2716 = CARTESIAN_POINT ( 'NONE',  ( 0.1744175285112000151, 0.000000000000000000, 0.1870399000552000202 ) ) ;
#2717 = VERTEX_POINT ( 'NONE', #8566 ) ;
#2718 =( CONVERSION_BASED_UNIT ( 'INCH', #1849 ) LENGTH_UNIT ( ) NAMED_UNIT ( #1266 ) );
#2719 = EDGE_CURVE ( 'NONE', #9408, #9210, #3833, .T. ) ;
#2720 = DIRECTION ( 'NONE',  ( 0.000000000000000000, -1.000000000000000000, 0.000000000000000000 ) ) ;
#2721 = EDGE_CURVE ( 'NONE', #1397, #8381, #1641, .T. ) ;
#2722 =( CONVERSION_BASED_UNIT ( 'INCH', #9760 ) LENGTH_UNIT ( ) NAMED_UNIT ( #8023 ) );
#2723 = CARTESIAN_POINT ( 'NONE',  ( 0.1924120480815387502, 0.1090290007134953054, 0.1166305920561093029 ) ) ;
#2724 = AXIS2_PLACEMENT_3D ( 'NONE', #3082, #6072, #8637 ) ;
#2725 = CARTESIAN_POINT ( 'NONE',  ( 0.2265988090699147806, 0.1340232401371531934, -0.1219982959481528684 ) ) ;
#2726 = VERTEX_POINT ( 'NONE', #1368 ) ;
#2727 = PRESENTATION_LAYER_ASSIGNMENT (  '', '', ( #6501 ) ) ;
#2728 = ORIENTED_EDGE ( 'NONE', *, *, #8684, .T. ) ;
#2729 = UNCERTAINTY_MEASURE_WITH_UNIT (LENGTH_MEASURE( 1.000000000000000082E-05 ), #2868, 'distance_accuracy_value', 'NONE');
#2730 = EDGE_LOOP ( 'NONE', ( #3485, #611, #5381, #9145 ) ) ;
#2731 = CARTESIAN_POINT ( 'NONE',  ( 0.03752881368661999811, -0.2350000000000000144, 0.03379109562111000387 ) ) ;
#2732 = CARTESIAN_POINT ( 'NONE',  ( -0.01694845125667999997, -0.09099999999999999756, 0.09500000000000001499 ) ) ;
#2733 = VECTOR ( 'NONE', #890, 39.37007874015748143 ) ;
#2734 = CARTESIAN_POINT ( 'NONE',  ( 0.2132393488517000113, 0.1246118225996999951, -0.1405643480442000104 ) ) ;
#2735 = LINE ( 'NONE', #4379, #10156 ) ;
#2736 = VERTEX_POINT ( 'NONE', #7033 ) ;
#2737 = EDGE_LOOP ( 'NONE', ( #7132, #1547, #7464 ) ) ;
#2738 = ORIENTED_EDGE ( 'NONE', *, *, #7056, .T. ) ;
#2739 = AXIS2_PLACEMENT_3D ( 'NONE', #3141, #6905, #7831 ) ;
#2740 = AXIS2_PLACEMENT_3D ( 'NONE', #2389, #6605, #5739 ) ;
#2741 = DIRECTION ( 'NONE',  ( 0.8660254037844288266, 0.5000000000000169864, 0.000000000000000000 ) ) ;
#2742 = DIRECTION ( 'NONE',  ( 0.4091990160363889184, 0.8000000000011784351, 0.4388122209703889109 ) ) ;
#2743 = LINE ( 'NONE', #467, #450 ) ;
#2744 = AXIS2_PLACEMENT_3D ( 'NONE', #9202, #2009, #7666 ) ;
#2745 = EDGE_LOOP ( 'NONE', ( #9309, #3401, #8021 ) ) ;
#2746 = ORIENTED_EDGE ( 'NONE', *, *, #7797, .F. ) ;
#2747 = CIRCLE ( 'NONE', #8655, 0.01999999999999999001 ) ;
#2748 = CIRCLE ( 'NONE', #9158, 0.06249999999999997918 ) ;
#2749 = FACE_OUTER_BOUND ( 'NONE', #9379, .T. ) ;
#2750 = CIRCLE ( 'NONE', #8823, 0.01150000000000000848 ) ;
#2751 = AXIS2_PLACEMENT_3D ( 'NONE', #9426, #1618, #7226 ) ;
#2752 = CARTESIAN_POINT ( 'NONE',  ( 0.1532309088561999988, 0.09299999999999999933, 0.1701801650343000016 ) ) ;
#2753 = FILL_AREA_STYLE ('',( #3433 ) ) ;
#2754 =( NAMED_UNIT ( * ) SI_UNIT ( $, .STERADIAN. ) SOLID_ANGLE_UNIT ( ) );
#2755 = SURFACE_SIDE_STYLE ('',( #5118 ) ) ;
#2756 =( GEOMETRIC_REPRESENTATION_CONTEXT ( 3 ) GLOBAL_UNCERTAINTY_ASSIGNED_CONTEXT ( ( #7372 ) ) GLOBAL_UNIT_ASSIGNED_CONTEXT ( ( #9640, #9583, #3310 ) ) REPRESENTATION_CONTEXT ( 'NONE', 'WORKASPACE' ) );
#2757 = EDGE_CURVE ( 'NONE', #3329, #9451, #5742, .T. ) ;
#2758 = DIRECTION ( 'NONE',  ( 0.000000000000000000, -1.000000000000000000, 0.000000000000000000 ) ) ;
#2759 = CARTESIAN_POINT ( 'NONE',  ( 0.2043819952930999995, 0.1889999999999000257, -0.1180000000000000077 ) ) ;
#2760 = ORIENTED_EDGE ( 'NONE', *, *, #8604, .T. ) ;
#2761 = FILL_AREA_STYLE ('',( #9754 ) ) ;
#2762 = VECTOR ( 'NONE', #9906, 39.37007874015748143 ) ;
#2763 = ADVANCED_FACE ( 'NONE', ( #8764 ), #73, .T. ) ;
#2764 = CIRCLE ( 'NONE', #6549, 0.09649999999999997469 ) ;
#2765 = DIRECTION ( 'NONE',  ( 0.000000000000000000, 1.000000000000000000, 0.000000000000000000 ) ) ;
#2766 = CARTESIAN_POINT ( 'NONE',  ( 0.000000000000000000, 0.1890000000000000291, 0.000000000000000000 ) ) ;
#2768 = ADVANCED_FACE ( 'NONE', ( #1831 ), #178, .T. ) ;
#2767 = CARTESIAN_POINT ( 'NONE',  ( 0.1921190942299488003, 0.1081405571518031239, 0.1171121591130283857 ) ) ;
#2769 = EDGE_CURVE ( 'NONE', #8472, #5308, #2045, .T. ) ;
#2771 = SURFACE_STYLE_USAGE ( .BOTH. , #444 ) ;
#2770 = DIRECTION ( 'NONE',  ( -1.098241087159999935E-13, 1.000000000000000000, 0.000000000000000000 ) ) ;
#2772 = CARTESIAN_POINT ( 'NONE',  ( 0.000000000000000000, 0.1890000000000000291, 0.000000000000000000 ) ) ;
#2773 = ORIENTED_EDGE ( 'NONE', *, *, #8308, .T. ) ;
#2774 = EDGE_CURVE ( 'NONE', #9349, #6706, #8819, .T. ) ;
#2775 = DIMENSIONAL_EXPONENTS ( 1.000000000000000000, 0.000000000000000000, 0.000000000000000000, 0.000000000000000000, 0.000000000000000000, 0.000000000000000000, 0.000000000000000000 ) ;
#2776 = ADVANCED_FACE ( 'NONE', ( #3163 ), #3217, .F. ) ;
#2777 = ORIENTED_EDGE ( 'NONE', *, *, #8246, .F. ) ;
#2778 = ORIENTED_EDGE ( 'NONE', *, *, #6417, .T. ) ;
#2779 = CARTESIAN_POINT ( 'NONE',  ( 0.2355039644247615971, 0.1263530885091058986, 0.01450073872132439171 ) ) ;
#2780 = DIRECTION ( 'NONE',  ( 0.000000000000000000, 1.000000000000000000, 0.000000000000000000 ) ) ;
#2781 = DIRECTION ( 'NONE',  ( -1.625998120756999935E-13, 1.000000000000000000, -2.825667465948999705E-13 ) ) ;
#2782 = CARTESIAN_POINT ( 'NONE',  ( 0.1691355932955000141, 0.1849999999999999978, 0.1813757180016000170 ) ) ;
#2783 = CARTESIAN_POINT ( 'NONE',  ( 0.05099999994384999541, 0.1887929003366999869, 0.2334941530561000234 ) ) ;
#2784 = ORIENTED_EDGE ( 'NONE', *, *, #4286, .F. ) ;
#2785 = ORIENTED_EDGE ( 'NONE', *, *, #2835, .T. ) ;
#2786 = ORIENTED_EDGE ( 'NONE', *, *, #9872, .F. ) ;
#2787 = ORIENTED_EDGE ( 'NONE', *, *, #4226, .T. ) ;
#2788 = CARTESIAN_POINT ( 'NONE',  ( 0.000000000000000000, -0.4030000000000000249, 0.000000000000000000 ) ) ;
#2789 = CARTESIAN_POINT ( 'NONE',  ( 0.09290243516715000760, 0.1849999999999999978, -0.2299415959325999959 ) ) ;
#2790 = CARTESIAN_POINT ( 'NONE',  ( 0.000000000000000000, -0.08700000000000000788, 0.000000000000000000 ) ) ;
#2791 = VECTOR ( 'NONE', #2234, 39.37007874015748143 ) ;
#2792 = CARTESIAN_POINT ( 'NONE',  ( -0.006000000000000000125, 0.1849824118642403314, 0.2482461040991914836 ) ) ;
#2793 = ORIENTED_EDGE ( 'NONE', *, *, #6811, .F. ) ;
#2794 = CARTESIAN_POINT ( 'NONE',  ( -0.008000000000000000167, 0.1890000000000000291, -0.2235999999999999932 ) ) ;
#2795 = ORIENTED_EDGE ( 'NONE', *, *, #4095, .T. ) ;
#2796 = CIRCLE ( 'NONE', #1992, 0.06900000000000000577 ) ;
#2797 = CARTESIAN_POINT ( 'NONE',  ( 0.2516720762155684743, 0.1030483170960987682, -0.02129713429671163671 ) ) ;
#2798 = CARTESIAN_POINT ( 'NONE',  ( 0.03200000000000000067, 0.1290000000000000036, -0.2227128195682000211 ) ) ;
#2799 = PLANE ( 'NONE',  #5320 ) ;
#2800 = CARTESIAN_POINT ( 'NONE',  ( 0.04779079981520999859, 0.1740000000000000158, 0.2198659579221000082 ) ) ;
#2801 = DIRECTION ( 'NONE',  ( 0.000000000000000000, 0.000000000000000000, -1.000000000000000000 ) ) ;
#2802 = AXIS2_PLACEMENT_3D ( 'NONE', #4301, #7541, #528 ) ;
#2803 = CARTESIAN_POINT ( 'NONE',  ( 0.08765794300213997081, 0.1849999999999999978, 0.2169610223006999961 ) ) ;
#2804 = CARTESIAN_POINT ( 'NONE',  ( -0.2215817467986999911, 0.1820000013644999803, -0.03907084039313000329 ) ) ;
#2805 = COLOUR_RGB ( '',0.2509803921568627416, 0.2509803921568627416, 0.2509803921568627416 ) ;
#2806 = ORIENTED_EDGE ( 'NONE', *, *, #1244, .T. ) ;
#2807 = CARTESIAN_POINT ( 'NONE',  ( -0.08755715669137008328, -0.007000000000000001013, -0.2405613109212000056 ) ) ;
#2808 = CARTESIAN_POINT ( 'NONE',  ( 0.1953572531899999964, 0.1890000000000000291, -0.1324067355766000154 ) ) ;
#2809 =( NAMED_UNIT ( * ) PLANE_ANGLE_UNIT ( ) SI_UNIT ( $, .RADIAN. ) );
#2810 = CARTESIAN_POINT ( 'NONE',  ( 0.1917981270681239636, 0.1070976643239351239, 0.1176374786743392964 ) ) ;
#2811 = ADVANCED_FACE ( 'NONE', ( #4921 ), #6298, .T. ) ;
#2813 = CARTESIAN_POINT ( 'NONE',  ( 0.000000000000000000, -0.2880000000000000338, 0.000000000000000000 ) ) ;
#2812 =( NAMED_UNIT ( * ) SI_UNIT ( $, .STERADIAN. ) SOLID_ANGLE_UNIT ( ) );
#2814 = DIRECTION ( 'NONE',  ( -0.3420201433257875623, 0.000000000000000000, -0.9396926207858652402 ) ) ;
#2815 = ORIENTED_EDGE ( 'NONE', *, *, #8362, .F. ) ;
#2816 = SURFACE_STYLE_USAGE ( .BOTH. , #4317 ) ;
#2817 =( NAMED_UNIT ( * ) PLANE_ANGLE_UNIT ( ) SI_UNIT ( $, .RADIAN. ) );
#2818 = B_SPLINE_CURVE_WITH_KNOTS ( 'NONE', 3,
 ( #8985, #9708, #6530, #1995, #8889, #1080 ),
 .UNSPECIFIED., .F., .F.,
 ( 4, 2, 4 ),
 ( 0.000000000000000000, 0.5000000000000000000, 1.000000000000000000 ),
 .UNSPECIFIED. ) ;
#2819 = AXIS2_PLACEMENT_3D ( 'NONE', #8964, #8208, #5110 ) ;
#2820 = ORIENTED_EDGE ( 'NONE', *, *, #9928, .T. ) ;
#2821 = EDGE_CURVE ( 'NONE', #9849, #6976, #4337, .T. ) ;
#2822 = ORIENTED_EDGE ( 'NONE', *, *, #5044, .T. ) ;
#2823 = EDGE_CURVE ( 'NONE', #6655, #1861, #7652, .T. ) ;
#2824 = SURFACE_STYLE_USAGE ( .BOTH. , #9870 ) ;
#2825 = AXIS2_PLACEMENT_3D ( 'NONE', #9717, #7316, #8136 ) ;
#2826 = AXIS2_PLACEMENT_3D ( 'NONE', #10118, #1485, #2163 ) ;
#2827 = DIRECTION ( 'NONE',  ( 0.000000000000000000, -1.000000000000000000, 0.000000000000000000 ) ) ;
#2828 = SURFACE_STYLE_USAGE ( .BOTH. , #9875 ) ;
#2829 = EDGE_LOOP ( 'NONE', ( #8632, #459, #3711, #5943 ) ) ;
#2830 = ORIENTED_EDGE ( 'NONE', *, *, #5464, .F. ) ;
#2831 = CARTESIAN_POINT ( 'NONE',  ( 0.1979495697978000401, 0.09701666049842991302, -0.1109035478224999899 ) ) ;
#2832 = ORIENTED_EDGE ( 'NONE', *, *, #3399, .F. ) ;
#2833 = VERTEX_POINT ( 'NONE', #897 ) ;
#2834 = CARTESIAN_POINT ( 'NONE',  ( 0.2069275418767000108, 0.09300000877802992727, -0.1205429154689999921 ) ) ;
#2835 = EDGE_CURVE ( 'NONE', #8540, #4706, #3512, .T. ) ;
#2836 = EDGE_CURVE ( 'NONE', #7674, #5113, #6675, .T. ) ;
#2837 = LINE ( 'NONE', #8399, #5193 ) ;
#2838 = DIRECTION ( 'NONE',  ( -0.2187500000000105471, 0.000000000000000000, -0.9757809372497472378 ) ) ;
#2839 = DIRECTION ( 'NONE',  ( 0.000000000000000000, -1.000000000000000000, 0.000000000000000000 ) ) ;
#2840 = VECTOR ( 'NONE', #946, 39.37007874015748854 ) ;
#2841 = FILL_AREA_STYLE ('',( #5111 ) ) ;
#2842 = VERTEX_POINT ( 'NONE', #3263 ) ;
#2843 =( NAMED_UNIT ( * ) PLANE_ANGLE_UNIT ( ) SI_UNIT ( $, .RADIAN. ) );
#2844 = ORIENTED_EDGE ( 'NONE', *, *, #9410, .F. ) ;
#2845 = VECTOR ( 'NONE', #4871, 39.37007874015748854 ) ;
#2846 = CARTESIAN_POINT ( 'NONE',  ( 0.2480244159908075730, 0.08556696679436556763, -0.02631198200378295077 ) ) ;
#2847 = CARTESIAN_POINT ( 'NONE',  ( -0.05127699295789000383, -0.2249999999999999778, -0.04617001183881999649 ) ) ;
#2848 = CARTESIAN_POINT ( 'NONE',  ( 0.1698381586472000326, 0.1841728378957999956, 0.1821291271015000324 ) ) ;
#2849 = DIRECTION ( 'NONE',  ( 0.000000000000000000, -1.000000000000000000, 0.000000000000000000 ) ) ;
#2850 = DIRECTION ( 'NONE',  ( -4.098958826676999703E-13, 1.000000000000000000, 9.903729071396000445E-13 ) ) ;
#2851 = DIRECTION ( 'NONE',  ( -0.5902450743661318278, -0.5000000000010207390, -0.6337276640525476568 ) ) ;
#2852 = EDGE_LOOP ( 'NONE', ( #9336, #7969, #8585 ) ) ;
#2853 = VECTOR ( 'NONE', #2997, 39.37007874015748854 ) ;
#2854 = AXIS2_PLACEMENT_3D ( 'NONE', #4394, #3471, #3428 ) ;
#2855 = VECTOR ( 'NONE', #6918, 39.37007874015748143 ) ;
#2856 = CARTESIAN_POINT ( 'NONE',  ( 0.01200000000000000025, 0.4335000000000000520, -0.2136000000000000121 ) ) ;
#2857 = DIRECTION ( 'NONE',  ( -0.03582403424280938831, -0.9993360567820825935, -0.006639592292312887153 ) ) ;
#2858 = CARTESIAN_POINT ( 'NONE',  ( 0.2248109110168999836, 0.1330108282678000020, -0.009222488152840000245 ) ) ;
#2859 = DIRECTION ( 'NONE',  ( -0.3420201433256112034, 5.608825411991942093E-12, 0.9396926207859293001 ) ) ;
#2860 = DIRECTION ( 'NONE',  ( -1.088754092949999996E-13, 0.000000000000000000, -1.000000000000000000 ) ) ;
#2861 = CARTESIAN_POINT ( 'NONE',  ( 0.1816389278424999920, 0.09299999999999999933, 0.1327866706120000018 ) ) ;
#2862 = ORIENTED_EDGE ( 'NONE', *, *, #3214, .T. ) ;
#2863 = DIRECTION ( 'NONE',  ( -2.940041945916000073E-12, 1.000000000000000000, 3.265285134001999939E-12 ) ) ;
#2864 = VECTOR ( 'NONE', #2194, 39.37007874015748854 ) ;
#2865 = DIRECTION ( 'NONE',  ( 0.7431448254773762585, 0.000000000000000000, -0.6691306063588782216 ) ) ;
#2866 = ORIENTED_EDGE ( 'NONE', *, *, #9493, .T. ) ;
#2867 = ORIENTED_EDGE ( 'NONE', *, *, #10119, .T. ) ;
#2868 =( CONVERSION_BASED_UNIT ( 'INCH', #8338 ) LENGTH_UNIT ( ) NAMED_UNIT ( #9011 ) );
#2869 =( CONVERSION_BASED_UNIT ( 'INCH', #6070 ) LENGTH_UNIT ( ) NAMED_UNIT ( #5783 ) );
#2870 = CARTESIAN_POINT ( 'NONE',  ( 0.2043819952930999995, 0.1890000000000000291, 0.1180000000000000077 ) ) ;
#2871 = ADVANCED_FACE ( 'NONE', ( #7391 ), #8211, .T. ) ;
#2872 = CARTESIAN_POINT ( 'NONE',  ( 0.2360000000000000153, 0.1890000000000000291, 0.000000000000000000 ) ) ;
#2873 = AXIS2_PLACEMENT_3D ( 'NONE', #2886, #10089, #2132 ) ;
#2874 = FACE_OUTER_BOUND ( 'NONE', #2423, .T. ) ;
#2875 = ORIENTED_EDGE ( 'NONE', *, *, #8447, .F. ) ;
#2876 = VERTEX_POINT ( 'NONE', #9018 ) ;
#2877 = CARTESIAN_POINT ( 'NONE',  ( -0.2462038189668999955, 0.000000000000000000, 0.04340465833973000676 ) ) ;
#2878 = ORIENTED_EDGE ( 'NONE', *, *, #5553, .T. ) ;
#2879 = EDGE_CURVE ( 'NONE', #10019, #6500, #60, .T. ) ;
#2880 = ORIENTED_EDGE ( 'NONE', *, *, #9059, .T. ) ;
#2881 = CIRCLE ( 'NONE', #8968, 0.1250000008436000509 ) ;
#2882 = CARTESIAN_POINT ( 'NONE',  ( 0.2092836921328000144, 0.09299999970751003653, -0.1169307679169999947 ) ) ;
#2883 = LINE ( 'NONE', #9162, #7010 ) ;
#2884 = CARTESIAN_POINT ( 'NONE',  ( -0.008000000000000000167, 0.1740000000000000158, -0.2235999999999999932 ) ) ;
#2885 = ADVANCED_FACE ( 'NONE', ( #2656 ), #5789, .F. ) ;
#2886 = CARTESIAN_POINT ( 'NONE',  ( 0.000000000000000000, -0.0005000000000000000104, 0.000000000000000000 ) ) ;
#2887 = CARTESIAN_POINT ( 'NONE',  ( 0.000000000000000000, -0.1110000000000000014, 0.000000000000000000 ) ) ;
#2888 = CARTESIAN_POINT ( 'NONE',  ( -0.006000000000000000125, 0.1716140294241366160, 0.2559296779090999285 ) ) ;
#2889 = ORIENTED_EDGE ( 'NONE', *, *, #8870, .T. ) ;
#2890 = CARTESIAN_POINT ( 'NONE',  ( -0.08071675382486002970, 0.1890000000000000291, -0.2217674585055000036 ) ) ;
#2891 = EDGE_LOOP ( 'NONE', ( #3608, #1092, #9524, #3966, #3748 ) ) ;
#2892 = AXIS2_PLACEMENT_3D ( 'NONE', #7384, #2649, #8912 ) ;
#2893 = ADVANCED_FACE ( 'NONE', ( #4249 ), #3518, .T. ) ;
#2894 = EDGE_CURVE ( 'NONE', #3801, #1698, #3571, .T. ) ;
#2895 = LINE ( 'NONE', #9223, #738 ) ;
#2896 = CYLINDRICAL_SURFACE ( 'NONE', #4239, 0.01450000000000000941 ) ;
#2897 = LINE ( 'NONE', #3827, #3681 ) ;
#2898 = CARTESIAN_POINT ( 'NONE',  ( 0.2270000000000000073, 0.03950000000000000039, -0.1448810599014000167 ) ) ;
#2899 =( LENGTH_UNIT ( ) NAMED_UNIT ( * ) SI_UNIT ( $, .METRE. ) );
#2900 = AXIS2_PLACEMENT_3D ( 'NONE', #1468, #7945, #6968 ) ;
#2901 = VECTOR ( 'NONE', #6647, 39.37007874015748143 ) ;
#2902 = AXIS2_PLACEMENT_3D ( 'NONE', #9848, #8979, #2041 ) ;
#2903 = LINE ( 'NONE', #5074, #5540 ) ;
#2904 = ORIENTED_EDGE ( 'NONE', *, *, #1966, .T. ) ;
#2905 = CARTESIAN_POINT ( 'NONE',  ( 0.1998161011015975319, 0.1852855225803605177, -0.1462656743566208561 ) ) ;
#2906 = CIRCLE ( 'NONE', #8659, 0.03150000000000002104 ) ;
#2907 = PRESENTATION_LAYER_ASSIGNMENT (  '', '', ( #603 ) ) ;
#2908 =( NAMED_UNIT ( * ) PLANE_ANGLE_UNIT ( ) SI_UNIT ( $, .RADIAN. ) );
#2909 =( GEOMETRIC_REPRESENTATION_CONTEXT ( 3 ) GLOBAL_UNCERTAINTY_ASSIGNED_CONTEXT ( ( #50 ) ) GLOBAL_UNIT_ASSIGNED_CONTEXT ( ( #9323, #7686, #7781 ) ) REPRESENTATION_CONTEXT ( 'NONE', 'WORKASPACE' ) );
#2910 = DIRECTION ( 'NONE',  ( 0.000000000000000000, -1.000000000000000000, 0.000000000000000000 ) ) ;
#2911 = DIRECTION ( 'NONE',  ( 1.000000000000000000, 0.000000000000000000, 0.000000000000000000 ) ) ;
#2912 = CARTESIAN_POINT ( 'NONE',  ( 0.2236972611338000072, 0.09299999999999999933, 0.02417716611268000415 ) ) ;
#2913 = AXIS2_PLACEMENT_3D ( 'NONE', #7898, #4864, #3215 ) ;
#2914 = DIRECTION ( 'NONE',  ( 0.000000000000000000, -1.000000000000000000, 0.000000000000000000 ) ) ;
#2915 = VECTOR ( 'NONE', #5250, 39.37007874015748854 ) ;
#2916 = CARTESIAN_POINT ( 'NONE',  ( 0.000000000000000000, -0.2350000000000000144, 0.000000000000000000 ) ) ;
#2917 = ORIENTED_EDGE ( 'NONE', *, *, #8555, .T. ) ;
#2918 = DIRECTION ( 'NONE',  ( 9.119689130848999249E-14, -1.000000000000000000, -2.567390744445999637E-13 ) ) ;
#2919 = CARTESIAN_POINT ( 'NONE',  ( 0.2018045592091999574, 0.1899449464299998724, 0.1519765936755000657 ) ) ;
#2920 = CIRCLE ( 'NONE', #9330, 0.01450000000000000941 ) ;
#2921 = ORIENTED_EDGE ( 'NONE', *, *, #428, .F. ) ;
#2922 = ORIENTED_EDGE ( 'NONE', *, *, #5955, .T. ) ;
#2923 = CARTESIAN_POINT ( 'NONE',  ( 0.2435649986685218538, 0.1299770413046185125, 0.01239574464834990002 ) ) ;
#2924 = CARTESIAN_POINT ( 'NONE',  ( 0.2750000000000000222, 0.000000000000000000, 0.1650000000000000078 ) ) ;
#2925 = FILL_AREA_STYLE_COLOUR ( '', #3540 ) ;
#2926 = CARTESIAN_POINT ( 'NONE',  ( 0.2324147027077000105, 0.1899449431641999086, 0.02839764180833000487 ) ) ;
#2927 = LINE ( 'NONE', #1546, #3587 ) ;
#2928 = ORIENTED_EDGE ( 'NONE', *, *, #8185, .T. ) ;
#2929 = ORIENTED_EDGE ( 'NONE', *, *, #2598, .T. ) ;
#2930 = VERTEX_POINT ( 'NONE', #1155 ) ;
#2931 = ORIENTED_EDGE ( 'NONE', *, *, #2941, .F. ) ;
#2932 = B_SPLINE_CURVE_WITH_KNOTS ( 'NONE', 3,
 ( #477, #3483, #433, #3582, #6623, #7543, #4406, #9752, #6730, #5942, #6778, #7794, #3735, #2343, #3938, #6974, #7082, #7701, #9431, #6882, #2393, #2248, #10100, #8564, #635, #728, #3001, #1518, #10158, #4605 ),
 .UNSPECIFIED., .F., .F.,
 ( 4, 2, 2, 2, 2, 2, 2, 2, 2, 2, 2, 2, 2, 2, 4 ),
 ( 0.000000000000000000, 0.06250000000000177636, 0.09375000000000238698, 0.1250000000000029976, 0.1875000000000037748, 0.2500000000000045519, 0.3750000000000061062, 0.4375000000000063838, 0.5000000000000066613, 0.6250000000000074385, 0.6875000000000073275, 0.7187500000000069944, 0.7500000000000066613, 0.8750000000000033307, 1.000000000000000000 ),
 .UNSPECIFIED. ) ;
#2933 = LENGTH_MEASURE_WITH_UNIT ( LENGTH_MEASURE( 0.02539999999999999897 ), #9060 );
#2934 = PLANE ( 'NONE',  #4608 ) ;
#2935 = ADVANCED_FACE ( 'NONE', ( #6612 ), #4196, .F. ) ;
#2936 = CARTESIAN_POINT ( 'NONE',  ( 0.2047651328492999800, 0.1143371685741000066, 0.1182212045712000004 ) ) ;
#2937 = PLANE ( 'NONE',  #5216 ) ;
#2938 = EDGE_LOOP ( 'NONE', ( #7032, #2728, #353 ) ) ;
#2939 = DIRECTION ( 'NONE',  ( 1.000000000000000000, 0.000000000000000000, 0.000000000000000000 ) ) ;
#2940 = ORIENTED_EDGE ( 'NONE', *, *, #9976, .T. ) ;
#2941 = EDGE_CURVE ( 'NONE', #7149, #2579, #9840, .T. ) ;
#2942 = EDGE_CURVE ( 'NONE', #6706, #3282, #5658, .T. ) ;
#2943 = AXIS2_PLACEMENT_3D ( 'NONE', #867, #7158, #6433 ) ;
#2944 = CARTESIAN_POINT ( 'NONE',  ( 0.2126030303585000336, 0.4385000000000000009, -0.1266365098322000116 ) ) ;
#2945 = DIRECTION ( 'NONE',  ( 1.000000000000000000, 0.000000000000000000, 0.000000000000000000 ) ) ;
#2946 = DIRECTION ( 'NONE',  ( 2.934728315511999973E-13, 1.000000000000000000, -8.563755346361999783E-14 ) ) ;
#2947 = DIRECTION ( 'NONE',  ( 0.000000000000000000, -1.000000000000000000, 0.000000000000000000 ) ) ;
#2948 = LINE ( 'NONE', #8514, #3535 ) ;
#2949 = EDGE_CURVE ( 'NONE', #1166, #1656, #283, .T. ) ;
#2950 = ADVANCED_FACE ( 'NONE', ( #1880 ), #5479, .F. ) ;
#2951 = CARTESIAN_POINT ( 'NONE',  ( 0.1744175285112000151, 0.000000000000000000, -0.1870399000553000235 ) ) ;
#2952 = CARTESIAN_POINT ( 'NONE',  ( 0.2367480411247441796, 0.1263812910912704701, -0.01449147573520680361 ) ) ;
#2953 = ORIENTED_EDGE ( 'NONE', *, *, #1070, .T. ) ;
#2954 = FILL_AREA_STYLE ('',( #9184 ) ) ;
#2955 = ORIENTED_EDGE ( 'NONE', *, *, #886, .F. ) ;
#2956 = AXIS2_PLACEMENT_3D ( 'NONE', #3661, #5261, #5928 ) ;
#2957 = CARTESIAN_POINT ( 'NONE',  ( -0.08124038404636003963, -0.2880000000000000338, 0.09500000000000001499 ) ) ;
#2958 = DIRECTION ( 'NONE',  ( 1.000000000000000000, 0.000000000000000000, 0.000000000000000000 ) ) ;
#2959 =( GEOMETRIC_REPRESENTATION_CONTEXT ( 3 ) GLOBAL_UNCERTAINTY_ASSIGNED_CONTEXT ( ( #6508 ) ) GLOBAL_UNIT_ASSIGNED_CONTEXT ( ( #8216, #8166, #1314 ) ) REPRESENTATION_CONTEXT ( 'NONE', 'WORKASPACE' ) );
#2960 = CARTESIAN_POINT ( 'NONE',  ( 0.2360000000000000153, 0.4385000000000000009, 0.000000000000000000 ) ) ;
#2961 = DIRECTION ( 'NONE',  ( 0.6815563051479087697, 0.000000000000000000, 0.7317656748667095146 ) ) ;
#2962 = CIRCLE ( 'NONE', #4443, 0.2249999999999999223 ) ;
#2963 = EDGE_CURVE ( 'NONE', #3253, #2307, #1509, .T. ) ;
#2964 = EDGE_CURVE ( 'NONE', #1950, #5047, #6237, .T. ) ;
#2965 =( NAMED_UNIT ( * ) SI_UNIT ( $, .STERADIAN. ) SOLID_ANGLE_UNIT ( ) );
#2966 = ORIENTED_EDGE ( 'NONE', *, *, #9859, .T. ) ;
#2967 = LINE ( 'NONE', #6113, #1370 ) ;
#2968 = CARTESIAN_POINT ( 'NONE',  ( 0.2244446868751002189, 0.1674787285195998843, 0.1571345176419000067 ) ) ;
#2969 = ORIENTED_EDGE ( 'NONE', *, *, #8938, .F. ) ;
#2970 = VECTOR ( 'NONE', #8217, 39.37007874015748143 ) ;
#2971 = ORIENTED_EDGE ( 'NONE', *, *, #9486, .T. ) ;
#2972 = LINE ( 'NONE', #6118, #4662 ) ;
#2973 = LINE ( 'NONE', #3129, #5791 ) ;
#2974 = DIRECTION ( 'NONE',  ( 0.000000000000000000, 1.000000000000000000, 0.000000000000000000 ) ) ;
#2975 = VECTOR ( 'NONE', #3770, 39.37007874015748143 ) ;
#2976 = DIRECTION ( 'NONE',  ( 1.000000000000000000, 0.000000000000000000, 0.000000000000000000 ) ) ;
#2977 = FILL_AREA_STYLE_COLOUR ( '', #4431 ) ;
#2978 = PRESENTATION_STYLE_ASSIGNMENT (( #6268 ) ) ;
#2979 = CARTESIAN_POINT ( 'NONE',  ( -0.08550503583142009256, 0.000000000000000000, -0.2349231551965000053 ) ) ;
#2980 = VERTEX_POINT ( 'NONE', #2890 ) ;
#2981 = EDGE_LOOP ( 'NONE', ( #8950, #374, #3442, #5068 ) ) ;
#2982 = ORIENTED_EDGE ( 'NONE', *, *, #8362, .T. ) ;
#2983 = CARTESIAN_POINT ( 'NONE',  ( -0.04684829673910000103, -0.5913839458705000274, 0.02711424749336000320 ) ) ;
#2984 = CIRCLE ( 'NONE', #9232, 0.05050000000000000322 ) ;
#2985 = DIRECTION ( 'NONE',  ( 0.000000000000000000, 0.000000000000000000, 1.000000000000000000 ) ) ;
#2986 = DIRECTION ( 'NONE',  ( -0.9999988959613604900, 0.000000000000000000, 0.001485959642859940649 ) ) ;
#2987 = DIRECTION ( 'NONE',  ( 0.000000000000000000, 1.000000000000000000, 0.000000000000000000 ) ) ;
#2988 = CARTESIAN_POINT ( 'NONE',  ( -0.05103110104427999866, -0.5830000000002000249, 0.03608430027294000364 ) ) ;
#2989 = LENGTH_MEASURE_WITH_UNIT ( LENGTH_MEASURE( 0.02539999999999999897 ), #718 );
#2990 = ORIENTED_EDGE ( 'NONE', *, *, #4216, .F. ) ;
#2991 = CARTESIAN_POINT ( 'NONE',  ( 0.2433749421086999765, 0.08522401768311005377, 0.02640689316178999879 ) ) ;
#2992 = VERTEX_POINT ( 'NONE', #8360 ) ;
#2993 = STYLED_ITEM ( 'NONE', ( #8783 ), #426 ) ;
#2994 = EDGE_CURVE ( 'NONE', #3798, #9017, #8462, .T. ) ;
#2995 = CARTESIAN_POINT ( 'NONE',  ( 0.2438829615773470960, 0.1868525108609994378, 0.02494970144574681220 ) ) ;
#2996 = FACE_OUTER_BOUND ( 'NONE', #2737, .T. ) ;
#2997 = DIRECTION ( 'NONE',  ( -0.03582403425138955960, -0.9993360567817882734, -0.006639592290327921142 ) ) ;
#2998 = FILL_AREA_STYLE_COLOUR ( '', #5651 ) ;
#2999 = CARTESIAN_POINT ( 'NONE',  ( 0.000000000000000000, 0.03950000000000000039, 0.000000000000000000 ) ) ;
#3000 = DIRECTION ( 'NONE',  ( -4.947873990453519543E-13, -1.000000000000000000, 1.389086574313723979E-16 ) ) ;
#3001 = CARTESIAN_POINT ( 'NONE',  ( 0.2157156330382291320, 0.1303960153894376250, 0.1385626067020123697 ) ) ;
#3002 = EDGE_CURVE ( 'NONE', #2335, #10101, #7736, .T. ) ;
#3003 = ORIENTED_EDGE ( 'NONE', *, *, #314, .T. ) ;
#3004 = CARTESIAN_POINT ( 'NONE',  ( 0.2000590368079118164, 0.1848844409785873610, -0.1468523267732662063 ) ) ;
#3005 =( GEOMETRIC_REPRESENTATION_CONTEXT ( 3 ) GLOBAL_UNCERTAINTY_ASSIGNED_CONTEXT ( ( #2604 ) ) GLOBAL_UNIT_ASSIGNED_CONTEXT ( ( #5905, #9343, #1484 ) ) REPRESENTATION_CONTEXT ( 'NONE', 'WORKASPACE' ) );
#3006 = PRESENTATION_LAYER_ASSIGNMENT (  '', '', ( #9079 ) ) ;
#3007 = ADVANCED_FACE ( 'NONE', ( #4640 ), #6186, .F. ) ;
#3008 = CARTESIAN_POINT ( 'NONE',  ( 0.000000000000000000, -0.007000000000000001013, 0.000000000000000000 ) ) ;
#3009 = DIRECTION ( 'NONE',  ( 0.000000000000000000, -1.000000000000000000, 0.000000000000000000 ) ) ;
#3010 = FACE_OUTER_BOUND ( 'NONE', #2745, .T. ) ;
#3012 = DIRECTION ( 'NONE',  ( -0.9999988959613604900, 0.000000000000000000, 0.001485959642859940649 ) ) ;
#3011 = CARTESIAN_POINT ( 'NONE',  ( -0.006000000000000000125, 0.1640000000000000069, 0.2350000000000000144 ) ) ;
#3013 = CONICAL_SURFACE ( 'NONE', #5971, 0.07449999999997991562, 0.5235987755981996727 ) ;
#3014 = VECTOR ( 'NONE', #2336, 39.37007874015748143 ) ;
#3015 = CIRCLE ( 'NONE', #2036, 0.06250000000000001388 ) ;
#3016 = CARTESIAN_POINT ( 'NONE',  ( 0.2360000000000000153, 0.1270388744963000249, 0.000000000000000000 ) ) ;
#3017 = VERTEX_POINT ( 'NONE', #3668 ) ;
#3018 = CARTESIAN_POINT ( 'NONE',  ( 0.2406952593995000111, 0.1674787285196000508, -0.09319336954529995609 ) ) ;
#3019 = VERTEX_POINT ( 'NONE', #4543 ) ;
#3020 = CIRCLE ( 'NONE', #5163, 0.2499999999999998612 ) ;
#3021 = EDGE_CURVE ( 'NONE', #9463, #8087, #6041, .T. ) ;
#3022 = EDGE_CURVE ( 'NONE', #7768, #938, #6137, .T. ) ;
#3023 = MECHANICAL_DESIGN_GEOMETRIC_PRESENTATION_REPRESENTATION (  '', ( #6150 ), #4506 ) ;
#3024 = VERTEX_POINT ( 'NONE', #6913 ) ;
#3025 = CARTESIAN_POINT ( 'NONE',  ( 0.08578490989223996888, 0.09299999999999999933, -0.2123251026958000165 ) ) ;
#3026 = CARTESIAN_POINT ( 'NONE',  ( 0.2107789686709123922, 0.1263730696805983877, 0.1049559823864045088 ) ) ;
#3027 = CARTESIAN_POINT ( 'NONE',  ( 0.002000000000000000042, 0.4210000000000000409, 0.2290000000000000091 ) ) ;
#3028 = FACE_OUTER_BOUND ( 'NONE', #523, .T. ) ;
#3029 =( NAMED_UNIT ( * ) PLANE_ANGLE_UNIT ( ) SI_UNIT ( $, .RADIAN. ) );
#3030 = FACE_OUTER_BOUND ( 'NONE', #8874, .T. ) ;
#3031 = ORIENTED_EDGE ( 'NONE', *, *, #874, .F. ) ;
#3032 = ORIENTED_EDGE ( 'NONE', *, *, #6667, .T. ) ;
#3033 = AXIS2_PLACEMENT_3D ( 'NONE', #1472, #7745, #1415 ) ;
#3034 = UNCERTAINTY_MEASURE_WITH_UNIT (LENGTH_MEASURE( 1.000000000000000082E-05 ), #7528, 'distance_accuracy_value', 'NONE');
#3035 = ORIENTED_EDGE ( 'NONE', *, *, #3074, .T. ) ;
#3036 = CARTESIAN_POINT ( 'NONE',  ( -0.01694845125667999997, -0.09099999999999999756, -0.09500000000000001499 ) ) ;
#3037 = CARTESIAN_POINT ( 'NONE',  ( 0.2557397091526886768, 0.1290008916799345595, -0.01308706824047541420 ) ) ;
#3038 = CYLINDRICAL_SURFACE ( 'NONE', #9035, 0.01572165198161998984 ) ;
#3039 = VECTOR ( 'NONE', #6154, 39.37007874015748143 ) ;
#3040 = CARTESIAN_POINT ( 'NONE',  ( 0.2018940820145293247, 0.1252269449740315010, 0.09931672014136549986 ) ) ;
#3041 = DIRECTION ( 'NONE',  ( 0.000000000000000000, 1.000000000000000000, 0.000000000000000000 ) ) ;
#3042 = ORIENTED_EDGE ( 'NONE', *, *, #7054, .F. ) ;
#3043 = PRESENTATION_STYLE_ASSIGNMENT (( #9993 ) ) ;
#3044 = CIRCLE ( 'NONE', #2873, 0.2447931081451000523 ) ;
#3045 = CARTESIAN_POINT ( 'NONE',  ( 0.1954139482905000169, 0.1143371685741000066, -0.1115275249144000030 ) ) ;
#3046 = FACE_OUTER_BOUND ( 'NONE', #2060, .T. ) ;
#3047 = CYLINDRICAL_SURFACE ( 'NONE', #2704, 0.01250000000000000243 ) ;
#3048 = DIRECTION ( 'NONE',  ( -0.3746065934153979815, 0.000000000000000000, 0.9271838545669950360 ) ) ;
#3049 = FILL_AREA_STYLE ('',( #9946 ) ) ;
#3050 = CARTESIAN_POINT ( 'NONE',  ( 0.2428394196240000191, 0.000000000000000000, 0.03086554830210000433 ) ) ;
#3051 = MECHANICAL_DESIGN_GEOMETRIC_PRESENTATION_REPRESENTATION (  '', ( #8638 ), #3553 ) ;
#3052 = CARTESIAN_POINT ( 'NONE',  ( 0.2265896561823304289, 0.1314636625863219999, -0.01104002898709656455 ) ) ;
#3053 = CIRCLE ( 'NONE', #5043, 0.2490301569516999991 ) ;
#3054 = ORIENTED_EDGE ( 'NONE', *, *, #367, .T. ) ;
#3055 = CARTESIAN_POINT ( 'NONE',  ( -0.2415417683392228898, 0.1227818917380254643, 0.04259280168102880931 ) ) ;
#3056 = ORIENTED_EDGE ( 'NONE', *, *, #9118, .T. ) ;
#3057 = VERTEX_POINT ( 'NONE', #6965 ) ;
#3058 = DIRECTION ( 'NONE',  ( 0.000000000000000000, 1.000000000000000000, 0.000000000000000000 ) ) ;
#3059 = CIRCLE ( 'NONE', #5709, 0.2499999999999999167 ) ;
#3060 = VECTOR ( 'NONE', #3700, 39.37007874015748143 ) ;
#3061 = EDGE_CURVE ( 'NONE', #9499, #6316, #8086, .T. ) ;
#3062 = CARTESIAN_POINT ( 'NONE',  ( 0.2047651328492999800, 0.4385000000000000009, 0.1182212045712000004 ) ) ;
#3063 = DIRECTION ( 'NONE',  ( 1.000000000000000000, 0.000000000000000000, 0.000000000000000000 ) ) ;
#3065 = DIRECTION ( 'NONE',  ( 1.000000000000000000, 0.000000000000000000, 0.000000000000000000 ) ) ;
#3064 = DIRECTION ( 'NONE',  ( 0.000000000000000000, 1.000000000000000000, 0.000000000000000000 ) ) ;
#3066 = SURFACE_STYLE_USAGE ( .BOTH. , #5543 ) ;
#3067 = EDGE_CURVE ( 'NONE', #5308, #7401, #1722, .T. ) ;
#3068 = ORIENTED_EDGE ( 'NONE', *, *, #8201, .T. ) ;
#3069 = CARTESIAN_POINT ( 'NONE',  ( 0.2009651616852000666, 0.1806233514719000066, -0.1630418025416000005 ) ) ;
#3070 = CARTESIAN_POINT ( 'NONE',  ( 0.1870782168961001024, 0.1899449464299999835, 0.1408004277260999637 ) ) ;
#3071 = ORIENTED_EDGE ( 'NONE', *, *, #5590, .T. ) ;
#3072 = TOROIDAL_SURFACE ( 'NONE', #6364, 0.06400000000000000133, 0.005000000000000000104 ) ;
#3073 = ADVANCED_FACE ( 'NONE', ( #8507 ), #6815, .T. ) ;
#3074 = EDGE_CURVE ( 'NONE', #4592, #8959, #2705, .T. ) ;
#3075 = AXIS2_PLACEMENT_3D ( 'NONE', #1585, #9925, #8395 ) ;
#3076 = VERTEX_POINT ( 'NONE', #885 ) ;
#3077 = DIRECTION ( 'NONE',  ( -1.000000000000000000, 0.000000000000000000, 0.000000000000000000 ) ) ;
#3078 = VECTOR ( 'NONE', #9764, 39.37007874015748143 ) ;
#3079 = CARTESIAN_POINT ( 'NONE',  ( -0.08755715669137008328, -0.09099999999999999756, -0.2405613109212000056 ) ) ;
#3080 = VECTOR ( 'NONE', #5328, 39.37007874015748143 ) ;
#3081 = EDGE_CURVE ( 'NONE', #7815, #6223, #5826, .T. ) ;
#3082 = CARTESIAN_POINT ( 'NONE',  ( 0.1896595634288000265, 0.000000000000000000, -0.1095000000000000001 ) ) ;
#3083 = EDGE_CURVE ( 'NONE', #260, #10159, #3205, .T. ) ;
#3084 =( LENGTH_UNIT ( ) NAMED_UNIT ( * ) SI_UNIT ( $, .METRE. ) );
#3085 = CARTESIAN_POINT ( 'NONE',  ( 0.2729420593992999966, 0.1674787285196001618, -0.02386014008679000764 ) ) ;
#3086 = DIRECTION ( 'NONE',  ( 2.619535095083999860E-14, 1.000000000000000000, 0.000000000000000000 ) ) ;
#3087 = ORIENTED_EDGE ( 'NONE', *, *, #2942, .T. ) ;
#3088 = CIRCLE ( 'NONE', #3586, 0.2249998765233000575 ) ;
#3089 = EDGE_LOOP ( 'NONE', ( #9645, #7048, #3287, #4567 ) ) ;
#3090 = ORIENTED_EDGE ( 'NONE', *, *, #1823, .F. ) ;
#3091 = LINE ( 'NONE', #6226, #9793 ) ;
#3092 = CARTESIAN_POINT ( 'NONE',  ( 0.2579890282475895136, 0.1359648235201564581, -0.001332479102537945928 ) ) ;
#3093 = CARTESIAN_POINT ( 'NONE',  ( 0.9548460965380001220, 0.1202783480183999970, 0.5512806508709000575 ) ) ;
#3094 = CARTESIAN_POINT ( 'NONE',  ( 0.2247034604385914069, 0.1101979212899518584, 0.01155299366845860543 ) ) ;
#3095 = CARTESIAN_POINT ( 'NONE',  ( 0.1911340067463000170, 0.1143371685741000066, -0.1035858910738000072 ) ) ;
#3096 = ADVANCED_FACE ( 'NONE', ( #3254 ), #2438, .T. ) ;
#3097 = DIRECTION ( 'NONE',  ( 0.000000000000000000, 1.000000000000000000, 0.000000000000000000 ) ) ;
#3098 = DIRECTION ( 'NONE',  ( 0.000000000000000000, 0.000000000000000000, 1.000000000000000000 ) ) ;
#3099 = ORIENTED_EDGE ( 'NONE', *, *, #7288, .F. ) ;
#3100 = SURFACE_STYLE_FILL_AREA ( #7018 ) ;
#3101 = DIRECTION ( 'NONE',  ( 0.000000000000000000, -1.000000000000000000, 0.000000000000000000 ) ) ;
#3102 = PLANE ( 'NONE',  #3519 ) ;
#3103 = DIRECTION ( 'NONE',  ( 0.000000000000000000, -1.000000000000000000, 0.000000000000000000 ) ) ;
#3104 = CARTESIAN_POINT ( 'NONE',  ( 0.1870042449162999665, 0.05700000000000000205, 0.1579654334929000148 ) ) ;
#3105 = DIRECTION ( 'NONE',  ( 0.000000000000000000, 1.000000000000000000, 0.000000000000000000 ) ) ;
#3106 = FACE_OUTER_BOUND ( 'NONE', #7558, .T. ) ;
#3107 = CARTESIAN_POINT ( 'NONE',  ( 0.2319568958046182572, 0.1275760949000794564, -0.01392768571013774416 ) ) ;
#3108 = VERTEX_POINT ( 'NONE', #9630 ) ;
#3109 = CARTESIAN_POINT ( 'NONE',  ( 0.2005347753047991011, 0.1840209577434789301, -0.1479788289038804772 ) ) ;
#3110 = ORIENTED_EDGE ( 'NONE', *, *, #1317, .T. ) ;
#3111 = VECTOR ( 'NONE', #4122, 39.37007874015748143 ) ;
#3112 = ORIENTED_EDGE ( 'NONE', *, *, #6108, .F. ) ;
#3113 =( NAMED_UNIT ( * ) SI_UNIT ( $, .STERADIAN. ) SOLID_ANGLE_UNIT ( ) );
#3114 = DIRECTION ( 'NONE',  ( -0.000000000000000000, 1.000000000000000000, 0.000000000000000000 ) ) ;
#3115 = LINE ( 'NONE', #8014, #9763 ) ;
#3117 = DIRECTION ( 'NONE',  ( 0.000000000000000000, 1.000000000000000000, 0.000000000000000000 ) ) ;
#3116 = DIRECTION ( 'NONE',  ( 0.000000000000000000, 1.000000000000000000, 0.000000000000000000 ) ) ;
#3118 = CARTESIAN_POINT ( 'NONE',  ( 0.01694845125667999997, -0.1110000000000000014, -0.09500000000000001499 ) ) ;
#3119 = AXIS2_PLACEMENT_3D ( 'NONE', #7336, #3511, #4291 ) ;
#3120 = ORIENTED_EDGE ( 'NONE', *, *, #5421, .T. ) ;
#3121 = CARTESIAN_POINT ( 'NONE',  ( 0.2291703027884000599, 0.1899449464299999835, -0.1323115360052000977 ) ) ;
#3122 = ORIENTED_EDGE ( 'NONE', *, *, #729, .F. ) ;
#3123 = CARTESIAN_POINT ( 'NONE',  ( 0.1820490601998999425, 0.1674787285197000819, 0.1474271263085999983 ) ) ;
#3124 = CARTESIAN_POINT ( 'NONE',  ( 0.04124453781399000513, -0.2550000000000000044, 0.03713674865291999999 ) ) ;
#3125 = ORIENTED_EDGE ( 'NONE', *, *, #8008, .T. ) ;
#3126 = PLANE ( 'NONE',  #3673 ) ;
#3127 = AXIS2_PLACEMENT_3D ( 'NONE', #9796, #2758, #7447 ) ;
#3128 = ORIENTED_EDGE ( 'NONE', *, *, #5218, .T. ) ;
#3129 = CARTESIAN_POINT ( 'NONE',  ( 0.04199999999999999567, 0.1740000000000000158, 0.2257032930885000399 ) ) ;
#3130 = SURFACE_STYLE_FILL_AREA ( #7878 ) ;
#3131 = B_SPLINE_CURVE_WITH_KNOTS ( 'NONE', 3,
 ( #3387, #6583, #8943, #8841, #1906, #5037, #5808, #864, #2625, #7359, #4830, #7154, #305, #6534, #7978, #7261 ),
 .UNSPECIFIED., .F., .F.,
 ( 4, 2, 2, 2, 2, 2, 2, 4 ),
 ( 0.000000000000000000, 0.1250000000000003886, 0.2500000000000007772, 0.3750000000000011657, 0.5000000000000015543, 0.6250000000000019984, 0.7500000000000023315, 1.000000000000000000 ),
 .UNSPECIFIED. ) ;
#3132 = CARTESIAN_POINT ( 'NONE',  ( 0.2244918899669000323, 0.1246118225996999951, -0.01511262184679999961 ) ) ;
#3133 = SURFACE_STYLE_FILL_AREA ( #6269 ) ;
#3134 = CIRCLE ( 'NONE', #7577, 0.02000000000000000736 ) ;
#3135 = EDGE_CURVE ( 'NONE', #112, #2019, #9762, .T. ) ;
#3136 = ORIENTED_EDGE ( 'NONE', *, *, #2012, .T. ) ;
#3137 = VERTEX_POINT ( 'NONE', #4692 ) ;
#3138 = UNCERTAINTY_MEASURE_WITH_UNIT (LENGTH_MEASURE( 1.000000000000000082E-05 ), #3828, 'distance_accuracy_value', 'NONE');
#3139 = EDGE_CURVE ( 'NONE', #9463, #2980, #5331, .T. ) ;
#3140 = ORIENTED_EDGE ( 'NONE', *, *, #1788, .F. ) ;
#3141 = CARTESIAN_POINT ( 'NONE',  ( 0.1911340067463000170, 0.1143371685741000066, -0.1035858910738000072 ) ) ;
#3142 = PRESENTATION_LAYER_ASSIGNMENT (  '', '', ( #2170 ) ) ;
#3143 = CARTESIAN_POINT ( 'NONE',  ( 0.2572270331296453438, 0.1339865729621811108, 0.007711326178669303429 ) ) ;
#3144 = CARTESIAN_POINT ( 'NONE',  ( -0.2265057831927999865, 0.1890000000000000291, 0.03993908086339000713 ) ) ;
#3145 = CARTESIAN_POINT ( 'NONE',  ( 0.000000000000000000, 0.1890000000000000291, 0.000000000000000000 ) ) ;
#3146 = DIRECTION ( 'NONE',  ( -0.2187500000000105471, 0.000000000000000000, 0.9757809372497472378 ) ) ;
#3147 = CARTESIAN_POINT ( 'NONE',  ( 0.2045883169589000350, 0.1035358418291000004, 0.09369020359191004843 ) ) ;
#3148 = CARTESIAN_POINT ( 'NONE',  ( 0.1834322548758000049, 0.1035358418290000110, 0.1303335780079999950 ) ) ;
#3149 = EDGE_CURVE ( 'NONE', #5047, #4462, #4033, .T. ) ;
#3150 = ORIENTED_EDGE ( 'NONE', *, *, #5909, .F. ) ;
#3151 = CARTESIAN_POINT ( 'NONE',  ( 0.000000000000000000, -0.03200000000000000067, 0.000000000000000000 ) ) ;
#3152 = EDGE_CURVE ( 'NONE', #1508, #613, #551, .T. ) ;
#3153 = AXIS2_PLACEMENT_3D ( 'NONE', #2254, #8523, #6309 ) ;
#3154 = ADVANCED_FACE ( 'NONE', ( #5519 ), #5876, .T. ) ;
#3155 = DIRECTION ( 'NONE',  ( -1.000000000000000000, 0.000000000000000000, 3.223953393454000153E-13 ) ) ;
#3156 = PLANE ( 'NONE',  #3396 ) ;
#3157 = DIRECTION ( 'NONE',  ( 0.000000000000000000, 1.000000000000000000, 0.000000000000000000 ) ) ;
#3158 = CARTESIAN_POINT ( 'NONE',  ( 0.2435476497422137676, 0.1870093405058627645, -0.02467763670816211855 ) ) ;
#3159 = CARTESIAN_POINT ( 'NONE',  ( 0.2314265659513478068, 0.1278871374667887584, -0.01376266041787405081 ) ) ;
#3160 = ORIENTED_EDGE ( 'NONE', *, *, #272, .T. ) ;
#3161 = AXIS2_PLACEMENT_3D ( 'NONE', #9560, #1859, #1087 ) ;
#3162 =( GEOMETRIC_REPRESENTATION_CONTEXT ( 3 ) GLOBAL_UNCERTAINTY_ASSIGNED_CONTEXT ( ( #1877 ) ) GLOBAL_UNIT_ASSIGNED_CONTEXT ( ( #3901, #2260, #9392 ) ) REPRESENTATION_CONTEXT ( 'NONE', 'WORKASPACE' ) );
#3163 = FACE_OUTER_BOUND ( 'NONE', #8405, .T. ) ;
#3164 = ORIENTED_EDGE ( 'NONE', *, *, #1895, .T. ) ;
#3165 = ORIENTED_EDGE ( 'NONE', *, *, #6216, .F. ) ;
#3166 = CARTESIAN_POINT ( 'NONE',  ( 0.2086900901214000237, 0.09300000109160000417, 0.1183073582337999946 ) ) ;
#3167 = CARTESIAN_POINT ( 'NONE',  ( -0.03950000000000000039, -0.1260000000000000009, -0.2169999999999999984 ) ) ;
#3168 = FACE_OUTER_BOUND ( 'NONE', #5830, .T. ) ;
#3169 = CARTESIAN_POINT ( 'NONE',  ( 0.2047651328491999767, 0.1143371685741000066, 0.1182212045712000004 ) ) ;
#3171 = CYLINDRICAL_SURFACE ( 'NONE', #6374, 0.06899999999999997802 ) ;
#3170 = CARTESIAN_POINT ( 'NONE',  ( 0.2249267827029000077, 0.1224361845109999958, 0.005754322694910999486 ) ) ;
#3172 = B_SPLINE_CURVE_WITH_KNOTS ( 'NONE', 3,
 ( #9765, #2381, #7073, #58, #8947, #1909, #7312, #348, #3982, #4266, #4689, #4797, #5040, #8700, #7836, #7940, #3929, #8648, #8184, #9469, #5570, #2725, #7889, #3201, #6585, #8598, #1557, #773, #3447, #255 ),
 .UNSPECIFIED., .F., .F.,
 ( 4, 2, 2, 2, 2, 2, 2, 2, 2, 2, 2, 2, 2, 2, 4 ),
 ( 0.000000000000000000, 0.06249999999999833467, 0.09374999999999762690, 0.1249999999999969191, 0.1874999999999961420, 0.2499999999999953371, 0.3749999999999931166, 0.4374999999999922284, 0.4999999999999913403, 0.6249999999999923395, 0.6874999999999930056, 0.7187499999999938938, 0.7499999999999948930, 0.8749999999999974465, 1.000000000000000000 ),
 .UNSPECIFIED. ) ;
#3173 = CARTESIAN_POINT ( 'NONE',  ( 0.05099999999999999672, 0.1890000000000000291, -0.2304235919856000014 ) ) ;
#3174 = EDGE_LOOP ( 'NONE', ( #9220, #6125, #7162, #1843 ) ) ;
#3175 = CARTESIAN_POINT ( 'NONE',  ( -0.04400000000000000439, 0.1290000000000000036, 0.2290000000000000091 ) ) ;
#3176 = ORIENTED_EDGE ( 'NONE', *, *, #4717, .T. ) ;
#3177 =( LENGTH_UNIT ( ) NAMED_UNIT ( * ) SI_UNIT ( $, .METRE. ) );
#3178 = VECTOR ( 'NONE', #4504, 39.37007874015748854 ) ;
#3179 =( GEOMETRIC_REPRESENTATION_CONTEXT ( 3 ) GLOBAL_UNCERTAINTY_ASSIGNED_CONTEXT ( ( #1814 ) ) GLOBAL_UNIT_ASSIGNED_CONTEXT ( ( #6673, #7345, #2754 ) ) REPRESENTATION_CONTEXT ( 'NONE', 'WORKASPACE' ) );
#3180 = DIMENSIONAL_EXPONENTS ( 1.000000000000000000, 0.000000000000000000, 0.000000000000000000, 0.000000000000000000, 0.000000000000000000, 0.000000000000000000, 0.000000000000000000 ) ;
#3181 = FILL_AREA_STYLE ('',( #7573 ) ) ;
#3182 = EDGE_LOOP ( 'NONE', ( #2955, #2480, #4867, #4494 ) ) ;
#3183 = CARTESIAN_POINT ( 'NONE',  ( 0.2106955763795129721, 0.1263964448356934001, -0.1049194552023946930 ) ) ;
#3184 = ORIENTED_EDGE ( 'NONE', *, *, #2774, .F. ) ;
#3185 = CIRCLE ( 'NONE', #5155, 0.2447931081451000523 ) ;
#3186 = CARTESIAN_POINT ( 'NONE',  ( 0.08428648351857992438, 0.1890000000000000291, -0.2086163672774999922 ) ) ;
#3187 = AXIS2_PLACEMENT_3D ( 'NONE', #3500, #8955, #8903 ) ;
#3188 = DIRECTION ( 'NONE',  ( 0.000000000000000000, -1.000000000000000000, 0.000000000000000000 ) ) ;
#3189 = ORIENTED_EDGE ( 'NONE', *, *, #6054, .F. ) ;
#3190 = DIRECTION ( 'NONE',  ( 0.6819983600623278353, 0.000000000000000000, 0.7313537016193298879 ) ) ;
#3191 = ORIENTED_EDGE ( 'NONE', *, *, #3067, .F. ) ;
#3192 = AXIS2_PLACEMENT_3D ( 'NONE', #3880, #1668, #7024 ) ;
#3193 = VERTEX_POINT ( 'NONE', #2645 ) ;
#3194 = VECTOR ( 'NONE', #5080, 39.37007874015748854 ) ;
#3195 = ORIENTED_EDGE ( 'NONE', *, *, #6496, .F. ) ;
#3196 = CARTESIAN_POINT ( 'NONE',  ( -0.05103110104427999866, -0.5830000000002000249, 0.03608430027294000364 ) ) ;
#3197 = ADVANCED_FACE ( 'NONE', ( #7523 ), #1972, .T. ) ;
#3198 = DIRECTION ( 'NONE',  ( 0.000000000000000000, -1.000000000000000000, 0.000000000000000000 ) ) ;
#3199 = FACE_OUTER_BOUND ( 'NONE', #4022, .T. ) ;
#3200 = CARTESIAN_POINT ( 'NONE',  ( 0.000000000000000000, 0.1740000000000000158, 0.2249999999999999778 ) ) ;
#3201 = CARTESIAN_POINT ( 'NONE',  ( 0.2269803013430133909, 0.1332808811692298978, -0.1208275822896916069 ) ) ;
#3202 = FILL_AREA_STYLE ('',( #3354 ) ) ;
#3203 = ADVANCED_FACE ( 'NONE', ( #1192 ), #9000, .F. ) ;
#3204 = VERTEX_POINT ( 'NONE', #5147 ) ;
#3205 = LINE ( 'NONE', #2542, #8130 ) ;
#3206 = AXIS2_PLACEMENT_3D ( 'NONE', #5561, #5355, #2371 ) ;
#3207 = SURFACE_STYLE_FILL_AREA ( #3256 ) ;
#3210 = EDGE_CURVE ( 'NONE', #522, #8262, #1445, .T. ) ;
#3209 = CIRCLE ( 'NONE', #8957, 0.2559999999999999498 ) ;
#3208 = LENGTH_MEASURE_WITH_UNIT ( LENGTH_MEASURE( 0.02539999999999999897 ), #7126 );
#3211 = CARTESIAN_POINT ( 'NONE',  ( -0.04124453781399000513, -0.2600000000000000089, -0.03713674865291999999 ) ) ;
#3212 = FACE_OUTER_BOUND ( 'NONE', #5920, .T. ) ;
#3213 = CARTESIAN_POINT ( 'NONE',  ( 0.09290243516715000760, 0.1849999999999999978, 0.2299415959325999959 ) ) ;
#3214 = EDGE_CURVE ( 'NONE', #764, #2042, #4189, .T. ) ;
#3215 = DIRECTION ( 'NONE',  ( 0.000000000000000000, 1.000000000000000000, 0.000000000000000000 ) ) ;
#3216 = EDGE_CURVE ( 'NONE', #6089, #2081, #8442, .T. ) ;
#3217 = PLANE ( 'NONE',  #6967 ) ;
#3218 = AXIS2_PLACEMENT_3D ( 'NONE', #8838, #7403, #6629 ) ;
#3219 = VERTEX_POINT ( 'NONE', #6556 ) ;
#3220 = VERTEX_POINT ( 'NONE', #9682 ) ;
#3221 = FACE_OUTER_BOUND ( 'NONE', #7714, .T. ) ;
#3222 = CARTESIAN_POINT ( 'NONE',  ( 0.1808277240783000284, 0.02805275571415000169, -0.1650000000000000078 ) ) ;
#3223 = CARTESIAN_POINT ( 'NONE',  ( 0.1980720722667000111, 0.09300000000562994029, -0.1226856067498000163 ) ) ;
#3224 = CARTESIAN_POINT ( 'NONE',  ( 0.2067434707258965776, 0.1012219864336530023, -0.1445598875447057785 ) ) ;
#3226 = SURFACE_STYLE_USAGE ( .BOTH. , #8830 ) ;
#3225 = CARTESIAN_POINT ( 'NONE',  ( 0.2249761652542000001, 0.1270388744963000249, 0.003274914884095000197 ) ) ;
#3227 = DIRECTION ( 'NONE',  ( 0.4731467917771930987, 0.7071067750061892365, -0.5254827515449921327 ) ) ;
#3228 = ORIENTED_EDGE ( 'NONE', *, *, #7936, .T. ) ;
#3229 = CARTESIAN_POINT ( 'NONE',  ( 0.1966145427300847737, 0.1263844255041387254, 0.1302482804721059317 ) ) ;
#3230 = ORIENTED_EDGE ( 'NONE', *, *, #2152, .T. ) ;
#3231 = ORIENTED_EDGE ( 'NONE', *, *, #2821, .F. ) ;
#3232 = VECTOR ( 'NONE', #8151, 39.37007874015748854 ) ;
#3233 = STYLED_ITEM ( 'NONE', ( #3935 ), #6609 ) ;
#3234 = CARTESIAN_POINT ( 'NONE',  ( 0.01694845125667999997, -0.09099999999999999756, -0.09500000000000001499 ) ) ;
#3235 = ORIENTED_EDGE ( 'NONE', *, *, #3725, .T. ) ;
#3236 = CARTESIAN_POINT ( 'NONE',  ( -0.08550503583141004504, -0.09099999999999999756, -0.2349231551965000053 ) ) ;
#3237 = DIRECTION ( 'NONE',  ( 0.000000000000000000, -1.000000000000000000, 0.000000000000000000 ) ) ;
#3238 = AXIS2_PLACEMENT_3D ( 'NONE', #5568, #9677, #4903 ) ;
#3239 = EDGE_LOOP ( 'NONE', ( #101, #1078, #5743 ) ) ;
#3240 = SURFACE_SIDE_STYLE ('',( #1808 ) ) ;
#3241 = CARTESIAN_POINT ( 'NONE',  ( 0.000000000000000000, -0.03200000000000000067, 0.000000000000000000 ) ) ;
#3242 = CIRCLE ( 'NONE', #9316, 0.2249999999999999778 ) ;
#3243 = VERTEX_POINT ( 'NONE', #746 ) ;
#3244 = ORIENTED_EDGE ( 'NONE', *, *, #6602, .F. ) ;
#3245 = CIRCLE ( 'NONE', #6710, 0.01999999999999999348 ) ;
#3246 = CIRCLE ( 'NONE', #9648, 0.2290000061036001067 ) ;
#3247 = ORIENTED_EDGE ( 'NONE', *, *, #2029, .F. ) ;
#3248 = CARTESIAN_POINT ( 'NONE',  ( 0.2032885674332140513, 0.1290203062144982260, -0.1324654142649683841 ) ) ;
#3249 = VECTOR ( 'NONE', #7496, 39.37007874015748143 ) ;
#3250 = DIRECTION ( 'NONE',  ( -0.3420201433256107038, 0.000000000000000000, 0.9396926207859295221 ) ) ;
#3251 = DIRECTION ( 'NONE',  ( -0.7431448254773762585, 0.000000000000000000, -0.6691306063588782216 ) ) ;
#3252 = CARTESIAN_POINT ( 'NONE',  ( 0.1816389278424999920, 0.09299999999999999933, 0.1327866706120000018 ) ) ;
#3253 = VERTEX_POINT ( 'NONE', #1298 ) ;
#3254 = FACE_OUTER_BOUND ( 'NONE', #9403, .T. ) ;
#3255 = COLOUR_RGB ( '',0.9686274509803921573, 0.8784313725490195957, 0.5999999999999999778 ) ;
#3256 = FILL_AREA_STYLE ('',( #6238 ) ) ;
#3257 = ADVANCED_FACE ( 'NONE', ( #4671 ), #9880, .T. ) ;
#3258 = CARTESIAN_POINT ( 'NONE',  ( -4.251460863913000040E-09, 0.1799999999191999878, -4.562579569566000381E-09 ) ) ;
#3259 = LINE ( 'NONE', #10096, #6312 ) ;
#3260 = CARTESIAN_POINT ( 'NONE',  ( 0.2413819952931000046, 0.1689999999999738378, 0.1180000000000000077 ) ) ;
#3261 = FILL_AREA_STYLE_COLOUR ( '', #5880 ) ;
#3262 = ORIENTED_EDGE ( 'NONE', *, *, #3529, .F. ) ;
#3263 = CARTESIAN_POINT ( 'NONE',  ( 0.1669484983095000097, 0.000000000000000000, -0.1790303457727999981 ) ) ;
#3264 = EDGE_CURVE ( 'NONE', #5047, #7097, #10120, .T. ) ;
#3265 = ORIENTED_EDGE ( 'NONE', *, *, #5346, .T. ) ;
#3266 = EDGE_CURVE ( 'NONE', #6528, #8530, #8192, .T. ) ;
#3267 = ORIENTED_EDGE ( 'NONE', *, *, #5296, .T. ) ;
#3268 = FACE_OUTER_BOUND ( 'NONE', #3889, .T. ) ;
#3269 = EDGE_CURVE ( 'NONE', #2631, #6555, #4896, .T. ) ;
#3270 = CARTESIAN_POINT ( 'NONE',  ( 0.2244918899669000323, 0.1246118225996999951, -0.01511262184679999961 ) ) ;
#3271 = CARTESIAN_POINT ( 'NONE',  ( 0.2037466423581009156, 0.1716303538295881614, 0.1549945445525486576 ) ) ;
#3272 = DIRECTION ( 'NONE',  ( 0.000000000000000000, 0.000000000000000000, 1.000000000000000000 ) ) ;
#3273 = CARTESIAN_POINT ( 'NONE',  ( 0.02200000000000000219, 0.4210000000000000409, 0.2290000000000000091 ) ) ;
#3275 = DIRECTION ( 'NONE',  ( 0.7431448254776149565, 0.000000000000000000, 0.6691306063586129893 ) ) ;
#3274 = SURFACE_STYLE_USAGE ( .BOTH. , #242 ) ;
#3276 = CARTESIAN_POINT ( 'NONE',  ( 0.04124453781399000513, -0.2300000000000000100, 0.03713674865291999999 ) ) ;
#3277 = VERTEX_POINT ( 'NONE', #5970 ) ;
#3278 = CARTESIAN_POINT ( 'NONE',  ( 0.1905768988162037103, 0.1317111199082075801, 0.1225597277237264193 ) ) ;
#3279 = ORIENTED_EDGE ( 'NONE', *, *, #6812, .T. ) ;
#3280 = FACE_OUTER_BOUND ( 'NONE', #5667, .T. ) ;
#3281 = EDGE_CURVE ( 'NONE', #2930, #8651, #3423, .T. ) ;
#3282 = VERTEX_POINT ( 'NONE', #4006 ) ;
#3283 = CYLINDRICAL_SURFACE ( 'NONE', #397, 0.01450000000000000941 ) ;
#3284 = EDGE_CURVE ( 'NONE', #4706, #1334, #4398, .T. ) ;
#3285 = COLOUR_RGB ( '',0.9686274509803921573, 0.8784313725490195957, 0.5999999999999999778 ) ;
#3286 = EDGE_CURVE ( 'NONE', #2177, #626, #6735, .T. ) ;
#3287 = ORIENTED_EDGE ( 'NONE', *, *, #3264, .F. ) ;
#3288 = DIRECTION ( 'NONE',  ( 0.000000000000000000, 1.000000000000000000, 0.000000000000000000 ) ) ;
#3289 =( LENGTH_UNIT ( ) NAMED_UNIT ( * ) SI_UNIT ( $, .METRE. ) );
#3290 = ORIENTED_EDGE ( 'NONE', *, *, #8009, .F. ) ;
#3291 = FILL_AREA_STYLE ('',( #921 ) ) ;
#3292 = LINE ( 'NONE', #6588, #1860 ) ;
#3293 = SURFACE_STYLE_USAGE ( .BOTH. , #1598 ) ;
#3294 = ORIENTED_EDGE ( 'NONE', *, *, #6279, .T. ) ;
#3295 = ORIENTED_EDGE ( 'NONE', *, *, #5909, .T. ) ;
#3296 = VERTEX_POINT ( 'NONE', #3904 ) ;
#3297 = CARTESIAN_POINT ( 'NONE',  ( 0.1900807159121999934, 0.1330108282678000020, -0.1203923645349000010 ) ) ;
#3298 = AXIS2_PLACEMENT_3D ( 'NONE', #3273, #8674, #5539 ) ;
#3299 = DIRECTION ( 'NONE',  ( 0.000000000000000000, -1.000000000000000000, 0.000000000000000000 ) ) ;
#3300 = AXIS2_PLACEMENT_3D ( 'NONE', #8573, #7655, #7604 ) ;
#3301 = DIRECTION ( 'NONE',  ( -0.3420201433256991330, 0.000000000000000000, 0.9396926207858973257 ) ) ;
#3302 = DIRECTION ( 'NONE',  ( -4.122189374552989795E-08, -0.9999999999999987788, -2.286502298457996768E-08 ) ) ;
#3303 = LINE ( 'NONE', #6341, #8995 ) ;
#3304 = ORIENTED_EDGE ( 'NONE', *, *, #8296, .T. ) ;
#3305 = AXIS2_PLACEMENT_3D ( 'NONE', #1214, #5843, #1268 ) ;
#3306 =( CONVERSION_BASED_UNIT ( 'INCH', #1723 ) LENGTH_UNIT ( ) NAMED_UNIT ( #8301 ) );
#3307 =( NAMED_UNIT ( * ) SI_UNIT ( $, .STERADIAN. ) SOLID_ANGLE_UNIT ( ) );
#3308 = DIRECTION ( 'NONE',  ( 0.6691306063589828046, 0.000000000000000000, 0.7431448254772820006 ) ) ;
#3309 = UNCERTAINTY_MEASURE_WITH_UNIT (LENGTH_MEASURE( 1.000000000000000082E-05 ), #8477, 'distance_accuracy_value', 'NONE');
#3310 =( NAMED_UNIT ( * ) SI_UNIT ( $, .STERADIAN. ) SOLID_ANGLE_UNIT ( ) );
#3311 = ORIENTED_EDGE ( 'NONE', *, *, #6030, .F. ) ;
#3312 = DIRECTION ( 'NONE',  ( 1.000000000000000000, 0.000000000000000000, 0.000000000000000000 ) ) ;
#3313 = ORIENTED_EDGE ( 'NONE', *, *, #8811, .T. ) ;
#3314 = ORIENTED_EDGE ( 'NONE', *, *, #9058, .F. ) ;
#3315 = CARTESIAN_POINT ( 'NONE',  ( -0.2406940249214999938, 0.000000000000000000, -0.04461000069966999937 ) ) ;
#3316 = CARTESIAN_POINT ( 'NONE',  ( 0.04199999999999999567, 0.4210000000000000409, 0.2290000000000000091 ) ) ;
#3317 = DIRECTION ( 'NONE',  ( 2.260670604097999988E-09, 1.000000000000000000, 5.263669560909000548E-10 ) ) ;
#3318 = CARTESIAN_POINT ( 'NONE',  ( 0.1925534580892000192, 0.09299999999998996569, -0.1202722160495000026 ) ) ;
#3319 = CARTESIAN_POINT ( 'NONE',  ( -0.04400000000000000439, 0.1290000000000000036, 0.2290000000000000091 ) ) ;
#3320 = EDGE_CURVE ( 'NONE', #3493, #8297, #805, .T. ) ;
#3321 = VECTOR ( 'NONE', #9607, 39.37007874015748854 ) ;
#3323 = FACE_OUTER_BOUND ( 'NONE', #1240, .T. ) ;
#3322 = CARTESIAN_POINT ( 'NONE',  ( 0.02510620317461000062, 0.1890000000000000291, 0.2350000000000000144 ) ) ;
#3324 = CARTESIAN_POINT ( 'NONE',  ( 0.2236836911210947076, 0.1868525108032504378, -0.1003344054916733286 ) ) ;
#3325 = ORIENTED_EDGE ( 'NONE', *, *, #2535, .F. ) ;
#3326 = CARTESIAN_POINT ( 'NONE',  ( 0.1974416549848223568, 0.1263398990730162097, 0.1307474096103304895 ) ) ;
#3327 = ORIENTED_EDGE ( 'NONE', *, *, #1691, .F. ) ;
#3328 = EDGE_CURVE ( 'NONE', #911, #670, #3574, .T. ) ;
#3329 = VERTEX_POINT ( 'NONE', #4432 ) ;
#3330 = CARTESIAN_POINT ( 'NONE',  ( 0.2126298439920417394, 0.1264523127690461712, -0.1060664495564276610 ) ) ;
#3331 = ORIENTED_EDGE ( 'NONE', *, *, #3328, .T. ) ;
#3332 = DIRECTION ( 'NONE',  ( -7.070090786907490354E-13, -1.000000000000000000, 3.384279040997844942E-13 ) ) ;
#3333 = EDGE_CURVE ( 'NONE', #2164, #7121, #5219, .T. ) ;
#3334 = CARTESIAN_POINT ( 'NONE',  ( 0.1911552398905971561, 0.1045198997881651715, -0.1186792132753466816 ) ) ;
#3335 = VERTEX_POINT ( 'NONE', #7052 ) ;
#3336 = FILL_AREA_STYLE ('',( #209 ) ) ;
#3337 = CARTESIAN_POINT ( 'NONE',  ( 0.01200000000000000025, 0.4210000000000000409, -0.2136000000000000121 ) ) ;
#3338 = ADVANCED_FACE ( 'NONE', ( #3956 ), #9105, .F. ) ;
#3339 = ORIENTED_EDGE ( 'NONE', *, *, #1132, .T. ) ;
#3340 = ADVANCED_FACE ( 'NONE', ( #8631 ), #10173, .F. ) ;
#3341 = ORIENTED_EDGE ( 'NONE', *, *, #8549, .T. ) ;
#3342 = DIMENSIONAL_EXPONENTS ( 1.000000000000000000, 0.000000000000000000, 0.000000000000000000, 0.000000000000000000, 0.000000000000000000, 0.000000000000000000, 0.000000000000000000 ) ;
#3343 = VECTOR ( 'NONE', #1800, 39.37007874015748143 ) ;
#3344 = AXIS2_PLACEMENT_3D ( 'NONE', #1538, #1642, #6427 ) ;
#3345 = UNCERTAINTY_MEASURE_WITH_UNIT (LENGTH_MEASURE( 1.000000000000000082E-05 ), #10010, 'distance_accuracy_value', 'NONE');
#3346 = ORIENTED_EDGE ( 'NONE', *, *, #1966, .F. ) ;
#3347 = CARTESIAN_POINT ( 'NONE',  ( 0.01200000000000000025, 0.4335000000000000520, -0.2235999999999999932 ) ) ;
#3348 = CARTESIAN_POINT ( 'NONE',  ( 0.08428648351857992438, 0.1890000000000000291, 0.2086163672774999922 ) ) ;
#3349 = DIRECTION ( 'NONE',  ( 0.000000000000000000, 1.000000000000000000, 0.000000000000000000 ) ) ;
#3350 = DIRECTION ( 'NONE',  ( -1.000000000000000000, 0.000000000000000000, 0.000000000000000000 ) ) ;
#3351 = APPLICATION_PROTOCOL_DEFINITION ( 'draft international standard', 'automotive_design', 1998, #7262 ) ;
#3352 = CIRCLE ( 'NONE', #6805, 0.01999999999999999001 ) ;
#3353 = AXIS2_PLACEMENT_3D ( 'NONE', #2960, #9238, #3063 ) ;
#3354 = FILL_AREA_STYLE_COLOUR ( '', #8342 ) ;
#3355 = ORIENTED_EDGE ( 'NONE', *, *, #8851, .F. ) ;
#3356 = LENGTH_MEASURE_WITH_UNIT ( LENGTH_MEASURE( 0.02539999999999999897 ), #7840 );
#3357 = ORIENTED_EDGE ( 'NONE', *, *, #8677, .F. ) ;
#3358 = VECTOR ( 'NONE', #4973, 39.37007874015748143 ) ;
#3359 = CARTESIAN_POINT ( 'NONE',  ( 0.09170111233393997419, -0.007000000000000001013, 0.2269682175813999836 ) ) ;
#3360 = CIRCLE ( 'NONE', #6488, 0.03700000000000000511 ) ;
#3361 = FACE_OUTER_BOUND ( 'NONE', #8171, .T. ) ;
#3362 = CYLINDRICAL_SURFACE ( 'NONE', #1423, 0.2249999999999999778 ) ;
#3363 = FILL_AREA_STYLE_COLOUR ( '', #2642 ) ;
#3364 = CARTESIAN_POINT ( 'NONE',  ( 0.2292105929615643745, 0.1025895611062069696, -0.1075925629428099162 ) ) ;
#3365 = DIRECTION ( 'NONE',  ( 0.000000000000000000, 1.000000000000000000, 0.000000000000000000 ) ) ;
#3366 = SURFACE_SIDE_STYLE ('',( #6800 ) ) ;
#3367 = ORIENTED_EDGE ( 'NONE', *, *, #4334, .T. ) ;
#3368 = EDGE_LOOP ( 'NONE', ( #8407, #3068, #7034, #548 ) ) ;
#3369 = CARTESIAN_POINT ( 'NONE',  ( 0.1712974352279000023, 0.000000000000000000, 0.1902450753222000301 ) ) ;
#3370 = DIRECTION ( 'NONE',  ( 0.000000000000000000, 1.000000000000000000, 0.000000000000000000 ) ) ;
#3371 = CARTESIAN_POINT ( 'NONE',  ( 0.1869578436713054681, 0.1252269449806041324, 0.1251870438260570539 ) ) ;
#3372 = FILL_AREA_STYLE ('',( #8877 ) ) ;
#3373 = CARTESIAN_POINT ( 'NONE',  ( 0.000000000000000000, -0.007000000000000001013, 0.000000000000000000 ) ) ;
#3375 = LINE ( 'NONE', #4205, #8836 ) ;
#3374 =( NAMED_UNIT ( * ) PLANE_ANGLE_UNIT ( ) SI_UNIT ( $, .RADIAN. ) );
#3376 = CIRCLE ( 'NONE', #9120, 0.01999999999999998307 ) ;
#3377 = CARTESIAN_POINT ( 'NONE',  ( 0.000000000000000000, -0.007000000000000001013, 0.000000000000000000 ) ) ;
#3378 = STYLED_ITEM ( 'NONE', ( #7668 ), #486 ) ;
#3379 = ORIENTED_EDGE ( 'NONE', *, *, #2155, .F. ) ;
#3380 = CARTESIAN_POINT ( 'NONE',  ( 0.1991703509486394130, 0.1267326384500930825, 0.1315458119637822054 ) ) ;
#3381 = FACE_OUTER_BOUND ( 'NONE', #5267, .T. ) ;
#3382 = ORIENTED_EDGE ( 'NONE', *, *, #274, .T. ) ;
#3383 = AXIS2_PLACEMENT_3D ( 'NONE', #1886, #8162, #8970 ) ;
#3384 = CARTESIAN_POINT ( 'NONE',  ( 0.000000000000000000, -0.5879999999999999671, 0.000000000000000000 ) ) ;
#3385 = ORIENTED_EDGE ( 'NONE', *, *, #3266, .T. ) ;
#3386 = DIRECTION ( 'NONE',  ( 0.1950044618093961513, 0.6734984476953898014, -0.7130028757489887958 ) ) ;
#3387 = CARTESIAN_POINT ( 'NONE',  ( -0.05600000000000000810, 0.1890000000000000291, 0.2292596780944999857 ) ) ;
#3388 = EDGE_CURVE ( 'NONE', #7264, #6845, #2748, .T. ) ;
#3389 = DIRECTION ( 'NONE',  ( 0.000000000000000000, -1.000000000000000000, 0.000000000000000000 ) ) ;
#3390 = CARTESIAN_POINT ( 'NONE',  ( 0.1908907148530000208, 0.09299999999999999933, -0.1191038831563999978 ) ) ;
#3391 = EDGE_LOOP ( 'NONE', ( #1477, #284, #4981, #5066, #6270, #2608 ) ) ;
#3392 =( NAMED_UNIT ( * ) PLANE_ANGLE_UNIT ( ) SI_UNIT ( $, .RADIAN. ) );
#3393 = PRESENTATION_LAYER_ASSIGNMENT (  '', '', ( #7830 ) ) ;
#3394 = SURFACE_STYLE_USAGE ( .BOTH. , #7213 ) ;
#3395 = DIRECTION ( 'NONE',  ( 0.000000000000000000, 1.000000000000000000, 0.000000000000000000 ) ) ;
#3396 = AXIS2_PLACEMENT_3D ( 'NONE', #1514, #9428, #7791 ) ;
#3397 = ORIENTED_EDGE ( 'NONE', *, *, #1507, .T. ) ;
#3398 = ORIENTED_EDGE ( 'NONE', *, *, #3284, .T. ) ;
#3399 = EDGE_CURVE ( 'NONE', #4225, #9389, #91, .T. ) ;
#3400 = EDGE_CURVE ( 'NONE', #5597, #9041, #7371, .T. ) ;
#3401 = ORIENTED_EDGE ( 'NONE', *, *, #5792, .F. ) ;
#3402 = CARTESIAN_POINT ( 'NONE',  ( 0.1975203130799882689, 0.1263461945811078235, -0.1307897403873470865 ) ) ;
#3403 = CIRCLE ( 'NONE', #4710, 0.2560000000000001164 ) ;
#3404 = CIRCLE ( 'NONE', #4551, 0.09649999999999997469 ) ;
#3405 = EDGE_CURVE ( 'NONE', #8141, #1347, #9205, .T. ) ;
#3406 = EDGE_CURVE ( 'NONE', #9008, #1572, #2172, .T. ) ;
#3407 = DIRECTION ( 'NONE',  ( 0.4359438411009902703, 0.7586418947943849300, 0.4841646856895905349 ) ) ;
#3408 = AXIS2_PLACEMENT_3D ( 'NONE', #5998, #9949, #8220 ) ;
#3409 = CARTESIAN_POINT ( 'NONE',  ( 0.09580368519011003836, 0.000000000000000000, 0.2371224417229000347 ) ) ;
#3410 = CARTESIAN_POINT ( 'NONE',  ( 0.08428648351858997190, 0.09299999999999999933, 0.2086163672774999922 ) ) ;
#3411 = CARTESIAN_POINT ( 'NONE',  ( 0.1992259561904277665, 0.1068807005191947795, 0.1046023020421598254 ) ) ;
#3412 = ORIENTED_EDGE ( 'NONE', *, *, #3826, .F. ) ;
#3413 = CARTESIAN_POINT ( 'NONE',  ( 0.02170253441420999865, 0.1890000000000000291, -0.2350000000000000144 ) ) ;
#3414 = ORIENTED_EDGE ( 'NONE', *, *, #10059, .T. ) ;
#3415 = AXIS2_PLACEMENT_3D ( 'NONE', #9241, #3745, #7044 ) ;
#3416 = AXIS2_PLACEMENT_3D ( 'NONE', #2168, #2780, #9149 ) ;
#3417 = FACE_OUTER_BOUND ( 'NONE', #4477, .T. ) ;
#3419 = EDGE_CURVE ( 'NONE', #4718, #8434, #6703, .T. ) ;
#3418 = SURFACE_STYLE_FILL_AREA ( #602 ) ;
#3420 = DIMENSIONAL_EXPONENTS ( 1.000000000000000000, 0.000000000000000000, 0.000000000000000000, 0.000000000000000000, 0.000000000000000000, 0.000000000000000000, 0.000000000000000000 ) ;
#3421 = EDGE_CURVE ( 'NONE', #5919, #6628, #8245, .T. ) ;
#3422 = CARTESIAN_POINT ( 'NONE',  ( 0.1712974352277999990, 0.000000000000000000, -0.1902450753222000301 ) ) ;
#3423 = CIRCLE ( 'NONE', #3075, 0.2250000000000000888 ) ;
#3424 = UNCERTAINTY_MEASURE_WITH_UNIT (LENGTH_MEASURE( 1.000000000000000082E-05 ), #9039, 'distance_accuracy_value', 'NONE');
#3425 = DIRECTION ( 'NONE',  ( 0.000000000000000000, -1.000000000000000000, 0.000000000000000000 ) ) ;
#3426 = PRESENTATION_LAYER_ASSIGNMENT (  '', '', ( #4411 ) ) ;
#3427 = DIRECTION ( 'NONE',  ( -0.9999988959613604900, 0.000000000000000000, 0.001485959642859940649 ) ) ;
#3428 = DIRECTION ( 'NONE',  ( 0.000000000000000000, 1.000000000000000000, 0.000000000000000000 ) ) ;
#3429 = ORIENTED_EDGE ( 'NONE', *, *, #5166, .T. ) ;
#3430 = CIRCLE ( 'NONE', #7530, 0.2559999999999999498 ) ;
#3431 = LINE ( 'NONE', #9789, #4533 ) ;
#3432 = CARTESIAN_POINT ( 'NONE',  ( 0.2505000008280999779, 0.1360000007284999923, 4.762032781991000445E-14 ) ) ;
#3433 = FILL_AREA_STYLE_COLOUR ( '', #1052 ) ;
#3434 = SURFACE_STYLE_FILL_AREA ( #3372 ) ;
#3435 = CARTESIAN_POINT ( 'NONE',  ( 0.1981940054216441149, 0.07681990092834331540, -0.1477020616421355903 ) ) ;
#3437 = DIRECTION ( 'NONE',  ( -0.7317656748678064149, -3.171291354520101101E-14, 0.6815563051467312672 ) ) ;
#3436 = DIRECTION ( 'NONE',  ( 1.000000000000000000, 0.000000000000000000, 0.000000000000000000 ) ) ;
#3438 = DIRECTION ( 'NONE',  ( -0.7317656748678063039, -3.171291354520100469E-14, 0.6815563051467311562 ) ) ;
#3439 = ORIENTED_EDGE ( 'NONE', *, *, #8300, .T. ) ;
#3440 = DIRECTION ( 'NONE',  ( 0.000000000000000000, 1.000000000000000000, 0.000000000000000000 ) ) ;
#3441 = CARTESIAN_POINT ( 'NONE',  ( -0.08755715669137008328, 0.000000000000000000, 0.2405613109212000056 ) ) ;
#3442 = ORIENTED_EDGE ( 'NONE', *, *, #806, .T. ) ;
#3443 = DIRECTION ( 'NONE',  ( 0.000000000000000000, 1.000000000000000000, 0.000000000000000000 ) ) ;
#3444 = DIRECTION ( 'NONE',  ( 0.000000000000000000, 0.000000000000000000, 1.000000000000000000 ) ) ;
#3445 = LINE ( 'NONE', #206, #3321 ) ;
#3446 = CARTESIAN_POINT ( 'NONE',  ( 0.1908849230188268964, 0.1029698578935278608, -0.1191131915496522198 ) ) ;
#3447 = CARTESIAN_POINT ( 'NONE',  ( 0.2282893140713552205, 0.1262188629561145359, -0.1148844435290507782 ) ) ;
#3448 = ORIENTED_EDGE ( 'NONE', *, *, #6168, .T. ) ;
#3449 = LINE ( 'NONE', #9716, #4272 ) ;
#3450 = DIRECTION ( 'NONE',  ( 1.579175112481999883E-12, -1.000000000000000000, -2.992551707975000533E-12 ) ) ;
#3451 = VERTEX_POINT ( 'NONE', #6019 ) ;
#3452 = UNCERTAINTY_MEASURE_WITH_UNIT (LENGTH_MEASURE( 1.000000000000000082E-05 ), #7535, 'distance_accuracy_value', 'NONE');
#3453 = EDGE_LOOP ( 'NONE', ( #5705, #6859, #9552, #6792 ) ) ;
#3454 = CARTESIAN_POINT ( 'NONE',  ( -0.05600000000000001504, 0.1884829021932111770, -0.2346919353140547171 ) ) ;
#3455 = EDGE_CURVE ( 'NONE', #8461, #3497, #5721, .T. ) ;
#3456 = CARTESIAN_POINT ( 'NONE',  ( 0.03950000000000000039, -0.1009999999999999926, -0.2290000000000000091 ) ) ;
#3457 = SURFACE_STYLE_USAGE ( .BOTH. , #7381 ) ;
#3458 = CIRCLE ( 'NONE', #8229, 0.2559999999999999498 ) ;
#3459 = EDGE_LOOP ( 'NONE', ( #9909, #1028, #3412, #4452, #8951, #2478 ) ) ;
#3460 = CARTESIAN_POINT ( 'NONE',  ( -0.2215817444276999837, 0.1890000000000000291, -0.03907083997506000800 ) ) ;
#3461 = ORIENTED_EDGE ( 'NONE', *, *, #2445, .T. ) ;
#3462 = ADVANCED_FACE ( 'NONE', ( #1343 ), #7854, .F. ) ;
#3463 = PRODUCT ( '39LA-1PB-103', '39LA-1PB-103', '', ( #9727 ) ) ;
#3464 = AXIS2_PLACEMENT_3D ( 'NONE', #4816, #4762, #5751 ) ;
#3465 = AXIS2_PLACEMENT_3D ( 'NONE', #4817, #4929, #5541 ) ;
#3466 = CARTESIAN_POINT ( 'NONE',  ( 0.000000000000000000, 0.1689999999999999836, 0.000000000000000000 ) ) ;
#3467 = FACE_OUTER_BOUND ( 'NONE', #589, .T. ) ;
#3468 = EDGE_CURVE ( 'NONE', #6845, #7264, #2110, .T. ) ;
#3469 = FACE_OUTER_BOUND ( 'NONE', #4772, .T. ) ;
#3470 = CARTESIAN_POINT ( 'NONE',  ( 0.2232572747262694945, 0.1870093389223422276, 0.1004023635390720454 ) ) ;
#3471 = DIRECTION ( 'NONE',  ( 1.000000000000000000, 0.000000000000000000, 0.000000000000000000 ) ) ;
#3472 = ORIENTED_EDGE ( 'NONE', *, *, #4987, .F. ) ;
#3473 = ADVANCED_FACE ( 'NONE', ( #4526 ), #558, .F. ) ;
#3474 = EDGE_CURVE ( 'NONE', #414, #1175, #698, .T. ) ;
#3475 = DIRECTION ( 'NONE',  ( 0.000000000000000000, 1.000000000000000000, 0.000000000000000000 ) ) ;
#3476 = DIRECTION ( 'NONE',  ( -0.9848077542188524713, -5.055477349905266885E-13, 0.1736481708237093968 ) ) ;
#3477 = CARTESIAN_POINT ( 'NONE',  ( 0.2188819952931000123, 0.1890000000000000291, -0.1180000000000000077 ) ) ;
#3478 = CARTESIAN_POINT ( 'NONE',  ( 0.2245000000000000329, 0.4385000000000000009, 0.000000000000000000 ) ) ;
#3479 = DIRECTION ( 'NONE',  ( 0.000000000000000000, 1.000000000000000000, 0.000000000000000000 ) ) ;
#3480 = VECTOR ( 'NONE', #574, 39.37007874015748143 ) ;
#3482 = FACE_OUTER_BOUND ( 'NONE', #6490, .T. ) ;
#3481 = FACE_OUTER_BOUND ( 'NONE', #4594, .T. ) ;
#3483 = CARTESIAN_POINT ( 'NONE',  ( 0.2283243842325666240, 0.1253193704849682732, 0.1146068647952546149 ) ) ;
#3484 = ORIENTED_EDGE ( 'NONE', *, *, #4789, .F. ) ;
#3485 = ORIENTED_EDGE ( 'NONE', *, *, #4988, .F. ) ;
#3486 = LINE ( 'NONE', #5896, #4369 ) ;
#3487 = CARTESIAN_POINT ( 'NONE',  ( 0.2007890492351780964, 0.1031669856951306086, -0.1015312918883046894 ) ) ;
#3488 = VECTOR ( 'NONE', #3077, 39.37007874015748143 ) ;
#3489 = CARTESIAN_POINT ( 'NONE',  ( 0.1954139482905000169, 0.1143371685741000066, -0.1115275249144000030 ) ) ;
#3490 = DIRECTION ( 'NONE',  ( -0.9396926207859296332, 2.535218827964961638E-16, 0.3420201433256107038 ) ) ;
#3491 = CARTESIAN_POINT ( 'NONE',  ( 0.000000000000000000, 0.000000000000000000, 0.000000000000000000 ) ) ;
#3492 = CARTESIAN_POINT ( 'NONE',  ( 0.08578490991982992697, 0.1799999998257000022, 0.2123251027854999862 ) ) ;
#3493 = VERTEX_POINT ( 'NONE', #2734 ) ;
#3494 = PRESENTATION_STYLE_ASSIGNMENT (( #2816 ) ) ;
#3495 = VECTOR ( 'NONE', #1076, 39.37007874015748143 ) ;
#3496 = ORIENTED_EDGE ( 'NONE', *, *, #816, .F. ) ;
#3497 = VERTEX_POINT ( 'NONE', #5872 ) ;
#3498 = CARTESIAN_POINT ( 'NONE',  ( 0.000000000000000000, 0.09299999999999999933, 0.000000000000000000 ) ) ;
#3499 = CYLINDRICAL_SURFACE ( 'NONE', #7510, 0.01999999999999999001 ) ;
#3500 = CARTESIAN_POINT ( 'NONE',  ( 0.000000000000000000, -0.007000000000000001013, 0.000000000000000000 ) ) ;
#3501 = SHAPE_DEFINITION_REPRESENTATION ( #3625, #7031 ) ;
#3502 = DIRECTION ( 'NONE',  ( 0.000000000000000000, 1.000000000000000000, 0.000000000000000000 ) ) ;
#3503 = VERTEX_POINT ( 'NONE', #9006 ) ;
#3504 = ORIENTED_EDGE ( 'NONE', *, *, #683, .T. ) ;
#3505 = FILL_AREA_STYLE_COLOUR ( '', #3909 ) ;
#3506 = ORIENTED_EDGE ( 'NONE', *, *, #10055, .F. ) ;
#3507 = CIRCLE ( 'NONE', #10072, 0.2249999999999999223 ) ;
#3508 = VECTOR ( 'NONE', #2090, 39.37007874015748854 ) ;
#3509 = ADVANCED_FACE ( 'NONE', ( #1969 ), #2011, .T. ) ;
#3510 = FACE_OUTER_BOUND ( 'NONE', #9740, .T. ) ;
#3511 = DIRECTION ( 'NONE',  ( -0.000000000000000000, 1.000000000000000000, 0.000000000000000000 ) ) ;
#3512 = CIRCLE ( 'NONE', #5157, 0.06250000000000001388 ) ;
#3513 = AXIS2_PLACEMENT_3D ( 'NONE', #991, #4134, #3350 ) ;
#3514 = EDGE_CURVE ( 'NONE', #4117, #719, #3088, .T. ) ;
#3515 = CARTESIAN_POINT ( 'NONE',  ( 0.2249267181981999819, 0.1224328772769000123, -0.005756862516842000364 ) ) ;
#3516 = CARTESIAN_POINT ( 'NONE',  ( 0.2336666899025451882, 0.1794441227532595218, 0.09909191387358405601 ) ) ;
#3517 = ORIENTED_EDGE ( 'NONE', *, *, #2080, .T. ) ;
#3518 = CYLINDRICAL_SURFACE ( 'NONE', #7786, 0.2249999999999999778 ) ;
#3519 = AXIS2_PLACEMENT_3D ( 'NONE', #2087, #7023, #5221 ) ;
#3520 = ORIENTED_EDGE ( 'NONE', *, *, #9165, .T. ) ;
#3521 = VECTOR ( 'NONE', #2946, 39.37007874015748143 ) ;
#3522 = EDGE_CURVE ( 'NONE', #9408, #3991, #3922, .T. ) ;
#3523 = PRESENTATION_LAYER_ASSIGNMENT (  '', '', ( #2216 ) ) ;
#3524 = EDGE_CURVE ( 'NONE', #4282, #4581, #7864, .T. ) ;
#3525 = PLANE ( 'NONE',  #6146 ) ;
#3526 =( NAMED_UNIT ( * ) SI_UNIT ( $, .STERADIAN. ) SOLID_ANGLE_UNIT ( ) );
#3527 = CARTESIAN_POINT ( 'NONE',  ( 0.2019719905782999814, 0.1246118225996999951, -0.09915803054632991997 ) ) ;
#3528 = DIRECTION ( 'NONE',  ( -0.3746065934158975819, 0.000000000000000000, 0.9271838545667933085 ) ) ;
#3529 = EDGE_CURVE ( 'NONE', #4682, #6406, #781, .T. ) ;
#3530 = EDGE_CURVE ( 'NONE', #6272, #6355, #4037, .T. ) ;
#3531 = CARTESIAN_POINT ( 'NONE',  ( -9.445048562706005121E-10, -0.2830000001444999969, 9.299847411888996111E-10 ) ) ;
#3532 = DIRECTION ( 'NONE',  ( -0.4684839966706989545, 6.307380309001316520E-13, -0.8834719830664967688 ) ) ;
#3533 = VERTEX_POINT ( 'NONE', #6339 ) ;
#3534 = ORIENTED_EDGE ( 'NONE', *, *, #9059, .F. ) ;
#3535 = VECTOR ( 'NONE', #3782, 39.37007874015748143 ) ;
#3536 = LENGTH_MEASURE_WITH_UNIT ( LENGTH_MEASURE( 0.02539999999999999897 ), #1024 );
#3537 =( BOUNDED_SURFACE ( )  B_SPLINE_SURFACE ( 3, 3, ( 
 ( #4195, #1344, #2926, #8293 ),
 ( #4378, #5505, #7106, #1447 ),
 ( #9459, #7671, #3917, #5562 ),
 ( #9354, #7063, #1394, #2318 ),
 ( #3085, #10183, #8639, #4528 ),
 ( #10133, #608, #4578, #3759 ),
 ( #8538, #7721, #7766, #6899 ) ),
 .UNSPECIFIED., .F., .F., .F. ) 
 B_SPLINE_SURFACE_WITH_KNOTS ( ( 4, 3, 4 ),
 ( 4, 4 ),
 ( 0.000000000000000000, 1.000000000000000000, 2.000000000000000000 ),
 ( 0.000000000000000000, 1.000000000000000000 ),
 .UNSPECIFIED. ) 
 GEOMETRIC_REPRESENTATION_ITEM ( )  RATIONAL_B_SPLINE_SURFACE ( (
 ( 1.458088414024000024, 1.119100588251999984, 1.119100588251999984, 1.458088414024000024),
 ( 1.128890867975999912, 0.8664374685879999705, 0.8664374685879999705, 1.128890867975999912),
 ( 1.128890867975999912, 0.8664374685879999705, 0.8664374685879999705, 1.128890867975999912),
 ( 1.458088414024000024, 1.119100588251999984, 1.119100588251999984, 1.458088414024000024),
 ( 1.128890867975999912, 0.8664374685879999705, 0.8664374685879999705, 1.128890867975999912),
 ( 1.128890867975999912, 0.8664374685879999705, 0.8664374685879999705, 1.128890867975999912),
 ( 1.458088414024000024, 1.119100588251999984, 1.119100588251999984, 1.458088414024000024) ) ) 
 REPRESENTATION_ITEM ( '' )  SURFACE ( )  );
#3538 = CARTESIAN_POINT ( 'NONE',  ( 0.2001921211085999908, 0.1047618926469000011, -0.1027040147514000079 ) ) ;
#3539 = DIRECTION ( 'NONE',  ( -1.000000000000000000, 0.000000000000000000, 0.000000000000000000 ) ) ;
#3540 = COLOUR_RGB ( '',0.2509803921568627416, 0.2509803921568627416, 0.2509803921568627416 ) ;
#3542 = CARTESIAN_POINT ( 'NONE',  ( -0.08124038427137007801, -0.2780000003961000110, -0.09500000013517008457 ) ) ;
#3541 = DIRECTION ( 'NONE',  ( 0.000000000000000000, 1.000000000000000000, 0.000000000000000000 ) ) ;
#3543 = CARTESIAN_POINT ( 'NONE',  ( 0.07949999999998995370, -0.2880000000000000338, 0.000000000000000000 ) ) ;
#3544 = VERTEX_POINT ( 'NONE', #3492 ) ;
#3545 = CARTESIAN_POINT ( 'NONE',  ( -0.03950000000000000039, -0.1260000000000000009, -0.2290000000000000091 ) ) ;
#3546 = B_SPLINE_CURVE_WITH_KNOTS ( 'NONE', 3,
 ( #5966, #9102, #5196, #1868, #5009, #1097, #10026, #10134 ),
 .UNSPECIFIED., .F., .F.,
 ( 4, 1, 1, 1, 1, 4 ),
 ( 0.000000000000000000, 0.2000000000000000111, 0.4000000000000000222, 0.5999999999999999778, 0.8000000000000000444, 1.000000000000000000 ),
 .UNSPECIFIED. ) ;
#3547 = SURFACE_SIDE_STYLE ('',( #7412 ) ) ;
#3548 = VECTOR ( 'NONE', #1952, 39.37007874015748143 ) ;
#3549 = VERTEX_POINT ( 'NONE', #5812 ) ;
#3550 = ORIENTED_EDGE ( 'NONE', *, *, #10044, .T. ) ;
#3551 = LINE ( 'NONE', #5911, #6966 ) ;
#3552 = DIRECTION ( 'NONE',  ( 0.000000000000000000, -1.000000000000000000, 0.000000000000000000 ) ) ;
#3553 =( GEOMETRIC_REPRESENTATION_CONTEXT ( 3 ) GLOBAL_UNCERTAINTY_ASSIGNED_CONTEXT ( ( #5509 ) ) GLOBAL_UNIT_ASSIGNED_CONTEXT ( ( #2300, #4656, #3113 ) ) REPRESENTATION_CONTEXT ( 'NONE', 'WORKASPACE' ) );
#3554 = CARTESIAN_POINT ( 'NONE',  ( 0.000000000000000000, 0.1890000000000000291, 0.000000000000000000 ) ) ;
#3555 = DIRECTION ( 'NONE',  ( -1.000000000000000000, 0.000000000000000000, 0.000000000000000000 ) ) ;
#3556 = LENGTH_MEASURE_WITH_UNIT ( LENGTH_MEASURE( 0.02539999999999999897 ), #9974 );
#3557 = EDGE_LOOP ( 'NONE', ( #5257, #2778, #3176, #9436, #6952, #3559 ) ) ;
#3558 = ORIENTED_EDGE ( 'NONE', *, *, #3419, .F. ) ;
#3559 = ORIENTED_EDGE ( 'NONE', *, *, #3139, .F. ) ;
#3560 =( GEOMETRIC_REPRESENTATION_CONTEXT ( 3 ) GLOBAL_UNCERTAINTY_ASSIGNED_CONTEXT ( ( #986 ) ) GLOBAL_UNIT_ASSIGNED_CONTEXT ( ( #1102, #9736, #327 ) ) REPRESENTATION_CONTEXT ( 'NONE', 'WORKASPACE' ) );
#3561 = DIMENSIONAL_EXPONENTS ( 1.000000000000000000, 0.000000000000000000, 0.000000000000000000, 0.000000000000000000, 0.000000000000000000, 0.000000000000000000, 0.000000000000000000 ) ;
#3562 = ORIENTED_EDGE ( 'NONE', *, *, #9367, .T. ) ;
#3563 = PLANE ( 'NONE',  #8334 ) ;
#3564 = B_SPLINE_CURVE_WITH_KNOTS ( 'NONE', 3,
 ( #6392, #7069, #9519, #2482, #2328, #5619, #3037, #8646, #7886, #1553, #8546, #6181, #714, #3092, #9466, #9317, #2284, #5458, #4685, #3143, #7115, #1607, #6278, #4741, #824, #3979, #53, #6335 ),
 .UNSPECIFIED., .F., .F.,
 ( 4, 2, 2, 2, 2, 2, 2, 2, 2, 2, 2, 2, 2, 4 ),
 ( 0.000000000000000000, 0.06249999999999923672, 0.09374999999999918121, 0.1249999999999991396, 0.2500000000000004996, 0.3750000000000018319, 0.4375000000000022760, 0.5000000000000026645, 0.6250000000000034417, 0.6875000000000038858, 0.7187500000000042188, 0.7500000000000044409, 0.8750000000000022204, 1.000000000000000000 ),
 .UNSPECIFIED. ) ;
#3565 = DIRECTION ( 'NONE',  ( -0.02484801492009914431, 0.9993360567817657358, 0.02664623370012909886 ) ) ;
#3566 = CARTESIAN_POINT ( 'NONE',  ( 0.2047651328492999800, 0.4385000000000000009, -0.1182212045712000004 ) ) ;
#3567 = FILL_AREA_STYLE_COLOUR ( '', #2658 ) ;
#3568 = CARTESIAN_POINT ( 'NONE',  ( 0.2202445536281210092, 0.1880010365134574812, 0.1009540334551848745 ) ) ;
#3569 = CIRCLE ( 'NONE', #9312, 0.03700000000000000511 ) ;
#3570 = ORIENTED_EDGE ( 'NONE', *, *, #2449, .T. ) ;
#3571 = LINE ( 'NONE', #8967, #1054 ) ;
#3572 = ORIENTED_EDGE ( 'NONE', *, *, #9367, .F. ) ;
#3573 = EDGE_CURVE ( 'NONE', #3493, #3920, #3172, .T. ) ;
#3574 = CIRCLE ( 'NONE', #9810, 0.01150000000000000848 ) ;
#3575 = B_SPLINE_CURVE_WITH_KNOTS ( 'NONE', 3,
 ( #2356, #4876, #4158, #3948, #7093, #28, #965, #852, #3170, #5591, #4108, #6465, #83, #7245, #9497, #3225 ),
 .UNSPECIFIED., .F., .F.,
 ( 4, 1, 1, 1, 1, 1, 1, 1, 1, 1, 1, 1, 1, 4 ),
 ( 0.000000000000000000, 0.07692307692307999434, 0.1538461538461999845, 0.2307692307692000011, 0.3076923076922999933, 0.3846153846154000133, 0.4615384615385000333, 0.5384615384614999112, 0.6153846153845999867, 0.6923076923076999512, 0.7692307692308000266, 0.8461538461537999600, 0.9230769230769000355, 1.000000000000000000 ),
 .UNSPECIFIED. ) ;
#3576 = CARTESIAN_POINT ( 'NONE',  ( 0.09589928791446004908, 0.000000000000000000, 0.2373590667691000133 ) ) ;
#3577 = AXIS2_PLACEMENT_3D ( 'NONE', #2244, #4445, #10095 ) ;
#3578 = CARTESIAN_POINT ( 'NONE',  ( 0.1249999998990673211, -0.2780000002890000155, 9.299847411888996111E-10 ) ) ;
#3579 = DIRECTION ( 'NONE',  ( 0.9720214187368786396, 0.000000000000000000, -0.2348922338365949380 ) ) ;
#3580 = CARTESIAN_POINT ( 'NONE',  ( 0.000000000000000000, 0.1890000000000000291, 0.000000000000000000 ) ) ;
#3581 = CARTESIAN_POINT ( 'NONE',  ( 0.000000000000000000, 0.1890000000000000291, 0.000000000000000000 ) ) ;
#3582 = CARTESIAN_POINT ( 'NONE',  ( 0.2282007774196250782, 0.1272644760354496585, 0.1154809880853799597 ) ) ;
#3583 = EDGE_CURVE ( 'NONE', #7364, #1586, #1662, .T. ) ;
#3584 = ORIENTED_EDGE ( 'NONE', *, *, #4160, .F. ) ;
#3585 = DIRECTION ( 'NONE',  ( -0.6815563051452705468, 0.000000000000000000, -0.7317656748691666602 ) ) ;
#3586 = AXIS2_PLACEMENT_3D ( 'NONE', #2627, #4744, #4993 ) ;
#3587 = VECTOR ( 'NONE', #8492, 39.37007874015748143 ) ;
#3588 = EDGE_CURVE ( 'NONE', #4844, #9019, #3430, .T. ) ;
#3589 = CARTESIAN_POINT ( 'NONE',  ( 0.000000000000000000, -0.03200000000000000067, 0.000000000000000000 ) ) ;
#3590 = CARTESIAN_POINT ( 'NONE',  ( 0.2009525537026249364, 0.1026483850538882220, -0.1012080322052286707 ) ) ;
#3591 = CARTESIAN_POINT ( 'NONE',  ( 0.1979495697978000401, 0.09701666049842991302, 0.1109035478224999899 ) ) ;
#3592 = CARTESIAN_POINT ( 'NONE',  ( 0.1911267112981786254, 0.1043742742320701578, 0.1187251341946303912 ) ) ;
#3593 = FACE_OUTER_BOUND ( 'NONE', #2098, .T. ) ;
#3594 = LINE ( 'NONE', #4315, #5232 ) ;
#3595 = ADVANCED_FACE ( 'NONE', ( #6282 ), #1856, .T. ) ;
#3596 = ORIENTED_EDGE ( 'NONE', *, *, #1267, .T. ) ;
#3597 = FACE_OUTER_BOUND ( 'NONE', #4190, .T. ) ;
#3598 = CARTESIAN_POINT ( 'NONE',  ( 0.02200000000000000219, 0.4210000000000000409, 0.2290000000000000091 ) ) ;
#3599 = ORIENTED_EDGE ( 'NONE', *, *, #8855, .T. ) ;
#3600 = EDGE_CURVE ( 'NONE', #9183, #3296, #8028, .T. ) ;
#3601 = EDGE_CURVE ( 'NONE', #4393, #8493, #7045, .T. ) ;
#3602 = ORIENTED_EDGE ( 'NONE', *, *, #47, .F. ) ;
#3603 = CARTESIAN_POINT ( 'NONE',  ( 0.2321998643582651733, 0.1274338707821302263, 0.01400097791059686306 ) ) ;
#3604 = DIRECTION ( 'NONE',  ( 0.7317656748678063039, 3.171291354520100469E-14, 0.6815563051467311562 ) ) ;
#3605 = CYLINDRICAL_SURFACE ( 'NONE', #282, 0.03700000000000000511 ) ;
#3606 =( NAMED_UNIT ( * ) PLANE_ANGLE_UNIT ( ) SI_UNIT ( $, .RADIAN. ) );
#3607 = CARTESIAN_POINT ( 'NONE',  ( 0.05099999999999999672, 0.1890000000000000291, 0.2309383154052000175 ) ) ;
#3608 = ORIENTED_EDGE ( 'NONE', *, *, #7673, .T. ) ;
#3609 = VERTEX_POINT ( 'NONE', #4513 ) ;
#3610 = AXIS2_PLACEMENT_3D ( 'NONE', #5663, #9512, #2475 ) ;
#3611 = VERTEX_POINT ( 'NONE', #594 ) ;
#3612 = ORIENTED_EDGE ( 'NONE', *, *, #672, .F. ) ;
#3613 = FILL_AREA_STYLE_COLOUR ( '', #9695 ) ;
#3614 = CIRCLE ( 'NONE', #2956, 0.06399999999999998745 ) ;
#3615 = LINE ( 'NONE', #4488, #3480 ) ;
#3616 = CARTESIAN_POINT ( 'NONE',  ( -0.006000000000000000125, 0.1811555612594921982, 0.2518642024387972578 ) ) ;
#3617 = ORIENTED_EDGE ( 'NONE', *, *, #2080, .F. ) ;
#3618 = CARTESIAN_POINT ( 'NONE',  ( 0.000000000000000000, 0.1890000000000000291, 0.000000000000000000 ) ) ;
#3619 = ORIENTED_EDGE ( 'NONE', *, *, #1917, .F. ) ;
#3620 = STYLED_ITEM ( 'NONE', ( #9597 ), #9420 ) ;
#3621 = CARTESIAN_POINT ( 'NONE',  ( 0.2521607567435915631, 0.1056896232557379411, -0.02053981762338061984 ) ) ;
#3622 = DIRECTION ( 'NONE',  ( 0.000000000000000000, -1.000000000000000000, 0.000000000000000000 ) ) ;
#3623 = DIRECTION ( 'NONE',  ( -0.000000000000000000, 1.000000000000000000, 0.000000000000000000 ) ) ;
#3624 = FILL_AREA_STYLE_COLOUR ( '', #3959 ) ;
#3625 = PRODUCT_DEFINITION_SHAPE ( 'NONE', 'NONE',  #1947 ) ;
#3626 = AXIS2_PLACEMENT_3D ( 'NONE', #7193, #8878, #4203 ) ;
#3627 = DIRECTION ( 'NONE',  ( 0.000000000000000000, 1.000000000000000000, 0.000000000000000000 ) ) ;
#3628 = CARTESIAN_POINT ( 'NONE',  ( 0.06480740831667992918, -0.2880000001265000109, 0.09500000013037009083 ) ) ;
#3629 = STYLED_ITEM ( 'NONE', ( #3989 ), #9750 ) ;
#3630 = VERTEX_POINT ( 'NONE', #5290 ) ;
#3631 = CARTESIAN_POINT ( 'NONE',  ( 0.1948723322836999894, 0.05700000000000000205, 0.1481500587434000094 ) ) ;
#3632 = ORIENTED_EDGE ( 'NONE', *, *, #8308, .F. ) ;
#3633 = FACE_OUTER_BOUND ( 'NONE', #975, .T. ) ;
#3634 = EDGE_CURVE ( 'NONE', #9603, #807, #6889, .T. ) ;
#3635 = DIRECTION ( 'NONE',  ( 0.000000000000000000, -1.000000000000000000, 0.000000000000000000 ) ) ;
#3636 = DIRECTION ( 'NONE',  ( 0.000000000000000000, -1.000000000000000000, 0.000000000000000000 ) ) ;
#3637 = CARTESIAN_POINT ( 'NONE',  ( -0.2459489754869515765, -3.870559924350846128E-10, 0.04337696234754613578 ) ) ;
#3639 = DIRECTION ( 'NONE',  ( 1.000000000000000000, 0.000000000000000000, 0.000000000000000000 ) ) ;
#3638 = DIRECTION ( 'NONE',  ( 0.000000000000000000, 1.000000000000000000, 0.000000000000000000 ) ) ;
#3640 = LINE ( 'NONE', #3543, #4073 ) ;
#3641 = ADVANCED_FACE ( 'NONE', ( #7657 ), #2609, .F. ) ;
#3642 = ORIENTED_EDGE ( 'NONE', *, *, #5532, .F. ) ;
#3643 = CARTESIAN_POINT ( 'NONE',  ( 0.000000000000000000, 0.05700000000000000205, 0.000000000000000000 ) ) ;
#3644 = DIRECTION ( 'NONE',  ( 0.000000000000000000, -1.000000000000000000, 0.000000000000000000 ) ) ;
#3645 = ORIENTED_EDGE ( 'NONE', *, *, #7986, .F. ) ;
#3646 = CIRCLE ( 'NONE', #9385, 0.01999999999999999348 ) ;
#3647 = EDGE_CURVE ( 'NONE', #9839, #2876, #6209, .T. ) ;
#3648 = VERTEX_POINT ( 'NONE', #3690 ) ;
#3649 = LINE ( 'NONE', #6071, #8495 ) ;
#3650 = EDGE_CURVE ( 'NONE', #3753, #10171, #2111, .T. ) ;
#3651 = STYLED_ITEM ( 'NONE', ( #7508 ), #246 ) ;
#3652 = ADVANCED_FACE ( 'NONE', ( #5952 ), #5858, .T. ) ;
#3653 =( NAMED_UNIT ( * ) SI_UNIT ( $, .STERADIAN. ) SOLID_ANGLE_UNIT ( ) );
#3654 = FILL_AREA_STYLE ('',( #2066 ) ) ;
#3655 = LINE ( 'NONE', #4529, #8357 ) ;
#3656 = EDGE_LOOP ( 'NONE', ( #2646, #7829, #9683, #7260 ) ) ;
#3657 = ORIENTED_EDGE ( 'NONE', *, *, #6054, .T. ) ;
#3658 = EDGE_LOOP ( 'NONE', ( #9950, #8496 ) ) ;
#3659 = VERTEX_POINT ( 'NONE', #7556 ) ;
#3660 = DIRECTION ( 'NONE',  ( 0.000000000000000000, 0.000000000000000000, 1.000000000000000000 ) ) ;
#3661 = CARTESIAN_POINT ( 'NONE',  ( 0.000000000000000000, -0.2300000000000000100, 0.000000000000000000 ) ) ;
#3662 = CARTESIAN_POINT ( 'NONE',  ( 0.03950000000000000039, -0.09099999999999999756, -0.2169999999999999984 ) ) ;
#3663 = CARTESIAN_POINT ( 'NONE',  ( -0.2406940249214999938, -0.007000000000000001013, -0.04461000069966999937 ) ) ;
#3664 = CARTESIAN_POINT ( 'NONE',  ( -0.04800000000000000100, -0.01890001370591000082, -0.2009265499252000098 ) ) ;
#3665 = CIRCLE ( 'NONE', #6460, 0.2560000000000000053 ) ;
#3666 = CARTESIAN_POINT ( 'NONE',  ( 0.2178512231544721678, 0.1885387546233187328, 0.1014624995404953822 ) ) ;
#3667 = ORIENTED_EDGE ( 'NONE', *, *, #4410, .T. ) ;
#3668 = CARTESIAN_POINT ( 'NONE',  ( -0.05600000000000000810, 0.1640000000000000069, 0.2497999199358999778 ) ) ;
#3669 = VERTEX_POINT ( 'NONE', #6839 ) ;
#3670 =( GEOMETRIC_REPRESENTATION_CONTEXT ( 3 ) GLOBAL_UNCERTAINTY_ASSIGNED_CONTEXT ( ( #6439 ) ) GLOBAL_UNIT_ASSIGNED_CONTEXT ( ( #1835, #1888, #3526 ) ) REPRESENTATION_CONTEXT ( 'NONE', 'WORKASPACE' ) );
#3671 = AXIS2_PLACEMENT_3D ( 'NONE', #1204, #4343, #423 ) ;
#3672 = CARTESIAN_POINT ( 'NONE',  ( 0.2536475874718835954, 0.1146649466501351716, -0.01796586654141245701 ) ) ;
#3673 = AXIS2_PLACEMENT_3D ( 'NONE', #7975, #7256, #4775 ) ;
#3674 = CARTESIAN_POINT ( 'NONE',  ( 0.09580368519011003836, 0.000000000000000000, 0.2371224417229000347 ) ) ;
#3675 = DIRECTION ( 'NONE',  ( 0.3746065934158975819, 0.000000000000000000, -0.9271838545667933085 ) ) ;
#3676 = LINE ( 'NONE', #676, #4490 ) ;
#3677 = B_SPLINE_CURVE_WITH_KNOTS ( 'NONE', 3,
 ( #5696, #8822, #1791, #4924 ),
 .UNSPECIFIED., .F., .F.,
 ( 4, 4 ),
 ( 0.000000000000000000, 1.000000000000000000 ),
 .UNSPECIFIED. ) ;
#3678 = CARTESIAN_POINT ( 'NONE',  ( 0.1808277240783000284, 0.000000000000000000, -0.1650000000000000078 ) ) ;
#3679 = CARTESIAN_POINT ( 'NONE',  ( -0.2460343803596315160, 0.000000000000000000, -0.04338249943929596564 ) ) ;
#3680 = ORIENTED_EDGE ( 'NONE', *, *, #141, .F. ) ;
#3681 = VECTOR ( 'NONE', #2142, 39.37007874015748143 ) ;
#3682 = AXIS2_PLACEMENT_3D ( 'NONE', #5466, #834, #779 ) ;
#3683 = EDGE_LOOP ( 'NONE', ( #1046, #7547, #3230, #4442 ) ) ;
#3684 = CIRCLE ( 'NONE', #7634, 0.03700000000000000511 ) ;
#3685 = FILL_AREA_STYLE_COLOUR ( '', #2242 ) ;
#3686 = CARTESIAN_POINT ( 'NONE',  ( -0.9318186193118996874, 0.1202783480183999970, 0.000000000000000000 ) ) ;
#3687 = CARTESIAN_POINT ( 'NONE',  ( 0.000000000000000000, -0.09099999999999999756, 0.000000000000000000 ) ) ;
#3689 = CARTESIAN_POINT ( 'NONE',  ( 0.03099999999999999978, 0.1740000000000000158, 0.2090000000000000191 ) ) ;
#3688 = LINE ( 'NONE', #3011, #4290 ) ;
#3690 = CARTESIAN_POINT ( 'NONE',  ( 0.2730000000000000204, 0.1689999999999816926, 0.000000000000000000 ) ) ;
#3691 = ORIENTED_EDGE ( 'NONE', *, *, #8555, .F. ) ;
#3692 = DIRECTION ( 'NONE',  ( 0.000000000000000000, -1.000000000000000000, 0.000000000000000000 ) ) ;
#3693 = VECTOR ( 'NONE', #2857, 39.37007874015748854 ) ;
#3694 = DIRECTION ( 'NONE',  ( -0.1112617471649023082, 0.1927109990286050012, -0.9749273277897232415 ) ) ;
#3695 = B_SPLINE_CURVE_WITH_KNOTS ( 'NONE', 3,
 ( #6414, #2557, #6520, #1631, #2403, #7908, #7962, #3224, #292, #6363, #2455, #3435, #5589 ),
 .UNSPECIFIED., .F., .F.,
 ( 4, 2, 2, 2, 1, 2, 4 ),
 ( 0.000000000000000000, 0.2500000000000002220, 0.3750000000000009437, 0.4062500000000012768, 0.4375000000000015543, 0.5000000000000021094, 1.000000000000000000 ),
 .UNSPECIFIED. ) ;
#3696 = ORIENTED_EDGE ( 'NONE', *, *, #8799, .T. ) ;
#3697 = EDGE_CURVE ( 'NONE', #10171, #10101, #6063, .T. ) ;
#3698 = EDGE_LOOP ( 'NONE', ( #7911, #6998, #7414, #5768 ) ) ;
#3699 = CARTESIAN_POINT ( 'NONE',  ( 0.2316435739057419729, 0.1277476751870619265, 0.01384703522689054687 ) ) ;
#3700 = DIRECTION ( 'NONE',  ( 0.000000000000000000, -1.000000000000000000, 0.000000000000000000 ) ) ;
#3701 = PRESENTATION_LAYER_ASSIGNMENT (  '', '', ( #8150 ) ) ;
#3702 = EDGE_CURVE ( 'NONE', #8270, #3108, #8231, .T. ) ;
#3703 = DIRECTION ( 'NONE',  ( 0.000000000000000000, 1.000000000000000000, 0.000000000000000000 ) ) ;
#3704 = DIRECTION ( 'NONE',  ( 1.982541115402000068E-14, -1.000000000000000000, 4.361590453884999558E-14 ) ) ;
#3705 = EDGE_CURVE ( 'NONE', #8108, #8061, #9665, .T. ) ;
#3706 = ORIENTED_EDGE ( 'NONE', *, *, #4902, .F. ) ;
#3707 = VERTEX_POINT ( 'NONE', #2861 ) ;
#3708 = ORIENTED_EDGE ( 'NONE', *, *, #9617, .F. ) ;
#3709 = EDGE_CURVE ( 'NONE', #8019, #1520, #3594, .T. ) ;
#3710 = EDGE_CURVE ( 'NONE', #2833, #1586, #8510, .T. ) ;
#3711 = ORIENTED_EDGE ( 'NONE', *, *, #5736, .T. ) ;
#3712 = CIRCLE ( 'NONE', #8482, 0.2447931081450999968 ) ;
#3713 =( NAMED_UNIT ( * ) SI_UNIT ( $, .STERADIAN. ) SOLID_ANGLE_UNIT ( ) );
#3714 = DIRECTION ( 'NONE',  ( 0.000000000000000000, 1.000000000000000000, 0.000000000000000000 ) ) ;
#3715 = DIRECTION ( 'NONE',  ( 0.000000000000000000, 0.000000000000000000, -1.000000000000000000 ) ) ;
#3716 = DIRECTION ( 'NONE',  ( 1.000000000000000000, 0.000000000000000000, 0.000000000000000000 ) ) ;
#3717 = CARTESIAN_POINT ( 'NONE',  ( 0.1862499999999999989, 0.04150000000000000216, -0.1650000000000000078 ) ) ;
#3718 = FACE_OUTER_BOUND ( 'NONE', #9147, .T. ) ;
#3719 = LINE ( 'NONE', #10150, #4404 ) ;
#3720 = ORIENTED_EDGE ( 'NONE', *, *, #1089, .T. ) ;
#3721 = CARTESIAN_POINT ( 'NONE',  ( -0.05600000000000000810, 0.1740000000000000158, -0.2350000000000000144 ) ) ;
#3722 = VERTEX_POINT ( 'NONE', #5902 ) ;
#3723 = VECTOR ( 'NONE', #2429, 39.37007874015748143 ) ;
#3724 = CIRCLE ( 'NONE', #2740, 0.2560000000000000053 ) ;
#3725 = EDGE_CURVE ( 'NONE', #6555, #3971, #9037, .T. ) ;
#3726 = EDGE_CURVE ( 'NONE', #6679, #4949, #3640, .T. ) ;
#3727 = CARTESIAN_POINT ( 'NONE',  ( -0.08133980031493996676, 0.1740000000000000158, -0.2115782030813999903 ) ) ;
#3728 = SURFACE_STYLE_USAGE ( .BOTH. , #2192 ) ;
#3729 = CARTESIAN_POINT ( 'NONE',  ( 0.2248109110168999836, 0.1330108282678000020, 0.009222488152840000245 ) ) ;
#3730 = CARTESIAN_POINT ( 'NONE',  ( 0.01200000000000000025, 0.4085000000000000298, -0.2136000000000000121 ) ) ;
#3731 = LINE ( 'NONE', #10000, #6762 ) ;
#3732 = AXIS2_PLACEMENT_3D ( 'NONE', #932, #5823, #8198 ) ;
#3733 = FACE_OUTER_BOUND ( 'NONE', #31, .T. ) ;
#3734 = PRESENTATION_LAYER_ASSIGNMENT (  '', '', ( #437 ) ) ;
#3735 = CARTESIAN_POINT ( 'NONE',  ( 0.2261722983581372359, 0.1347937223258018624, 0.1233397006213205471 ) ) ;
#3736 = ORIENTED_EDGE ( 'NONE', *, *, #6021, .F. ) ;
#3737 = EDGE_LOOP ( 'NONE', ( #6599, #5398, #2126, #8711 ) ) ;
#3738 = CIRCLE ( 'NONE', #8991, 0.2560000000000001164 ) ;
#3739 = CARTESIAN_POINT ( 'NONE',  ( 0.1938026504683000306, -0.0005000000000000000104, 0.1495466431144999997 ) ) ;
#3740 = STYLED_ITEM ( 'NONE', ( #2186 ), #4400 ) ;
#3741 = LINE ( 'NONE', #6107, #8797 ) ;
#3742 = PLANE ( 'NONE',  #5827 ) ;
#3743 = CARTESIAN_POINT ( 'NONE',  ( -0.006000000000000000125, 0.1640000000000000069, -0.2350000000000000144 ) ) ;
#3744 = AXIS2_PLACEMENT_3D ( 'NONE', #5632, #4704, #3939 ) ;
#3745 = DIRECTION ( 'NONE',  ( 0.000000000000000000, -1.000000000000000000, 0.000000000000000000 ) ) ;
#3746 = AXIS2_PLACEMENT_3D ( 'NONE', #5600, #6375, #8729 ) ;
#3747 = DIRECTION ( 'NONE',  ( 4.183142240298405089E-13, 1.000000000000000000, -7.341841482972710550E-14 ) ) ;
#3748 = ORIENTED_EDGE ( 'NONE', *, *, #1653, .T. ) ;
#3749 = CARTESIAN_POINT ( 'NONE',  ( -0.06300000000000000044, 0.1290000000000000036, -0.2036000000000000032 ) ) ;
#3750 = CARTESIAN_POINT ( 'NONE',  ( 0.2384138389523001167, 0.1899449464299998724, 0.1163012617277000005 ) ) ;
#3751 = VECTOR ( 'NONE', #5611, 39.37007874015748143 ) ;
#3752 = VERTEX_POINT ( 'NONE', #5131 ) ;
#3753 = VERTEX_POINT ( 'NONE', #7606 ) ;
#3754 = CARTESIAN_POINT ( 'NONE',  ( 0.2007876014390125585, 0.1835047043118946397, 0.1485612491899817589 ) ) ;
#3755 = CARTESIAN_POINT ( 'NONE',  ( 0.1993032040650000170, 0.1330108282678000020, 0.1044185464819999964 ) ) ;
#3756 = CYLINDRICAL_SURFACE ( 'NONE', #2744, 0.009999999999999995004 ) ;
#3757 = CARTESIAN_POINT ( 'NONE',  ( 0.2069275418765000041, 0.09300000877803997479, 0.1205429154691999988 ) ) ;
#3758 = DIRECTION ( 'NONE',  ( 0.000000000000000000, -1.000000000000000000, 0.000000000000000000 ) ) ;
#3759 = CARTESIAN_POINT ( 'NONE',  ( 0.2439796792993001173, 0.1889420395008000186, -0.01660880385997998837 ) ) ;
#3760 = DIRECTION ( 'NONE',  ( 0.000000000000000000, 0.000000000000000000, -1.000000000000000000 ) ) ;
#3761 = EDGE_CURVE ( 'NONE', #5816, #4296, #8280, .T. ) ;
#3762 = ORIENTED_EDGE ( 'NONE', *, *, #1651, .T. ) ;
#3763 = ORIENTED_EDGE ( 'NONE', *, *, #9043, .F. ) ;
#3764 = EDGE_LOOP ( 'NONE', ( #9879, #9787, #6513, #8033 ) ) ;
#3765 = CARTESIAN_POINT ( 'NONE',  ( 0.2096661199163999956, 0.09300000007837008753, -0.1154042570274999985 ) ) ;
#3766 = EDGE_CURVE ( 'NONE', #1296, #2631, #544, .T. ) ;
#3767 = CARTESIAN_POINT ( 'NONE',  ( -0.08755715669137008328, 0.1689999999999999836, 0.2405613109212000056 ) ) ;
#3768 = CARTESIAN_POINT ( 'NONE',  ( 0.2285944958208434574, 0.1025907141531995914, 0.1072357909084601935 ) ) ;
#3769 = CARTESIAN_POINT ( 'NONE',  ( 0.07379749890292992831, 0.1890000000000000291, 0.1826552193497000265 ) ) ;
#3770 = DIRECTION ( 'NONE',  ( 1.000000000000000000, 0.000000000000000000, 0.000000000000000000 ) ) ;
#3771 = CARTESIAN_POINT ( 'NONE',  ( 0.000000000000000000, 0.000000000000000000, 0.000000000000000000 ) ) ;
#3772 = ADVANCED_FACE ( 'NONE', ( #9086 ), #2055, .F. ) ;
#3773 = VERTEX_POINT ( 'NONE', #3118 ) ;
#3774 = DIRECTION ( 'NONE',  ( -0.03582403425086031629, -0.9993360567818082574, 0.006639592290161064163 ) ) ;
#3775 = ORIENTED_EDGE ( 'NONE', *, *, #6624, .F. ) ;
#3776 =( GEOMETRIC_REPRESENTATION_CONTEXT ( 3 ) GLOBAL_UNCERTAINTY_ASSIGNED_CONTEXT ( ( #5689 ) ) GLOBAL_UNIT_ASSIGNED_CONTEXT ( ( #43, #657, #7062 ) ) REPRESENTATION_CONTEXT ( 'NONE', 'WORKASPACE' ) );
#3777 = CARTESIAN_POINT ( 'NONE',  ( 0.2245000000000000329, 0.1890000000000000291, 0.000000000000000000 ) ) ;
#3779 = EDGE_CURVE ( 'NONE', #4423, #4366, #3797, .T. ) ;
#3778 = CARTESIAN_POINT ( 'NONE',  ( -0.08755715669137008328, -0.007000000000000001013, 0.2405613109212000056 ) ) ;
#3780 = DIRECTION ( 'NONE',  ( -0.02484801492046119151, 0.9993360567817487494, -0.02664623370043129116 ) ) ;
#3781 = DIRECTION ( 'NONE',  ( 0.000000000000000000, 0.000000000000000000, -1.000000000000000000 ) ) ;
#3782 = DIRECTION ( 'NONE',  ( 1.000000000000000000, 0.000000000000000000, 0.000000000000000000 ) ) ;
#3783 = LENGTH_MEASURE_WITH_UNIT ( LENGTH_MEASURE( 0.02539999999999999897 ), #9279 );
#3784 = CARTESIAN_POINT ( 'NONE',  ( -0.2458137268910000062, -0.007000000000000001013, 0.04555888137302999824 ) ) ;
#3785 = ADVANCED_FACE ( 'NONE', ( #3897 ), #1530, .T. ) ;
#3786 = ORIENTED_EDGE ( 'NONE', *, *, #2655, .T. ) ;
#3787 = EDGE_CURVE ( 'NONE', #2717, #719, #799, .T. ) ;
#3788 = FACE_OUTER_BOUND ( 'NONE', #5046, .T. ) ;
#3789 = MECHANICAL_DESIGN_GEOMETRIC_PRESENTATION_REPRESENTATION (  '', ( #7563 ), #6908 ) ;
#3790 = CYLINDRICAL_SURFACE ( 'NONE', #8809, 0.01250000000000000243 ) ;
#3791 = DIRECTION ( 'NONE',  ( -1.000000000000000000, 0.000000000000000000, -1.271000427539000063E-09 ) ) ;
#3792 = AXIS2_PLACEMENT_3D ( 'NONE', #964, #8115, #904 ) ;
#3793 = FACE_BOUND ( 'NONE', #7224, .T. ) ;
#3794 = CARTESIAN_POINT ( 'NONE',  ( 0.1532309089204000052, 0.1799999998516000066, -0.1701801650940999999 ) ) ;
#3795 =( GEOMETRIC_REPRESENTATION_CONTEXT ( 3 ) GLOBAL_UNCERTAINTY_ASSIGNED_CONTEXT ( ( #7884 ) ) GLOBAL_UNIT_ASSIGNED_CONTEXT ( ( #797, #3374, #5643 ) ) REPRESENTATION_CONTEXT ( 'NONE', 'WORKASPACE' ) );
#3796 = DIRECTION ( 'NONE',  ( 0.4226182617406804010, 0.000000000000000000, -0.9063077870366588185 ) ) ;
#3797 = LINE ( 'NONE', #6938, #4893 ) ;
#3798 = VERTEX_POINT ( 'NONE', #3173 ) ;
#3799 = DIRECTION ( 'NONE',  ( 0.000000000000000000, 1.000000000000000000, 0.000000000000000000 ) ) ;
#3800 = CARTESIAN_POINT ( 'NONE',  ( 0.2195969969370000219, 0.1889420390995998622, 0.1076061967318999585 ) ) ;
#3801 = VERTEX_POINT ( 'NONE', #4616 ) ;
#3802 = AXIS2_PLACEMENT_3D ( 'NONE', #7028, #2342, #10157 ) ;
#3803 = EDGE_LOOP ( 'NONE', ( #51, #971, #512, #8394 ) ) ;
#3804 = CARTESIAN_POINT ( 'NONE',  ( 0.2270000000000000073, -0.0005000000000000000104, -0.1448810599014000167 ) ) ;
#3805 = CARTESIAN_POINT ( 'NONE',  ( 0.2051652750768805655, 0.1292247718588896144, 0.1035092307690635982 ) ) ;
#3806 = CARTESIAN_POINT ( 'NONE',  ( 0.000000000000000000, -0.007000000000000001013, 0.000000000000000000 ) ) ;
#3807 = CIRCLE ( 'NONE', #9378, 0.06949999999997992506 ) ;
#3808 = CARTESIAN_POINT ( 'NONE',  ( -0.005159981751914999998, -0.5830000000000000737, -0.06228663250103996102 ) ) ;
#3809 = STYLED_ITEM ( 'NONE', ( #2978 ), #122 ) ;
#3810 = SURFACE_SIDE_STYLE ('',( #1545 ) ) ;
#3811 = CARTESIAN_POINT ( 'NONE',  ( 0.2360000000000000153, 0.4385000000000000009, 0.000000000000000000 ) ) ;
#3812 = VERTEX_POINT ( 'NONE', #1429 ) ;
#3813 = VERTEX_POINT ( 'NONE', #5491 ) ;
#3814 = ORIENTED_EDGE ( 'NONE', *, *, #6052, .T. ) ;
#3815 = AXIS2_PLACEMENT_3D ( 'NONE', #4573, #7717, #9300 ) ;
#3816 = CARTESIAN_POINT ( 'NONE',  ( -0.06656041996141004446, -0.2870121032349999823, -0.09500000013037009083 ) ) ;
#3817 = DIRECTION ( 'NONE',  ( 0.000000000000000000, -1.000000000000000000, 0.000000000000000000 ) ) ;
#3818 = CARTESIAN_POINT ( 'NONE',  ( 0.000000000000000000, -0.08700000000000000788, 0.000000000000000000 ) ) ;
#3819 = DIRECTION ( 'NONE',  ( 0.000000000000000000, -1.000000000000000000, 0.000000000000000000 ) ) ;
#3820 = DIRECTION ( 'NONE',  ( -0.6819983600662091749, 4.440892098360061498E-13, 0.7313537016157101167 ) ) ;
#3821 = ORIENTED_EDGE ( 'NONE', *, *, #1823, .T. ) ;
#3822 = CARTESIAN_POINT ( 'NONE',  ( -0.006000000000000000125, 0.1890000000000000291, 0.2597192213656999704 ) ) ;
#3823 = ORIENTED_EDGE ( 'NONE', *, *, #7485, .T. ) ;
#3824 = EDGE_CURVE ( 'NONE', #4811, #7086, #3242, .T. ) ;
#3825 = PLANE ( 'NONE',  #2900 ) ;
#3826 = EDGE_CURVE ( 'NONE', #909, #2450, #1580, .T. ) ;
#3827 = CARTESIAN_POINT ( 'NONE',  ( -0.02506072624646000016, 0.1740000000000000158, -0.2235999999999999932 ) ) ;
#3828 =( CONVERSION_BASED_UNIT ( 'INCH', #1414 ) LENGTH_UNIT ( ) NAMED_UNIT ( #7228 ) );
#3829 = DIRECTION ( 'NONE',  ( -0.3407781525734079331, 0.8660254037844198338, -0.3658828374339083145 ) ) ;
#3830 = AXIS2_PLACEMENT_3D ( 'NONE', #8708, #1620, #725 ) ;
#3831 = LINE ( 'NONE', #5527, #4901 ) ;
#3832 = VERTEX_POINT ( 'NONE', #9289 ) ;
#3833 = LINE ( 'NONE', #6977, #2698 ) ;
#3834 = EDGE_CURVE ( 'NONE', #5103, #8820, #9388, .T. ) ;
#3835 = EDGE_CURVE ( 'NONE', #3019, #4531, #7357, .T. ) ;
#3836 = CIRCLE ( 'NONE', #701, 0.2479999999999999150 ) ;
#3837 = CIRCLE ( 'NONE', #7629, 0.05050000000000000322 ) ;
#3838 = ORIENTED_EDGE ( 'NONE', *, *, #6108, .T. ) ;
#3839 = CARTESIAN_POINT ( 'NONE',  ( 0.2072306584906999927, 0.09299999999999999933, 0.1054283463545000049 ) ) ;
#3840 = EDGE_CURVE ( 'NONE', #2930, #4507, #5391, .T. ) ;
#3841 = CYLINDRICAL_SURFACE ( 'NONE', #10105, 0.2560000000000000053 ) ;
#3842 = ADVANCED_FACE ( 'NONE', ( #7810, #7710 ), #7758, .T. ) ;
#3843 = FILL_AREA_STYLE ('',( #6004 ) ) ;
#3845 = CARTESIAN_POINT ( 'NONE',  ( 0.000000000000000000, 0.000000000000000000, 0.000000000000000000 ) ) ;
#3844 = CARTESIAN_POINT ( 'NONE',  ( 0.2244918899669000323, 0.1246118225996999951, 0.01511262184679999961 ) ) ;
#3846 = CIRCLE ( 'NONE', #4829, 0.2249999999999998945 ) ;
#3847 =( GEOMETRIC_REPRESENTATION_CONTEXT ( 3 ) GLOBAL_UNCERTAINTY_ASSIGNED_CONTEXT ( ( #3452 ) ) GLOBAL_UNIT_ASSIGNED_CONTEXT ( ( #7535, #2843, #8261 ) ) REPRESENTATION_CONTEXT ( 'NONE', 'WORKASPACE' ) );
#3848 = CIRCLE ( 'NONE', #9589, 0.05550000000000000766 ) ;
#3849 = DIRECTION ( 'NONE',  ( 0.000000000000000000, -1.000000000000000000, 0.000000000000000000 ) ) ;
#3850 = ORIENTED_EDGE ( 'NONE', *, *, #7123, .F. ) ;
#3851 = CARTESIAN_POINT ( 'NONE',  ( 0.2009977641279041549, 0.1294278840956550047, -0.1011469131373272379 ) ) ;
#3852 = DIRECTION ( 'NONE',  ( 0.000000000000000000, 1.000000000000000000, 0.000000000000000000 ) ) ;
#3853 = DIRECTION ( 'NONE',  ( -0.8660254037845409592, 2.551317086548120143E-14, 0.4999999999998229749 ) ) ;
#3854 = ORIENTED_EDGE ( 'NONE', *, *, #3266, .F. ) ;
#3855 = CIRCLE ( 'NONE', #4673, 0.01149999999999999287 ) ;
#3856 = AXIS2_PLACEMENT_3D ( 'NONE', #3946, #1577, #8622 ) ;
#3857 = ADVANCED_FACE ( 'NONE', ( #4665 ), #115, .T. ) ;
#3858 = ORIENTED_EDGE ( 'NONE', *, *, #2668, .T. ) ;
#3859 = CARTESIAN_POINT ( 'NONE',  ( 0.2069792579846976843, 0.1280732302689466251, 0.1037338199336324679 ) ) ;
#3860 = CARTESIAN_POINT ( 'NONE',  ( 0.08840715604615000112, 0.1689999999999999836, 0.2188153896778000096 ) ) ;
#3861 =( NAMED_UNIT ( * ) SI_UNIT ( $, .STERADIAN. ) SOLID_ANGLE_UNIT ( ) );
#3862 = PRESENTATION_STYLE_ASSIGNMENT (( #9256 ) ) ;
#3863 = FILL_AREA_STYLE_COLOUR ( '', #2003 ) ;
#3864 = CARTESIAN_POINT ( 'NONE',  ( 0.08765794283983996404, 0.1849999999999999978, -0.2169610219203999824 ) ) ;
#3865 = EDGE_LOOP ( 'NONE', ( #4321, #8790 ) ) ;
#3866 = VERTEX_POINT ( 'NONE', #2408 ) ;
#3867 = UNCERTAINTY_MEASURE_WITH_UNIT (LENGTH_MEASURE( 1.000000000000000082E-05 ), #1968, 'distance_accuracy_value', 'NONE');
#3868 = EDGE_LOOP ( 'NONE', ( #1144, #8480, #7425 ) ) ;
#3869 = CARTESIAN_POINT ( 'NONE',  ( 0.1698175916556000087, 0.1849999999999999978, -0.1821070717032000075 ) ) ;
#3870 = CARTESIAN_POINT ( 'NONE',  ( -0.07011497626753995793, -0.2849541762716000237, -0.09499999995717992030 ) ) ;
#3871 = COLOUR_RGB ( '',0.9686274509803921573, 0.8784313725490195957, 0.5999999999999999778 ) ;
#3872 = CARTESIAN_POINT ( 'NONE',  ( 0.2247204899075999907, 0.1119345429094000116, 0.01121166426958000034 ) ) ;
#3873 = DIRECTION ( 'NONE',  ( -3.466874307474981561E-08, -0.9999999999999976685, 5.773506177110976123E-08 ) ) ;
#3874 = CARTESIAN_POINT ( 'NONE',  ( 0.09589928791446004908, 0.1690000000000999869, 0.2373590667691000133 ) ) ;
#3875 = VECTOR ( 'NONE', #1834, 39.37007874015748143 ) ;
#3876 = VERTEX_POINT ( 'NONE', #8881 ) ;
#3877 = AXIS2_PLACEMENT_3D ( 'NONE', #1937, #183, #9744 ) ;
#3878 = DIRECTION ( 'NONE',  ( 0.000000000000000000, 1.000000000000000000, 0.000000000000000000 ) ) ;
#3879 = FACE_OUTER_BOUND ( 'NONE', #3868, .T. ) ;
#3880 = CARTESIAN_POINT ( 'NONE',  ( 0.000000000000000000, 0.000000000000000000, 0.000000000000000000 ) ) ;
#3881 = LINE ( 'NONE', #3104, #1201 ) ;
#3882 = LINE ( 'NONE', #583, #5833 ) ;
#3883 = AXIS2_PLACEMENT_3D ( 'NONE', #8705, #5372, #2388 ) ;
#3884 = CARTESIAN_POINT ( 'NONE',  ( 0.2269527361360319795, 0.1311609452347679283, -0.01134280876975296906 ) ) ;
#3885 = VECTOR ( 'NONE', #7937, 39.37007874015748143 ) ;
#3886 = ORIENTED_EDGE ( 'NONE', *, *, #256, .T. ) ;
#3887 = DIRECTION ( 'NONE',  ( 0.000000000000000000, 1.000000000000000000, 0.000000000000000000 ) ) ;
#3888 = ORIENTED_EDGE ( 'NONE', *, *, #6163, .T. ) ;
#3889 = EDGE_LOOP ( 'NONE', ( #3632, #7305, #578, #8010, #5510 ) ) ;
#3890 = CARTESIAN_POINT ( 'NONE',  ( 0.2126030303584000025, 0.1143371685741000066, 0.1266365098321000082 ) ) ;
#3891 = CARTESIAN_POINT ( 'NONE',  ( 0.1965890801217000383, 0.1114756290013000084, -0.1094428326095000098 ) ) ;
#3892 = SURFACE_SIDE_STYLE ('',( #10061 ) ) ;
#3893 = CIRCLE ( 'NONE', #3408, 0.2559999999999998943 ) ;
#3894 = ADVANCED_FACE ( 'NONE', ( #1842 ), #3072, .T. ) ;
#3896 = DIRECTION ( 'NONE',  ( 0.000000000000000000, 0.000000000000000000, 1.000000000000000000 ) ) ;
#3895 = CARTESIAN_POINT ( 'NONE',  ( 0.08428648351857992438, 0.09299999999999999933, 0.2086163672774999922 ) ) ;
#3897 = FACE_OUTER_BOUND ( 'NONE', #2477, .T. ) ;
#3898 = VERTEX_POINT ( 'NONE', #1019 ) ;
#3899 = CARTESIAN_POINT ( 'NONE',  ( 0.03200000000000000067, 0.4210000000000000409, -0.2235999999999999932 ) ) ;
#3900 = ORIENTED_EDGE ( 'NONE', *, *, #2337, .T. ) ;
#3901 =( CONVERSION_BASED_UNIT ( 'INCH', #8529 ) LENGTH_UNIT ( ) NAMED_UNIT ( #9782 ) );
#3902 = VECTOR ( 'NONE', #4265, 39.37007874015748143 ) ;
#3903 = EDGE_CURVE ( 'NONE', #7184, #1533, #2747, .T. ) ;
#3904 = CARTESIAN_POINT ( 'NONE',  ( -0.2383234762289000164, 0.1849999999999999978, 0.04202285899539000280 ) ) ;
#3905 = AXIS2_PLACEMENT_3D ( 'NONE', #9969, #6503, #6796 ) ;
#3906 = ORIENTED_EDGE ( 'NONE', *, *, #6995, .T. ) ;
#3907 = STYLED_ITEM ( 'NONE', ( #882 ), #4575 ) ;
#3908 = CARTESIAN_POINT ( 'NONE',  ( 0.2067762457471527815, 0.1281938392924636128, -0.1036952307682094676 ) ) ;
#3909 = COLOUR_RGB ( '',0.2509803921568627416, 0.2509803921568627416, 0.2509803921568627416 ) ;
#3910 = ORIENTED_EDGE ( 'NONE', *, *, #7071, .F. ) ;
#3911 = CARTESIAN_POINT ( 'NONE',  ( 0.2431227561771000245, 0.07744896146032007045, -0.02863635465768999896 ) ) ;
#3912 = AXIS2_PLACEMENT_3D ( 'NONE', #1018, #5753, #4764 ) ;
#3913 = EDGE_CURVE ( 'NONE', #10040, #10124, #8723, .T. ) ;
#3914 = CARTESIAN_POINT ( 'NONE',  ( 0.000000000000000000, -0.2706794919243000197, 0.000000000000000000 ) ) ;
#3915 = AXIS2_PLACEMENT_3D ( 'NONE', #4850, #7471, #4279 ) ;
#3916 = FACE_OUTER_BOUND ( 'NONE', #8393, .T. ) ;
#3917 = CARTESIAN_POINT ( 'NONE',  ( 0.2646230749038001595, 0.1899449431641999086, 0.01848707375888998528 ) ) ;
#3918 = DIRECTION ( 'NONE',  ( 0.000000000000000000, -1.000000000000000000, 0.000000000000000000 ) ) ;
#3919 = EDGE_CURVE ( 'NONE', #5188, #1820, #145, .T. ) ;
#3920 = VERTEX_POINT ( 'NONE', #6573 ) ;
#3921 = EDGE_CURVE ( 'NONE', #2571, #5648, #5205, .T. ) ;
#3922 = CIRCLE ( 'NONE', #6552, 0.01999999999999999001 ) ;
#3923 = VERTEX_POINT ( 'NONE', #3276 ) ;
#3924 = VECTOR ( 'NONE', #8640, 39.37007874015748143 ) ;
#3925 = ORIENTED_EDGE ( 'NONE', *, *, #5612, .T. ) ;
#3926 = FACE_OUTER_BOUND ( 'NONE', #2679, .T. ) ;
#3927 = CARTESIAN_POINT ( 'NONE',  ( 0.04199999999999999567, 0.4210000000000000409, 0.2290000000000000091 ) ) ;
#3928 = CARTESIAN_POINT ( 'NONE',  ( 0.2247241239873933039, 0.1057803173553747422, 0.01116080425998350854 ) ) ;
#3929 = CARTESIAN_POINT ( 'NONE',  ( 0.2231629401063735529, 0.1360068060207418050, -0.1294779165491760642 ) ) ;
#3930 = CARTESIAN_POINT ( 'NONE',  ( 0.1868593687315000251, 0.1246118225996999951, -0.1253338594206000189 ) ) ;
#3931 = ORIENTED_EDGE ( 'NONE', *, *, #8364, .F. ) ;
#3932 = SURFACE_STYLE_USAGE ( .BOTH. , #7122 ) ;
#3933 = DIRECTION ( 'NONE',  ( 0.000000000000000000, -1.000000000000000000, 0.000000000000000000 ) ) ;
#3934 = CARTESIAN_POINT ( 'NONE',  ( -0.05600000000001000011, 0.1689999999999999836, 0.2497999199358999778 ) ) ;
#3935 = PRESENTATION_STYLE_ASSIGNMENT (( #784 ) ) ;
#3936 =( CONVERSION_BASED_UNIT ( 'INCH', #2144 ) LENGTH_UNIT ( ) NAMED_UNIT ( #6575 ) );
#3937 = CARTESIAN_POINT ( 'NONE',  ( 0.2270000000000000073, -0.0005000000000000000104, -0.09162240880557992462 ) ) ;
#3938 = CARTESIAN_POINT ( 'NONE',  ( 0.2248611214198955321, 0.1357249274692752528, 0.1263136327558297134 ) ) ;
#3939 = DIRECTION ( 'NONE',  ( 1.000000000000000000, 0.000000000000000000, 0.000000000000000000 ) ) ;
#3940 = LENGTH_MEASURE_WITH_UNIT ( LENGTH_MEASURE( 0.02539999999999999897 ), #8106 );
#3941 = VERTEX_POINT ( 'NONE', #192 ) ;
#3942 = VECTOR ( 'NONE', #1332, 39.37007874015748854 ) ;
#3943 = ORIENTED_EDGE ( 'NONE', *, *, #7185, .T. ) ;
#3944 = CARTESIAN_POINT ( 'NONE',  ( 0.2098148292037000096, 0.09299999997900000592, 0.1137194701427999971 ) ) ;
#3945 = DIRECTION ( 'NONE',  ( -0.9848077530121959189, 0.000000000000000000, -0.1736481776669994703 ) ) ;
#3946 = CARTESIAN_POINT ( 'NONE',  ( 0.000000000000000000, 0.09299999999999999933, 0.000000000000000000 ) ) ;
#3947 = DIRECTION ( 'NONE',  ( -0.3746065934158975819, 0.000000000000000000, 0.9271838545667933085 ) ) ;
#3949 = PLANE ( 'NONE',  #7362 ) ;
#3948 = CARTESIAN_POINT ( 'NONE',  ( 0.2247837108830000319, 0.1160723806240999967, 0.009874986648561002306 ) ) ;
#3950 = DIRECTION ( 'NONE',  ( 0.000000000000000000, 0.000000000000000000, 1.000000000000000000 ) ) ;
#3951 = AXIS2_PLACEMENT_3D ( 'NONE', #9111, #1353, #6906 ) ;
#3952 = ORIENTED_EDGE ( 'NONE', *, *, #8254, .T. ) ;
#3953 = CARTESIAN_POINT ( 'NONE',  ( 0.2244446868750999136, 0.1674787285196000508, -0.1571345176419000345 ) ) ;
#3954 = ORIENTED_EDGE ( 'NONE', *, *, #3958, .T. ) ;
#3955 = PRESENTATION_STYLE_ASSIGNMENT (( #9344 ) ) ;
#3956 = FACE_OUTER_BOUND ( 'NONE', #2428, .T. ) ;
#3957 = ORIENTED_EDGE ( 'NONE', *, *, #6474, .T. ) ;
#3958 = EDGE_CURVE ( 'NONE', #2876, #4296, #4396, .T. ) ;
#3959 = COLOUR_RGB ( '',0.2509803921568627416, 0.2509803921568627416, 0.2509803921568627416 ) ;
#3960 = DIRECTION ( 'NONE',  ( 0.7431448254773762585, 0.000000000000000000, 0.6691306063588782216 ) ) ;
#3961 = AXIS2_PLACEMENT_3D ( 'NONE', #6007, #1279, #9036 ) ;
#3962 = ORIENTED_EDGE ( 'NONE', *, *, #1833, .T. ) ;
#3963 = CARTESIAN_POINT ( 'NONE',  ( 0.2156913191878616354, 0.1282398488820500060, 0.1088300675617019375 ) ) ;
#3964 = EDGE_CURVE ( 'NONE', #7813, #3876, #6196, .T. ) ;
#3965 = DIRECTION ( 'NONE',  ( -0.01364846422598059786, 0.9993360567820439577, 0.03378113437390150436 ) ) ;
#3966 = ORIENTED_EDGE ( 'NONE', *, *, #3726, .F. ) ;
#3967 =( LENGTH_UNIT ( ) NAMED_UNIT ( * ) SI_UNIT ( $, .METRE. ) );
#3968 = CARTESIAN_POINT ( 'NONE',  ( 0.000000000000000000, 0.1890000000000000291, 0.000000000000000000 ) ) ;
#3969 = PRESENTATION_LAYER_ASSIGNMENT (  '', '', ( #2165 ) ) ;
#3970 = ORIENTED_EDGE ( 'NONE', *, *, #8008, .F. ) ;
#3971 = VERTEX_POINT ( 'NONE', #8831 ) ;
#3972 = EDGE_CURVE ( 'NONE', #2842, #3137, #5870, .T. ) ;
#3973 = UNCERTAINTY_MEASURE_WITH_UNIT (LENGTH_MEASURE( 1.000000000000000082E-05 ), #2602, 'distance_accuracy_value', 'NONE');
#3974 = ORIENTED_EDGE ( 'NONE', *, *, #2757, .T. ) ;
#3975 =( NAMED_UNIT ( * ) PLANE_ANGLE_UNIT ( ) SI_UNIT ( $, .RADIAN. ) );
#3976 = VECTOR ( 'NONE', #7380, 39.37007874015748854 ) ;
#3977 = EDGE_CURVE ( 'NONE', #6042, #8530, #8107, .T. ) ;
#3978 = EDGE_CURVE ( 'NONE', #1526, #6353, #5754, .T. ) ;
#3979 = CARTESIAN_POINT ( 'NONE',  ( 0.2554088146675089765, 0.1276911398493984218, 0.01395587882237523010 ) ) ;
#3980 = DIRECTION ( 'NONE',  ( -1.000000000000000000, 0.000000000000000000, 0.000000000000000000 ) ) ;
#3981 = DIRECTION ( 'NONE',  ( -0.2372881355932019432, 0.000000000000000000, 0.9714393139598078708 ) ) ;
#3982 = CARTESIAN_POINT ( 'NONE',  ( 0.2159242953816163935, 0.1306634396463628445, -0.1383289183026597813 ) ) ;
#3983 = PLANE ( 'NONE',  #5559 ) ;
#3984 = EDGE_LOOP ( 'NONE', ( #5189, #6222 ) ) ;
#3985 = CARTESIAN_POINT ( 'NONE',  ( -0.08071675382484998218, 0.1689999999999999836, -0.2217674585055000036 ) ) ;
#3986 = AXIS2_PLACEMENT_3D ( 'NONE', #3687, #6836, #9189 ) ;
#3987 = SURFACE_STYLE_FILL_AREA ( #8657 ) ;
#3988 = FILL_AREA_STYLE ('',( #8758 ) ) ;
#3989 = PRESENTATION_STYLE_ASSIGNMENT (( #6453 ) ) ;
#3990 = LINE ( 'NONE', #2549, #9971 ) ;
#3991 = VERTEX_POINT ( 'NONE', #5802 ) ;
#3992 = AXIS2_PLACEMENT_3D ( 'NONE', #4165, #1847, #8681 ) ;
#3993 = VERTEX_POINT ( 'NONE', #4931 ) ;
#3994 = ORIENTED_EDGE ( 'NONE', *, *, #672, .T. ) ;
#3995 = CYLINDRICAL_SURFACE ( 'NONE', #4375, 0.05049999999999998934 ) ;
#3996 = LINE ( 'NONE', #7291, #1907 ) ;
#3997 = CARTESIAN_POINT ( 'NONE',  ( 0.1698175916555000053, 0.1849999999999999978, 0.1821070717032000075 ) ) ;
#3998 = DIRECTION ( 'NONE',  ( 0.000000000000000000, -1.000000000000000000, 0.000000000000000000 ) ) ;
#3999 = DIRECTION ( 'NONE',  ( 0.000000000000000000, -1.000000000000000000, 0.000000000000000000 ) ) ;
#4000 = B_SPLINE_CURVE_WITH_KNOTS ( 'NONE', 3,
 ( #3045, #6289, #6189, #8656, #1617, #6603, #1146, #5782 ),
 .UNSPECIFIED., .F., .F.,
 ( 4, 1, 1, 1, 1, 4 ),
 ( 0.000000000000000000, 0.2000000000000000111, 0.4000000000000000222, 0.5999999999999999778, 0.8000000000000000444, 1.000000000000000000 ),
 .UNSPECIFIED. ) ;
#4001 = EDGE_LOOP ( 'NONE', ( #2229, #2760, #649, #693, #7057, #661, #1709, #10152, #8630 ) ) ;
#4002 = CARTESIAN_POINT ( 'NONE',  ( 0.2010704718882010689, 0.1276504282215825126, 0.1321348070976834099 ) ) ;
#4003 = ORIENTED_EDGE ( 'NONE', *, *, #2150, .T. ) ;
#4004 = PRESENTATION_LAYER_ASSIGNMENT (  '', '', ( #1643 ) ) ;
#4005 = VECTOR ( 'NONE', #5023, 39.37007874015748854 ) ;
#4006 = CARTESIAN_POINT ( 'NONE',  ( 0.09328833875351003058, 0.1841728378958999990, -0.2308967408259000043 ) ) ;
#4007 = ORIENTED_EDGE ( 'NONE', *, *, #5736, .F. ) ;
#4008 = DIRECTION ( 'NONE',  ( 0.000000000000000000, 0.000000000000000000, 1.000000000000000000 ) ) ;
#4009 = ORIENTED_EDGE ( 'NONE', *, *, #3834, .F. ) ;
#4010 = AXIS2_PLACEMENT_3D ( 'NONE', #5993, #7743, #675 ) ;
#4011 = CARTESIAN_POINT ( 'NONE',  ( -0.07563368628071004407, -0.2815948203402000027, 0.09500000000422993696 ) ) ;
#4012 = AXIS2_PLACEMENT_3D ( 'NONE', #2607, #8665, #9585 ) ;
#4013 = CIRCLE ( 'NONE', #1377, 0.2447931081451000523 ) ;
#4014 = ORIENTED_EDGE ( 'NONE', *, *, #3421, .F. ) ;
#4015 = PLANE ( 'NONE',  #2943 ) ;
#4016 = DIRECTION ( 'NONE',  ( 0.000000000000000000, 1.000000000000000000, 0.000000000000000000 ) ) ;
#4017 = ORIENTED_EDGE ( 'NONE', *, *, #3474, .T. ) ;
#4018 = AXIS2_PLACEMENT_3D ( 'NONE', #2492, #3103, #4859 ) ;
#4019 = ORIENTED_EDGE ( 'NONE', *, *, #8488, .T. ) ;
#4020 = PRESENTATION_LAYER_ASSIGNMENT (  '', '', ( #6150 ) ) ;
#4021 = ADVANCED_FACE ( 'NONE', ( #8928 ), #5029, .T. ) ;
#4022 = EDGE_LOOP ( 'NONE', ( #9980, #8553, #5122 ) ) ;
#4023 = CARTESIAN_POINT ( 'NONE',  ( 0.2039482273200038109, 0.1294545103135320840, -0.1324951817488087547 ) ) ;
#4024 = LINE ( 'NONE', #770, #5371 ) ;
#4025 = FILL_AREA_STYLE_COLOUR ( '', #5262 ) ;
#4026 = EDGE_CURVE ( 'NONE', #5556, #9454, #1435, .T. ) ;
#4027 = EDGE_CURVE ( 'NONE', #6589, #1973, #4232, .T. ) ;
#4028 = CARTESIAN_POINT ( 'NONE',  ( 0.000000000000000000, -0.03200000000000000067, 0.000000000000000000 ) ) ;
#4029 = DIRECTION ( 'NONE',  ( 0.000000000000000000, -1.000000000000000000, 0.000000000000000000 ) ) ;
#4030 = FILL_AREA_STYLE ('',( #10148 ) ) ;
#4031 = DIRECTION ( 'NONE',  ( 0.000000000000000000, 0.000000000000000000, -1.000000000000000000 ) ) ;
#4032 = ORIENTED_EDGE ( 'NONE', *, *, #2015, .T. ) ;
#4033 = LINE ( 'NONE', #7173, #9424 ) ;
#4034 = AXIS2_PLACEMENT_3D ( 'NONE', #7720, #10131, #2223 ) ;
#4035 = EDGE_CURVE ( 'NONE', #5269, #2004, #7849, .T. ) ;
#4036 = EDGE_CURVE ( 'NONE', #5560, #313, #2903, .T. ) ;
#4037 = B_SPLINE_CURVE_WITH_KNOTS ( 'NONE', 3,
 ( #3390, #879, #1127, #1610 ),
 .UNSPECIFIED., .F., .F.,
 ( 4, 4 ),
 ( 0.000000000000000000, 1.000000000000000000 ),
 .UNSPECIFIED. ) ;
#4039 = VECTOR ( 'NONE', #2622, 39.37007874015748854 ) ;
#4038 = CYLINDRICAL_SURFACE ( 'NONE', #767, 0.01150000000000000674 ) ;
#4040 = SURFACE_SIDE_STYLE ('',( #5524 ) ) ;
#4041 = CARTESIAN_POINT ( 'NONE',  ( -0.2265057831927999865, 0.1890000000000000291, 0.03993908086339000713 ) ) ;
#4042 = UNCERTAINTY_MEASURE_WITH_UNIT (LENGTH_MEASURE( 1.000000000000000082E-05 ), #8571, 'distance_accuracy_value', 'NONE');
#4043 = DIRECTION ( 'NONE',  ( -1.000000000000000000, 0.000000000000000000, 0.000000000000000000 ) ) ;
#4044 = ORIENTED_EDGE ( 'NONE', *, *, #7734, .T. ) ;
#4045 = DIRECTION ( 'NONE',  ( 0.000000000000000000, 1.000000000000000000, 0.000000000000000000 ) ) ;
#4046 = VECTOR ( 'NONE', #2184, 39.37007874015748854 ) ;
#4047 = ORIENTED_EDGE ( 'NONE', *, *, #1149, .T. ) ;
#4048 = EDGE_CURVE ( 'NONE', #2635, #4788, #2095, .T. ) ;
#4049 = EDGE_CURVE ( 'NONE', #6472, #10, #10135, .T. ) ;
#4050 = ORIENTED_EDGE ( 'NONE', *, *, #9551, .F. ) ;
#4051 = SURFACE_SIDE_STYLE ('',( #5585 ) ) ;
#4052 = LINE ( 'NONE', #4102, #5987 ) ;
#4053 = CARTESIAN_POINT ( 'NONE',  ( 0.1966502222728155336, 0.1887749012997143594, 0.1376269613167316885 ) ) ;
#4054 = CARTESIAN_POINT ( 'NONE',  ( -0.005159981751914999998, -0.4030000000000000249, -0.06228663250103996102 ) ) ;
#4055 = CARTESIAN_POINT ( 'NONE',  ( 0.1942926439423000307, 0.1143371685741000066, 0.1134696810162000163 ) ) ;
#4056 = DIRECTION ( 'NONE',  ( 0.000000000000000000, 0.000000000000000000, -1.000000000000000000 ) ) ;
#4057 = CARTESIAN_POINT ( 'NONE',  ( 0.000000000000000000, -0.007000000000000001013, 0.000000000000000000 ) ) ;
#4058 = B_SPLINE_CURVE_WITH_KNOTS ( 'NONE', 3,
 ( #3872, #3094, #2332, #9521, #7221, #2380, #5460, #5569, #8597, #9468, #3928, #7072, #6, #6281, #9413, #8647, #1609, #2433, #4743 ),
 .UNSPECIFIED., .F., .F.,
 ( 4, 2, 2, 2, 1, 2, 2, 2, 2, 4 ),
 ( 0.000000000000000000, 0.1250000000000457967, 0.1875000000000676681, 0.2187500000000785760, 0.2343750000000840716, 0.2421875000000842382, 0.2500000000000843769, 0.3750000000000706102, 0.5000000000000567324, 1.000000000000000000 ),
 .UNSPECIFIED. ) ;
#4059 = EDGE_LOOP ( 'NONE', ( #9347, #404, #8386, #7313, #2419, #7151, #7306, #9769, #2209, #3160, #2231, #564 ) ) ;
#4060 = CARTESIAN_POINT ( 'NONE',  ( 0.1932997962139817172, 0.1279584878153518512, 0.1275320659035783788 ) ) ;
#4061 = VERTEX_POINT ( 'NONE', #5173 ) ;
#4062 =( NAMED_UNIT ( * ) PLANE_ANGLE_UNIT ( ) SI_UNIT ( $, .RADIAN. ) );
#4063 = ORIENTED_EDGE ( 'NONE', *, *, #969, .F. ) ;
#4064 = AXIS2_PLACEMENT_3D ( 'NONE', #9315, #8695, #7726 ) ;
#4065 = COLOUR_RGB ( '',0.2509803921568627416, 0.2509803921568627416, 0.2509803921568627416 ) ;
#4066 = CARTESIAN_POINT ( 'NONE',  ( 0.2186593577783663145, 0.1329157594793536068, -0.1154396459794613944 ) ) ;
#4067 = ORIENTED_EDGE ( 'NONE', *, *, #7819, .F. ) ;
#4068 = CARTESIAN_POINT ( 'NONE',  ( -0.07016232704952991839, -0.2849262046834000195, 0.09500000001352010282 ) ) ;
#4069 = CARTESIAN_POINT ( 'NONE',  ( 0.1932410860741510250, 0.1112141552837406649, -0.1152522574473766881 ) ) ;
#4070 = CIRCLE ( 'NONE', #5868, 0.09649999999999997469 ) ;
#4071 = EDGE_LOOP ( 'NONE', ( #8856, #4306, #9391, #8837 ) ) ;
#4072 = CARTESIAN_POINT ( 'NONE',  ( 0.000000000000000000, -0.007000000000000001013, 0.000000000000000000 ) ) ;
#4073 = VECTOR ( 'NONE', #6690, 39.37007874015748854 ) ;
#4074 = VERTEX_POINT ( 'NONE', #9182 ) ;
#4075 = ORIENTED_EDGE ( 'NONE', *, *, #272, .F. ) ;
#4076 = AXIS2_PLACEMENT_3D ( 'NONE', #2018, #9779, #415 ) ;
#4077 = B_SPLINE_CURVE_WITH_KNOTS ( 'NONE', 3,
 ( #8400, #2077, #5363, #6814 ),
 .UNSPECIFIED., .F., .F.,
 ( 4, 4 ),
 ( 0.000000000000000000, 1.000000000000000000 ),
 .UNSPECIFIED. ) ;
#4078 = UNCERTAINTY_MEASURE_WITH_UNIT (LENGTH_MEASURE( 1.000000000000000082E-05 ), #5263, 'distance_accuracy_value', 'NONE');
#4079 = AXIS2_PLACEMENT_3D ( 'NONE', #3491, #6008, #3639 ) ;
#4080 = AXIS2_PLACEMENT_3D ( 'NONE', #8559, #8365, #632 ) ;
#4081 = ORIENTED_EDGE ( 'NONE', *, *, #2648, .F. ) ;
#4082 = CARTESIAN_POINT ( 'NONE',  ( 0.1907635310605785839, 0.1313895969483082071, -0.1229810006680102097 ) ) ;
#4083 = COLOUR_RGB ( '',0.2509803921568627416, 0.2509803921568627416, 0.2509803921568627416 ) ;
#4084 = CARTESIAN_POINT ( 'NONE',  ( 0.1808277240783000284, 0.02805275571417000305, -0.1650000000000000078 ) ) ;
#4085 = CARTESIAN_POINT ( 'NONE',  ( 0.1925000000000000044, 0.05700000000000000205, -0.1650000000000000078 ) ) ;
#4086 =( LENGTH_UNIT ( ) NAMED_UNIT ( * ) SI_UNIT ( $, .METRE. ) );
#4087 = AXIS2_PLACEMENT_3D ( 'NONE', #1329, #4461, #7458 ) ;
#4088 = CARTESIAN_POINT ( 'NONE',  ( 0.1942926439427000163, 0.1890000000000000291, 0.1134696810155000068 ) ) ;
#4089 = ORIENTED_EDGE ( 'NONE', *, *, #6426, .T. ) ;
#4090 = FILL_AREA_STYLE_COLOUR ( '', #6651 ) ;
#4091 = VECTOR ( 'NONE', #3086, 39.37007874015748143 ) ;
#4092 = EDGE_CURVE ( 'NONE', #331, #4839, #4355, .T. ) ;
#4093 = CARTESIAN_POINT ( 'NONE',  ( -0.005999996608472992106, 0.1690010986496000012, -0.2559296779208999895 ) ) ;
#4094 = DIRECTION ( 'NONE',  ( 0.6156440419726819657, 0.000000000000000000, 0.7880243737242766944 ) ) ;
#4095 = EDGE_CURVE ( 'NONE', #9041, #9310, #940, .T. ) ;
#4096 =( LENGTH_UNIT ( ) NAMED_UNIT ( * ) SI_UNIT ( $, .METRE. ) );
#4097 = ORIENTED_EDGE ( 'NONE', *, *, #4582, .F. ) ;
#4098 = DIRECTION ( 'NONE',  ( 1.306825018568999966E-13, -1.000000000000000000, -1.040834085585999943E-13 ) ) ;
#4099 = EDGE_LOOP ( 'NONE', ( #7737, #9002, #2084, #2787 ) ) ;
#4100 = VERTEX_POINT ( 'NONE', #5893 ) ;
#4101 = SURFACE_STYLE_FILL_AREA ( #5747 ) ;
#4102 = CARTESIAN_POINT ( 'NONE',  ( 0.03200000000000000067, 0.1890000000000000291, -0.2136000000000000121 ) ) ;
#4103 = LINE ( 'NONE', #1679, #5817 ) ;
#4104 = CARTESIAN_POINT ( 'NONE',  ( 0.000000000000000000, 0.1890000000000000291, 0.000000000000000000 ) ) ;
#4105 = FACE_OUTER_BOUND ( 'NONE', #697, .T. ) ;
#4106 = EDGE_CURVE ( 'NONE', #2016, #6042, #1108, .T. ) ;
#4107 = EDGE_CURVE ( 'NONE', #9281, #3017, #3893, .T. ) ;
#4109 = SURFACE_STYLE_FILL_AREA ( #84 ) ;
#4108 = CARTESIAN_POINT ( 'NONE',  ( 0.2249557334370000106, 0.1241480077894999978, 0.004474513868404000026 ) ) ;
#4110 = CARTESIAN_POINT ( 'NONE',  ( 0.2123461911865000273, 0.1889999999999000257, -0.1029810367280999950 ) ) ;
#4111 = ORIENTED_EDGE ( 'NONE', *, *, #3650, .T. ) ;
#4112 = DIRECTION ( 'NONE',  ( 0.000000000000000000, -1.000000000000000000, 0.000000000000000000 ) ) ;
#4113 = EDGE_LOOP ( 'NONE', ( #871, #7410, #1036, #2351 ) ) ;
#4114 = DIRECTION ( 'NONE',  ( 0.000000000000000000, 0.000000000000000000, -1.000000000000000000 ) ) ;
#4115 = ORIENTED_EDGE ( 'NONE', *, *, #10042, .F. ) ;
#4116 = CARTESIAN_POINT ( 'NONE',  ( 0.2076371039143878328, 0.1276910860238919254, -0.1038694434721472437 ) ) ;
#4117 = VERTEX_POINT ( 'NONE', #2804 ) ;
#4118 = PLANE ( 'NONE',  #4970 ) ;
#4119 = PRESENTATION_LAYER_ASSIGNMENT (  '', '', ( #4599 ) ) ;
#4120 = CYLINDRICAL_SURFACE ( 'NONE', #1110, 0.01450000000000000941 ) ;
#4121 = EDGE_LOOP ( 'NONE', ( #10161, #2500, #6844, #4357 ) ) ;
#4122 = DIRECTION ( 'NONE',  ( -2.157547753918999831E-13, 0.000000000000000000, 1.000000000000000000 ) ) ;
#4123 = CARTESIAN_POINT ( 'NONE',  ( 0.000000000000000000, 0.1689999999999999836, 0.000000000000000000 ) ) ;
#4124 = DIRECTION ( 'NONE',  ( 0.000000000000000000, 0.000000000000000000, 1.000000000000000000 ) ) ;
#4125 = ORIENTED_EDGE ( 'NONE', *, *, #2654, .T. ) ;
#4126 = ORIENTED_EDGE ( 'NONE', *, *, #8296, .F. ) ;
#4127 = CIRCLE ( 'NONE', #485, 0.09649999999999997469 ) ;
#4128 = VERTEX_POINT ( 'NONE', #1270 ) ;
#4129 = CARTESIAN_POINT ( 'NONE',  ( 0.000000000000000000, 0.000000000000000000, 0.000000000000000000 ) ) ;
#4130 = CIRCLE ( 'NONE', #3792, 0.06250000000000001388 ) ;
#4131 = DIRECTION ( 'NONE',  ( -1.000000000000000000, 0.000000000000000000, -4.044383875419999840E-13 ) ) ;
#4132 = CARTESIAN_POINT ( 'NONE',  ( 0.2245037639690072584, 0.1252269449752131947, 0.01493623834394494296 ) ) ;
#4133 = VECTOR ( 'NONE', #9701, 39.37007874015748143 ) ;
#4134 = DIRECTION ( 'NONE',  ( 0.000000000000000000, 1.000000000000000000, 0.000000000000000000 ) ) ;
#4135 = SURFACE_SIDE_STYLE ('',( #6446 ) ) ;
#4136 = EDGE_LOOP ( 'NONE', ( #2610, #2806, #6067, #6331, #4828 ) ) ;
#4137 = DIRECTION ( 'NONE',  ( 0.9999988959613604900, 0.000000000000000000, -0.001485959642859942600 ) ) ;
#4138 = ORIENTED_EDGE ( 'NONE', *, *, #7422, .T. ) ;
#4139 = CARTESIAN_POINT ( 'NONE',  ( 0.03200000000000000067, 0.1290000000000000036, -0.2235999999999999932 ) ) ;
#4140 = LINE ( 'NONE', #2546, #123 ) ;
#4141 = DIMENSIONAL_EXPONENTS ( 1.000000000000000000, 0.000000000000000000, 0.000000000000000000, 0.000000000000000000, 0.000000000000000000, 0.000000000000000000, 0.000000000000000000 ) ;
#4142 = CARTESIAN_POINT ( 'NONE',  ( 0.000000000000000000, -0.2706794919243000197, 0.000000000000000000 ) ) ;
#4143 = UNCERTAINTY_MEASURE_WITH_UNIT (LENGTH_MEASURE( 1.000000000000000082E-05 ), #7004, 'distance_accuracy_value', 'NONE');
#4144 = CARTESIAN_POINT ( 'NONE',  ( 0.2283519706985000230, 0.1246118225996999951, -0.1143885191698999909 ) ) ;
#4145 = FACE_BOUND ( 'NONE', #3658, .T. ) ;
#4146 = EDGE_CURVE ( 'NONE', #10141, #8087, #2263, .T. ) ;
#4147 = SURFACE_STYLE_USAGE ( .BOTH. , #3366 ) ;
#4148 = CARTESIAN_POINT ( 'NONE',  ( 0.000000000000000000, -0.4030000000000000249, 0.000000000000000000 ) ) ;
#4149 = ORIENTED_EDGE ( 'NONE', *, *, #6038, .F. ) ;
#4150 = EDGE_CURVE ( 'NONE', #9173, #5146, #762, .T. ) ;
#4151 = ORIENTED_EDGE ( 'NONE', *, *, #1500, .T. ) ;
#4152 =( NAMED_UNIT ( * ) SI_UNIT ( $, .STERADIAN. ) SOLID_ANGLE_UNIT ( ) );
#4153 = CARTESIAN_POINT ( 'NONE',  ( 0.2242884563516999996, 0.1140731207115999873, -0.01813454598509000107 ) ) ;
#4154 = LINE ( 'NONE', #5938, #5962 ) ;
#4155 = CARTESIAN_POINT ( 'NONE',  ( -0.2459492936636000215, 0.000000000000000000, -0.04337511403172000096 ) ) ;
#4156 = CIRCLE ( 'NONE', #7279, 0.01250000000000000243 ) ;
#4157 = COLOUR_RGB ( '',0.2509803921568627416, 0.2509803921568627416, 0.2509803921568627416 ) ;
#4159 = CARTESIAN_POINT ( 'NONE',  ( -0.04644655162098000611, -0.4030000000000000249, -0.04182066285869000949 ) ) ;
#4158 = CARTESIAN_POINT ( 'NONE',  ( 0.2247479274035999730, 0.1141652121605000042, 0.01065531256765000004 ) ) ;
#4160 = EDGE_CURVE ( 'NONE', #103, #8959, #1163, .T. ) ;
#4161 = DIRECTION ( 'NONE',  ( 0.02437918953861043653, -0.9993360567820176454, -0.02707583300304048854 ) ) ;
#4162 = EDGE_CURVE ( 'NONE', #1861, #1758, #5640, .T. ) ;
#4163 = EDGE_LOOP ( 'NONE', ( #6342, #129, #8591, #7679, #1626, #1925, #1790 ) ) ;
#4164 = CARTESIAN_POINT ( 'NONE',  ( 0.2549528672140999874, 0.1246118225996999951, -0.01511262184679999961 ) ) ;
#4165 = CARTESIAN_POINT ( 'NONE',  ( 0.000000000000000000, 0.1890000000000000291, 0.000000000000000000 ) ) ;
#4166 = VERTEX_POINT ( 'NONE', #5229 ) ;
#4167 = EDGE_CURVE ( 'NONE', #8651, #3722, #6830, .T. ) ;
#4168 = EDGE_CURVE ( 'NONE', #5755, #7929, #2932, .T. ) ;
#4169 = VERTEX_POINT ( 'NONE', #18 ) ;
#4170 = FACE_OUTER_BOUND ( 'NONE', #7956, .T. ) ;
#4171 = CARTESIAN_POINT ( 'NONE',  ( 0.2361025303266000297, 0.05700000000000000205, 0.09895248947533996642 ) ) ;
#4172 = MECHANICAL_DESIGN_GEOMETRIC_PRESENTATION_REPRESENTATION (  '', ( #9899 ), #2199 ) ;
#4173 = ORIENTED_EDGE ( 'NONE', *, *, #4972, .T. ) ;
#4174 = CARTESIAN_POINT ( 'NONE',  ( 0.2257378805858000215, 0.06967483934667008383, 0.09468936088066003121 ) ) ;
#4175 = PLANE ( 'NONE',  #8633 ) ;
#4176 = ORIENTED_EDGE ( 'NONE', *, *, #8548, .T. ) ;
#4177 = ORIENTED_EDGE ( 'NONE', *, *, #4781, .F. ) ;
#4178 = ADVANCED_FACE ( 'NONE', ( #5380 ), #2596, .T. ) ;
#4179 = AXIS2_PLACEMENT_3D ( 'NONE', #2219, #2555, #6361 ) ;
#4180 = EDGE_LOOP ( 'NONE', ( #7076, #3762, #5148, #5531 ) ) ;
#4181 = CARTESIAN_POINT ( 'NONE',  ( 0.1909420465612045037, 0.1310691224257946041, -0.1234434823111787982 ) ) ;
#4182 = CARTESIAN_POINT ( 'NONE',  ( -0.04950000000000000233, -0.09099999999999999756, -0.2290000000000000091 ) ) ;
#4183 = CARTESIAN_POINT ( 'NONE',  ( 0.000000000000000000, 0.1689999999999999836, 0.000000000000000000 ) ) ;
#4184 = DIRECTION ( 'NONE',  ( -1.000000000000000000, 0.000000000000000000, 0.000000000000000000 ) ) ;
#4185 = VECTOR ( 'NONE', #3780, 39.37007874015748143 ) ;
#4186 =( GEOMETRIC_REPRESENTATION_CONTEXT ( 3 ) GLOBAL_UNCERTAINTY_ASSIGNED_CONTEXT ( ( #9689 ) ) GLOBAL_UNIT_ASSIGNED_CONTEXT ( ( #2347, #6102, #7703 ) ) REPRESENTATION_CONTEXT ( 'NONE', 'WORKASPACE' ) );
#4187 = AXIS2_PLACEMENT_3D ( 'NONE', #4104, #5588, #3272 ) ;
#4188 = ORIENTED_EDGE ( 'NONE', *, *, #7059, .T. ) ;
#4189 = LINE ( 'NONE', #3460, #5061 ) ;
#4190 = EDGE_LOOP ( 'NONE', ( #1769, #3140, #7160, #2793, #3888, #5922, #968, #5011, #9462, #6247 ) ) ;
#4191 =( NAMED_UNIT ( * ) SI_UNIT ( $, .STERADIAN. ) SOLID_ANGLE_UNIT ( ) );
#4192 = DIRECTION ( 'NONE',  ( 0.1736481776669025201, 0.000000000000000000, -0.9848077530122130163 ) ) ;
#4193 = AXIS2_PLACEMENT_3D ( 'NONE', #8374, #9901, #7550 ) ;
#4194 = FACE_OUTER_BOUND ( 'NONE', #8840, .T. ) ;
#4195 = CARTESIAN_POINT ( 'NONE',  ( 0.2313726751586999697, 0.1674787285195999675, 0.03665110663364000432 ) ) ;
#4196 = PLANE ( 'NONE',  #3671 ) ;
#4197 = EDGE_LOOP ( 'NONE', ( #1881, #7801, #1982, #2830, #6487, #6455, #6103, #7050 ) ) ;
#4198 = B_SPLINE_CURVE_WITH_KNOTS ( 'NONE', 3,
 ( #6493, #4132, #217, #9808, #6786, #7554 ),
 .UNSPECIFIED., .F., .F.,
 ( 4, 2, 4 ),
 ( 0.000000000000000000, 0.5000000000000000000, 1.000000000000000000 ),
 .UNSPECIFIED. ) ;
#4199 =( LENGTH_UNIT ( ) NAMED_UNIT ( * ) SI_UNIT ( $, .METRE. ) );
#4200 = CARTESIAN_POINT ( 'NONE',  ( -0.2245361608672000187, 0.1849999999999999978, 0.03959178340437000121 ) ) ;
#4201 = DIRECTION ( 'NONE',  ( 0.8573117576618752844, -7.807916900810700960E-13, -0.5147975817490851869 ) ) ;
#4202 = SURFACE_SIDE_STYLE ('',( #3434 ) ) ;
#4203 = DIRECTION ( 'NONE',  ( -0.9832549075639646086, 0.000000000000000000, 0.1822355254920934309 ) ) ;
#4205 = CARTESIAN_POINT ( 'NONE',  ( -0.08550503583142009256, -0.09099999999999999756, 0.2349231551965000053 ) ) ;
#4204 = CARTESIAN_POINT ( 'NONE',  ( 0.04199999999999999567, 0.1740000000000000158, 0.2290000000000000091 ) ) ;
#4206 = VECTOR ( 'NONE', #8459, 39.37007874015748143 ) ;
#4207 = DIRECTION ( 'NONE',  ( 0.6819983600623278353, 0.000000000000000000, -0.7313537016193296658 ) ) ;
#4208 = EDGE_LOOP ( 'NONE', ( #6638, #7099, #8969, #8397 ) ) ;
#4209 = DIMENSIONAL_EXPONENTS ( 1.000000000000000000, 0.000000000000000000, 0.000000000000000000, 0.000000000000000000, 0.000000000000000000, 0.000000000000000000, 0.000000000000000000 ) ;
#4210 = CARTESIAN_POINT ( 'NONE',  ( 0.2188819952931000401, 0.1351824889147372477, 0.1201197426910132482 ) ) ;
#4211 = CARTESIAN_POINT ( 'NONE',  ( 0.02200000000000000219, 0.4210000000000000409, 0.2190000000000000002 ) ) ;
#4212 = ORIENTED_EDGE ( 'NONE', *, *, #7164, .F. ) ;
#4213 = AXIS2_PLACEMENT_3D ( 'NONE', #3968, #6329, #2421 ) ;
#4214 = PRESENTATION_LAYER_ASSIGNMENT (  '', '', ( #1246 ) ) ;
#4215 = PRESENTATION_STYLE_ASSIGNMENT (( #1167 ) ) ;
#4216 = EDGE_CURVE ( 'NONE', #3544, #9565, #3831, .T. ) ;
#4217 = DIRECTION ( 'NONE',  ( 1.000000000000000000, 0.000000000000000000, 0.000000000000000000 ) ) ;
#4218 = CARTESIAN_POINT ( 'NONE',  ( 0.2043819952930999995, 0.1890000000000000291, 0.1180000000000000077 ) ) ;
#4219 = CARTESIAN_POINT ( 'NONE',  ( -0.2265057831927999865, 0.1689999999999999836, 0.03993908086339000713 ) ) ;
#4220 = EDGE_CURVE ( 'NONE', #2116, #10174, #1418, .T. ) ;
#4221 = ORIENTED_EDGE ( 'NONE', *, *, #3022, .T. ) ;
#4222 = SURFACE_STYLE_FILL_AREA ( #2680 ) ;
#4223 = PRESENTATION_LAYER_ASSIGNMENT (  '', '', ( #4384 ) ) ;
#4224 = AXIS2_PLACEMENT_3D ( 'NONE', #5154, #2024, #8453 ) ;
#4225 = VERTEX_POINT ( 'NONE', #7746 ) ;
#4226 = EDGE_CURVE ( 'NONE', #8844, #855, #7611, .T. ) ;
#4227 = ORIENTED_EDGE ( 'NONE', *, *, #1027, .T. ) ;
#4228 = CARTESIAN_POINT ( 'NONE',  ( 0.1997824808216329684, 0.1269958535565610946, -0.1317698645203775609 ) ) ;
#4229 = VECTOR ( 'NONE', #8402, 39.37007874015748143 ) ;
#4230 = VECTOR ( 'NONE', #7104, 39.37007874015748143 ) ;
#4231 = CARTESIAN_POINT ( 'NONE',  ( 0.000000000000000000, 0.1740000000000000158, 0.000000000000000000 ) ) ;
#4232 = CIRCLE ( 'NONE', #2902, 0.02000000000000000042 ) ;
#4233 = EDGE_CURVE ( 'NONE', #9461, #2378, #4966, .T. ) ;
#4234 = FACE_OUTER_BOUND ( 'NONE', #7997, .T. ) ;
#4235 = EDGE_CURVE ( 'NONE', #1533, #3533, #5788, .T. ) ;
#4236 = ORIENTED_EDGE ( 'NONE', *, *, #3697, .F. ) ;
#4237 = ORIENTED_EDGE ( 'NONE', *, *, #6426, .F. ) ;
#4238 = VECTOR ( 'NONE', #4818, 39.37007874015748854 ) ;
#4239 = AXIS2_PLACEMENT_3D ( 'NONE', #1312, #9996, #2945 ) ;
#4240 = AXIS2_PLACEMENT_3D ( 'NONE', #7897, #3365, #895 ) ;
#4241 = DIRECTION ( 'NONE',  ( 0.000000000000000000, 0.000000000000000000, 1.000000000000000000 ) ) ;
#4242 = LENGTH_MEASURE_WITH_UNIT ( LENGTH_MEASURE( 0.02539999999999999897 ), #5108 );
#4243 = AXIS2_PLACEMENT_3D ( 'NONE', #8292, #9973, #9050 ) ;
#4244 =( CONVERSION_BASED_UNIT ( 'INCH', #1199 ) LENGTH_UNIT ( ) NAMED_UNIT ( #8866 ) );
#4245 = UNCERTAINTY_MEASURE_WITH_UNIT (LENGTH_MEASURE( 1.000000000000000082E-05 ), #6400, 'distance_accuracy_value', 'NONE');
#4246 = CARTESIAN_POINT ( 'NONE',  ( 0.1532309089204000052, 0.1799999998516000066, -0.1701801650940999999 ) ) ;
#4247 = AXIS2_PLACEMENT_3D ( 'NONE', #7266, #2523, #3190 ) ;
#4248 = CARTESIAN_POINT ( 'NONE',  ( 0.2022273737319000009, 0.09299999999999999933, 0.09863614607992993166 ) ) ;
#4249 = FACE_OUTER_BOUND ( 'NONE', #5734, .T. ) ;
#4250 = VERTEX_POINT ( 'NONE', #8004 ) ;
#4251 =( CONVERSION_BASED_UNIT ( 'INCH', #9646 ) LENGTH_UNIT ( ) NAMED_UNIT ( #1988 ) );
#4252 = CARTESIAN_POINT ( 'NONE',  ( 0.2072306584906999927, 0.09299999999999999933, -0.1054283463545000049 ) ) ;
#4253 = DIRECTION ( 'NONE',  ( 0.000000000000000000, 1.000000000000000000, 0.000000000000000000 ) ) ;
#4254 = CARTESIAN_POINT ( 'NONE',  ( 0.01112297711786000044, 0.1290000000000000036, -0.05399999999999999939 ) ) ;
#4255 = CARTESIAN_POINT ( 'NONE',  ( 0.06480740657467991273, -0.2880000001265000109, -0.09499999996562991100 ) ) ;
#4257 = CARTESIAN_POINT ( 'NONE',  ( 0.2188819952931000123, 0.1890000000000000291, 0.1180000000000000077 ) ) ;
#4256 = DIRECTION ( 'NONE',  ( 0.000000000000000000, 0.000000000000000000, 1.000000000000000000 ) ) ;
#4258 = DIRECTION ( 'NONE',  ( 0.000000000000000000, 1.000000000000000000, 0.000000000000000000 ) ) ;
#4259 = VERTEX_POINT ( 'NONE', #1623 ) ;
#4260 = DIRECTION ( 'NONE',  ( -0.3407781525734079331, 0.8660254037844198338, 0.3658828374339083145 ) ) ;
#4261 = VERTEX_POINT ( 'NONE', #2444 ) ;
#4262 = CARTESIAN_POINT ( 'NONE',  ( 0.2022273737319000009, 0.09299999999999999933, -0.09863614607993996530 ) ) ;
#4263 = DIRECTION ( 'NONE',  ( 0.000000000000000000, -1.000000000000000000, 0.000000000000000000 ) ) ;
#4264 = CARTESIAN_POINT ( 'NONE',  ( 0.1933259310658426711, 0.1114197822867040166, 0.1151093483019782343 ) ) ;
#4265 = DIRECTION ( 'NONE',  ( -0.01364846422585025594, 0.9993360567820187557, 0.03378113437470064290 ) ) ;
#4266 = CARTESIAN_POINT ( 'NONE',  ( 0.2168267144436475669, 0.1318834208326608581, -0.1374715905011424932 ) ) ;
#4267 = ORIENTED_EDGE ( 'NONE', *, *, #1902, .F. ) ;
#4268 = FACE_OUTER_BOUND ( 'NONE', #7095, .T. ) ;
#4269 = ADVANCED_FACE ( 'NONE', ( #8762 ), #5727, .T. ) ;
#4270 = ORIENTED_EDGE ( 'NONE', *, *, #5535, .F. ) ;
#4271 = MECHANICAL_DESIGN_GEOMETRIC_PRESENTATION_REPRESENTATION (  '', ( #6380 ), #9520 ) ;
#4272 = VECTOR ( 'NONE', #5814, 39.37007874015748143 ) ;
#4273 = UNCERTAINTY_MEASURE_WITH_UNIT (LENGTH_MEASURE( 1.000000000000000082E-05 ), #4244, 'distance_accuracy_value', 'NONE');
#4274 = EDGE_CURVE ( 'NONE', #8007, #5113, #8189, .T. ) ;
#4275 = VERTEX_POINT ( 'NONE', #3213 ) ;
#4276 = CARTESIAN_POINT ( 'NONE',  ( 0.2297954249460831544, 0.1289659904091155218, 0.01310696726277758677 ) ) ;
#4277 = CARTESIAN_POINT ( 'NONE',  ( 0.2019719905782999814, 0.1246118225996999951, -0.09915803054632991997 ) ) ;
#4278 = DIRECTION ( 'NONE',  ( 0.000000000000000000, 1.000000000000000000, 0.000000000000000000 ) ) ;
#4279 = DIRECTION ( 'NONE',  ( 0.4806308479691856483, 0.2756373558169941673, 0.8324770483674834853 ) ) ;
#4280 = CIRCLE ( 'NONE', #821, 0.01149999999999999460 ) ;
#4281 = ADVANCED_FACE ( 'NONE', ( #4145, #4194 ), #4863, .T. ) ;
#4282 = VERTEX_POINT ( 'NONE', #6454 ) ;
#4283 = EDGE_LOOP ( 'NONE', ( #1600, #4434 ) ) ;
#4284 = CARTESIAN_POINT ( 'NONE',  ( 0.04152578637599999706, 0.1888567763947999745, -0.2349999999951000174 ) ) ;
#4285 = EDGE_LOOP ( 'NONE', ( #4424, #1857, #3775, #9160 ) ) ;
#4286 = EDGE_CURVE ( 'NONE', #1031, #5254, #3990, .T. ) ;
#4287 = VECTOR ( 'NONE', #6619, 39.37007874015748143 ) ;
#4288 = EDGE_CURVE ( 'NONE', #3193, #1758, #720, .T. ) ;
#4289 = DIRECTION ( 'NONE',  ( -1.000000000000000000, 0.000000000000000000, 0.000000000000000000 ) ) ;
#4290 = VECTOR ( 'NONE', #6061, 39.37007874015748143 ) ;
#4291 = DIRECTION ( 'NONE',  ( 1.000000000000000000, 0.000000000000000000, 0.000000000000000000 ) ) ;
#4292 = CARTESIAN_POINT ( 'NONE',  ( 0.1808277240783000284, 0.000000000000000000, 0.1650000000000000078 ) ) ;
#4293 = CARTESIAN_POINT ( 'NONE',  ( 0.2022407749434919910, 0.09383898132819804005, 0.09860867043404629440 ) ) ;
#4294 = ORIENTED_EDGE ( 'NONE', *, *, #1959, .T. ) ;
#4295 = SURFACE_STYLE_FILL_AREA ( #1934 ) ;
#4296 = VERTEX_POINT ( 'NONE', #2606 ) ;
#4297 = AXIS2_PLACEMENT_3D ( 'NONE', #8926, #3627, #7349 ) ;
#4298 = DIRECTION ( 'NONE',  ( 0.3746065934158975264, 0.000000000000000000, 0.9271838545667931974 ) ) ;
#4299 = LINE ( 'NONE', #2752, #1068 ) ;
#4300 = LINE ( 'NONE', #3478, #5167 ) ;
#4301 = CARTESIAN_POINT ( 'NONE',  ( 0.000000000000000000, 0.09299999999999999933, 0.000000000000000000 ) ) ;
#4302 = AXIS2_PLACEMENT_3D ( 'NONE', #10035, #3819, #10090 ) ;
#4304 = DIRECTION ( 'NONE',  ( 0.000000000000000000, -1.000000000000000000, 0.000000000000000000 ) ) ;
#4303 = CARTESIAN_POINT ( 'NONE',  ( 0.2047651328491999767, 0.1143371685741000066, 0.1182212045712000004 ) ) ;
#4305 = CARTESIAN_POINT ( 'NONE',  ( 0.2539470408647999666, 0.1689999999999999836, 0.03235589164582999833 ) ) ;
#4306 = ORIENTED_EDGE ( 'NONE', *, *, #2203, .F. ) ;
#4307 = SURFACE_STYLE_USAGE ( .BOTH. , #6732 ) ;
#4308 = ORIENTED_EDGE ( 'NONE', *, *, #6602, .T. ) ;
#4309 =( CONVERSION_BASED_UNIT ( 'INCH', #3536 ) LENGTH_UNIT ( ) NAMED_UNIT ( #9795 ) );
#4310 = CARTESIAN_POINT ( 'NONE',  ( 0.02170253441420999865, 0.1890000000000000291, -0.2350000000000000144 ) ) ;
#4311 = AXIS2_PLACEMENT_3D ( 'NONE', #6016, #1340, #7616 ) ;
#4312 = DIRECTION ( 'NONE',  ( 1.000000000000000000, 0.000000000000000000, 0.000000000000000000 ) ) ;
#4313 = LINE ( 'NONE', #9033, #6614 ) ;
#4314 = DIRECTION ( 'NONE',  ( 0.000000000000000000, 0.000000000000000000, 1.000000000000000000 ) ) ;
#4315 = CARTESIAN_POINT ( 'NONE',  ( 0.03950000000000000039, -0.1260000000000000009, -0.2290000000000000091 ) ) ;
#4316 = EDGE_LOOP ( 'NONE', ( #7105, #5770, #9156, #10139, #3823, #5253 ) ) ;
#4317 = SURFACE_SIDE_STYLE ('',( #9861 ) ) ;
#4318 = CARTESIAN_POINT ( 'NONE',  ( 0.2037466348167000230, 0.05700000000000000205, -0.1549945444230000080 ) ) ;
#4319 = VECTOR ( 'NONE', #4983, 39.37007874015748143 ) ;
#4320 = ORIENTED_EDGE ( 'NONE', *, *, #203, .T. ) ;
#4321 = ORIENTED_EDGE ( 'NONE', *, *, #7438, .F. ) ;
#4322 = CARTESIAN_POINT ( 'NONE',  ( 0.2405835266392344352, 0.1278875667402617489, 0.01376030125003583661 ) ) ;
#4323 = CARTESIAN_POINT ( 'NONE',  ( 0.000000000000000000, -0.08700000000000000788, 0.06950000000000000622 ) ) ;
#4324 = CARTESIAN_POINT ( 'NONE',  ( -0.2455627920447999990, 0.000000000000000000, 0.04551237334830000175 ) ) ;
#4325 = DIRECTION ( 'NONE',  ( 0.6819983600697273607, -1.332267629508054750E-12, 0.7313537016124292967 ) ) ;
#4326 = LINE ( 'NONE', #5828, #8843 ) ;
#4327 = EDGE_CURVE ( 'NONE', #10029, #7624, #6378, .T. ) ;
#4328 = EDGE_LOOP ( 'NONE', ( #8929, #5977, #4009, #1802 ) ) ;
#4329 = ORIENTED_EDGE ( 'NONE', *, *, #3840, .T. ) ;
#4330 = EDGE_LOOP ( 'NONE', ( #278, #3125, #8025, #1807 ) ) ;
#4331 = AXIS2_PLACEMENT_3D ( 'NONE', #3580, #8924, #7293 ) ;
#4332 = EDGE_LOOP ( 'NONE', ( #6429, #4737, #4370, #1899, #4923 ) ) ;
#4333 = CARTESIAN_POINT ( 'NONE',  ( 0.2086901819398000180, 0.09300000109160000417, -0.1183071897952999996 ) ) ;
#4334 = EDGE_CURVE ( 'NONE', #1156, #4592, #2453, .T. ) ;
#4335 = DIRECTION ( 'NONE',  ( 0.7645779670991175170, 0.000000000000000000, 0.6445312500000143219 ) ) ;
#4336 = COLOUR_RGB ( '',0.2509803921568627416, 0.2509803921568627416, 0.2509803921568627416 ) ;
#4337 = CIRCLE ( 'NONE', #7954, 0.1150000011082000090 ) ;
#4338 = AXIS2_PLACEMENT_3D ( 'NONE', #6817, #6909, #2986 ) ;
#4339 =( CONVERSION_BASED_UNIT ( 'INCH', #1057 ) LENGTH_UNIT ( ) NAMED_UNIT ( #3342 ) );
#4340 = CARTESIAN_POINT ( 'NONE',  ( 0.2021196960356952121, 0.09633564187163881631, 0.09886476046816748686 ) ) ;
#4341 = EDGE_CURVE ( 'NONE', #3609, #9007, #6992, .T. ) ;
#4342 = ORIENTED_EDGE ( 'NONE', *, *, #4908, .T. ) ;
#4343 = DIRECTION ( 'NONE',  ( 0.7431448254773762585, 0.000000000000000000, 0.6691306063588782216 ) ) ;
#4344 = ORIENTED_EDGE ( 'NONE', *, *, #7360, .F. ) ;
#4345 = VECTOR ( 'NONE', #3774, 39.37007874015748143 ) ;
#4346 = CIRCLE ( 'NONE', #1224, 0.008499999999999998876 ) ;
#4347 = CARTESIAN_POINT ( 'NONE',  ( 0.05099999999999999672, 0.09299999999999999933, 0.2350000000000000144 ) ) ;
#4349 = ADVANCED_FACE ( 'NONE', ( #5885 ), #8358, .T. ) ;
#4348 =( LENGTH_UNIT ( ) NAMED_UNIT ( * ) SI_UNIT ( $, .METRE. ) );
#4350 = DIRECTION ( 'NONE',  ( 0.000000000000000000, 1.000000000000000000, 0.000000000000000000 ) ) ;
#4351 = DIRECTION ( 'NONE',  ( 0.000000000000000000, 0.000000000000000000, 1.000000000000000000 ) ) ;
#4352 = CARTESIAN_POINT ( 'NONE',  ( 0.01200000000000000025, 0.4210000000000000409, -0.2136000000000000121 ) ) ;
#4353 = DIMENSIONAL_EXPONENTS ( 1.000000000000000000, 0.000000000000000000, 0.000000000000000000, 0.000000000000000000, 0.000000000000000000, 0.000000000000000000, 0.000000000000000000 ) ;
#4354 = CARTESIAN_POINT ( 'NONE',  ( 0.2069275418767000108, 0.09300000877802992727, -0.1205429154689999921 ) ) ;
#4355 = LINE ( 'NONE', #4305, #5379 ) ;
#4356 = EDGE_CURVE ( 'NONE', #7198, #5342, #6127, .T. ) ;
#4357 = ORIENTED_EDGE ( 'NONE', *, *, #9913, .F. ) ;
#4358 = EDGE_CURVE ( 'NONE', #1175, #927, #2743, .T. ) ;
#4359 = CARTESIAN_POINT ( 'NONE',  ( 0.1911340067463000170, 0.1143371685741000066, -0.1035858910738000072 ) ) ;
#4360 = CIRCLE ( 'NONE', #1079, 0.005000000000000014849 ) ;
#4361 = SURFACE_STYLE_FILL_AREA ( #9758 ) ;
#4362 = CARTESIAN_POINT ( 'NONE',  ( 0.000000000000000000, -0.09099999999999999756, 0.000000000000000000 ) ) ;
#4363 = CARTESIAN_POINT ( 'NONE',  ( 0.1904802504848845668, 0.09849596452787455492, 0.1197592370757476210 ) ) ;
#4364 = CARTESIAN_POINT ( 'NONE',  ( 0.2248686604163000202, 0.07744896146032007045, -0.09676156748322006784 ) ) ;
#4365 = CARTESIAN_POINT ( 'NONE',  ( 0.09170111233392992667, -0.007000000000000001013, 0.2269682175813000080 ) ) ;
#4366 = VERTEX_POINT ( 'NONE', #6608 ) ;
#4367 = LINE ( 'NONE', #2113, #8378 ) ;
#4368 = FILL_AREA_STYLE_COLOUR ( '', #7280 ) ;
#4369 = VECTOR ( 'NONE', #9605, 39.37007874015748143 ) ;
#4370 = ORIENTED_EDGE ( 'NONE', *, *, #7258, .T. ) ;
#4371 = ORIENTED_EDGE ( 'NONE', *, *, #3264, .T. ) ;
#4372 = FILL_AREA_STYLE ('',( #1234 ) ) ;
#4373 = DIRECTION ( 'NONE',  ( 0.000000000000000000, -1.000000000000000000, 0.000000000000000000 ) ) ;
#4374 = DIRECTION ( 'NONE',  ( 0.000000000000000000, -1.000000000000000000, 0.000000000000000000 ) ) ;
#4375 = AXIS2_PLACEMENT_3D ( 'NONE', #4812, #6981, #2451 ) ;
#4376 = AXIS2_PLACEMENT_3D ( 'NONE', #516, #3660, #9931 ) ;
#4377 = SURFACE_STYLE_USAGE ( .BOTH. , #607 ) ;
#4378 = CARTESIAN_POINT ( 'NONE',  ( 0.2550448946514998205, 0.1674787285196001618, 0.03963980354810999612 ) ) ;
#4379 = CARTESIAN_POINT ( 'NONE',  ( -0.01694845125667999997, -0.1110000000000000014, -0.09500000000000001499 ) ) ;
#4380 = ORIENTED_EDGE ( 'NONE', *, *, #9678, .F. ) ;
#4381 = ORIENTED_EDGE ( 'NONE', *, *, #7360, .T. ) ;
#4382 = DIRECTION ( 'NONE',  ( 0.000000000000000000, 1.000000000000000000, 0.000000000000000000 ) ) ;
#4383 = EDGE_LOOP ( 'NONE', ( #5145, #5198, #7147, #6370 ) ) ;
#4384 = STYLED_ITEM ( 'NONE', ( #1975 ), #5903 ) ;
#4385 = AXIS2_PLACEMENT_3D ( 'NONE', #2531, #9624, #7219 ) ;
#4386 = VERTEX_POINT ( 'NONE', #1153 ) ;
#4387 = FILL_AREA_STYLE ('',( #1247 ) ) ;
#4388 = FACE_OUTER_BOUND ( 'NONE', #8807, .T. ) ;
#4389 = FACE_OUTER_BOUND ( 'NONE', #9010, .T. ) ;
#4390 = CARTESIAN_POINT ( 'NONE',  ( 0.2435962447044000001, 0.09299999999999999933, -0.02417716611268000415 ) ) ;
#4391 = CARTESIAN_POINT ( 'NONE',  ( 0.2017714583536527884, 0.09908501565412168588, 0.09956608907303848843 ) ) ;
#4392 = COLOUR_RGB ( '',0.2509803921568627416, 0.2509803921568627416, 0.2509803921568627416 ) ;
#4393 = VERTEX_POINT ( 'NONE', #9739 ) ;
#4394 = CARTESIAN_POINT ( 'NONE',  ( 0.04199999999999999567, 0.1740000000000000158, 0.2290000000000000091 ) ) ;
#4395 = ORIENTED_EDGE ( 'NONE', *, *, #5409, .T. ) ;
#4396 = CIRCLE ( 'NONE', #8498, 0.2560000000000000053 ) ;
#4397 = EDGE_CURVE ( 'NONE', #8019, #8108, #8209, .T. ) ;
#4398 = CIRCLE ( 'NONE', #1281, 0.06249999999999998612 ) ;
#4399 = CARTESIAN_POINT ( 'NONE',  ( 0.2486527982401358083, 0.1829886275590812128, 0.02862289612660879820 ) ) ;
#4400 = ADVANCED_FACE ( 'NONE', ( #7481 ), #9887, .F. ) ;
#4401 = PLANE ( 'NONE',  #7315 ) ;
#4402 = CARTESIAN_POINT ( 'NONE',  ( -0.2406940249214999938, -0.007000000000000001013, 0.04461000069966999937 ) ) ;
#4403 = DIRECTION ( 'NONE',  ( 1.000000000000000000, 0.000000000000000000, 0.000000000000000000 ) ) ;
#4404 = VECTOR ( 'NONE', #575, 39.37007874015748143 ) ;
#4405 = LINE ( 'NONE', #2712, #4956 ) ;
#4406 = CARTESIAN_POINT ( 'NONE',  ( 0.2280262033266909072, 0.1289567255315306749, 0.1165055535535620829 ) ) ;
#4407 = EDGE_LOOP ( 'NONE', ( #987, #5319, #6980 ) ) ;
#4408 = AXIS2_PLACEMENT_3D ( 'NONE', #1378, #1174, #489 ) ;
#4409 = VERTEX_POINT ( 'NONE', #7838 ) ;
#4410 = EDGE_CURVE ( 'NONE', #4672, #4581, #3719, .T. ) ;
#4411 = STYLED_ITEM ( 'NONE', ( #1922 ), #4641 ) ;
#4412 = DIRECTION ( 'NONE',  ( 0.000000000000000000, -1.000000000000000000, 0.000000000000000000 ) ) ;
#4413 = EDGE_CURVE ( 'NONE', #3753, #6657, #7039, .T. ) ;
#4414 = DIRECTION ( 'NONE',  ( 0.000000000000000000, 1.000000000000000000, 0.000000000000000000 ) ) ;
#4415 = EDGE_CURVE ( 'NONE', #8540, #1334, #2289, .T. ) ;
#4416 = CARTESIAN_POINT ( 'NONE',  ( 0.2043819952930999995, 0.05700000000000000205, 0.1180000000000000077 ) ) ;
#4417 = CARTESIAN_POINT ( 'NONE',  ( 0.1942905059938447032, 0.1140093519289244323, 0.1134733417972165898 ) ) ;
#4419 = CARTESIAN_POINT ( 'NONE',  ( 0.03200000000000000067, 0.4210000000000000409, -0.2136000000000000121 ) ) ;
#4418 = CARTESIAN_POINT ( 'NONE',  ( 0.2230491192368999898, 0.09299999999997993205, -0.1008600823071000158 ) ) ;
#4420 = DIRECTION ( 'NONE',  ( 0.7368771531423670140, 0.000000000000000000, 0.6760266719418699388 ) ) ;
#4421 = EDGE_LOOP ( 'NONE', ( #8369, #4580, #2239, #1896 ) ) ;
#4422 = CARTESIAN_POINT ( 'NONE',  ( 0.2188818820482000271, 0.1342284427746000264, 0.1179999486742999981 ) ) ;
#4423 = VERTEX_POINT ( 'NONE', #1506 ) ;
#4424 = ORIENTED_EDGE ( 'NONE', *, *, #6934, .F. ) ;
#4425 = CARTESIAN_POINT ( 'NONE',  ( 0.2341180544203640135, 0.1266390015973713479, 0.01438013959792494578 ) ) ;
#4426 = DIRECTION ( 'NONE',  ( 0.000000000000000000, -1.000000000000000000, 0.000000000000000000 ) ) ;
#4427 =( CONVERSION_BASED_UNIT ( 'INCH', #9642 ) LENGTH_UNIT ( ) NAMED_UNIT ( #984 ) );
#4428 =( CONVERSION_BASED_UNIT ( 'INCH', #5053 ) LENGTH_UNIT ( ) NAMED_UNIT ( #1195 ) );
#4429 = ORIENTED_EDGE ( 'NONE', *, *, #5853, .T. ) ;
#4430 = ORIENTED_EDGE ( 'NONE', *, *, #800, .T. ) ;
#4431 = COLOUR_RGB ( '',0.2509803921568627416, 0.2509803921568627416, 0.2509803921568627416 ) ;
#4432 = CARTESIAN_POINT ( 'NONE',  ( 0.1505543864307000157, 0.1890000000000000291, 0.1672075857323999937 ) ) ;
#4433 = ORIENTED_EDGE ( 'NONE', *, *, #2466, .F. ) ;
#4434 = ORIENTED_EDGE ( 'NONE', *, *, #1959, .F. ) ;
#4435 = DIRECTION ( 'NONE',  ( 0.000000000000000000, -1.000000000000000000, 0.000000000000000000 ) ) ;
#4436 = CARTESIAN_POINT ( 'NONE',  ( 0.09589928791446004908, 0.000000000000000000, 0.2373590667691000133 ) ) ;
#4437 =( GEOMETRIC_REPRESENTATION_CONTEXT ( 3 ) GLOBAL_UNCERTAINTY_ASSIGNED_CONTEXT ( ( #265 ) ) GLOBAL_UNIT_ASSIGNED_CONTEXT ( ( #8747, #9412, #5129 ) ) REPRESENTATION_CONTEXT ( 'NONE', 'WORKASPACE' ) );
#4438 = LINE ( 'NONE', #2287, #4229 ) ;
#4439 = CARTESIAN_POINT ( 'NONE',  ( 0.2247281087121999754, 0.1127114890852000118, -0.01105895710057000145 ) ) ;
#4440 = CARTESIAN_POINT ( 'NONE',  ( 0.2004581258485833850, 0.1041359606157252760, 0.1021855145422426864 ) ) ;
#4441 = ORIENTED_EDGE ( 'NONE', *, *, #4327, .T. ) ;
#4442 = ORIENTED_EDGE ( 'NONE', *, *, #8127, .F. ) ;
#4443 = AXIS2_PLACEMENT_3D ( 'NONE', #271, #3541, #6688 ) ;
#4444 = DIRECTION ( 'NONE',  ( 0.000000000000000000, -1.000000000000000000, 0.000000000000000000 ) ) ;
#4445 = DIRECTION ( 'NONE',  ( 0.000000000000000000, -1.000000000000000000, 0.000000000000000000 ) ) ;
#4446 = CARTESIAN_POINT ( 'NONE',  ( 0.002000000000000000042, 0.1740000000000000158, 0.2190000000000000002 ) ) ;
#4447 = CARTESIAN_POINT ( 'NONE',  ( 0.08124038382037007677, -0.2780000001801000153, -0.09499999998112007571 ) ) ;
#4448 = SURFACE_SIDE_STYLE ('',( #9947 ) ) ;
#4449 = DIRECTION ( 'NONE',  ( -0.1112617471649023082, 0.1927109990286050012, -0.9749273277897232415 ) ) ;
#4450 = AXIS2_PLACEMENT_3D ( 'NONE', #5787, #7284, #1103 ) ;
#4451 = B_SPLINE_CURVE_WITH_KNOTS ( 'NONE', 3,
 ( #5462, #8701, #5416, #9470, #1558, #3930 ),
 .UNSPECIFIED., .F., .F.,
 ( 4, 2, 4 ),
 ( 0.000000000000000000, 0.5000000000000000000, 1.000000000000000000 ),
 .UNSPECIFIED. ) ;
#4452 = ORIENTED_EDGE ( 'NONE', *, *, #5799, .T. ) ;
#4453 = ORIENTED_EDGE ( 'NONE', *, *, #6685, .F. ) ;
#4454 = EDGE_CURVE ( 'NONE', #7184, #9078, #4638, .T. ) ;
#4455 = DIRECTION ( 'NONE',  ( 0.000000000000000000, 1.000000000000000000, 0.000000000000000000 ) ) ;
#4456 = DIRECTION ( 'NONE',  ( 0.000000000000000000, -1.000000000000000000, 0.000000000000000000 ) ) ;
#4458 = EDGE_CURVE ( 'NONE', #4839, #3866, #605, .T. ) ;
#4457 = CARTESIAN_POINT ( 'NONE',  ( 0.1905470082298662271, 0.09993879181852358129, 0.1196529899470478581 ) ) ;
#4459 = EDGE_CURVE ( 'NONE', #4061, #4839, #9818, .T. ) ;
#4460 = CARTESIAN_POINT ( 'NONE',  ( 0.2257378805858000215, 0.06967483934667008383, 0.09468936088066003121 ) ) ;
#4461 = DIRECTION ( 'NONE',  ( 0.000000000000000000, 1.000000000000000000, 0.000000000000000000 ) ) ;
#4462 = VERTEX_POINT ( 'NONE', #6087 ) ;
#4463 = DIRECTION ( 'NONE',  ( 0.000000000000000000, 1.000000000000000000, 0.000000000000000000 ) ) ;
#4464 = DIRECTION ( 'NONE',  ( 0.6691306063587181274, 0.000000000000000000, -0.7431448254775201434 ) ) ;
#4465 = ADVANCED_FACE ( 'NONE', ( #5366 ), #2937, .F. ) ;
#4466 = EDGE_CURVE ( 'NONE', #5959, #1973, #7733, .T. ) ;
#4467 = ORIENTED_EDGE ( 'NONE', *, *, #10104, .T. ) ;
#4468 = CIRCLE ( 'NONE', #515, 0.01149999999999998246 ) ;
#4469 = ORIENTED_EDGE ( 'NONE', *, *, #9356, .T. ) ;
#4470 = CARTESIAN_POINT ( 'NONE',  ( 0.2349621031443666630, 0.1264239668663381111, 0.01447388359076956683 ) ) ;
#4471 = PRESENTATION_STYLE_ASSIGNMENT (( #7566 ) ) ;
#4472 = DIRECTION ( 'NONE',  ( 0.000000000000000000, 0.000000000000000000, 1.000000000000000000 ) ) ;
#4473 = STYLED_ITEM ( 'NONE', ( #5766 ), #202 ) ;
#4474 = CIRCLE ( 'NONE', #37, 0.02000000000000000389 ) ;
#4475 = PLANE ( 'NONE',  #6718 ) ;
#4476 = ADVANCED_FACE ( 'NONE', ( #9219 ), #776, .F. ) ;
#4477 = EDGE_LOOP ( 'NONE', ( #8446, #8463, #10137, #9449 ) ) ;
#4478 = VERTEX_POINT ( 'NONE', #6235 ) ;
#4479 = DIRECTION ( 'NONE',  ( 1.000000000000000000, -7.069579605225761608E-13, 3.534789802612880804E-13 ) ) ;
#4480 = ADVANCED_FACE ( 'NONE', ( #5463 ), #9, .T. ) ;
#4481 = ORIENTED_EDGE ( 'NONE', *, *, #8794, .T. ) ;
#4482 = ORIENTED_EDGE ( 'NONE', *, *, #1915, .T. ) ;
#4483 = CARTESIAN_POINT ( 'NONE',  ( 0.2072738112829999868, 0.09300000877802992727, -0.1202204049915999995 ) ) ;
#4484 = SURFACE_STYLE_FILL_AREA ( #6765 ) ;
#4485 = CARTESIAN_POINT ( 'NONE',  ( -0.2261486287397000139, 0.1689999999999999836, -0.04191417086318999924 ) ) ;
#4486 = DIRECTION ( 'NONE',  ( 0.3746065934195988434, 3.885780586336988869E-12, -0.9271838545652977270 ) ) ;
#4487 = DIRECTION ( 'NONE',  ( -0.6156440419723416824, 0.000000000000000000, 0.7880243737245425928 ) ) ;
#4488 = CARTESIAN_POINT ( 'NONE',  ( -0.006000000000000000125, 0.1890000000000000291, 0.2350000000000000144 ) ) ;
#4489 = AXIS2_PLACEMENT_3D ( 'NONE', #2210, #1582, #7812 ) ;
#4490 = VECTOR ( 'NONE', #3048, 39.37007874015748854 ) ;
#4491 = CARTESIAN_POINT ( 'NONE',  ( 0.05099999999999999672, 0.1890000000000000291, 0.2304232461115000297 ) ) ;
#4492 = ORIENTED_EDGE ( 'NONE', *, *, #9788, .T. ) ;
#4493 = FILL_AREA_STYLE_COLOUR ( '', #8286 ) ;
#4494 = ORIENTED_EDGE ( 'NONE', *, *, #8364, .T. ) ;
#4495 = PRESENTATION_LAYER_ASSIGNMENT (  '', '', ( #5000 ) ) ;
#4496 = AXIS2_PLACEMENT_3D ( 'NONE', #8058, #7085, #21 ) ;
#4497 = CARTESIAN_POINT ( 'NONE',  ( 0.2472752669415669569, 0.1843653988329003734, 0.02759540745037199899 ) ) ;
#4498 = CIRCLE ( 'NONE', #3344, 0.2359999999999999876 ) ;
#4499 = LINE ( 'NONE', #3674, #2427 ) ;
#4500 = DIRECTION ( 'NONE',  ( -0.9169900157465729063, 0.000000000000000000, -0.3989101540711892935 ) ) ;
#4501 = DIRECTION ( 'NONE',  ( -1.397103092072999899E-12, 1.000000000000000000, -2.189816758735000253E-13 ) ) ;
#4502 = CARTESIAN_POINT ( 'NONE',  ( 0.000000000000000000, -0.2249999999999999778, 0.000000000000000000 ) ) ;
#4503 = ORIENTED_EDGE ( 'NONE', *, *, #8812, .T. ) ;
#4504 = DIRECTION ( 'NONE',  ( 0.01364846422587023302, -0.9993360567820176454, 0.03378113437472058528 ) ) ;
#4505 = TOROIDAL_SURFACE ( 'NONE', #6813, 0.06400000000000000133, 0.005000000000000000104 ) ;
#4506 =( GEOMETRIC_REPRESENTATION_CONTEXT ( 3 ) GLOBAL_UNCERTAINTY_ASSIGNED_CONTEXT ( ( #1708 ) ) GLOBAL_UNIT_ASSIGNED_CONTEXT ( ( #7893, #5573, #8704 ) ) REPRESENTATION_CONTEXT ( 'NONE', 'WORKASPACE' ) );
#4507 = VERTEX_POINT ( 'NONE', #4491 ) ;
#4508 =( GEOMETRIC_REPRESENTATION_CONTEXT ( 3 ) GLOBAL_UNCERTAINTY_ASSIGNED_CONTEXT ( ( #9311 ) ) GLOBAL_UNIT_ASSIGNED_CONTEXT ( ( #6205, #4510, #6885 ) ) REPRESENTATION_CONTEXT ( 'NONE', 'WORKASPACE' ) );
#4509 = PLANE ( 'NONE',  #9452 ) ;
#4510 =( NAMED_UNIT ( * ) PLANE_ANGLE_UNIT ( ) SI_UNIT ( $, .RADIAN. ) );
#4511 = DIRECTION ( 'NONE',  ( 0.000000000000000000, 0.000000000000000000, 1.000000000000000000 ) ) ;
#4512 =( NAMED_UNIT ( * ) PLANE_ANGLE_UNIT ( ) SI_UNIT ( $, .RADIAN. ) );
#4513 = CARTESIAN_POINT ( 'NONE',  ( -0.006000000000000000125, 0.1689999999999999836, 0.2559296778414000273 ) ) ;
#4514 = EDGE_LOOP ( 'NONE', ( #8753, #8980, #9926, #4308 ) ) ;
#4515 = CARTESIAN_POINT ( 'NONE',  ( 0.2494970411644000241, 0.1806233514719000066, -0.1157480310545000862 ) ) ;
#4516 = AXIS2_PLACEMENT_3D ( 'NONE', #2766, #3635, #7600 ) ;
#4517 = ORIENTED_EDGE ( 'NONE', *, *, #4410, .F. ) ;
#4518 = EDGE_CURVE ( 'NONE', #1306, #6089, #3303, .T. ) ;
#4519 = VECTOR ( 'NONE', #2567, 39.37007874015748143 ) ;
#4520 = ORIENTED_EDGE ( 'NONE', *, *, #3834, .T. ) ;
#4521 = CARTESIAN_POINT ( 'NONE',  ( 0.02200000000000000219, 0.4210000000000000409, 0.2290000000000000091 ) ) ;
#4522 = CARTESIAN_POINT ( 'NONE',  ( 0.000000000000000000, 0.1890000000000000291, 0.000000000000000000 ) ) ;
#4523 = EDGE_CURVE ( 'NONE', #7674, #7597, #7223, .T. ) ;
#4524 = CARTESIAN_POINT ( 'NONE',  ( 0.04124453781399000513, -0.2600000000000000089, 0.03713674865291999999 ) ) ;
#4525 = DIRECTION ( 'NONE',  ( 0.000000000000000000, 1.000000000000000000, 0.000000000000000000 ) ) ;
#4526 = FACE_OUTER_BOUND ( 'NONE', #2829, .T. ) ;
#4527 = CIRCLE ( 'NONE', #5179, 0.06950000000000000622 ) ;
#4528 = CARTESIAN_POINT ( 'NONE',  ( 0.2514784676973000899, 0.1889420395008000186, -0.009997233873577008809 ) ) ;
#4529 = CARTESIAN_POINT ( 'NONE',  ( 0.09170111233392992667, 0.000000000000000000, 0.2269682175813000080 ) ) ;
#4530 = ORIENTED_EDGE ( 'NONE', *, *, #64, .T. ) ;
#4531 = VERTEX_POINT ( 'NONE', #4746 ) ;
#4532 = ORIENTED_EDGE ( 'NONE', *, *, #7493, .F. ) ;
#4533 = VECTOR ( 'NONE', #6615, 39.37007874015748854 ) ;
#4534 = CARTESIAN_POINT ( 'NONE',  ( -0.2265057831927999865, 0.1689999999999999836, 0.03993908086339000713 ) ) ;
#4535 = EDGE_CURVE ( 'NONE', #8121, #9715, #1043, .T. ) ;
#4536 = EDGE_CURVE ( 'NONE', #8518, #3253, #61, .T. ) ;
#4537 = CYLINDRICAL_SURFACE ( 'NONE', #1587, 0.09650000000000000244 ) ;
#4538 = LINE ( 'NONE', #9986, #1321 ) ;
#4539 = CARTESIAN_POINT ( 'NONE',  ( 0.08124038427137007801, -0.2780000003961000110, 0.09500000013517008457 ) ) ;
#4540 = CARTESIAN_POINT ( 'NONE',  ( -0.2455627920447999990, 0.000000000000000000, -0.04551237334830000175 ) ) ;
#4541 = DIRECTION ( 'NONE',  ( 1.000000000000000000, 0.000000000000000000, 7.351399486780000395E-10 ) ) ;
#4542 = VERTEX_POINT ( 'NONE', #4088 ) ;
#4543 = CARTESIAN_POINT ( 'NONE',  ( 0.1953572895078000138, 0.1889999999999000257, 0.1324066776003000045 ) ) ;
#4544 = VERTEX_POINT ( 'NONE', #9523 ) ;
#4545 = AXIS2_PLACEMENT_3D ( 'NONE', #2788, #1400, #9013 ) ;
#4546 = CARTESIAN_POINT ( 'NONE',  ( 0.2539470338983000341, 0.1689999999999999836, 0.03235589550999000419 ) ) ;
#4547 =( LENGTH_UNIT ( ) NAMED_UNIT ( * ) SI_UNIT ( $, .METRE. ) );
#4548 = DIRECTION ( 'NONE',  ( 0.3746066022625981207, 0.000000000000000000, 0.9271838509924941185 ) ) ;
#4549 = DIRECTION ( 'NONE',  ( 0.3746065934159833466, 0.000000000000000000, 0.9271838545667586695 ) ) ;
#4550 = CARTESIAN_POINT ( 'NONE',  ( -0.005999999999999997523, 0.1813156908943896195, -0.2519131564585402328 ) ) ;
#4551 = AXIS2_PLACEMENT_3D ( 'NONE', #8439, #8244, #2063 ) ;
#4552 =( NAMED_UNIT ( * ) SI_UNIT ( $, .STERADIAN. ) SOLID_ANGLE_UNIT ( ) );
#4553 = VECTOR ( 'NONE', #296, 39.37007874015748143 ) ;
#4554 = DIRECTION ( 'NONE',  ( 0.2648868670656079338, 0.7071067745754217038, 0.6556179962491196500 ) ) ;
#4555 = ORIENTED_EDGE ( 'NONE', *, *, #6163, .F. ) ;
#4556 = COLOUR_RGB ( '',0.2509803921568627416, 0.2509803921568627416, 0.2509803921568627416 ) ;
#4557 = AXIS2_PLACEMENT_3D ( 'NONE', #1825, #9097, #9201 ) ;
#4558 =( LENGTH_UNIT ( ) NAMED_UNIT ( * ) SI_UNIT ( $, .METRE. ) );
#4559 = MECHANICAL_DESIGN_GEOMETRIC_PRESENTATION_REPRESENTATION (  '', ( #1113 ), #2756 ) ;
#4560 = DIRECTION ( 'NONE',  ( 1.000000000000000000, 0.000000000000000000, 0.000000000000000000 ) ) ;
#4561 = CARTESIAN_POINT ( 'NONE',  ( 0.2244918899669000323, 0.1246118225996999951, -0.01511262184679999961 ) ) ;
#4562 = CARTESIAN_POINT ( 'NONE',  ( 0.2360000000000000153, 0.000000000000000000, 0.000000000000000000 ) ) ;
#4564 = CARTESIAN_POINT ( 'NONE',  ( 0.2247577441463380898, 0.1035460858499701736, -0.01049497600107800709 ) ) ;
#4563 = SURFACE_SIDE_STYLE ('',( #1427 ) ) ;
#4565 = COLOUR_RGB ( '',0.2509803921568627416, 0.2509803921568627416, 0.2509803921568627416 ) ;
#4566 = CARTESIAN_POINT ( 'NONE',  ( 0.1938026504681999995, -0.0005000000000000000104, -0.1495466431144999997 ) ) ;
#4567 = ORIENTED_EDGE ( 'NONE', *, *, #1027, .F. ) ;
#4568 = CARTESIAN_POINT ( 'NONE',  ( 0.03200000000000000067, 0.4210000000000000409, -0.2235999999999999932 ) ) ;
#4569 = CARTESIAN_POINT ( 'NONE',  ( 0.2325178705083001118, 0.1899449464299998724, 0.09877957803694992212 ) ) ;
#4570 = ORIENTED_EDGE ( 'NONE', *, *, #6366, .T. ) ;
#4571 = ORIENTED_EDGE ( 'NONE', *, *, #8750, .F. ) ;
#4572 = CARTESIAN_POINT ( 'NONE',  ( 0.2009319034384219049, 0.1831998354912505733, 0.1488939841768767980 ) ) ;
#4573 = CARTESIAN_POINT ( 'NONE',  ( -0.04756126883063000604, -0.2650000000000000133, -0.04282435880688000018 ) ) ;
#4574 = LINE ( 'NONE', #7718, #7526 ) ;
#4575 = ADVANCED_FACE ( 'NONE', ( #8752 ), #2589, .F. ) ;
#4576 = CARTESIAN_POINT ( 'NONE',  ( 0.1988719531242000016, 0.09299999999999999933, 0.1427361623973000260 ) ) ;
#4577 = LENGTH_MEASURE_WITH_UNIT ( LENGTH_MEASURE( 0.02539999999999999897 ), #3084 );
#4578 = CARTESIAN_POINT ( 'NONE',  ( 0.2507561737220998510, 0.1899449431641999086, -0.03071331389154999258 ) ) ;
#4579 = DIRECTION ( 'NONE',  ( -0.000000000000000000, 1.000000000000000000, 0.000000000000000000 ) ) ;
#4580 = ORIENTED_EDGE ( 'NONE', *, *, #2651, .T. ) ;
#4581 = VERTEX_POINT ( 'NONE', #1819 ) ;
#4582 = EDGE_CURVE ( 'NONE', #7711, #3503, #7366, .T. ) ;
#4583 = ORIENTED_EDGE ( 'NONE', *, *, #1436, .T. ) ;
#4584 = CARTESIAN_POINT ( 'NONE',  ( -0.07558920028428996185, -0.2816227458191999933, -0.09499999995430000177 ) ) ;
#4585 = DIRECTION ( 'NONE',  ( 0.000000000000000000, -1.000000000000000000, 0.000000000000000000 ) ) ;
#4586 = ADVANCED_FACE ( 'NONE', ( #4800 ), #8854, .F. ) ;
#4587 = EDGE_CURVE ( 'NONE', #7217, #3707, #10039, .T. ) ;
#4588 = LINE ( 'NONE', #5844, #6808 ) ;
#4589 = DIRECTION ( 'NONE',  ( 0.7317656748678063039, 3.171291354520100469E-14, 0.6815563051467311562 ) ) ;
#4590 = CYLINDRICAL_SURFACE ( 'NONE', #4962, 0.03500000000000000333 ) ;
#4591 = DIRECTION ( 'NONE',  ( -0.6819983600624850428, 0.000000000000000000, 0.7313537016191830054 ) ) ;
#4592 = VERTEX_POINT ( 'NONE', #5517 ) ;
#4593 = CARTESIAN_POINT ( 'NONE',  ( 0.2043819952930999995, 0.1689999999999999836, 0.1180000000000000077 ) ) ;
#4594 = EDGE_LOOP ( 'NONE', ( #10028, #1107, #5431, #508 ) ) ;
#4595 = ADVANCED_FACE ( 'NONE', ( #1613 ), #3983, .F. ) ;
#4596 = ADVANCED_FACE ( 'NONE', ( #7170 ), #6396, .F. ) ;
#4597 = COLOUR_RGB ( '',0.2509803921568627416, 0.2509803921568627416, 0.2509803921568627416 ) ;
#4598 = CARTESIAN_POINT ( 'NONE',  ( -0.08071675382486002970, 0.1890000000000000291, 0.2217674585055000036 ) ) ;
#4599 = STYLED_ITEM ( 'NONE', ( #7167 ), #9192 ) ;
#4600 = CARTESIAN_POINT ( 'NONE',  ( 0.2047651328492999800, 0.1890000000000000291, 0.1182212045712000004 ) ) ;
#4601 = CARTESIAN_POINT ( 'NONE',  ( -0.08755715669137008328, 0.000000000000000000, -0.2405613109212000056 ) ) ;
#4602 = DIRECTION ( 'NONE',  ( 0.000000000000000000, 1.000000000000000000, 0.000000000000000000 ) ) ;
#4603 = CARTESIAN_POINT ( 'NONE',  ( 0.1691355932955000141, 0.1849999999999999978, -0.1813757180014999859 ) ) ;
#4604 = DIRECTION ( 'NONE',  ( 0.000000000000000000, 0.000000000000000000, 1.000000000000000000 ) ) ;
#4605 = CARTESIAN_POINT ( 'NONE',  ( 0.2132393488517000113, 0.1246118225996999951, 0.1405643480442000104 ) ) ;
#4606 = ORIENTED_EDGE ( 'NONE', *, *, #9678, .T. ) ;
#4607 = ORIENTED_EDGE ( 'NONE', *, *, #3573, .F. ) ;
#4608 = AXIS2_PLACEMENT_3D ( 'NONE', #2790, #570, #8355 ) ;
#4609 = DIRECTION ( 'NONE',  ( -0.2285714285714090244, 0.000000000000000000, -0.9735271449943373456 ) ) ;
#4610 = CIRCLE ( 'NONE', #2802, 0.2249999999999999223 ) ;
#4611 = FACE_OUTER_BOUND ( 'NONE', #1537, .T. ) ;
#4612 = LINE ( 'NONE', #26, #1850 ) ;
#4613 = PRESENTATION_LAYER_ASSIGNMENT (  '', '', ( #7087 ) ) ;
#4615 = CARTESIAN_POINT ( 'NONE',  ( 0.2247265757882475345, 0.1055548118907486399, -0.01111013949175666989 ) ) ;
#4614 = CARTESIAN_POINT ( 'NONE',  ( 0.1918155630515000210, 0.09182050807568996331, -0.1043176567486999856 ) ) ;
#4616 = CARTESIAN_POINT ( 'NONE',  ( -0.04400000000000000439, 0.1740000000000000158, 0.2290000000000000091 ) ) ;
#4617 = EDGE_LOOP ( 'NONE', ( #4833, #5507, #3657, #8384, #4583, #801, #2424, #7437 ) ) ;
#4618 = LINE ( 'NONE', #1431, #5149 ) ;
#4619 = CARTESIAN_POINT ( 'NONE',  ( 0.01694845125667999997, -0.1110000000000000014, 0.09500000000000001499 ) ) ;
#4620 = ORIENTED_EDGE ( 'NONE', *, *, #5284, .T. ) ;
#4621 = PRESENTATION_LAYER_ASSIGNMENT (  '', '', ( #5434 ) ) ;
#4622 = VERTEX_POINT ( 'NONE', #1189 ) ;
#4623 = CARTESIAN_POINT ( 'NONE',  ( 0.2188818820482000271, 0.1342284427746000264, 0.1179999486742999981 ) ) ;
#4624 = DIRECTION ( 'NONE',  ( -0.1756316192402035681, 0.000000000000000000, 0.9844559585492201892 ) ) ;
#4625 = CONICAL_SURFACE ( 'NONE', #2819, 0.2315000061440000145, 0.7853981633953799335 ) ;
#4626 = PLANE ( 'NONE',  #9663 ) ;
#4627 = ORIENTED_EDGE ( 'NONE', *, *, #5583, .T. ) ;
#4628 = VERTEX_POINT ( 'NONE', #6553 ) ;
#4629 = ORIENTED_EDGE ( 'NONE', *, *, #3958, .F. ) ;
#4630 = CARTESIAN_POINT ( 'NONE',  ( 0.000000000000000000, -0.1260000000000000009, 0.000000000000000000 ) ) ;
#4631 = VECTOR ( 'NONE', #1695, 39.37007874015748143 ) ;
#4632 = CARTESIAN_POINT ( 'NONE',  ( 0.000000000000000000, 0.1890000000000000291, 0.000000000000000000 ) ) ;
#4633 = FACE_OUTER_BOUND ( 'NONE', #1760, .T. ) ;
#4634 = EDGE_CURVE ( 'NONE', #699, #6557, #4326, .T. ) ;
#4635 = FACE_OUTER_BOUND ( 'NONE', #3182, .T. ) ;
#4636 = CARTESIAN_POINT ( 'NONE',  ( 0.1938026504683000306, -0.0005000000000000000104, -0.1495466431144999997 ) ) ;
#4637 = DIRECTION ( 'NONE',  ( 0.000000000000000000, -1.000000000000000000, 0.000000000000000000 ) ) ;
#4638 = LINE ( 'NONE', #3874, #5059 ) ;
#4639 = ORIENTED_EDGE ( 'NONE', *, *, #1696, .T. ) ;
#4640 = FACE_OUTER_BOUND ( 'NONE', #2411, .T. ) ;
#4641 = ADVANCED_FACE ( 'NONE', ( #8956 ), #1122, .T. ) ;
#4642 = CARTESIAN_POINT ( 'NONE',  ( 0.000000000000000000, -0.007000000000000001013, 0.000000000000000000 ) ) ;
#4643 = PLANE ( 'NONE',  #948 ) ;
#4644 =( NAMED_UNIT ( * ) PLANE_ANGLE_UNIT ( ) SI_UNIT ( $, .RADIAN. ) );
#4645 = PRESENTATION_STYLE_ASSIGNMENT (( #1516 ) ) ;
#4646 = EDGE_CURVE ( 'NONE', #3812, #4507, #6871, .T. ) ;
#4647 = CARTESIAN_POINT ( 'NONE',  ( -0.03950000000000000039, -0.09099999999999999756, -0.2169999999999999984 ) ) ;
#4648 = CARTESIAN_POINT ( 'NONE',  ( 0.2275698462706461089, 0.1306617226985366809, -0.01180034243792618329 ) ) ;
#4649 = ORIENTED_EDGE ( 'NONE', *, *, #324, .T. ) ;
#4650 = CARTESIAN_POINT ( 'NONE',  ( 0.1967947137109335165, 0.1885387546232401013, -0.1379334437274510328 ) ) ;
#4651 = ORIENTED_EDGE ( 'NONE', *, *, #6152, .F. ) ;
#4652 = AXIS2_PLACEMENT_3D ( 'NONE', #928, #5822, #4845 ) ;
#4653 = COLOUR_RGB ( '',0.2509803921568627416, 0.2509803921568627416, 0.2509803921568627416 ) ;
#4654 = EDGE_CURVE ( 'NONE', #5342, #711, #2693, .T. ) ;
#4655 = ORIENTED_EDGE ( 'NONE', *, *, #5599, .F. ) ;
#4656 =( NAMED_UNIT ( * ) PLANE_ANGLE_UNIT ( ) SI_UNIT ( $, .RADIAN. ) );
#4657 = LENGTH_MEASURE_WITH_UNIT ( LENGTH_MEASURE( 0.02539999999999999897 ), #6983 );
#4658 = EDGE_CURVE ( 'NONE', #1086, #5933, #2735, .T. ) ;
#4659 = EDGE_CURVE ( 'NONE', #9249, #9012, #5225, .T. ) ;
#4661 = PLANE ( 'NONE',  #2102 ) ;
#4660 = FILL_AREA_STYLE ('',( #9957 ) ) ;
#4662 = VECTOR ( 'NONE', #652, 39.37007874015748143 ) ;
#4663 = AXIS2_PLACEMENT_3D ( 'NONE', #9435, #1674, #1625 ) ;
#4664 = CIRCLE ( 'NONE', #8457, 0.2559999999999999498 ) ;
#4665 = FACE_OUTER_BOUND ( 'NONE', #507, .T. ) ;
#4666 = B_SPLINE_CURVE_WITH_KNOTS ( 'NONE', 3,
 ( #1945, #8458, #7683, #6131, #1892, #622, #3768, #2235, #6033, #6622, #5364, #665, #9987 ),
 .UNSPECIFIED., .F., .F.,
 ( 4, 2, 2, 2, 1, 2, 4 ),
 ( 0.000000000000000000, 0.2500000000000004441, 0.3750000000000011102, 0.4062500000000013323, 0.4375000000000015543, 0.5000000000000012212, 1.000000000000000000 ),
 .UNSPECIFIED. ) ;
#4667 = ORIENTED_EDGE ( 'NONE', *, *, #7183, .T. ) ;
#4668 = FACE_OUTER_BOUND ( 'NONE', #2112, .T. ) ;
#4669 = EDGE_LOOP ( 'NONE', ( #7828, #4994, #3706, #9095 ) ) ;
#4670 = CARTESIAN_POINT ( 'NONE',  ( 0.2190888100980001030, 0.1806233514718999233, 0.08302119515355997625 ) ) ;
#4671 = FACE_OUTER_BOUND ( 'NONE', #7188, .T. ) ;
#4672 = VERTEX_POINT ( 'NONE', #9680 ) ;
#4673 = AXIS2_PLACEMENT_3D ( 'NONE', #4600, #6240, #10045 ) ;
#4674 = FACE_OUTER_BOUND ( 'NONE', #4099, .T. ) ;
#4675 = VECTOR ( 'NONE', #5750, 39.37007874015748143 ) ;
#4676 = ORIENTED_EDGE ( 'NONE', *, *, #4459, .F. ) ;
#4677 = CARTESIAN_POINT ( 'NONE',  ( 0.2185452192562691298, 0.1325434918811449758, 0.1147718678338531667 ) ) ;
#4678 = PLANE ( 'NONE',  #6700 ) ;
#4679 = AXIS2_PLACEMENT_3D ( 'NONE', #7026, #7845, #6193 ) ;
#4680 = DIRECTION ( 'NONE',  ( -0.6349957681788895858, -0.1971131325089967856, -0.7469449694504893822 ) ) ;
#4681 = ORIENTED_EDGE ( 'NONE', *, *, #5781, .F. ) ;
#4682 = VERTEX_POINT ( 'NONE', #7520 ) ;
#4683 = UNCERTAINTY_MEASURE_WITH_UNIT (LENGTH_MEASURE( 1.000000000000000082E-05 ), #7025, 'distance_accuracy_value', 'NONE');
#4684 = ORIENTED_EDGE ( 'NONE', *, *, #4220, .F. ) ;
#4685 = CARTESIAN_POINT ( 'NONE',  ( 0.2574533775098366006, 0.1346248886179499116, 0.006495050415852950641 ) ) ;
#4686 =( GEOMETRIC_REPRESENTATION_CONTEXT ( 3 ) GLOBAL_UNCERTAINTY_ASSIGNED_CONTEXT ( ( #3345 ) ) GLOBAL_UNIT_ASSIGNED_CONTEXT ( ( #10010, #2908, #8475 ) ) REPRESENTATION_CONTEXT ( 'NONE', 'WORKASPACE' ) );
#4687 = VECTOR ( 'NONE', #5353, 39.37007874015748143 ) ;
#4688 = DIRECTION ( 'NONE',  ( 0.000000000000000000, 1.000000000000000000, 0.000000000000000000 ) ) ;
#4689 = CARTESIAN_POINT ( 'NONE',  ( 0.2172781517453329370, 0.1324176686040465234, -0.1370280903905863878 ) ) ;
#4690 =( CONVERSION_BASED_UNIT ( 'INCH', #4799 ) LENGTH_UNIT ( ) NAMED_UNIT ( #4936 ) );
#4691 = ORIENTED_EDGE ( 'NONE', *, *, #2516, .F. ) ;
#4692 = CARTESIAN_POINT ( 'NONE',  ( 0.1808277240783000284, 0.000000000000000000, -0.1650000000000000078 ) ) ;
#4693 = VECTOR ( 'NONE', #7089, 39.37007874015748143 ) ;
#4694 =( NAMED_UNIT ( * ) SI_UNIT ( $, .STERADIAN. ) SOLID_ANGLE_UNIT ( ) );
#4695 = CYLINDRICAL_SURFACE ( 'NONE', #2751, 0.2500000000000000000 ) ;
#4696 = DIRECTION ( 'NONE',  ( -0.7431448254773762585, 0.000000000000000000, -0.6691306063588782216 ) ) ;
#4698 = B_SPLINE_CURVE_WITH_KNOTS ( 'NONE', 3,
 ( #4174, #2522, #6539, #8792 ),
 .UNSPECIFIED., .F., .F.,
 ( 4, 4 ),
 ( 0.000000000000000000, 1.000000000000000000 ),
 .UNSPECIFIED. ) ;
#4697 =( NAMED_UNIT ( * ) SI_UNIT ( $, .STERADIAN. ) SOLID_ANGLE_UNIT ( ) );
#4699 = CARTESIAN_POINT ( 'NONE',  ( -0.05600000000000000810, 0.1890000000000000291, 0.2179197099850999908 ) ) ;
#4700 = CARTESIAN_POINT ( 'NONE',  ( 0.2539470408647999666, 0.1690000188652999724, -0.03235589164580000149 ) ) ;
#4701 = CARTESIAN_POINT ( 'NONE',  ( 0.2443767604160556328, 0.1306192189193817466, -0.01184440619635594369 ) ) ;
#4702 = AXIS2_PLACEMENT_3D ( 'NONE', #9687, #5687, #225 ) ;
#4703 = EDGE_CURVE ( 'NONE', #4259, #5597, #302, .T. ) ;
#4704 = DIRECTION ( 'NONE',  ( 0.000000000000000000, -1.000000000000000000, 0.000000000000000000 ) ) ;
#4705 = SURFACE_STYLE_USAGE ( .BOTH. , #8473 ) ;
#4706 = VERTEX_POINT ( 'NONE', #8146 ) ;
#4707 = EDGE_CURVE ( 'NONE', #711, #1812, #3546, .T. ) ;
#4708 = ORIENTED_EDGE ( 'NONE', *, *, #2516, .T. ) ;
#4709 = FACE_OUTER_BOUND ( 'NONE', #768, .T. ) ;
#4710 = AXIS2_PLACEMENT_3D ( 'NONE', #1773, #2490, #8049 ) ;
#4711 = FACE_OUTER_BOUND ( 'NONE', #4879, .T. ) ;
#4712 = DIRECTION ( 'NONE',  ( 0.6815563051467313782, 0.000000000000000000, -0.7317656748678057488 ) ) ;
#4713 = AXIS2_PLACEMENT_3D ( 'NONE', #9341, #7146, #4716 ) ;
#4715 = CARTESIAN_POINT ( 'NONE',  ( 0.2249888166947359158, 0.09622868328057521126, -0.003163678650884721617 ) ) ;
#4714 = DIRECTION ( 'NONE',  ( -0.7431448254774258855, 0.000000000000000000, -0.6691306063588229325 ) ) ;
#4716 = DIRECTION ( 'NONE',  ( 1.000000000000000000, 0.000000000000000000, 0.000000000000000000 ) ) ;
#4717 = EDGE_CURVE ( 'NONE', #872, #1006, #6900, .T. ) ;
#4718 = VERTEX_POINT ( 'NONE', #5357 ) ;
#4719 = ORIENTED_EDGE ( 'NONE', *, *, #9684, .F. ) ;
#4720 = SURFACE_STYLE_FILL_AREA ( #5495 ) ;
#4721 = AXIS2_PLACEMENT_3D ( 'NONE', #29, #2357, #3012 ) ;
#4722 = DIRECTION ( 'NONE',  ( -0.5902450743659480858, -0.5000000000014099832, 0.6337276640524119875 ) ) ;
#4723 = COLOUR_RGB ( '',0.2509803921568627416, 0.2509803921568627416, 0.2509803921568627416 ) ;
#4724 = ORIENTED_EDGE ( 'NONE', *, *, #4150, .F. ) ;
#4725 =( GEOMETRIC_REPRESENTATION_CONTEXT ( 3 ) GLOBAL_UNCERTAINTY_ASSIGNED_CONTEXT ( ( #9721 ) ) GLOBAL_UNIT_ASSIGNED_CONTEXT ( ( #8805, #8702, #1768 ) ) REPRESENTATION_CONTEXT ( 'NONE', 'WORKASPACE' ) );
#4726 = EDGE_CURVE ( 'NONE', #8098, #4628, #2276, .T. ) ;
#4727 = ADVANCED_FACE ( 'NONE', ( #5405 ), #9258, .T. ) ;
#4728 = CARTESIAN_POINT ( 'NONE',  ( 0.2051564111482206965, 0.1292305493775283420, -0.1035088288212255986 ) ) ;
#4729 = AXIS2_PLACEMENT_3D ( 'NONE', #8652, #4960, #1045 ) ;
#4730 = ORIENTED_EDGE ( 'NONE', *, *, #9247, .T. ) ;
#4731 = CARTESIAN_POINT ( 'NONE',  ( 0.2060435599713038024, 0.1286589756315965616, 0.1035925129584952531 ) ) ;
#4732 = AXIS2_PLACEMENT_3D ( 'NONE', #3241, #5666, #4734 ) ;
#4733 = DIRECTION ( 'NONE',  ( 0.4974868951307762632, -0.8674714918503892980, 0.000000000000000000 ) ) ;
#4734 = DIRECTION ( 'NONE',  ( -0.7431448254773761475, 0.000000000000000000, -0.6691306063588782216 ) ) ;
#4735 = EDGE_LOOP ( 'NONE', ( #7083, #7355, #8620, #2623, #4940, #1271, #2878 ) ) ;
#4736 = VECTOR ( 'NONE', #9194, 39.37007874015748143 ) ;
#4737 = ORIENTED_EDGE ( 'NONE', *, *, #8997, .T. ) ;
#4738 =( GEOMETRIC_REPRESENTATION_CONTEXT ( 3 ) GLOBAL_UNCERTAINTY_ASSIGNED_CONTEXT ( ( #1182 ) ) GLOBAL_UNIT_ASSIGNED_CONTEXT ( ( #7826, #818, #9402 ) ) REPRESENTATION_CONTEXT ( 'NONE', 'WORKASPACE' ) );
#4739 = VERTEX_POINT ( 'NONE', #9355 ) ;
#4740 =( CONVERSION_BASED_UNIT ( 'INCH', #7933 ) LENGTH_UNIT ( ) NAMED_UNIT ( #462 ) );
#4741 = CARTESIAN_POINT ( 'NONE',  ( 0.2564395184431534913, 0.1316309742589926168, 0.01100212142512689562 ) ) ;
#4742 = SURFACE_STYLE_USAGE ( .BOTH. , #1608 ) ;
#4743 = CARTESIAN_POINT ( 'NONE',  ( 0.2249999958302000003, 0.09586155062732991394, -6.965797847810000671E-10 ) ) ;
#4744 = DIRECTION ( 'NONE',  ( 0.000000000000000000, 1.000000000000000000, 0.000000000000000000 ) ) ;
#4745 = CARTESIAN_POINT ( 'NONE',  ( 0.2058160939552000357, 0.09300000000001004685, 0.09091059052178997180 ) ) ;
#4746 = CARTESIAN_POINT ( 'NONE',  ( 0.1579148231006999858, 0.1890000000000000291, 0.1753821788126999903 ) ) ;
#4747 = ORIENTED_EDGE ( 'NONE', *, *, #2578, .T. ) ;
#4748 = SURFACE_SIDE_STYLE ('',( #6343 ) ) ;
#4749 = DIRECTION ( 'NONE',  ( 0.9271838545667933085, 0.000000000000000000, -0.3746065934158975819 ) ) ;
#4750 = SURFACE_SIDE_STYLE ('',( #3987 ) ) ;
#4751 = CARTESIAN_POINT ( 'NONE',  ( 0.08840715604615000112, 0.1689999999999999836, -0.2188153896778000096 ) ) ;
#4752 = CARTESIAN_POINT ( 'NONE',  ( 0.2539470326682718992, 0.1743050896985233744, -0.03235586557154223469 ) ) ;
#4753 = DIRECTION ( 'NONE',  ( 0.000000000000000000, -1.000000000000000000, 0.000000000000000000 ) ) ;
#4754 = DIRECTION ( 'NONE',  ( 0.5635426913005898708, 0.000000000000000000, 0.8260869415997859067 ) ) ;
#4755 = VERTEX_POINT ( 'NONE', #6123 ) ;
#4756 = PRESENTATION_LAYER_ASSIGNMENT (  '', '', ( #9191 ) ) ;
#4757 = VERTEX_POINT ( 'NONE', #2225 ) ;
#4758 = DIRECTION ( 'NONE',  ( 0.000000000000000000, -1.000000000000000000, 0.000000000000000000 ) ) ;
#4759 = PLANE ( 'NONE',  #2048 ) ;
#4760 = DIRECTION ( 'NONE',  ( -0.9848077530122130163, -1.910244709569735986E-11, -0.1736481776669022981 ) ) ;
#4761 = CYLINDRICAL_SURFACE ( 'NONE', #4187, 0.2249999999999999778 ) ;
#4762 = DIRECTION ( 'NONE',  ( 0.000000000000000000, -1.000000000000000000, 0.000000000000000000 ) ) ;
#4764 = DIRECTION ( 'NONE',  ( -0.9832549075639467340, 0.000000000000000000, 0.1822355254921899925 ) ) ;
#4763 =( LENGTH_UNIT ( ) NAMED_UNIT ( * ) SI_UNIT ( $, .METRE. ) );
#4765 = EDGE_CURVE ( 'NONE', #2992, #1031, #2319, .T. ) ;
#4766 = MECHANICAL_DESIGN_GEOMETRIC_PRESENTATION_REPRESENTATION (  '', ( #6748 ), #2479 ) ;
#4767 = ORIENTED_EDGE ( 'NONE', *, *, #3286, .T. ) ;
#4768 = CARTESIAN_POINT ( 'NONE',  ( 0.2087424332345684252, 0.1325752308243689503, 0.1318296291706261836 ) ) ;
#4769 = VERTEX_POINT ( 'NONE', #5451 ) ;
#4770 = DIRECTION ( 'NONE',  ( 0.000000000000000000, -1.000000000000000000, 0.000000000000000000 ) ) ;
#4771 = CARTESIAN_POINT ( 'NONE',  ( 0.000000000000000000, -0.007000000000000001013, 0.000000000000000000 ) ) ;
#4772 = EDGE_LOOP ( 'NONE', ( #6305, #8298, #6422, #4868 ) ) ;
#4773 = AXIS2_PLACEMENT_3D ( 'NONE', #1836, #1795, #9596 ) ;
#4774 = ADVANCED_FACE ( 'NONE', ( #3030 ), #4475, .T. ) ;
#4775 = DIRECTION ( 'NONE',  ( 0.000000000000000000, 1.000000000000000000, 0.000000000000000000 ) ) ;
#4776 = CIRCLE ( 'NONE', #2484, 0.2249999999999999778 ) ;
#4777 = EDGE_CURVE ( 'NONE', #375, #3497, #2927, .T. ) ;
#4778 = VERTEX_POINT ( 'NONE', #7622 ) ;
#4779 = CARTESIAN_POINT ( 'NONE',  ( 0.2115969986066103259, 0.1262996664127807034, 0.1053956275586196700 ) ) ;
#4780 = DIRECTION ( 'NONE',  ( 0.000000000000000000, -1.000000000000000000, 0.000000000000000000 ) ) ;
#4781 = EDGE_CURVE ( 'NONE', #4544, #6601, #1292, .T. ) ;
#4782 = ORIENTED_EDGE ( 'NONE', *, *, #7919, .T. ) ;
#4783 = ADVANCED_FACE ( 'NONE', ( #9308 ), #4626, .F. ) ;
#4784 = CARTESIAN_POINT ( 'NONE',  ( 0.04756126883046000314, -0.2249999999999999778, 0.04282435880707000098 ) ) ;
#4785 = CARTESIAN_POINT ( 'NONE',  ( 0.06949999999997992506, -0.2706794919243000197, 0.000000000000000000 ) ) ;
#4786 = TOROIDAL_SURFACE ( 'NONE', #3802, 0.2360000000000000153, 0.02000000000000000042 ) ;
#4787 = ORIENTED_EDGE ( 'NONE', *, *, #4168, .T. ) ;
#4788 = VERTEX_POINT ( 'NONE', #560 ) ;
#4789 = EDGE_CURVE ( 'NONE', #3991, #7211, #8671, .T. ) ;
#4790 = ORIENTED_EDGE ( 'NONE', *, *, #5298, .T. ) ;
#4791 = CARTESIAN_POINT ( 'NONE',  ( 0.09589928791447008272, 0.1890000000000000291, -0.2373590667691000133 ) ) ;
#4792 = CIRCLE ( 'NONE', #4302, 0.2249999999999998668 ) ;
#4793 = LINE ( 'NONE', #1501, #8168 ) ;
#4794 = CARTESIAN_POINT ( 'NONE',  ( 0.02200000000000000219, 0.4085000000000000298, 0.2290000000000000091 ) ) ;
#4795 = EDGE_CURVE ( 'NONE', #7762, #5560, #6880, .T. ) ;
#4796 = DIRECTION ( 'NONE',  ( 0.000000000000000000, 0.000000000000000000, -1.000000000000000000 ) ) ;
#4797 = CARTESIAN_POINT ( 'NONE',  ( 0.2188616304700111148, 0.1340142319772963386, -0.1354320630772727074 ) ) ;
#4798 = EDGE_CURVE ( 'NONE', #4628, #5816, #3655, .T. ) ;
#4799 = LENGTH_MEASURE_WITH_UNIT ( LENGTH_MEASURE( 0.02539999999999999897 ), #4086 );
#4800 = FACE_OUTER_BOUND ( 'NONE', #1591, .T. ) ;
#4801 = ORIENTED_EDGE ( 'NONE', *, *, #8447, .T. ) ;
#4802 = CIRCLE ( 'NONE', #681, 0.01999999999999999001 ) ;
#4803 = FILL_AREA_STYLE_COLOUR ( '', #5058 ) ;
#4804 = LINE ( 'NONE', #4093, #8941 ) ;
#4805 = LINE ( 'NONE', #7947, #7770 ) ;
#4806 = DIRECTION ( 'NONE',  ( 0.000000000000000000, -1.000000000000000000, 0.000000000000000000 ) ) ;
#4807 = DIRECTION ( 'NONE',  ( -4.251438440140012168E-13, 1.000000000000000000, 1.167865017291473081E-12 ) ) ;
#4808 = VECTOR ( 'NONE', #3852, 39.37007874015748143 ) ;
#4809 = CARTESIAN_POINT ( 'NONE',  ( -0.2462023121929526881, 0.05633333287873255185, -0.04341211035243031785 ) ) ;
#4810 = EDGE_LOOP ( 'NONE', ( #1804, #6989, #8299, #7564, #7157, #3696, #6263 ) ) ;
#4811 = VERTEX_POINT ( 'NONE', #2174 ) ;
#4812 = CARTESIAN_POINT ( 'NONE',  ( 0.000000000000000000, -0.03200000000000000067, 0.000000000000000000 ) ) ;
#4813 = DIRECTION ( 'NONE',  ( -2.025438740042000066E-13, 0.000000000000000000, -1.000000000000000000 ) ) ;
#4814 = CARTESIAN_POINT ( 'NONE',  ( 0.1958699843911237137, 0.1889999994838134911, 0.1348387601239970368 ) ) ;
#4815 = DIRECTION ( 'NONE',  ( 2.574296362813910149E-07, -0.9999999999999650280, -5.948188323761790317E-08 ) ) ;
#4816 = CARTESIAN_POINT ( 'NONE',  ( 0.000000000000000000, -0.007000000000000001013, 0.000000000000000000 ) ) ;
#4818 = DIRECTION ( 'NONE',  ( 0.4999999999998981925, 0.8660254037844974384, 0.000000000000000000 ) ) ;
#4817 = CARTESIAN_POINT ( 'NONE',  ( 0.000000000000000000, 0.05700000000000000205, 0.000000000000000000 ) ) ;
#4819 = ORIENTED_EDGE ( 'NONE', *, *, #3135, .F. ) ;
#4820 = CARTESIAN_POINT ( 'NONE',  ( 0.2085554559058747093, 0.1324596458904972740, 0.1318867926797047674 ) ) ;
#4821 = ORIENTED_EDGE ( 'NONE', *, *, #8663, .T. ) ;
#4822 = CARTESIAN_POINT ( 'NONE',  ( 0.1988719531242000016, 0.09299999999999999933, 0.1427361623973000260 ) ) ;
#4823 = AXIS2_PLACEMENT_3D ( 'NONE', #8073, #8122, #1075 ) ;
#4824 = AXIS2_PLACEMENT_3D ( 'NONE', #9478, #5577, #1669 ) ;
#4825 = DIRECTION ( 'NONE',  ( 0.000000000000000000, -1.000000000000000000, 0.000000000000000000 ) ) ;
#4826 = EDGE_LOOP ( 'NONE', ( #3087, #6458, #8576, #3346, #6713, #5408, #7238, #1205, #7324 ) ) ;
#4827 = DIRECTION ( 'NONE',  ( -0.5000000000000169864, 0.8660254037844288266, 0.000000000000000000 ) ) ;
#4828 = ORIENTED_EDGE ( 'NONE', *, *, #5025, .T. ) ;
#4829 = AXIS2_PLACEMENT_3D ( 'NONE', #3498, #9771, #406 ) ;
#4830 = CARTESIAN_POINT ( 'NONE',  ( -0.05599999999999998729, 0.1811471005629306796, 0.2456488103387496069 ) ) ;
#4831 = TOROIDAL_SURFACE ( 'NONE', #6141, 0.02000000000000000042, 0.01149999999999999981 ) ;
#4832 = PRESENTATION_STYLE_ASSIGNMENT (( #5762 ) ) ;
#4833 = ORIENTED_EDGE ( 'NONE', *, *, #6337, .F. ) ;
#4834 = DIRECTION ( 'NONE',  ( 0.2440591353680016395, 0.7586418947919042477, -0.6040675574056040276 ) ) ;
#4835 = AXIS2_PLACEMENT_3D ( 'NONE', #6360, #901, #6411 ) ;
#4836 = CARTESIAN_POINT ( 'NONE',  ( 0.1993032040650000170, 0.1330108282678000020, -0.1044185464819999964 ) ) ;
#4837 = CARTESIAN_POINT ( 'NONE',  ( 0.1669484983095000097, -0.007000000000000001013, -0.1790303457727999981 ) ) ;
#4838 = EDGE_CURVE ( 'NONE', #3923, #6068, #1616, .T. ) ;
#4839 = VERTEX_POINT ( 'NONE', #7672 ) ;
#4840 = VERTEX_POINT ( 'NONE', #609 ) ;
#4841 = MECHANICAL_DESIGN_GEOMETRIC_PRESENTATION_REPRESENTATION (  '', ( #2216 ), #9488 ) ;
#4842 = AXIS2_PLACEMENT_3D ( 'NONE', #6059, #6835, #2911 ) ;
#4843 = EDGE_CURVE ( 'NONE', #9349, #3659, #659, .T. ) ;
#4844 = VERTEX_POINT ( 'NONE', #6801 ) ;
#4845 = DIRECTION ( 'NONE',  ( -1.000000000000000000, 0.000000000000000000, 0.000000000000000000 ) ) ;
#4846 = LINE ( 'NONE', #4182, #8817 ) ;
#4847 =( CONVERSION_BASED_UNIT ( 'INCH', #2329 ) LENGTH_UNIT ( ) NAMED_UNIT ( #1777 ) );
#4848 = DIRECTION ( 'NONE',  ( 0.000000000000000000, -1.000000000000000000, 0.000000000000000000 ) ) ;
#4849 = CARTESIAN_POINT ( 'NONE',  ( 0.000000000000000000, 0.1890000000000000291, 0.000000000000000000 ) ) ;
#4850 = CARTESIAN_POINT ( 'NONE',  ( 0.9548460965380001220, 0.1202783480183999970, -0.5512806508709000575 ) ) ;
#4851 = ORIENTED_EDGE ( 'NONE', *, *, #213, .T. ) ;
#4852 = DIRECTION ( 'NONE',  ( -0.3420201433256112034, 6.904745803986427766E-12, -0.9396926207859293001 ) ) ;
#4853 = PRESENTATION_LAYER_ASSIGNMENT (  '', '', ( #5503 ) ) ;
#4854 = EDGE_CURVE ( 'NONE', #3941, #8270, #780, .T. ) ;
#4855 = ADVANCED_FACE ( 'NONE', ( #2874 ), #9155, .T. ) ;
#4856 = SURFACE_STYLE_USAGE ( .BOTH. , #6502 ) ;
#4858 = AXIS2_PLACEMENT_3D ( 'NONE', #7060, #2370, #9255 ) ;
#4857 = FILL_AREA_STYLE ('',( #8000 ) ) ;
#4859 = DIRECTION ( 'NONE',  ( 0.6691306063587729724, 0.000000000000000000, -0.7431448254774709605 ) ) ;
#4860 = DIRECTION ( 'NONE',  ( 1.000000000000000000, 0.000000000000000000, 3.217927312343999881E-13 ) ) ;
#4861 = UNCERTAINTY_MEASURE_WITH_UNIT (LENGTH_MEASURE( 1.000000000000000082E-05 ), #6290, 'distance_accuracy_value', 'NONE');
#4862 = DIRECTION ( 'NONE',  ( 0.000000000000000000, 0.2756373558170050475, -0.9612616959383172288 ) ) ;
#4863 = PLANE ( 'NONE',  #6873 ) ;
#4864 = DIRECTION ( 'NONE',  ( 0.000000000000000000, 0.000000000000000000, -1.000000000000000000 ) ) ;
#4865 =( NAMED_UNIT ( * ) SI_UNIT ( $, .STERADIAN. ) SOLID_ANGLE_UNIT ( ) );
#4866 =( GEOMETRIC_REPRESENTATION_CONTEXT ( 3 ) GLOBAL_UNCERTAINTY_ASSIGNED_CONTEXT ( ( #5820 ) ) GLOBAL_UNIT_ASSIGNED_CONTEXT ( ( #666, #9988, #2236 ) ) REPRESENTATION_CONTEXT ( 'NONE', 'WORKASPACE' ) );
#4867 = ORIENTED_EDGE ( 'NONE', *, *, #9564, .T. ) ;
#4868 = ORIENTED_EDGE ( 'NONE', *, *, #1385, .T. ) ;
#4869 = DIRECTION ( 'NONE',  ( 0.7960695207487794578, 0.000000000000000000, 0.6052051868042842564 ) ) ;
#4870 = CARTESIAN_POINT ( 'NONE',  ( 0.2361025342095000035, 0.1690000188652999724, 0.09895249594167006280 ) ) ;
#4871 = DIRECTION ( 'NONE',  ( 0.3746065934148984367, -3.011275738217989169E-13, -0.9271838545671968745 ) ) ;
#4872 = VECTOR ( 'NONE', #2191, 39.37007874015748854 ) ;
#4873 = DIRECTION ( 'NONE',  ( 1.000000000000000000, 0.000000000000000000, 1.271000213400999990E-09 ) ) ;
#4874 = DIRECTION ( 'NONE',  ( 0.000000000000000000, -1.000000000000000000, 0.000000000000000000 ) ) ;
#4875 = VECTOR ( 'NONE', #3565, 39.37007874015748854 ) ;
#4877 = CARTESIAN_POINT ( 'NONE',  ( -0.2389309425380000129, 0.1849999999999999978, 0.04428323269459999434 ) ) ;
#4876 = CARTESIAN_POINT ( 'NONE',  ( 0.2247281089974999813, 0.1127115181714000020, 0.01105895138374000074 ) ) ;
#4878 = DIRECTION ( 'NONE',  ( 0.000000000000000000, 1.000000000000000000, 0.000000000000000000 ) ) ;
#4879 = EDGE_LOOP ( 'NONE', ( #7451, #1583, #5894, #3838, #8137, #3786, #8248, #4629, #7268, #1154 ) ) ;
#4880 = CARTESIAN_POINT ( 'NONE',  ( 0.1944398165427516645, 0.1271197062917461262, 0.1286115423504784472 ) ) ;
#4881 = ORIENTED_EDGE ( 'NONE', *, *, #9551, .T. ) ;
#4882 = CARTESIAN_POINT ( 'NONE',  ( 0.000000000000000000, 0.05700000000000000205, 0.000000000000000000 ) ) ;
#4883 = VERTEX_POINT ( 'NONE', #2576 ) ;
#4884 = MECHANICAL_DESIGN_GEOMETRIC_PRESENTATION_REPRESENTATION (  '', ( #929 ), #8003 ) ;
#4885 = CARTESIAN_POINT ( 'NONE',  ( 0.2115422030751071270, 0.1262945830174137529, -0.1053616471833483115 ) ) ;
#4886 = VERTEX_POINT ( 'NONE', #8741 ) ;
#4887 = CARTESIAN_POINT ( 'NONE',  ( -0.08124038382037007677, -0.2780000001801000153, 0.09499999998112007571 ) ) ;
#4888 = CIRCLE ( 'NONE', #6359, 0.02000000000000000736 ) ;
#4889 = ORIENTED_EDGE ( 'NONE', *, *, #3977, .F. ) ;
#4890 = SURFACE_SIDE_STYLE ('',( #1752 ) ) ;
#4891 = FACE_OUTER_BOUND ( 'NONE', #6749, .T. ) ;
#4892 = DIRECTION ( 'NONE',  ( -0.5902450743661581400, -0.5000000000010170753, 0.6337276640525261184 ) ) ;
#4893 = VECTOR ( 'NONE', #10115, 39.37007874015748143 ) ;
#4894 = ORIENTED_EDGE ( 'NONE', *, *, #721, .T. ) ;
#4895 = ORIENTED_EDGE ( 'NONE', *, *, #4454, .F. ) ;
#4896 = CIRCLE ( 'NONE', #1612, 0.2559999999999999498 ) ;
#4897 = UNCERTAINTY_MEASURE_WITH_UNIT (LENGTH_MEASURE( 1.000000000000000082E-05 ), #509, 'distance_accuracy_value', 'NONE');
#4898 =( GEOMETRIC_REPRESENTATION_CONTEXT ( 3 ) GLOBAL_UNCERTAINTY_ASSIGNED_CONTEXT ( ( #7066 ) ) GLOBAL_UNIT_ASSIGNED_CONTEXT ( ( #8277, #7656, #10063 ) ) REPRESENTATION_CONTEXT ( 'NONE', 'WORKASPACE' ) );
#4899 = ORIENTED_EDGE ( 'NONE', *, *, #6496, .T. ) ;
#4900 = CARTESIAN_POINT ( 'NONE',  ( 0.2127466541045305581, 0.1348514375755820172, -0.1300082514655924171 ) ) ;
#4901 = VECTOR ( 'NONE', #4554, 39.37007874015748143 ) ;
#4902 = EDGE_CURVE ( 'NONE', #3813, #3773, #2764, .T. ) ;
#4903 = DIRECTION ( 'NONE',  ( 1.000000000000000000, 0.000000000000000000, 0.000000000000000000 ) ) ;
#4904 = FILL_AREA_STYLE_COLOUR ( '', #2157 ) ;
#4905 = DIRECTION ( 'NONE',  ( 0.000000000000000000, 1.000000000000000000, 0.000000000000000000 ) ) ;
#4906 = VECTOR ( 'NONE', #5084, 39.37007874015748143 ) ;
#4907 = CARTESIAN_POINT ( 'NONE',  ( 3.135095805817224664E-17, -0.007000000000000001013, 0.2560000000000000053 ) ) ;
#4908 = EDGE_CURVE ( 'NONE', #8121, #1141, #2439, .T. ) ;
#4909 = ORIENTED_EDGE ( 'NONE', *, *, #142, .F. ) ;
#4910 = PRESENTATION_LAYER_ASSIGNMENT (  '', '', ( #960 ) ) ;
#4911 = ADVANCED_FACE ( 'NONE', ( #1755 ), #6435, .T. ) ;
#4912 = SURFACE_STYLE_FILL_AREA ( #9685 ) ;
#4913 = EDGE_CURVE ( 'NONE', #10116, #6355, #5884, .T. ) ;
#4914 = CARTESIAN_POINT ( 'NONE',  ( -0.04400000000000000439, 0.1740000000000000158, 0.2206558406205999801 ) ) ;
#4915 = DIRECTION ( 'NONE',  ( 0.7431448254773762585, 0.000000000000000000, -0.6691306063588782216 ) ) ;
#4916 = CARTESIAN_POINT ( 'NONE',  ( 0.2353877118643999955, 0.1890000000000000291, -0.01698897004644999917 ) ) ;
#4917 = CARTESIAN_POINT ( 'NONE',  ( -0.2437455421626184560, 0.06139094622738209411, -0.04298392568978016970 ) ) ;
#4918 = EDGE_CURVE ( 'NONE', #2568, #684, #7858, .T. ) ;
#4919 = EDGE_LOOP ( 'NONE', ( #5968, #3228, #9614 ) ) ;
#4920 = EDGE_CURVE ( 'NONE', #9310, #4393, #2920, .T. ) ;
#4921 = FACE_OUTER_BOUND ( 'NONE', #6064, .T. ) ;
#4922 = ORIENTED_EDGE ( 'NONE', *, *, #3400, .F. ) ;
#4923 = ORIENTED_EDGE ( 'NONE', *, *, #2338, .T. ) ;
#4924 = CARTESIAN_POINT ( 'NONE',  ( 0.2428394196240000191, 0.06967483934667992318, 0.03086554830210999981 ) ) ;
#4925 = DIRECTION ( 'NONE',  ( -0.7431124958678938519, 0.000000000000000000, -0.6691665102834939427 ) ) ;
#4926 = SURFACE_STYLE_FILL_AREA ( #2753 ) ;
#4927 = LINE ( 'NONE', #2615, #4005 ) ;
#4928 = DIRECTION ( 'NONE',  ( 1.000000000000000000, 0.000000000000000000, 0.000000000000000000 ) ) ;
#4930 = PLANE ( 'NONE',  #6868 ) ;
#4929 = DIRECTION ( 'NONE',  ( 0.000000000000000000, -1.000000000000000000, 0.000000000000000000 ) ) ;
#4931 = CARTESIAN_POINT ( 'NONE',  ( 0.05099999999999999672, 0.09299999999999999933, 0.2350000000000000144 ) ) ;
#4932 = ORIENTED_EDGE ( 'NONE', *, *, #3761, .T. ) ;
#4933 = CIRCLE ( 'NONE', #470, 0.2447931081451001079 ) ;
#4934 = EDGE_CURVE ( 'NONE', #5087, #8149, #7983, .T. ) ;
#4935 = CARTESIAN_POINT ( 'NONE',  ( 0.2125805374218560639, 0.1347168421990810605, 0.1300104162329369373 ) ) ;
#4936 = DIMENSIONAL_EXPONENTS ( 1.000000000000000000, 0.000000000000000000, 0.000000000000000000, 0.000000000000000000, 0.000000000000000000, 0.000000000000000000, 0.000000000000000000 ) ;
#4937 = CARTESIAN_POINT ( 'NONE',  ( 0.2058411529497383430, 0.09299999999999999933, 0.1030729765584896401 ) ) ;
#4938 = ORIENTED_EDGE ( 'NONE', *, *, #366, .T. ) ;
#4939 = CARTESIAN_POINT ( 'NONE',  ( 0.2257378805857000181, 0.05700000000000000205, 0.09468936088067007872 ) ) ;
#4940 = ORIENTED_EDGE ( 'NONE', *, *, #9434, .T. ) ;
#4941 = CARTESIAN_POINT ( 'NONE',  ( 0.2413819952931000046, 0.000000000000000000, -0.1180000000000000077 ) ) ;
#4942 = PRESENTATION_LAYER_ASSIGNMENT (  '', '', ( #7563 ) ) ;
#4943 = LINE ( 'NONE', #96, #3902 ) ;
#4944 = EDGE_LOOP ( 'NONE', ( #5099, #8692, #8907, #2030, #9888 ) ) ;
#4945 = FACE_OUTER_BOUND ( 'NONE', #6953, .T. ) ;
#4946 = DIRECTION ( 'NONE',  ( -0.6963643333841940120, 0.7071066868781940018, -0.1227878192758989906 ) ) ;
#4947 = FILL_AREA_STYLE_COLOUR ( '', #9669 ) ;
#4948 = ORIENTED_EDGE ( 'NONE', *, *, #8432, .T. ) ;
#4949 = VERTEX_POINT ( 'NONE', #4785 ) ;
#4950 = AXIS2_PLACEMENT_3D ( 'NONE', #3531, #6676, #3436 ) ;
#4951 = ORIENTED_EDGE ( 'NONE', *, *, #4634, .F. ) ;
#4952 = CARTESIAN_POINT ( 'NONE',  ( 0.2029864208473420029, 0.1288226078686191267, -0.1324336486926419032 ) ) ;
#4953 = B_SPLINE_CURVE_WITH_KNOTS ( 'NONE', 3,
 ( #2858, #8522, #2106, #687, #8423, #4561 ),
 .UNSPECIFIED., .F., .F.,
 ( 4, 2, 4 ),
 ( 0.000000000000000000, 0.5000000000000000000, 1.000000000000000000 ),
 .UNSPECIFIED. ) ;
#4954 = DIRECTION ( 'NONE',  ( 0.000000000000000000, 1.000000000000000000, 0.000000000000000000 ) ) ;
#4955 = CYLINDRICAL_SURFACE ( 'NONE', #826, 0.2500000000000000000 ) ;
#4956 = VECTOR ( 'NONE', #1071, 39.37007874015748143 ) ;
#4957 = PLANE ( 'NONE',  #3187 ) ;
#4958 = DIRECTION ( 'NONE',  ( 0.000000000000000000, 0.000000000000000000, -1.000000000000000000 ) ) ;
#4959 = ORIENTED_EDGE ( 'NONE', *, *, #10126, .T. ) ;
#4960 = DIRECTION ( 'NONE',  ( 0.000000000000000000, 1.000000000000000000, 0.000000000000000000 ) ) ;
#4961 = EDGE_LOOP ( 'NONE', ( #1627, #3262, #4007, #2117, #6665, #8186, #6771, #6001, #315, #2364 ) ) ;
#4962 = AXIS2_PLACEMENT_3D ( 'NONE', #3664, #1304, #6866 ) ;
#4963 = CARTESIAN_POINT ( 'NONE',  ( -0.2379476876305000044, 0.1849999999999999978, 0.04410099716910000078 ) ) ;
#4964 = DIRECTION ( 'NONE',  ( 0.9271838545667933085, 0.000000000000000000, -0.3746065934158975819 ) ) ;
#4965 = FILL_AREA_STYLE ('',( #3363 ) ) ;
#4966 = LINE ( 'NONE', #8710, #8661 ) ;
#4967 = DIRECTION ( 'NONE',  ( 0.000000000000000000, -1.000000000000000000, 0.000000000000000000 ) ) ;
#4968 = ORIENTED_EDGE ( 'NONE', *, *, #1569, .F. ) ;
#4969 = EDGE_CURVE ( 'NONE', #5164, #1586, #761, .T. ) ;
#4970 = AXIS2_PLACEMENT_3D ( 'NONE', #8030, #152, #3288 ) ;
#4971 =( NAMED_UNIT ( * ) PLANE_ANGLE_UNIT ( ) SI_UNIT ( $, .RADIAN. ) );
#4972 = EDGE_CURVE ( 'NONE', #1190, #1399, #1951, .T. ) ;
#4973 = DIRECTION ( 'NONE',  ( -0.6691306064285439392, -2.320139545330155073E-12, 0.7431448254146489907 ) ) ;
#4974 = DIRECTION ( 'NONE',  ( 1.000000000000000000, 0.000000000000000000, 0.000000000000000000 ) ) ;
#4975 = LINE ( 'NONE', #2616, #8389 ) ;
#4976 = MECHANICAL_DESIGN_GEOMETRIC_PRESENTATION_REPRESENTATION (  '', ( #4473 ), #6782 ) ;
#4977 = CIRCLE ( 'NONE', #2346, 0.01149999999999999634 ) ;
#4979 = DIRECTION ( 'NONE',  ( 0.6815563051467172784, 0.000000000000000000, -0.7317656748678191825 ) ) ;
#4978 = CARTESIAN_POINT ( 'NONE',  ( -0.02506072624646000016, 0.1290000000000000036, -0.2235999999999999932 ) ) ;
#4980 = CARTESIAN_POINT ( 'NONE',  ( 0.2354922561007817272, 0.1743099078299568117, -0.09898634122576790983 ) ) ;
#4981 = ORIENTED_EDGE ( 'NONE', *, *, #7295, .F. ) ;
#4982 = CARTESIAN_POINT ( 'NONE',  ( 0.1911837465532598423, 0.1306472462758879183, 0.1240279915074627148 ) ) ;
#4983 = DIRECTION ( 'NONE',  ( -0.8660254037847204822, 0.000000000000000000, -0.4999999999995117239 ) ) ;
#4984 = ADVANCED_FACE ( 'NONE', ( #7928 ), #869, .F. ) ;
#4985 = ORIENTED_EDGE ( 'NONE', *, *, #952, .F. ) ;
#4986 = SURFACE_STYLE_FILL_AREA ( #5124 ) ;
#4987 = EDGE_CURVE ( 'NONE', #8039, #9839, #10184, .T. ) ;
#4988 = EDGE_CURVE ( 'NONE', #9157, #6223, #2630, .T. ) ;
#4989 =( LENGTH_UNIT ( ) NAMED_UNIT ( * ) SI_UNIT ( $, .METRE. ) );
#4990 = CARTESIAN_POINT ( 'NONE',  ( 0.1948723322835999860, 0.06967483934667992318, 0.1481500587434000094 ) ) ;
#4991 = CIRCLE ( 'NONE', #534, 0.01250000000000000243 ) ;
#4992 = PRESENTATION_LAYER_ASSIGNMENT (  '', '', ( #6134 ) ) ;
#4993 = DIRECTION ( 'NONE',  ( -0.9848077538168278355, 0.000000000000000000, -0.1736481731037049780 ) ) ;
#4994 = ORIENTED_EDGE ( 'NONE', *, *, #7800, .F. ) ;
#4995 = CARTESIAN_POINT ( 'NONE',  ( 0.08840715604615000112, 0.1689999999999999836, -0.2188153896778000096 ) ) ;
#4996 = DIRECTION ( 'NONE',  ( 0.000000000000000000, -1.000000000000000000, 0.000000000000000000 ) ) ;
#4997 = ORIENTED_EDGE ( 'NONE', *, *, #827, .F. ) ;
#4998 = ORIENTED_EDGE ( 'NONE', *, *, #384, .F. ) ;
#4999 = DIMENSIONAL_EXPONENTS ( 1.000000000000000000, 0.000000000000000000, 0.000000000000000000, 0.000000000000000000, 0.000000000000000000, 0.000000000000000000, 0.000000000000000000 ) ;
#5000 = STYLED_ITEM ( 'NONE', ( #2710 ), #6288 ) ;
#5001 = VECTOR ( 'NONE', #8406, 39.37007874015748143 ) ;
#5002 = VECTOR ( 'NONE', #4486, 39.37007874015748854 ) ;
#5003 = UNCERTAINTY_MEASURE_WITH_UNIT (LENGTH_MEASURE( 1.000000000000000082E-05 ), #4309, 'distance_accuracy_value', 'NONE');
#5004 = ORIENTED_EDGE ( 'NONE', *, *, #3405, .T. ) ;
#5005 = CARTESIAN_POINT ( 'NONE',  ( 0.1913456941221700069, 0.1303801645367650974, -0.1244174008304673312 ) ) ;
#5006 = CARTESIAN_POINT ( 'NONE',  ( 0.1579148231006999858, 0.1689999999999999836, 0.1753821788126999903 ) ) ;
#5007 = CARTESIAN_POINT ( 'NONE',  ( 0.03950000000000000039, -0.1260000000000000009, -0.2290000000000000091 ) ) ;
#5008 = VECTOR ( 'NONE', #8329, 39.37007874015748143 ) ;
#5009 = CARTESIAN_POINT ( 'NONE',  ( 0.1957000975293999856, 0.1131837720176999962, 0.1110249413251000045 ) ) ;
#5010 = DIMENSIONAL_EXPONENTS ( 1.000000000000000000, 0.000000000000000000, 0.000000000000000000, 0.000000000000000000, 0.000000000000000000, 0.000000000000000000, 0.000000000000000000 ) ;
#5011 = ORIENTED_EDGE ( 'NONE', *, *, #1839, .T. ) ;
#5012 =( NAMED_UNIT ( * ) SI_UNIT ( $, .STERADIAN. ) SOLID_ANGLE_UNIT ( ) );
#5013 = ORIENTED_EDGE ( 'NONE', *, *, #4587, .F. ) ;
#5014 = CARTESIAN_POINT ( 'NONE',  ( 0.08578490989223996888, 0.09299999999999999933, 0.2123251026958000165 ) ) ;
#5015 = PRESENTATION_STYLE_ASSIGNMENT (( #419 ) ) ;
#5016 = CYLINDRICAL_SURFACE ( 'NONE', #4450, 0.06899999999999997802 ) ;
#5017 = CARTESIAN_POINT ( 'NONE',  ( 0.2361025143890698175, 0.1743051030291228876, 0.09895251455651130068 ) ) ;
#5018 = CARTESIAN_POINT ( 'NONE',  ( 0.000000000000000000, -0.2793397459622000145, 0.000000000000000000 ) ) ;
#5019 = ORIENTED_EDGE ( 'NONE', *, *, #3388, .T. ) ;
#5020 = AXIS2_PLACEMENT_3D ( 'NONE', #3686, #2958, #686 ) ;
#5021 = DIRECTION ( 'NONE',  ( -0.000000000000000000, 1.000000000000000000, 0.000000000000000000 ) ) ;
#5022 = DIRECTION ( 'NONE',  ( 0.6815563051467313782, 0.000000000000000000, 0.7317656748678057488 ) ) ;
#5023 = DIRECTION ( 'NONE',  ( -0.6691306067656858092, 1.110223050258975823E-13, 0.7431448251110849279 ) ) ;
#5024 = CARTESIAN_POINT ( 'NONE',  ( 0.000000000000000000, -0.007000000000000001013, 0.000000000000000000 ) ) ;
#5025 = EDGE_CURVE ( 'NONE', #1508, #9017, #1034, .T. ) ;
#5027 = LINE ( 'NONE', #4257, #5974 ) ;
#5026 = CARTESIAN_POINT ( 'NONE',  ( 0.000000000000000000, -0.1110000000000000014, 0.000000000000000000 ) ) ;
#5028 = AXIS2_PLACEMENT_3D ( 'NONE', #2104, #8421, #6105 ) ;
#5029 = PLANE ( 'NONE',  #9146 ) ;
#5030 = EDGE_LOOP ( 'NONE', ( #6993, #6769, #3398, #309, #6079, #6405, #7008 ) ) ;
#5031 = CARTESIAN_POINT ( 'NONE',  ( 0.2043819952930999995, 0.05700000000000000205, 0.1180000000000000077 ) ) ;
#5032 = ADVANCED_FACE ( 'NONE', ( #9672 ), #4175, .F. ) ;
#5033 = ORIENTED_EDGE ( 'NONE', *, *, #7931, .T. ) ;
#5034 = AXIS2_PLACEMENT_3D ( 'NONE', #4642, #4749, #6346 ) ;
#5035 = CARTESIAN_POINT ( 'NONE',  ( 0.2004729421536780576, 0.1040749477485575503, -0.1021541360770708007 ) ) ;
#5036 = DIRECTION ( 'NONE',  ( -3.876413079418000123E-12, 1.000000000000000000, 4.305236722678999932E-12 ) ) ;
#5037 = CARTESIAN_POINT ( 'NONE',  ( -0.05600000000000002892, 0.1869593597570077259, 0.2384217910305900523 ) ) ;
#5038 = EDGE_CURVE ( 'NONE', #8581, #5429, #573, .T. ) ;
#5039 = CARTESIAN_POINT ( 'NONE',  ( 0.1908067920112993532, 0.1024667484447155941, -0.1192389658135865060 ) ) ;
#5040 = CARTESIAN_POINT ( 'NONE',  ( 0.2199014632126289615, 0.1347937223260355366, -0.1342011056993637208 ) ) ;
#5041 = ORIENTED_EDGE ( 'NONE', *, *, #3284, .F. ) ;
#5042 = MECHANICAL_DESIGN_GEOMETRIC_PRESENTATION_REPRESENTATION (  '', ( #1100 ), #6025 ) ;
#5043 = AXIS2_PLACEMENT_3D ( 'NONE', #9783, #9637, #2601 ) ;
#5044 = EDGE_CURVE ( 'NONE', #7269, #3813, #6818, .T. ) ;
#5045 = ADVANCED_FACE ( 'NONE', ( #7581 ), #2333, .T. ) ;
#5046 = EDGE_LOOP ( 'NONE', ( #6258, #8569, #3572, #5359 ) ) ;
#5047 = VERTEX_POINT ( 'NONE', #5314 ) ;
#5048 = DIRECTION ( 'NONE',  ( -0.02542372881355994818, 0.000000000000000000, -0.9996767647660991241 ) ) ;
#5049 = VECTOR ( 'NONE', #3299, 39.37007874015748143 ) ;
#5050 = CARTESIAN_POINT ( 'NONE',  ( 0.05099999999999999672, 0.09299999999999999933, -0.2350000000000000144 ) ) ;
#5051 =( GEOMETRIC_REPRESENTATION_CONTEXT ( 3 ) GLOBAL_UNCERTAINTY_ASSIGNED_CONTEXT ( ( #9001 ) ) GLOBAL_UNIT_ASSIGNED_CONTEXT ( ( #854, #6111, #8526 ) ) REPRESENTATION_CONTEXT ( 'NONE', 'WORKASPACE' ) );
#5052 = CARTESIAN_POINT ( 'NONE',  ( 0.2247204899075999907, 0.1119345429094000116, 0.01121166426958000034 ) ) ;
#5053 = LENGTH_MEASURE_WITH_UNIT ( LENGTH_MEASURE( 0.02539999999999999897 ), #6597 );
#5054 = EDGE_LOOP ( 'NONE', ( #4606, #4111, #8678, #2135, #2262 ) ) ;
#5055 =( CONVERSION_BASED_UNIT ( 'INCH', #8250 ) LENGTH_UNIT ( ) NAMED_UNIT ( #1065 ) );
#5056 = ORIENTED_EDGE ( 'NONE', *, *, #387, .T. ) ;
#5057 = PRESENTATION_LAYER_ASSIGNMENT (  '', '', ( #5715 ) ) ;
#5058 = COLOUR_RGB ( '',0.2509803921568627416, 0.2509803921568627416, 0.2509803921568627416 ) ;
#5059 = VECTOR ( 'NONE', #10091, 39.37007874015748143 ) ;
#5060 = SURFACE_STYLE_USAGE ( .BOTH. , #8962 ) ;
#5061 = VECTOR ( 'NONE', #7332, 39.37007874015748854 ) ;
#5062 = FILL_AREA_STYLE ('',( #8103 ) ) ;
#5063 = CARTESIAN_POINT ( 'NONE',  ( 0.2249717226481000032, 0.1256623231063999924, -0.003571876325604999864 ) ) ;
#5064 = AXIS2_PLACEMENT_3D ( 'NONE', #9207, #5306, #8444 ) ;
#5065 = CARTESIAN_POINT ( 'NONE',  ( 0.2019733778667269219, 0.09770964467078784021, 0.09915945935698940172 ) ) ;
#5066 = ORIENTED_EDGE ( 'NONE', *, *, #8918, .T. ) ;
#5067 = SURFACE_SIDE_STYLE ('',( #4295 ) ) ;
#5068 = ORIENTED_EDGE ( 'NONE', *, *, #3286, .F. ) ;
#5069 = B_SPLINE_CURVE_WITH_KNOTS ( 'NONE', 3,
 ( #8013, #137, #4153, #3270 ),
 .UNSPECIFIED., .F., .F.,
 ( 4, 4 ),
 ( 0.000000000000000000, 1.000000000000000000 ),
 .UNSPECIFIED. ) ;
#5070 = DIRECTION ( 'NONE',  ( 0.000000000000000000, -1.000000000000000000, 0.000000000000000000 ) ) ;
#5071 = LINE ( 'NONE', #4200, #8773 ) ;
#5072 = DIRECTION ( 'NONE',  ( 1.000000000000000000, 0.000000000000000000, 0.000000000000000000 ) ) ;
#5073 = LINE ( 'NONE', #1114, #344 ) ;
#5074 = CARTESIAN_POINT ( 'NONE',  ( 0.2037466423580999997, 0.1690000188652999724, -0.1549945445525000021 ) ) ;
#5075 = ORIENTED_EDGE ( 'NONE', *, *, #4913, .F. ) ;
#5076 = SURFACE_STYLE_FILL_AREA ( #2761 ) ;
#5077 = ORIENTED_EDGE ( 'NONE', *, *, #8855, .F. ) ;
#5078 = FILL_AREA_STYLE_COLOUR ( '', #7816 ) ;
#5079 = CARTESIAN_POINT ( 'NONE',  ( 0.2022541904021363246, 0.09467885459301043916, -0.09858116557825777337 ) ) ;
#5080 = DIRECTION ( 'NONE',  ( -8.659560562353646029E-17, 0.7071067811866524888, 0.7071067811864424346 ) ) ;
#5081 = CARTESIAN_POINT ( 'NONE',  ( 0.1930023692514108991, 0.1106091051124748342, 0.1156509117384928453 ) ) ;
#5082 = EDGE_CURVE ( 'NONE', #708, #4128, #6034, .T. ) ;
#5083 = CARTESIAN_POINT ( 'NONE',  ( -0.05600000000000000810, 0.09299999999999999933, 0.2350000000000000144 ) ) ;
#5084 = DIRECTION ( 'NONE',  ( -1.000000000000000000, -6.612642488937999984E-13, -1.167947244798999828E-12 ) ) ;
#5085 = ORIENTED_EDGE ( 'NONE', *, *, #678, .F. ) ;
#5086 = CARTESIAN_POINT ( 'NONE',  ( 0.1816389278424999920, 0.09299999999999999933, -0.1327866706120000018 ) ) ;
#5087 = VERTEX_POINT ( 'NONE', #1303 ) ;
#5088 = EDGE_CURVE ( 'NONE', #730, #3876, #4438, .T. ) ;
#5089 = AXIS2_PLACEMENT_3D ( 'NONE', #6074, #5251, #2013 ) ;
#5090 = ADVANCED_FACE ( 'NONE', ( #717 ), #7684, .F. ) ;
#5091 = AXIS2_PLACEMENT_3D ( 'NONE', #310, #98, #8949 ) ;
#5092 = UNCERTAINTY_MEASURE_WITH_UNIT (LENGTH_MEASURE( 1.000000000000000082E-05 ), #2718, 'distance_accuracy_value', 'NONE');
#5093 = ORIENTED_EDGE ( 'NONE', *, *, #4150, .T. ) ;
#5094 = CARTESIAN_POINT ( 'NONE',  ( 0.2505000000000000560, 0.1360000007285000478, 0.001617446286575925781 ) ) ;
#5095 = EDGE_CURVE ( 'NONE', #4581, #8669, #2560, .T. ) ;
#5096 = DIRECTION ( 'NONE',  ( 1.000000000000000000, 0.000000000000000000, 0.000000000000000000 ) ) ;
#5097 = AXIS2_PLACEMENT_3D ( 'NONE', #5620, #3980, #7834 ) ;
#5098 = ORIENTED_EDGE ( 'NONE', *, *, #2823, .T. ) ;
#5099 = ORIENTED_EDGE ( 'NONE', *, *, #9507, .T. ) ;
#5100 = DIRECTION ( 'NONE',  ( 1.000000000000000000, 0.000000000000000000, 0.000000000000000000 ) ) ;
#5101 = ORIENTED_EDGE ( 'NONE', *, *, #5530, .T. ) ;
#5102 = AXIS2_PLACEMENT_3D ( 'NONE', #8719, #6464, #8015 ) ;
#5103 = VERTEX_POINT ( 'NONE', #4636 ) ;
#5104 =( LENGTH_UNIT ( ) NAMED_UNIT ( * ) SI_UNIT ( $, .METRE. ) );
#5105 = AXIS2_PLACEMENT_3D ( 'NONE', #4183, #3349, #5900 ) ;
#5106 = EDGE_CURVE ( 'NONE', #1044, #7200, #4527, .T. ) ;
#5107 = ADVANCED_FACE ( 'NONE', ( #8502 ), #6172, .T. ) ;
#5108 =( LENGTH_UNIT ( ) NAMED_UNIT ( * ) SI_UNIT ( $, .METRE. ) );
#5109 =( NAMED_UNIT ( * ) SI_UNIT ( $, .STERADIAN. ) SOLID_ANGLE_UNIT ( ) );
#5110 = DIRECTION ( 'NONE',  ( 1.000000000000000000, 0.000000000000000000, 0.000000000000000000 ) ) ;
#5111 = FILL_AREA_STYLE_COLOUR ( '', #4083 ) ;
#5112 = VERTEX_POINT ( 'NONE', #3663 ) ;
#5113 = VERTEX_POINT ( 'NONE', #9934 ) ;
#5114 = MECHANICAL_DESIGN_GEOMETRIC_PRESENTATION_REPRESENTATION (  '', ( #3629 ), #2489 ) ;
#5115 = FILL_AREA_STYLE_COLOUR ( '', #5693 ) ;
#5116 = DIRECTION ( 'NONE',  ( -0.7317656748678064149, -3.171291354520101101E-14, 0.6815563051467312672 ) ) ;
#5117 = DIRECTION ( 'NONE',  ( -1.000000000000000000, 0.000000000000000000, 0.000000000000000000 ) ) ;
#5118 = SURFACE_STYLE_FILL_AREA ( #1987 ) ;
#5119 =( GEOMETRIC_REPRESENTATION_CONTEXT ( 3 ) GLOBAL_UNCERTAINTY_ASSIGNED_CONTEXT ( ( #1091 ) ) GLOBAL_UNIT_ASSIGNED_CONTEXT ( ( #4690, #7169, #110 ) ) REPRESENTATION_CONTEXT ( 'NONE', 'WORKASPACE' ) );
#5120 = MECHANICAL_DESIGN_GEOMETRIC_PRESENTATION_REPRESENTATION (  '', ( #3809 ), #8241 ) ;
#5121 = DIRECTION ( 'NONE',  ( -7.072888957508350697E-13, -1.000000000000000000, -3.382833273299699765E-13 ) ) ;
#5122 = ORIENTED_EDGE ( 'NONE', *, *, #7880, .F. ) ;
#5123 = DIRECTION ( 'NONE',  ( 0.7386961399710608722, 0.000000000000000000, 0.6740385840527638450 ) ) ;
#5124 = FILL_AREA_STYLE ('',( #8225 ) ) ;
#5125 = CARTESIAN_POINT ( 'NONE',  ( 0.2019719905782999814, 0.1246118225996999951, -0.09915803054632991997 ) ) ;
#5126 =( GEOMETRIC_REPRESENTATION_CONTEXT ( 3 ) GLOBAL_UNCERTAINTY_ASSIGNED_CONTEXT ( ( #9581 ) ) GLOBAL_UNIT_ASSIGNED_CONTEXT ( ( #2869, #5139, #7515 ) ) REPRESENTATION_CONTEXT ( 'NONE', 'WORKASPACE' ) );
#5127 = DIRECTION ( 'NONE',  ( -0.000000000000000000, 1.000000000000000000, 0.000000000000000000 ) ) ;
#5128 = CARTESIAN_POINT ( 'NONE',  ( 0.2242884563516999996, 0.1140731207115999873, 0.01813454598509000107 ) ) ;
#5130 = FILL_AREA_STYLE_COLOUR ( '', #4392 ) ;
#5129 =( NAMED_UNIT ( * ) SI_UNIT ( $, .STERADIAN. ) SOLID_ANGLE_UNIT ( ) );
#5131 = CARTESIAN_POINT ( 'NONE',  ( 0.2270000000000000073, -0.0005000000000000000104, 0.1448810599014000167 ) ) ;
#5132 = ORIENTED_EDGE ( 'NONE', *, *, #4415, .F. ) ;
#5133 = DIRECTION ( 'NONE',  ( 1.596275407956000149E-12, -1.000000000000000000, 3.023406588938999813E-12 ) ) ;
#5134 = CARTESIAN_POINT ( 'NONE',  ( 0.2260000000000000064, 0.1097183664205999970, 0.000000000000000000 ) ) ;
#5135 = DIMENSIONAL_EXPONENTS ( 1.000000000000000000, 0.000000000000000000, 0.000000000000000000, 0.000000000000000000, 0.000000000000000000, 0.000000000000000000, 0.000000000000000000 ) ;
#5136 = ORIENTED_EDGE ( 'NONE', *, *, #6907, .T. ) ;
#5137 = ORIENTED_EDGE ( 'NONE', *, *, #2769, .T. ) ;
#5138 = CARTESIAN_POINT ( 'NONE',  ( 0.2505000008280999779, 0.1360000007284999923, 4.762032781991000445E-14 ) ) ;
#5139 =( NAMED_UNIT ( * ) PLANE_ANGLE_UNIT ( ) SI_UNIT ( $, .RADIAN. ) );
#5140 = MECHANICAL_DESIGN_GEOMETRIC_PRESENTATION_REPRESENTATION (  '', ( #9079 ), #3179 ) ;
#5141 = CARTESIAN_POINT ( 'NONE',  ( 0.2022273737319000009, 0.09299999999999999933, 0.09863614607992993166 ) ) ;
#5142 = EDGE_CURVE ( 'NONE', #5103, #9766, #3044, .T. ) ;
#5143 = SURFACE_STYLE_FILL_AREA ( #1294 ) ;
#5144 = CARTESIAN_POINT ( 'NONE',  ( 0.000000000000000000, 0.1689999999999999836, 0.000000000000000000 ) ) ;
#5145 = ORIENTED_EDGE ( 'NONE', *, *, #4458, .T. ) ;
#5146 = VERTEX_POINT ( 'NONE', #5264 ) ;
#5147 = CARTESIAN_POINT ( 'NONE',  ( 0.2361025303266000297, 0.05700000000000000205, -0.09895248947533996642 ) ) ;
#5148 = ORIENTED_EDGE ( 'NONE', *, *, #3634, .F. ) ;
#5149 = VECTOR ( 'NONE', #7760, 39.37007874015748143 ) ;
#5150 = COLOUR_RGB ( '',0.2509803921568627416, 0.2509803921568627416, 0.2509803921568627416 ) ;
#5151 = ADVANCED_FACE ( 'NONE', ( #1459 ), #303, .T. ) ;
#5152 = EDGE_LOOP ( 'NONE', ( #5695, #7980, #6022, #1634 ) ) ;
#5153 = CARTESIAN_POINT ( 'NONE',  ( 0.2079084974121000184, 0.09299999592610001808, -0.1195214798529999900 ) ) ;
#5154 = CARTESIAN_POINT ( 'NONE',  ( 0.2047651328492999800, 0.1143371685741000066, 0.1182212045712000004 ) ) ;
#5155 = AXIS2_PLACEMENT_3D ( 'NONE', #1793, #5794, #3579 ) ;
#5156 = LINE ( 'NONE', #1302, #2791 ) ;
#5157 = AXIS2_PLACEMENT_3D ( 'NONE', #4148, #7186, #128 ) ;
#5158 = AXIS2_PLACEMENT_3D ( 'NONE', #809, #2414, #5654 ) ;
#5159 = EDGE_CURVE ( 'NONE', #9860, #176, #3486, .T. ) ;
#5160 = CARTESIAN_POINT ( 'NONE',  ( 0.2019185730468008866, 0.09813383777630189930, 0.09926948351722066077 ) ) ;
#5161 = ORIENTED_EDGE ( 'NONE', *, *, #3824, .F. ) ;
#5162 = DIRECTION ( 'NONE',  ( -0.8164976167097107718, 0.000000000000000000, 0.5773488043699078753 ) ) ;
#5163 = AXIS2_PLACEMENT_3D ( 'NONE', #1678, #7241, #184 ) ;
#5164 = VERTEX_POINT ( 'NONE', #2672 ) ;
#5165 = EDGE_CURVE ( 'NONE', #3898, #9185, #7991, .T. ) ;
#5166 = EDGE_CURVE ( 'NONE', #8565, #670, #2818, .T. ) ;
#5167 = VECTOR ( 'NONE', #8973, 39.37007874015748143 ) ;
#5168 = CARTESIAN_POINT ( 'NONE',  ( 0.2481677881872360325, 0.1835047043285750468, 0.02826401508605630442 ) ) ;
#5169 = DIRECTION ( 'NONE',  ( -3.609230466829000081E-13, 1.000000000000000000, 4.015507733086999741E-13 ) ) ;
#5170 = LINE ( 'NONE', #7697, #5825 ) ;
#5171 = DIRECTION ( 'NONE',  ( 0.000000000000000000, 1.000000000000000000, 0.000000000000000000 ) ) ;
#5172 = CYLINDRICAL_SURFACE ( 'NONE', #3127, 0.2560000000000000053 ) ;
#5173 = CARTESIAN_POINT ( 'NONE',  ( 0.2494589144528999991, 0.000000000000000000, 0.05750000000000000250 ) ) ;
#5174 = ORIENTED_EDGE ( 'NONE', *, *, #1885, .F. ) ;
#5175 = CARTESIAN_POINT ( 'NONE',  ( 0.000000000000000000, 0.000000000000000000, 0.000000000000000000 ) ) ;
#5176 = EDGE_LOOP ( 'NONE', ( #1624, #3617, #10069, #2178 ) ) ;
#5177 = CARTESIAN_POINT ( 'NONE',  ( 0.08124038427137007801, -0.2780000003961000110, 0.09500000013517008457 ) ) ;
#5178 = CARTESIAN_POINT ( 'NONE',  ( 0.2017092755127038450, 0.09944668222971592142, -0.09969249284173321846 ) ) ;
#5179 = AXIS2_PLACEMENT_3D ( 'NONE', #3818, #2987, #9167 ) ;
#5180 = CARTESIAN_POINT ( 'NONE',  ( 0.2003413055393613307, 0.1323913538464102368, -0.1040303479246978136 ) ) ;
#5181 = CARTESIAN_POINT ( 'NONE',  ( 0.000000000000000000, -0.5929999999999999716, 0.000000000000000000 ) ) ;
#5183 = DIRECTION ( 'NONE',  ( 0.7431448254773762585, 0.000000000000000000, 0.6691306063588782216 ) ) ;
#5182 = PRESENTATION_STYLE_ASSIGNMENT (( #443 ) ) ;
#5184 = AXIS2_PLACEMENT_3D ( 'NONE', #9592, #8824, #24 ) ;
#5185 = FILL_AREA_STYLE_COLOUR ( '', #6702 ) ;
#5186 = ORIENTED_EDGE ( 'NONE', *, *, #8883, .F. ) ;
#5187 = CARTESIAN_POINT ( 'NONE',  ( 0.000000000000000000, -0.5830000000000000737, 0.000000000000000000 ) ) ;
#5188 = VERTEX_POINT ( 'NONE', #7452 ) ;
#5189 = ORIENTED_EDGE ( 'NONE', *, *, #75, .F. ) ;
#5190 = FACE_OUTER_BOUND ( 'NONE', #1570, .T. ) ;
#5191 = DIRECTION ( 'NONE',  ( 0.000000000000000000, 0.000000000000000000, 1.000000000000000000 ) ) ;
#5192 = AXIS2_PLACEMENT_3D ( 'NONE', #9425, #3101, #2440 ) ;
#5193 = VECTOR ( 'NONE', #1401, 39.37007874015748854 ) ;
#5194 =( LENGTH_UNIT ( ) NAMED_UNIT ( * ) SI_UNIT ( $, .METRE. ) );
#5195 = PLANE ( 'NONE',  #5089 ) ;
#5196 = CARTESIAN_POINT ( 'NONE',  ( 0.1962162643056999944, 0.1121440234381999995, 0.1101105310628999884 ) ) ;
#5197 = ORIENTED_EDGE ( 'NONE', *, *, #800, .F. ) ;
#5198 = ORIENTED_EDGE ( 'NONE', *, *, #1705, .T. ) ;
#5199 = DIRECTION ( 'NONE',  ( 0.4806308479691892011, 0.2756373558169938898, -0.8324770483674814869 ) ) ;
#5200 = ORIENTED_EDGE ( 'NONE', *, *, #750, .F. ) ;
#5201 = AXIS2_PLACEMENT_3D ( 'NONE', #9735, #1101, #8755 ) ;
#5202 = AXIS2_PLACEMENT_3D ( 'NONE', #4231, #7378, #8852 ) ;
#5203 = ORIENTED_EDGE ( 'NONE', *, *, #9313, .T. ) ;
#5204 = FACE_OUTER_BOUND ( 'NONE', #10068, .T. ) ;
#5205 = CIRCLE ( 'NONE', #9966, 0.2447931081451000246 ) ;
#5206 = DIRECTION ( 'NONE',  ( 0.000000000000000000, -1.000000000000000000, 0.000000000000000000 ) ) ;
#5207 = DIRECTION ( 'NONE',  ( 0.1822355254920840772, 1.099448765536082471E-14, -0.9832549075639663849 ) ) ;
#5208 = EDGE_CURVE ( 'NONE', #6406, #9357, #1803, .T. ) ;
#5209 = DIRECTION ( 'NONE',  ( 0.000000000000000000, 0.000000000000000000, -1.000000000000000000 ) ) ;
#5210 = CARTESIAN_POINT ( 'NONE',  ( 0.2014379957541862221, 0.1008027196919918794, 0.1002409376981518163 ) ) ;
#5211 = VECTOR ( 'NONE', #2860, 39.37007874015748143 ) ;
#5212 = CIRCLE ( 'NONE', #3577, 0.05549999999999998684 ) ;
#5213 = ORIENTED_EDGE ( 'NONE', *, *, #4160, .T. ) ;
#5214 = CARTESIAN_POINT ( 'NONE',  ( 0.002000000000000000042, 0.1789999999070069903, 0.2249917928997306749 ) ) ;
#5215 = ORIENTED_EDGE ( 'NONE', *, *, #8604, .F. ) ;
#5216 = AXIS2_PLACEMENT_3D ( 'NONE', #1461, #1356, #4591 ) ;
#5217 = ADVANCED_FACE ( 'NONE', ( #9664 ), #2065, .T. ) ;
#5218 = EDGE_CURVE ( 'NONE', #8680, #10124, #3376, .T. ) ;
#5219 = CIRCLE ( 'NONE', #1437, 0.004999999999999997502 ) ;
#5220 = DIRECTION ( 'NONE',  ( 0.000000000000000000, -1.000000000000000000, 0.000000000000000000 ) ) ;
#5221 = DIRECTION ( 'NONE',  ( 0.000000000000000000, -1.000000000000000000, 0.000000000000000000 ) ) ;
#5222 = DIRECTION ( 'NONE',  ( 0.6691306063575089835, 0.000000000000000000, -0.7431448254786090502 ) ) ;
#5223 = CARTESIAN_POINT ( 'NONE',  ( -0.2459489754869515765, -3.870559924350846128E-10, 0.04337696234754613578 ) ) ;
#5224 =( LENGTH_UNIT ( ) NAMED_UNIT ( * ) SI_UNIT ( $, .METRE. ) );
#5225 = CIRCLE ( 'NONE', #1454, 0.03900000000000000688 ) ;
#5226 = EDGE_CURVE ( 'NONE', #1950, #5572, #8960, .T. ) ;
#5227 = EDGE_CURVE ( 'NONE', #1190, #6040, #9235, .T. ) ;
#5228 = DIRECTION ( 'NONE',  ( 0.000000000000000000, -1.000000000000000000, 0.000000000000000000 ) ) ;
#5229 = CARTESIAN_POINT ( 'NONE',  ( -0.07866463296489999146, 0.1890000000000000291, -0.2161293027807999756 ) ) ;
#5230 = ORIENTED_EDGE ( 'NONE', *, *, #4466, .T. ) ;
#5231 = CARTESIAN_POINT ( 'NONE',  ( 0.02200000000000000219, 0.4210000000000000409, 0.2190000000000000002 ) ) ;
#5232 = VECTOR ( 'NONE', #8380, 39.37007874015748143 ) ;
#5233 = STYLED_ITEM ( 'NONE', ( #9217 ), #5032 ) ;
#5234 = CARTESIAN_POINT ( 'NONE',  ( 0.03099999999999999978, 0.1740000000000000158, 0.2090000000000000191 ) ) ;
#5235 = DIRECTION ( 'NONE',  ( 0.7071067820472509702, 0.7071067803258440643, 0.000000000000000000 ) ) ;
#5236 = CARTESIAN_POINT ( 'NONE',  ( 0.1922355013480689934, 0.1084981676538067513, 0.1169209709472272957 ) ) ;
#5237 = ADVANCED_FACE ( 'NONE', ( #3633 ), #9186, .T. ) ;
#5238 = ADVANCED_FACE ( 'NONE', ( #2151 ), #5285, .T. ) ;
#5240 = LINE ( 'NONE', #5083, #5211 ) ;
#5239 =( LENGTH_UNIT ( ) NAMED_UNIT ( * ) SI_UNIT ( $, .METRE. ) );
#5241 = CARTESIAN_POINT ( 'NONE',  ( 0.1957319595774000276, 0.05700000000000000205, -0.1650000000000000078 ) ) ;
#5242 = ORIENTED_EDGE ( 'NONE', *, *, #9507, .F. ) ;
#5243 = DIRECTION ( 'NONE',  ( 1.000000000000000000, 0.000000000000000000, 0.000000000000000000 ) ) ;
#5244 = DIRECTION ( 'NONE',  ( 0.000000000000000000, 1.000000000000000000, 0.000000000000000000 ) ) ;
#5245 = ORIENTED_EDGE ( 'NONE', *, *, #689, .F. ) ;
#5246 = ORIENTED_EDGE ( 'NONE', *, *, #438, .T. ) ;
#5247 = CARTESIAN_POINT ( 'NONE',  ( 0.2475088244490180334, 0.1332916656200844596, 0.008823608307930415687 ) ) ;
#5248 = PLANE ( 'NONE',  #4311 ) ;
#5249 = CARTESIAN_POINT ( 'NONE',  ( 0.2494589144528999991, 0.05700000000000000205, 0.05750000000000000250 ) ) ;
#5250 = DIRECTION ( 'NONE',  ( -6.733436997458963837E-08, -0.9999999999999976685, -1.156482647740993258E-09 ) ) ;
#5251 = DIRECTION ( 'NONE',  ( 0.000000000000000000, 0.000000000000000000, -1.000000000000000000 ) ) ;
#5252 = CARTESIAN_POINT ( 'NONE',  ( 0.000000000000000000, -0.007000000000000001013, 0.000000000000000000 ) ) ;
#5253 = ORIENTED_EDGE ( 'NONE', *, *, #750, .T. ) ;
#5254 = VERTEX_POINT ( 'NONE', #3739 ) ;
#5255 = AXIS2_PLACEMENT_3D ( 'NONE', #8333, #4463, #1129 ) ;
#5256 = LENGTH_MEASURE_WITH_UNIT ( LENGTH_MEASURE( 0.02539999999999999897 ), #6991 );
#5257 = ORIENTED_EDGE ( 'NONE', *, *, #3021, .T. ) ;
#5258 = ORIENTED_EDGE ( 'NONE', *, *, #4654, .T. ) ;
#5259 = SURFACE_SIDE_STYLE ('',( #9161 ) ) ;
#5260 = LINE ( 'NONE', #6082, #8810 ) ;
#5261 = DIRECTION ( 'NONE',  ( 0.000000000000000000, 1.000000000000000000, 0.000000000000000000 ) ) ;
#5262 = COLOUR_RGB ( '',0.2509803921568627416, 0.2509803921568627416, 0.2509803921568627416 ) ;
#5263 =( CONVERSION_BASED_UNIT ( 'INCH', #2183 ) LENGTH_UNIT ( ) NAMED_UNIT ( #1051 ) );
#5264 = CARTESIAN_POINT ( 'NONE',  ( -0.08124038389382991221, -0.1110000000000000014, -0.09500000004726004421 ) ) ;
#5265 = DIRECTION ( 'NONE',  ( 0.4974868951307762632, 0.8674714918503892980, 0.000000000000000000 ) ) ;
#5266 = DIRECTION ( 'NONE',  ( -0.000000000000000000, 1.000000000000000000, 0.000000000000000000 ) ) ;
#5267 = EDGE_LOOP ( 'NONE', ( #8713, #958, #6645 ) ) ;
#5268 = DIRECTION ( 'NONE',  ( 0.000000000000000000, -1.000000000000000000, 0.000000000000000000 ) ) ;
#5269 = VERTEX_POINT ( 'NONE', #5177 ) ;
#5270 = AXIS2_PLACEMENT_3D ( 'NONE', #1681, #2506, #3998 ) ;
#5271 =( GEOMETRIC_REPRESENTATION_CONTEXT ( 3 ) GLOBAL_UNCERTAINTY_ASSIGNED_CONTEXT ( ( #8089 ) ) GLOBAL_UNIT_ASSIGNED_CONTEXT ( ( #9569, #7220, #2812 ) ) REPRESENTATION_CONTEXT ( 'NONE', 'WORKASPACE' ) );
#5272 = DIRECTION ( 'NONE',  ( -0.3746065928829994673, -7.731910549621978898E-13, -0.9271838547820979715 ) ) ;
#5273 =( NAMED_UNIT ( * ) SI_UNIT ( $, .STERADIAN. ) SOLID_ANGLE_UNIT ( ) );
#5274 = LINE ( 'NONE', #8411, #5488 ) ;
#5275 = PLANE ( 'NONE',  #5470 ) ;
#5276 = FACE_BOUND ( 'NONE', #3865, .T. ) ;
#5277 = SURFACE_STYLE_USAGE ( .BOTH. , #4448 ) ;
#5278 = CARTESIAN_POINT ( 'NONE',  ( 0.08124038427137007801, -0.2780000003961000110, 0.09500000013517008457 ) ) ;
#5279 = CIRCLE ( 'NONE', #835, 0.2249999999999999778 ) ;
#5280 = ADVANCED_FACE ( 'NONE', ( #1371 ), #4509, .F. ) ;
#5281 = VERTEX_POINT ( 'NONE', #8326 ) ;
#5282 = DIRECTION ( 'NONE',  ( 1.000000000000000000, 0.000000000000000000, 0.000000000000000000 ) ) ;
#5283 = ORIENTED_EDGE ( 'NONE', *, *, #9561, .F. ) ;
#5284 = EDGE_CURVE ( 'NONE', #8174, #7612, #5333, .T. ) ;
#5285 = CYLINDRICAL_SURFACE ( 'NONE', #5028, 0.2249999999999999778 ) ;
#5286 = FACE_OUTER_BOUND ( 'NONE', #5318, .T. ) ;
#5287 = DIRECTION ( 'NONE',  ( -0.1940769632661985267, 0.000000000000000000, -0.9809863058826920890 ) ) ;
#5289 = PRESENTATION_STYLE_ASSIGNMENT (( #2771 ) ) ;
#5288 = LINE ( 'NONE', #7756, #8239 ) ;
#5290 = CARTESIAN_POINT ( 'NONE',  ( -0.06300000000000000044, 0.1290000000000000036, -0.2235999999999999932 ) ) ;
#5291 = ADVANCED_FACE ( 'NONE', ( #638 ), #3790, .F. ) ;
#5292 = ORIENTED_EDGE ( 'NONE', *, *, #3406, .T. ) ;
#5293 = CARTESIAN_POINT ( 'NONE',  ( 0.2190888100980001030, 0.1806233514718999233, -0.08302119515355997625 ) ) ;
#5294 = CARTESIAN_POINT ( 'NONE',  ( 0.2009651616852000666, 0.1806233514718999511, 0.1630418025415999728 ) ) ;
#5295 = ORIENTED_EDGE ( 'NONE', *, *, #9820, .F. ) ;
#5296 = EDGE_CURVE ( 'NONE', #4462, #1306, #7549, .T. ) ;
#5297 = VECTOR ( 'NONE', #95, 39.37007874015748143 ) ;
#5298 = EDGE_CURVE ( 'NONE', #2550, #414, #9625, .T. ) ;
#5299 = ORIENTED_EDGE ( 'NONE', *, *, #6809, .F. ) ;
#5300 = CARTESIAN_POINT ( 'NONE',  ( 0.2303366875037682893, 0.1285884958620201468, 0.01335418515967443445 ) ) ;
#5301 = DIRECTION ( 'NONE',  ( 0.000000000000000000, -1.000000000000000000, 0.000000000000000000 ) ) ;
#5302 = CARTESIAN_POINT ( 'NONE',  ( 0.1906683963367000190, 0.09455266985233996835, 0.1194594669483999977 ) ) ;
#5303 = CIRCLE ( 'NONE', #5633, 0.2497447916667000778 ) ;
#5304 = CARTESIAN_POINT ( 'NONE',  ( 0.08124038404296003713, -0.1110000000000000014, -0.09500000000000001499 ) ) ;
#5305 =( NAMED_UNIT ( * ) SI_UNIT ( $, .STERADIAN. ) SOLID_ANGLE_UNIT ( ) );
#5306 = DIRECTION ( 'NONE',  ( -0.6691306063624028466, 0.000000000000000000, 0.7431448254742029080 ) ) ;
#5307 = ORIENTED_EDGE ( 'NONE', *, *, #428, .T. ) ;
#5308 = VERTEX_POINT ( 'NONE', #7802 ) ;
#5309 = ORIENTED_EDGE ( 'NONE', *, *, #4036, .F. ) ;
#5310 = PRESENTATION_STYLE_ASSIGNMENT (( #8398 ) ) ;
#5311 = CYLINDRICAL_SURFACE ( 'NONE', #4224, 0.01149999999999999634 ) ;
#5312 = DIRECTION ( 'NONE',  ( 0.000000000000000000, -1.000000000000000000, 0.000000000000000000 ) ) ;
#5313 = DIRECTION ( 'NONE',  ( -2.260670604097999988E-09, 1.000000000000000000, -5.263669560909000548E-10 ) ) ;
#5314 = CARTESIAN_POINT ( 'NONE',  ( -0.05600000000000000810, 0.1640000000000000069, -0.2350000000000000144 ) ) ;
#5315 = PLANE ( 'NONE',  #7587 ) ;
#5316 = VECTOR ( 'NONE', #3781, 39.37007874015748143 ) ;
#5317 = CARTESIAN_POINT ( 'NONE',  ( 0.01200000000000000025, 0.4210000000000000409, -0.2235999999999999932 ) ) ;
#5318 = EDGE_LOOP ( 'NONE', ( #5863, #7820 ) ) ;
#5319 = ORIENTED_EDGE ( 'NONE', *, *, #9684, .T. ) ;
#5320 = AXIS2_PLACEMENT_3D ( 'NONE', #4446, #2245, #6096 ) ;
#5321 = CARTESIAN_POINT ( 'NONE',  ( 0.05099999999999999672, 0.09299999999999999933, 0.2350000000000000144 ) ) ;
#5322 = AXIS2_PLACEMENT_3D ( 'NONE', #4028, #4688, #3251 ) ;
#5323 =( NAMED_UNIT ( * ) PLANE_ANGLE_UNIT ( ) SI_UNIT ( $, .RADIAN. ) );
#5324 = DIRECTION ( 'NONE',  ( 0.9744488845814902600, 0.000000000000000000, -0.2246093749999980571 ) ) ;
#5325 = CARTESIAN_POINT ( 'NONE',  ( 0.1938026504681999995, 0.03950000000000000039, -0.1495466431144999997 ) ) ;
#5326 = CARTESIAN_POINT ( 'NONE',  ( -0.006000000000000000125, 0.1869857826391189137, -0.2447782622464609037 ) ) ;
#5327 = DIRECTION ( 'NONE',  ( 0.6691306063376174507, 1.078502362840027019E-12, 0.7431448254965195011 ) ) ;
#5328 = DIRECTION ( 'NONE',  ( 0.03582403424284935634, 0.9993360567820811502, -0.006639592292323881831 ) ) ;
#5329 = ORIENTED_EDGE ( 'NONE', *, *, #1436, .F. ) ;
#5330 = CARTESIAN_POINT ( 'NONE',  ( 0.1985796347882576585, 0.1870093389219781022, -0.1431452897239006428 ) ) ;
#5331 = CIRCLE ( 'NONE', #889, 0.01999999999999999348 ) ;
#5332 = AXIS2_PLACEMENT_3D ( 'NONE', #6155, #8572, #1479 ) ;
#5333 = LINE ( 'NONE', #8520, #579 ) ;
#5334 = ADVANCED_FACE ( 'NONE', ( #3221 ), #3995, .T. ) ;
#5335 = PRESENTATION_STYLE_ASSIGNMENT (( #5385 ) ) ;
#5336 = CARTESIAN_POINT ( 'NONE',  ( 0.000000000000000000, -0.08700000000000000788, 0.000000000000000000 ) ) ;
#5337 = DIRECTION ( 'NONE',  ( 0.6691306063622421973, 0.000000000000000000, 0.7431448254743472370 ) ) ;
#5339 = CARTESIAN_POINT ( 'NONE',  ( 0.2247669983236769142, 0.1030818145072555925, -0.01030124147871949378 ) ) ;
#5338 = CYLINDRICAL_SURFACE ( 'NONE', #3300, 0.09650000000000000244 ) ;
#5340 = DIRECTION ( 'NONE',  ( 0.6963640177416061672, -0.7071069991187062254, -0.1227878112522010345 ) ) ;
#5341 = EDGE_CURVE ( 'NONE', #2992, #3752, #8770, .T. ) ;
#5342 = VERTEX_POINT ( 'NONE', #9337 ) ;
#5343 = CARTESIAN_POINT ( 'NONE',  ( 0.2372431485388999395, 0.1806233514718999233, -0.1369723956722999902 ) ) ;
#5344 = AXIS2_PLACEMENT_3D ( 'NONE', #4362, #4414, #9853 ) ;
#5345 = ORIENTED_EDGE ( 'NONE', *, *, #3269, .T. ) ;
#5346 = EDGE_CURVE ( 'NONE', #1652, #3611, #7856, .T. ) ;
#5347 = EDGE_CURVE ( 'NONE', #9603, #3722, #5482, .T. ) ;
#5348 = ORIENTED_EDGE ( 'NONE', *, *, #9290, .F. ) ;
#5349 = CARTESIAN_POINT ( 'NONE',  ( 0.1953572895078000138, 0.1889999999999000257, 0.1324066776003000045 ) ) ;
#5350 = CARTESIAN_POINT ( 'NONE',  ( 0.2140474453569369551, 0.1270365188113956323, 0.1071886961865053806 ) ) ;
#5351 = DIRECTION ( 'NONE',  ( 1.000000000000000000, -4.946859880419070941E-13, 0.000000000000000000 ) ) ;
#5352 = EDGE_CURVE ( 'NONE', #5269, #846, #2881, .T. ) ;
#5353 = DIRECTION ( 'NONE',  ( -1.702215485629000277E-14, -1.000000000000000000, -6.785064522075000150E-14 ) ) ;
#5354 = EDGE_CURVE ( 'NONE', #9044, #3451, #424, .T. ) ;
#5355 = DIRECTION ( 'NONE',  ( 0.000000000000000000, -1.000000000000000000, 0.000000000000000000 ) ) ;
#5356 = DIRECTION ( 'NONE',  ( 0.4806308479691893676, 0.2756373558169937787, 0.8324770483674814869 ) ) ;
#5357 = CARTESIAN_POINT ( 'NONE',  ( 0.1691355932955000141, 0.1849999999999999978, 0.1813757180014999859 ) ) ;
#5358 = EDGE_LOOP ( 'NONE', ( #7560, #707 ) ) ;
#5359 = ORIENTED_EDGE ( 'NONE', *, *, #1449, .T. ) ;
#5360 = EDGE_LOOP ( 'NONE', ( #7661, #6893, #745, #2844 ) ) ;
#5361 = CIRCLE ( 'NONE', #5192, 0.2559999999999999498 ) ;
#5362 = LINE ( 'NONE', #2281, #3723 ) ;
#5363 = CARTESIAN_POINT ( 'NONE',  ( 0.1851722279837000051, 0.1140731207115999873, -0.1278492056850999981 ) ) ;
#5364 = CARTESIAN_POINT ( 'NONE',  ( 0.2279514360087337987, 0.08556696679425232488, 0.1012253631561894074 ) ) ;
#5365 = DIRECTION ( 'NONE',  ( 0.000000000000000000, -1.000000000000000000, 0.000000000000000000 ) ) ;
#5366 = FACE_OUTER_BOUND ( 'NONE', #5613, .T. ) ;
#5367 = ORIENTED_EDGE ( 'NONE', *, *, #5159, .F. ) ;
#5368 = DIRECTION ( 'NONE',  ( 0.9920190215490920504, 0.000000000000000000, 0.1260883059001990381 ) ) ;
#5369 = ORIENTED_EDGE ( 'NONE', *, *, #9928, .F. ) ;
#5370 = COLOUR_RGB ( '',0.2509803921568627416, 0.2509803921568627416, 0.2509803921568627416 ) ;
#5371 = VECTOR ( 'NONE', #1659, 39.37007874015748143 ) ;
#5372 = DIRECTION ( 'NONE',  ( 0.6691306063589282926, 0.000000000000000000, -0.7431448254773312945 ) ) ;
#5373 = CARTESIAN_POINT ( 'NONE',  ( 0.1911340067463000170, 0.1143371685741000066, 0.1035858910738000072 ) ) ;
#5374 = PLANE ( 'NONE',  #4010 ) ;
#5375 =( NAMED_UNIT ( * ) PLANE_ANGLE_UNIT ( ) SI_UNIT ( $, .RADIAN. ) );
#5376 = FACE_OUTER_BOUND ( 'NONE', #146, .T. ) ;
#5377 = AXIS2_PLACEMENT_3D ( 'NONE', #2870, #4374, #557 ) ;
#5378 = LINE ( 'NONE', #10001, #6594 ) ;
#5379 = VECTOR ( 'NONE', #8368, 39.37007874015748854 ) ;
#5380 = FACE_OUTER_BOUND ( 'NONE', #9757, .T. ) ;
#5381 = ORIENTED_EDGE ( 'NONE', *, *, #4397, .T. ) ;
#5382 = VECTOR ( 'NONE', #5607, 39.37007874015748143 ) ;
#5383 = CIRCLE ( 'NONE', #7847, 0.2250000000000000056 ) ;
#5384 = VECTOR ( 'NONE', #9271, 39.37007874015748143 ) ;
#5385 = SURFACE_STYLE_USAGE ( .BOTH. , #9954 ) ;
#5386 = CARTESIAN_POINT ( 'NONE',  ( -0.2393379827818000183, 0.1841728378957999956, 0.04220174387277000200 ) ) ;
#5387 = CARTESIAN_POINT ( 'NONE',  ( 0.05099999999999999672, 0.09299999999999999933, -0.2191437884130000013 ) ) ;
#5389 = CARTESIAN_POINT ( 'NONE',  ( 0.2247279275256344189, 0.1054416237087818370, -0.01108344022877550544 ) ) ;
#5388 = CYLINDRICAL_SURFACE ( 'NONE', #8714, 0.01149999999999999981 ) ;
#5390 = MECHANICAL_DESIGN_GEOMETRIC_PRESENTATION_REPRESENTATION (  '', ( #5555 ), #957 ) ;
#5391 = LINE ( 'NONE', #6315, #5711 ) ;
#5392 = EDGE_LOOP ( 'NONE', ( #6377, #1498, #5497, #1720, #8085, #2822, #4649, #5004, #9244, #9115 ) ) ;
#5393 = CARTESIAN_POINT ( 'NONE',  ( -0.06300000000000000044, 0.1740000000000000158, -0.2235999999999999932 ) ) ;
#5394 = LINE ( 'NONE', #4619, #4808 ) ;
#5395 = AXIS2_PLACEMENT_3D ( 'NONE', #9876, #2640, #8906 ) ;
#5396 = ORIENTED_EDGE ( 'NONE', *, *, #175, .F. ) ;
#5397 = ADVANCED_FACE ( 'NONE', ( #3268 ), #6681, .T. ) ;
#5398 = ORIENTED_EDGE ( 'NONE', *, *, #5341, .F. ) ;
#5399 = CARTESIAN_POINT ( 'NONE',  ( 0.2010281919409555584, 0.1829886275465665291, 0.1491145543084152758 ) ) ;
#5400 = CARTESIAN_POINT ( 'NONE',  ( 0.2126312849058716870, 0.1264539584646221515, 0.1060681795082073081 ) ) ;
#5401 = DIRECTION ( 'NONE',  ( 1.000000000000000000, 0.000000000000000000, 0.000000000000000000 ) ) ;
#5402 =( NAMED_UNIT ( * ) PLANE_ANGLE_UNIT ( ) SI_UNIT ( $, .RADIAN. ) );
#5403 = CARTESIAN_POINT ( 'NONE',  ( 0.1988719531242000016, 0.09299999999999999933, 0.1427361623973000260 ) ) ;
#5404 = DIRECTION ( 'NONE',  ( 0.000000000000000000, -1.000000000000000000, 0.000000000000000000 ) ) ;
#5405 = FACE_OUTER_BOUND ( 'NONE', #7203, .T. ) ;
#5406 = ADVANCED_FACE ( 'NONE', ( #4709 ), #7857, .F. ) ;
#5407 = EDGE_LOOP ( 'NONE', ( #9833, #10065 ) ) ;
#5408 = ORIENTED_EDGE ( 'NONE', *, *, #3216, .F. ) ;
#5409 = EDGE_CURVE ( 'NONE', #8449, #7232, #2073, .T. ) ;
#5410 = VERTEX_POINT ( 'NONE', #1109 ) ;
#5411 = CARTESIAN_POINT ( 'NONE',  ( 0.1908907148530000208, 0.09299999999999999933, 0.1191038831563999978 ) ) ;
#5412 = LINE ( 'NONE', #9411, #9953 ) ;
#5413 = SURFACE_STYLE_FILL_AREA ( #9363 ) ;
#5414 = LINE ( 'NONE', #2286, #6969 ) ;
#5415 = DIRECTION ( 'NONE',  ( -0.9271838545667933085, 0.000000000000000000, 0.3746065934158975819 ) ) ;
#5416 = CARTESIAN_POINT ( 'NONE',  ( 0.1880946783607135575, 0.1294278841101787203, -0.1234957132612105463 ) ) ;
#5417 = CARTESIAN_POINT ( 'NONE',  ( 0.2360000000000000153, 0.000000000000000000, 0.000000000000000000 ) ) ;
#5418 = EDGE_CURVE ( 'NONE', #3220, #1099, #959, .T. ) ;
#5419 = ORIENTED_EDGE ( 'NONE', *, *, #6611, .T. ) ;
#5420 = CARTESIAN_POINT ( 'NONE',  ( 0.000000000000000000, 0.000000000000000000, 0.000000000000000000 ) ) ;
#5421 = EDGE_CURVE ( 'NONE', #9454, #7985, #2611, .T. ) ;
#5422 = ADVANCED_FACE ( 'NONE', ( #376 ), #7393, .T. ) ;
#5423 = MECHANICAL_DESIGN_GEOMETRIC_PRESENTATION_REPRESENTATION (  '', ( #4599 ), #4437 ) ;
#5424 = DIRECTION ( 'NONE',  ( -0.7317656748678063039, -3.171291354520100469E-14, 0.6815563051467311562 ) ) ;
#5425 = CARTESIAN_POINT ( 'NONE',  ( 0.000000000000000000, -0.007000000000000001013, 0.000000000000000000 ) ) ;
#5426 = SURFACE_SIDE_STYLE ('',( #2293 ) ) ;
#5427 = CARTESIAN_POINT ( 'NONE',  ( 0.2286532714135551814, 0.1298120549071190566, -0.01250150240071842660 ) ) ;
#5428 = ORIENTED_EDGE ( 'NONE', *, *, #4726, .T. ) ;
#5429 = VERTEX_POINT ( 'NONE', #3315 ) ;
#5430 =( GEOMETRIC_REPRESENTATION_CONTEXT ( 3 ) GLOBAL_UNCERTAINTY_ASSIGNED_CONTEXT ( ( #1602 ) ) GLOBAL_UNIT_ASSIGNED_CONTEXT ( ( #9240, #4512, #2965 ) ) REPRESENTATION_CONTEXT ( 'NONE', 'WORKASPACE' ) );
#5431 = ORIENTED_EDGE ( 'NONE', *, *, #1256, .T. ) ;
#5432 = AXIS2_PLACEMENT_3D ( 'NONE', #2999, #3105, #6921 ) ;
#5433 = DIRECTION ( 'NONE',  ( 0.9919806011652524402, 0.000000000000000000, 0.1263902168358940759 ) ) ;
#5434 = STYLED_ITEM ( 'NONE', ( #6050 ), #9738 ) ;
#5436 = DIRECTION ( 'NONE',  ( -0.9832549075639646086, 0.000000000000000000, -0.1822355254920934309 ) ) ;
#5435 = PRESENTATION_STYLE_ASSIGNMENT (( #1528 ) ) ;
#5437 = DIRECTION ( 'NONE',  ( 0.000000000000000000, 1.000000000000000000, 0.000000000000000000 ) ) ;
#5438 = ORIENTED_EDGE ( 'NONE', *, *, #9733, .F. ) ;
#5439 = CARTESIAN_POINT ( 'NONE',  ( 0.2195969969369999386, 0.1889420390995998067, -0.1076061967319000418 ) ) ;
#5440 = ORIENTED_EDGE ( 'NONE', *, *, #4334, .F. ) ;
#5441 = CARTESIAN_POINT ( 'NONE',  ( 0.2363747572010001519, 0.1674787285195998843, 0.1364710296995999828 ) ) ;
#5442 = DIRECTION ( 'NONE',  ( -1.664405852566999935E-13, 0.000000000000000000, -1.000000000000000000 ) ) ;
#5443 = ORIENTED_EDGE ( 'NONE', *, *, #9290, .T. ) ;
#5444 = CIRCLE ( 'NONE', #5940, 0.2250000000000000611 ) ;
#5445 = CARTESIAN_POINT ( 'NONE',  ( 0.2360000000000000153, 0.1890000000000000291, 0.000000000000000000 ) ) ;
#5446 = ORIENTED_EDGE ( 'NONE', *, *, #827, .T. ) ;
#5447 = CARTESIAN_POINT ( 'NONE',  ( 0.2135143325064278175, 0.1267652443192099909, 0.1067349598836354468 ) ) ;
#5448 = CARTESIAN_POINT ( 'NONE',  ( 0.1906471184636999994, 0.09474985947455001611, 0.1194934149712000016 ) ) ;
#5449 = CARTESIAN_POINT ( 'NONE',  ( 0.1988719531242000016, 0.09299999999999999933, -0.1427361623973000260 ) ) ;
#5450 = CARTESIAN_POINT ( 'NONE',  ( 0.2413819952931000046, 0.05700000000000000205, 0.1180000000000000077 ) ) ;
#5451 = CARTESIAN_POINT ( 'NONE',  ( -0.05600000000000000810, 0.1640000000000000069, 0.2350000000000000144 ) ) ;
#5452 = ORIENTED_EDGE ( 'NONE', *, *, #9165, .F. ) ;
#5453 = ORIENTED_EDGE ( 'NONE', *, *, #9410, .T. ) ;
#5454 = EDGE_LOOP ( 'NONE', ( #2784, #6185, #898, #6210 ) ) ;
#5455 = DIRECTION ( 'NONE',  ( -0.9271838545667933085, 0.000000000000000000, -0.3746065934158975819 ) ) ;
#5456 = EDGE_CURVE ( 'NONE', #8149, #5112, #3712, .T. ) ;
#5457 = CIRCLE ( 'NONE', #6783, 0.2249999999999998945 ) ;
#5458 = CARTESIAN_POINT ( 'NONE',  ( 0.2575799186524110884, 0.1349636677496883486, 0.005677270943702560427 ) ) ;
#5459 = SURFACE_SIDE_STYLE ('',( #5413 ) ) ;
#5460 = CARTESIAN_POINT ( 'NONE',  ( 0.2247223807854516475, 0.1061557578873333491, 0.01123726620513058362 ) ) ;
#5461 = DIRECTION ( 'NONE',  ( -6.892597239572000248E-14, -1.000000000000000000, -4.306802995657999870E-14 ) ) ;
#5462 = CARTESIAN_POINT ( 'NONE',  ( 0.1900807159121999934, 0.1330108282678000020, -0.1203923645349000010 ) ) ;
#5463 = FACE_OUTER_BOUND ( 'NONE', #7216, .T. ) ;
#5464 = EDGE_CURVE ( 'NONE', #5662, #9044, #3431, .T. ) ;
#5465 = ORIENTED_EDGE ( 'NONE', *, *, #6863, .F. ) ;
#5466 = CARTESIAN_POINT ( 'NONE',  ( 0.000000000000000000, 0.1890000000000000291, 0.000000000000000000 ) ) ;
#5467 = FACE_OUTER_BOUND ( 'NONE', #1732, .T. ) ;
#5468 = ADVANCED_FACE ( 'NONE', ( #2749 ), #2707, .F. ) ;
#5469 = LENGTH_MEASURE_WITH_UNIT ( LENGTH_MEASURE( 0.02539999999999999897 ), #1515 );
#5470 = AXIS2_PLACEMENT_3D ( 'NONE', #473, #3623, #6826 ) ;
#5471 = CARTESIAN_POINT ( 'NONE',  ( 0.2466823682152276820, 0.1848844441642680247, -0.02714831976139171418 ) ) ;
#5472 = CARTESIAN_POINT ( 'NONE',  ( 0.2335894202211855064, 0.1267363217002380471, -0.01434938986735311006 ) ) ;
#5473 = ADVANCED_FACE ( 'NONE', ( #8919 ), #9591, .T. ) ;
#5474 = ORIENTED_EDGE ( 'NONE', *, *, #3583, .T. ) ;
#5475 = EDGE_CURVE ( 'NONE', #2582, #6316, #3677, .T. ) ;
#5476 = DIRECTION ( 'NONE',  ( 0.000000000000000000, -1.000000000000000000, 0.000000000000000000 ) ) ;
#5477 = ORIENTED_EDGE ( 'NONE', *, *, #3320, .T. ) ;
#5478 = VECTOR ( 'NONE', #902, 39.37007874015748143 ) ;
#5479 = CONICAL_SURFACE ( 'NONE', #1875, 0.07449999999997991562, 0.5235987755981996727 ) ;
#5480 = CONICAL_SURFACE ( 'NONE', #9263, 0.1200000009759000091, 0.7853981646146668272 ) ;
#5481 = EDGE_LOOP ( 'NONE', ( #9878, #9867, #7917, #10189, #7930, #9515 ) ) ;
#5482 = LINE ( 'NONE', #7904, #4693 ) ;
#5483 = FACE_OUTER_BOUND ( 'NONE', #5176, .T. ) ;
#5484 = DIRECTION ( 'NONE',  ( 1.000000000000000000, 0.000000000000000000, 0.000000000000000000 ) ) ;
#5485 = DIRECTION ( 'NONE',  ( 0.8660254037845409592, -1.549013945404075125E-14, 0.4999999999998229749 ) ) ;
#5487 = CARTESIAN_POINT ( 'NONE',  ( -0.08755715669137008328, 0.000000000000000000, -0.2405613109212000056 ) ) ;
#5486 = SURFACE_STYLE_FILL_AREA ( #143 ) ;
#5488 = VECTOR ( 'NONE', #1413, 39.37007874015748854 ) ;
#5489 = MECHANICAL_DESIGN_GEOMETRIC_PRESENTATION_REPRESENTATION (  '', ( #5981 ), #3847 ) ;
#5490 = CIRCLE ( 'NONE', #234, 0.2249999999999998945 ) ;
#5491 = CARTESIAN_POINT ( 'NONE',  ( 0.01694845125667999997, -0.1110000000000000014, 0.09500000000000001499 ) ) ;
#5492 = VERTEX_POINT ( 'NONE', #2553 ) ;
#5493 = CARTESIAN_POINT ( 'NONE',  ( 0.1820490601998999425, 0.1674787285197000819, -0.1474271263085999983 ) ) ;
#5494 = ORIENTED_EDGE ( 'NONE', *, *, #2655, .F. ) ;
#5495 = FILL_AREA_STYLE ('',( #10172 ) ) ;
#5496 = CARTESIAN_POINT ( 'NONE',  ( -0.2462023121929558522, 0.05633333333320005021, 0.04341211035241575311 ) ) ;
#5497 = ORIENTED_EDGE ( 'NONE', *, *, #606, .F. ) ;
#5498 = CIRCLE ( 'NONE', #392, 0.2300000000000000377 ) ;
#5499 = CARTESIAN_POINT ( 'NONE',  ( 0.2167442292246603841, 0.1294872749755260066, -0.1103992449461302094 ) ) ;
#5500 = ORIENTED_EDGE ( 'NONE', *, *, #9058, .T. ) ;
#5501 = CARTESIAN_POINT ( 'NONE',  ( 0.2091088084665053692, 0.1269033070547241071, 0.1042622818079583652 ) ) ;
#5502 = DIRECTION ( 'NONE',  ( 1.000000000000000000, 0.000000000000000000, 0.000000000000000000 ) ) ;
#5503 = STYLED_ITEM ( 'NONE', ( #4645 ), #2002 ) ;
#5504 = CARTESIAN_POINT ( 'NONE',  ( 0.1980717956639000132, 0.09300000000562994029, 0.1226855494791999901 ) ) ;
#5505 = CARTESIAN_POINT ( 'NONE',  ( 0.2555618371489001839, 0.1806233488420000977, 0.04071576114284999881 ) ) ;
#5506 = DIRECTION ( 'NONE',  ( 0.000000000000000000, 0.000000000000000000, -1.000000000000000000 ) ) ;
#5507 = ORIENTED_EDGE ( 'NONE', *, *, #4587, .T. ) ;
#5508 = ORIENTED_EDGE ( 'NONE', *, *, #8499, .F. ) ;
#5509 = UNCERTAINTY_MEASURE_WITH_UNIT (LENGTH_MEASURE( 1.000000000000000082E-05 ), #2300, 'distance_accuracy_value', 'NONE');
#5510 = ORIENTED_EDGE ( 'NONE', *, *, #1712, .F. ) ;
#5511 =( LENGTH_UNIT ( ) NAMED_UNIT ( * ) SI_UNIT ( $, .METRE. ) );
#5512 = DIRECTION ( 'NONE',  ( 0.000000000000000000, 1.000000000000000000, 0.000000000000000000 ) ) ;
#5513 = AXIS2_PLACEMENT_3D ( 'NONE', #3769, #5415, #519 ) ;
#5514 = CYLINDRICAL_SURFACE ( 'NONE', #1876, 0.01999999999999999001 ) ;
#5515 = CARTESIAN_POINT ( 'NONE',  ( 0.03099999999999999978, 0.1290000000000000036, 0.2090000000000000191 ) ) ;
#5516 = CARTESIAN_POINT ( 'NONE',  ( 0.000000000000000000, 0.1890000000000000291, 0.000000000000000000 ) ) ;
#5517 = CARTESIAN_POINT ( 'NONE',  ( 0.2361025342095000035, 0.1690000188652999724, 0.09895249594167006280 ) ) ;
#5518 = ORIENTED_EDGE ( 'NONE', *, *, #2029, .T. ) ;
#5519 = FACE_OUTER_BOUND ( 'NONE', #9823, .T. ) ;
#5520 = VECTOR ( 'NONE', #580, 39.37007874015748143 ) ;
#5521 = LINE ( 'NONE', #7740, #2733 ) ;
#5522 = EDGE_CURVE ( 'NONE', #7815, #8061, #8062, .T. ) ;
#5523 = PRESENTATION_STYLE_ASSIGNMENT (( #783 ) ) ;
#5524 = SURFACE_STYLE_FILL_AREA ( #7844 ) ;
#5525 = SURFACE_STYLE_USAGE ( .BOTH. , #2292 ) ;
#5526 = CARTESIAN_POINT ( 'NONE',  ( 0.2481651419065705466, 0.1835193678047543075, -0.02826362962959549918 ) ) ;
#5527 = CARTESIAN_POINT ( 'NONE',  ( 0.08578490991982992697, 0.1799999998257000022, 0.2123251027854999862 ) ) ;
#5528 = ORIENTED_EDGE ( 'NONE', *, *, #494, .T. ) ;
#5529 = FILL_AREA_STYLE_COLOUR ( '', #1549 ) ;
#5530 = EDGE_CURVE ( 'NONE', #595, #331, #6393, .T. ) ;
#5531 = ORIENTED_EDGE ( 'NONE', *, *, #1589, .T. ) ;
#5532 = EDGE_CURVE ( 'NONE', #9078, #8098, #2034, .T. ) ;
#5533 = ORIENTED_EDGE ( 'NONE', *, *, #6542, .F. ) ;
#5534 = AXIS2_PLACEMENT_3D ( 'NONE', #2924, #4472, #5096 ) ;
#5535 = EDGE_CURVE ( 'NONE', #5113, #1698, #7640, .T. ) ;
#5536 = FACE_BOUND ( 'NONE', #3984, .T. ) ;
#5537 = EDGE_CURVE ( 'NONE', #5281, #576, #2895, .T. ) ;
#5538 = CARTESIAN_POINT ( 'NONE',  ( 0.02170253441420999865, 0.1890000000000000291, 0.2350000000000000144 ) ) ;
#5539 = DIRECTION ( 'NONE',  ( 0.000000000000000000, 1.000000000000000000, 0.000000000000000000 ) ) ;
#5540 = VECTOR ( 'NONE', #6051, 39.37007874015748854 ) ;
#5542 = CARTESIAN_POINT ( 'NONE',  ( 0.2247386549985631865, 0.1046559777593923934, -0.01087472172619283542 ) ) ;
#5541 = DIRECTION ( 'NONE',  ( 0.000000000000000000, 0.000000000000000000, -1.000000000000000000 ) ) ;
#5543 = SURFACE_SIDE_STYLE ('',( #8627 ) ) ;
#5544 = ORIENTED_EDGE ( 'NONE', *, *, #4027, .T. ) ;
#5545 = CARTESIAN_POINT ( 'NONE',  ( 0.2134296525504031095, 0.1351039090094793560, 0.1293754219471851263 ) ) ;
#5546 = ORIENTED_EDGE ( 'NONE', *, *, #5958, .T. ) ;
#5547 = LENGTH_MEASURE_WITH_UNIT ( LENGTH_MEASURE( 0.02539999999999999897 ), #3177 );
#5548 = CARTESIAN_POINT ( 'NONE',  ( -0.2462019382530999945, 0.1689999999995999702, 0.04341204441673000153 ) ) ;
#5549 = COLOUR_RGB ( '',0.2509803921568627416, 0.2509803921568627416, 0.2509803921568627416 ) ;
#5550 = ORIENTED_EDGE ( 'NONE', *, *, #1507, .F. ) ;
#5551 = AXIS2_PLACEMENT_3D ( 'NONE', #8816, #1002, #7285 ) ;
#5552 = CARTESIAN_POINT ( 'NONE',  ( 0.2182025785627541847, 0.1317870915979948154, -0.1136103912547182931 ) ) ;
#5553 = EDGE_CURVE ( 'NONE', #3993, #87, #1311, .T. ) ;
#5554 = EDGE_CURVE ( 'NONE', #3993, #3812, #8263, .T. ) ;
#5555 = STYLED_ITEM ( 'NONE', ( #6649 ), #3473 ) ;
#5556 = VERTEX_POINT ( 'NONE', #2944 ) ;
#5557 = CARTESIAN_POINT ( 'NONE',  ( 0.01200000000000000025, 0.4335000000000000520, -0.2136000000000000121 ) ) ;
#5558 = CARTESIAN_POINT ( 'NONE',  ( 0.08124038389382991221, -0.1110000000000000014, 0.09500000004726004421 ) ) ;
#5559 = AXIS2_PLACEMENT_3D ( 'NONE', #7119, #1719, #4031 ) ;
#5560 = VERTEX_POINT ( 'NONE', #1362 ) ;
#5561 = CARTESIAN_POINT ( 'NONE',  ( 0.000000000000000000, 0.09299999999999999933, 0.000000000000000000 ) ) ;
#5562 = CARTESIAN_POINT ( 'NONE',  ( 0.2514784676973000899, 0.1889420395008000186, 0.009997233873578002805 ) ) ;
#5563 = DIRECTION ( 'NONE',  ( 0.000000000000000000, 1.000000000000000000, 0.000000000000000000 ) ) ;
#5564 = ORIENTED_EDGE ( 'NONE', *, *, #8738, .T. ) ;
#5565 = EDGE_LOOP ( 'NONE', ( #3357, #127, #8485, #7507, #478 ) ) ;
#5566 = ORIENTED_EDGE ( 'NONE', *, *, #1379, .F. ) ;
#5567 = CARTESIAN_POINT ( 'NONE',  ( 0.08124038404296003713, -0.1110000000000000014, -0.09500000000000001499 ) ) ;
#5568 = CARTESIAN_POINT ( 'NONE',  ( 9.445049048428996120E-10, -0.2830000001444999969, -9.299848279268996179E-10 ) ) ;
#5569 = CARTESIAN_POINT ( 'NONE',  ( 0.2247229464426329093, 0.1059748647578653696, 0.01120156125600631387 ) ) ;
#5570 = CARTESIAN_POINT ( 'NONE',  ( 0.2261834413217872763, 0.1346558037749613912, -0.1231665720749470783 ) ) ;
#5571 = CARTESIAN_POINT ( 'NONE',  ( 0.04199999999999999567, 0.1740000000000000158, 0.2257032930885000399 ) ) ;
#5572 = VERTEX_POINT ( 'NONE', #3727 ) ;
#5573 =( NAMED_UNIT ( * ) PLANE_ANGLE_UNIT ( ) SI_UNIT ( $, .RADIAN. ) );
#5574 = DIRECTION ( 'NONE',  ( 0.7431448254776149565, 0.000000000000000000, 0.6691306063586129893 ) ) ;
#5575 =( NAMED_UNIT ( * ) PLANE_ANGLE_UNIT ( ) SI_UNIT ( $, .RADIAN. ) );
#5576 = CARTESIAN_POINT ( 'NONE',  ( 0.08840715604615000112, 0.1890000000000000291, -0.2188153896778000096 ) ) ;
#5577 = DIRECTION ( 'NONE',  ( 0.000000000000000000, 1.000000000000000000, 0.000000000000000000 ) ) ;
#5578 = DIRECTION ( 'NONE',  ( 0.000000000000000000, 0.000000000000000000, 1.000000000000000000 ) ) ;
#5579 = ORIENTED_EDGE ( 'NONE', *, *, #7478, .F. ) ;
#5580 = CARTESIAN_POINT ( 'NONE',  ( 0.01270362161409000282, 0.1290000000000000036, -0.01077199079990000079 ) ) ;
#5581 = VECTOR ( 'NONE', #6852, 39.37007874015748143 ) ;
#5582 = ORIENTED_EDGE ( 'NONE', *, *, #7670, .T. ) ;
#5583 = EDGE_CURVE ( 'NONE', #511, #545, #6013, .T. ) ;
#5584 = ORIENTED_EDGE ( 'NONE', *, *, #5852, .T. ) ;
#5585 = SURFACE_STYLE_FILL_AREA ( #2502 ) ;
#5586 = FACE_OUTER_BOUND ( 'NONE', #3459, .T. ) ;
#5587 = DIRECTION ( 'NONE',  ( 0.000000000000000000, -1.000000000000000000, 0.000000000000000000 ) ) ;
#5588 = DIRECTION ( 'NONE',  ( 0.000000000000000000, 1.000000000000000000, 0.000000000000000000 ) ) ;
#5589 = CARTESIAN_POINT ( 'NONE',  ( 0.1948723322835999860, 0.06967483934665000267, -0.1481500587434000094 ) ) ;
#5590 = EDGE_CURVE ( 'NONE', #112, #748, #1208, .T. ) ;
#5592 = CARTESIAN_POINT ( 'NONE',  ( 0.000000000000000000, -0.08700000000000000788, 0.000000000000000000 ) ) ;
#5591 = CARTESIAN_POINT ( 'NONE',  ( 0.2249430567797000013, 0.1233260156711000061, 0.005075262603019999909 ) ) ;
#5593 = CARTESIAN_POINT ( 'NONE',  ( 0.2220986971750885941, 0.1874584181784552939, -0.1006002870463953841 ) ) ;
#5594 = COLOUR_RGB ( '',0.2509803921568627416, 0.2509803921568627416, 0.2509803921568627416 ) ;
#5595 = ORIENTED_EDGE ( 'NONE', *, *, #2821, .T. ) ;
#5596 = PLANE ( 'NONE',  #5650 ) ;
#5597 = VERTEX_POINT ( 'NONE', #3777 ) ;
#5598 = CARTESIAN_POINT ( 'NONE',  ( 0.02200000000000000219, 0.4085000000000000298, 0.2190000000000000002 ) ) ;
#5599 = EDGE_CURVE ( 'NONE', #235, #1973, #1417, .T. ) ;
#5600 = CARTESIAN_POINT ( 'NONE',  ( 0.000000000000000000, 0.000000000000000000, 0.000000000000000000 ) ) ;
#5601 = ORIENTED_EDGE ( 'NONE', *, *, #6494, .F. ) ;
#5602 = AXIS2_PLACEMENT_3D ( 'NONE', #7042, #2355, #796 ) ;
#5603 = DIRECTION ( 'NONE',  ( 1.000000000000000000, 0.000000000000000000, 0.000000000000000000 ) ) ;
#5604 = ORIENTED_EDGE ( 'NONE', *, *, #8372, .T. ) ;
#5605 = CARTESIAN_POINT ( 'NONE',  ( 0.05099999999999999672, 0.09299999999999999933, -0.2350000000000000144 ) ) ;
#5606 = EDGE_CURVE ( 'NONE', #4275, #9565, #10043, .T. ) ;
#5607 = DIRECTION ( 'NONE',  ( 0.000000000000000000, -1.000000000000000000, 0.000000000000000000 ) ) ;
#5608 = ORIENTED_EDGE ( 'NONE', *, *, #4854, .F. ) ;
#5609 = LINE ( 'NONE', #8740, #3111 ) ;
#5610 = DIRECTION ( 'NONE',  ( 0.000000000000000000, 1.000000000000000000, 0.000000000000000000 ) ) ;
#5611 = DIRECTION ( 'NONE',  ( -0.3746065934151913135, -6.702440559091837138E-14, 0.9271838545670786358 ) ) ;
#5612 = EDGE_CURVE ( 'NONE', #2541, #533, #1667, .T. ) ;
#5613 = EDGE_LOOP ( 'NONE', ( #2524, #5230, #2147 ) ) ;
#5614 = ADVANCED_FACE ( 'NONE', ( #2086 ), #9942, .F. ) ;
#5615 = ORIENTED_EDGE ( 'NONE', *, *, #6417, .F. ) ;
#5616 = UNCERTAINTY_MEASURE_WITH_UNIT (LENGTH_MEASURE( 1.000000000000000082E-05 ), #3306, 'distance_accuracy_value', 'NONE');
#5617 = ORIENTED_EDGE ( 'NONE', *, *, #8140, .T. ) ;
#5618 = CARTESIAN_POINT ( 'NONE',  ( 0.2074541609404503273, 0.1317619927016203396, -0.1321732900727901894 ) ) ;
#5619 = CARTESIAN_POINT ( 'NONE',  ( 0.2556281670162648956, 0.1285179209074011897, -0.01339796503858128700 ) ) ;
#5620 = CARTESIAN_POINT ( 'NONE',  ( -0.05600000000000000810, 0.1890000000000000291, -0.2597192213656999704 ) ) ;
#5621 = DIRECTION ( 'NONE',  ( 0.8660254037847204822, 0.000000000000000000, -0.4999999999995117239 ) ) ;
#5622 = PLANE ( 'NONE',  #671 ) ;
#5623 = DIRECTION ( 'NONE',  ( 0.000000000000000000, 1.000000000000000000, 0.000000000000000000 ) ) ;
#5624 = ORIENTED_EDGE ( 'NONE', *, *, #1194, .F. ) ;
#5625 = DIRECTION ( 'NONE',  ( -0.7431448254773762585, 0.000000000000000000, -0.6691306063588782216 ) ) ;
#5626 = AXIS2_PLACEMENT_3D ( 'NONE', #5657, #2470, #8736 ) ;
#5627 = FILL_AREA_STYLE_COLOUR ( '', #10128 ) ;
#5628 = SURFACE_SIDE_STYLE ('',( #8814 ) ) ;
#5629 = SURFACE_STYLE_FILL_AREA ( #6347 ) ;
#5630 = DIRECTION ( 'NONE',  ( 0.000000000000000000, 1.000000000000000000, 0.000000000000000000 ) ) ;
#5631 = PLANE ( 'NONE',  #7257 ) ;
#5632 = CARTESIAN_POINT ( 'NONE',  ( 0.2360000000000000153, 0.1890000000000000291, 0.000000000000000000 ) ) ;
#5633 = AXIS2_PLACEMENT_3D ( 'NONE', #7972, #4770, #7252 ) ;
#5634 = CARTESIAN_POINT ( 'NONE',  ( -0.2462019382530999945, 0.1689999999995999702, -0.04341204441673000153 ) ) ;
#5635 = EDGE_LOOP ( 'NONE', ( #3931, #3244 ) ) ;
#5636 = ORIENTED_EDGE ( 'NONE', *, *, #5955, .F. ) ;
#5637 =( LENGTH_UNIT ( ) NAMED_UNIT ( * ) SI_UNIT ( $, .METRE. ) );
#5638 = CARTESIAN_POINT ( 'NONE',  ( -0.05600000000000000810, 0.1890000000000000291, -0.2292596780944999857 ) ) ;
#5639 =( NAMED_UNIT ( * ) PLANE_ANGLE_UNIT ( ) SI_UNIT ( $, .RADIAN. ) );
#5640 = B_SPLINE_CURVE_WITH_KNOTS ( 'NONE', 3,
 ( #2096, #9798, #3679, #6678 ),
 .UNSPECIFIED., .F., .F.,
 ( 4, 4 ),
 ( 0.000000000000000000, 1.000000000000000000 ),
 .UNSPECIFIED. ) ;
#5641 = CARTESIAN_POINT ( 'NONE',  ( -0.04124453781399000513, -0.2300000000000000100, -0.03713674865291999999 ) ) ;
#5642 = CARTESIAN_POINT ( 'NONE',  ( -0.05600000000000000810, 0.1740000000000000158, -0.2179197099850999908 ) ) ;
#5644 = DIRECTION ( 'NONE',  ( 2.427603198499999734E-10, 1.000000000000000000, -3.283222328660999832E-10 ) ) ;
#5643 =( NAMED_UNIT ( * ) SI_UNIT ( $, .STERADIAN. ) SOLID_ANGLE_UNIT ( ) );
#5645 = CARTESIAN_POINT ( 'NONE',  ( 0.1666336999226999960, 0.1841728378957999956, -0.1850654725265000189 ) ) ;
#5646 = ORIENTED_EDGE ( 'NONE', *, *, #2590, .T. ) ;
#5647 = CARTESIAN_POINT ( 'NONE',  ( 0.2076584686693989934, 0.1319010376938686002, 0.1321493789547603936 ) ) ;
#5648 = VERTEX_POINT ( 'NONE', #10154 ) ;
#5649 = LINE ( 'NONE', #6373, #8422 ) ;
#5650 = AXIS2_PLACEMENT_3D ( 'NONE', #7353, #4112, #248 ) ;
#5651 = COLOUR_RGB ( '',0.2509803921568627416, 0.2509803921568627416, 0.2509803921568627416 ) ;
#5652 = ORIENTED_EDGE ( 'NONE', *, *, #7376, .F. ) ;
#5653 = ADVANCED_FACE ( 'NONE', ( #7125 ), #722, .F. ) ;
#5654 = DIRECTION ( 'NONE',  ( 0.000000000000000000, 0.000000000000000000, 1.000000000000000000 ) ) ;
#5655 = EDGE_LOOP ( 'NONE', ( #10083, #2702, #4894, #7885 ) ) ;
#5656 = CIRCLE ( 'NONE', #4652, 0.1250000008435999954 ) ;
#5657 = CARTESIAN_POINT ( 'NONE',  ( 0.1463205123181000045, 0.05700000000000000205, -0.1243153557489000000 ) ) ;
#5658 = CIRCLE ( 'NONE', #6139, 0.01999999999999999348 ) ;
#5659 = AXIS2_PLACEMENT_3D ( 'NONE', #318, #6595, #1139 ) ;
#5660 = EDGE_CURVE ( 'NONE', #6939, #2726, #2401, .T. ) ;
#5661 = CARTESIAN_POINT ( 'NONE',  ( 0.1930558054718925498, 0.1107563459249183008, -0.1155609575986806942 ) ) ;
#5662 = VERTEX_POINT ( 'NONE', #7077 ) ;
#5663 = CARTESIAN_POINT ( 'NONE',  ( 0.000000000000000000, -0.03200000000000000067, 0.000000000000000000 ) ) ;
#5664 = TOROIDAL_SURFACE ( 'NONE', #7000, 0.02000000000000000042, 0.01149999999999999981 ) ;
#5665 = DIRECTION ( 'NONE',  ( 0.000000000000000000, -1.000000000000000000, 0.000000000000000000 ) ) ;
#5666 = DIRECTION ( 'NONE',  ( 0.000000000000000000, 1.000000000000000000, 0.000000000000000000 ) ) ;
#5667 = EDGE_LOOP ( 'NONE', ( #7435, #8616, #6015, #4236, #9742, #250, #1486, #1475, #8983, #8210 ) ) ;
#5668 = ORIENTED_EDGE ( 'NONE', *, *, #941, .F. ) ;
#5669 = EDGE_CURVE ( 'NONE', #5866, #8047, #782, .T. ) ;
#5670 = CIRCLE ( 'NONE', #8131, 0.06899999999999997802 ) ;
#5671 = EDGE_CURVE ( 'NONE', #7815, #4886, #5521, .T. ) ;
#5672 = VERTEX_POINT ( 'NONE', #7894 ) ;
#5673 = CARTESIAN_POINT ( 'NONE',  ( 0.2042025169702286203, 0.1296221877765791897, -0.1325017582079140166 ) ) ;
#5674 = EDGE_CURVE ( 'NONE', #6555, #5087, #5361, .T. ) ;
#5675 = EDGE_CURVE ( 'NONE', #2164, #375, #8325, .T. ) ;
#5676 = LINE ( 'NONE', #8746, #8175 ) ;
#5677 = CYLINDRICAL_SURFACE ( 'NONE', #7902, 0.01999999999999999001 ) ;
#5678 = CARTESIAN_POINT ( 'NONE',  ( 0.000000000000000000, -0.5830000000000000737, 0.000000000000000000 ) ) ;
#5679 = DIRECTION ( 'NONE',  ( -0.9106512092738588970, 0.000000000000000000, 0.4131759613627810079 ) ) ;
#5680 = CARTESIAN_POINT ( 'NONE',  ( 0.02170253441420999865, 0.1890000000000000291, 0.2350000000000000144 ) ) ;
#5681 = ORIENTED_EDGE ( 'NONE', *, *, #7620, .F. ) ;
#5682 = CIRCLE ( 'NONE', #4516, 0.2249999999999998945 ) ;
#5683 = B_SPLINE_CURVE_WITH_KNOTS ( 'NONE', 3,
 ( #4745, #3147, #7778, #7890 ),
 .UNSPECIFIED., .F., .F.,
 ( 4, 4 ),
 ( 0.000000000000000000, 1.000000000000000000 ),
 .UNSPECIFIED. ) ;
#5684 = MECHANICAL_DESIGN_GEOMETRIC_PRESENTATION_REPRESENTATION (  '', ( #8150 ), #4686 ) ;
#5685 = CYLINDRICAL_SURFACE ( 'NONE', #1926, 0.2249999999999999778 ) ;
#5686 = EDGE_CURVE ( 'NONE', #375, #8858, #6518, .T. ) ;
#5687 = DIRECTION ( 'NONE',  ( 0.000000000000000000, -1.000000000000000000, 0.000000000000000000 ) ) ;
#5688 =( GEOMETRIC_REPRESENTATION_CONTEXT ( 3 ) GLOBAL_UNCERTAINTY_ASSIGNED_CONTEXT ( ( #7337 ) ) GLOBAL_UNIT_ASSIGNED_CONTEXT ( ( #1211, #7489, #5936 ) ) REPRESENTATION_CONTEXT ( 'NONE', 'WORKASPACE' ) );
#5689 = UNCERTAINTY_MEASURE_WITH_UNIT (LENGTH_MEASURE( 1.000000000000000082E-05 ), #43, 'distance_accuracy_value', 'NONE');
#5690 = CARTESIAN_POINT ( 'NONE',  ( -0.2393379827818000183, 0.1841728378957999956, -0.04220174387277000200 ) ) ;
#5691 = EDGE_LOOP ( 'NONE', ( #9841, #5608 ) ) ;
#5692 =( CONVERSION_BASED_UNIT ( 'INCH', #3940 ) LENGTH_UNIT ( ) NAMED_UNIT ( #1916 ) );
#5693 = COLOUR_RGB ( '',0.2509803921568627416, 0.2509803921568627416, 0.2509803921568627416 ) ;
#5694 = ORIENTED_EDGE ( 'NONE', *, *, #8535, .F. ) ;
#5695 = ORIENTED_EDGE ( 'NONE', *, *, #64, .F. ) ;
#5696 = CARTESIAN_POINT ( 'NONE',  ( 0.2549528672140999874, 0.1246118225996999951, 0.01511262184679999961 ) ) ;
#5697 = DIRECTION ( 'NONE',  ( 0.000000000000000000, 1.000000000000000000, 0.000000000000000000 ) ) ;
#5698 = LINE ( 'NONE', #8113, #2696 ) ;
#5699 = DIRECTION ( 'NONE',  ( 0.000000000000000000, -1.000000000000000000, 0.000000000000000000 ) ) ;
#5700 = FACE_OUTER_BOUND ( 'NONE', #2213, .T. ) ;
#5701 = CIRCLE ( 'NONE', #279, 0.2430000000000000770 ) ;
#5703 = CYLINDRICAL_SURFACE ( 'NONE', #2603, 0.2447931081450999968 ) ;
#5702 = CARTESIAN_POINT ( 'NONE',  ( 0.04787138363330000618, 0.1886461517738999838, 0.2349999999974000109 ) ) ;
#5704 = CARTESIAN_POINT ( 'NONE',  ( 0.04199999999999999567, 0.1740000000000000158, 0.2210452442374999937 ) ) ;
#5705 = ORIENTED_EDGE ( 'NONE', *, *, #5852, .F. ) ;
#5706 = CARTESIAN_POINT ( 'NONE',  ( 0.2034479900156960230, 0.1291249894087265759, 0.1324715189136427829 ) ) ;
#5707 = LINE ( 'NONE', #1022, #4039 ) ;
#5708 = ORIENTED_EDGE ( 'NONE', *, *, #7544, .F. ) ;
#5709 = AXIS2_PLACEMENT_3D ( 'NONE', #6275, #7068, #10142 ) ;
#5710 = AXIS2_PLACEMENT_3D ( 'NONE', #2121, #7619, #9005 ) ;
#5711 = VECTOR ( 'NONE', #7046, 39.37007874015748143 ) ;
#5712 = VERTEX_POINT ( 'NONE', #4598 ) ;
#5713 = LINE ( 'NONE', #1029, #6116 ) ;
#5714 = CYLINDRICAL_SURFACE ( 'NONE', #4079, 0.2560000000000000053 ) ;
#5715 = STYLED_ITEM ( 'NONE', ( #5289 ), #7548 ) ;
#5716 = ORIENTED_EDGE ( 'NONE', *, *, #810, .T. ) ;
#5717 = SURFACE_STYLE_FILL_AREA ( #3336 ) ;
#5718 = AXIS2_PLACEMENT_3D ( 'NONE', #9075, #9896, #4449 ) ;
#5719 = ORIENTED_EDGE ( 'NONE', *, *, #6875, .T. ) ;
#5720 = EDGE_LOOP ( 'NONE', ( #1216, #7271, #3472, #8948 ) ) ;
#5721 = CIRCLE ( 'NONE', #775, 0.005000000000000014849 ) ;
#5722 = DIMENSIONAL_EXPONENTS ( 1.000000000000000000, 0.000000000000000000, 0.000000000000000000, 0.000000000000000000, 0.000000000000000000, 0.000000000000000000, 0.000000000000000000 ) ;
#5723 = UNCERTAINTY_MEASURE_WITH_UNIT (LENGTH_MEASURE( 1.000000000000000082E-05 ), #7361, 'distance_accuracy_value', 'NONE');
#5724 = AXIS2_PLACEMENT_3D ( 'NONE', #9654, #4056, #6466 ) ;
#5725 = ORIENTED_EDGE ( 'NONE', *, *, #6760, .F. ) ;
#5726 = DIRECTION ( 'NONE',  ( 0.000000000000000000, -1.000000000000000000, 0.000000000000000000 ) ) ;
#5727 = TOROIDAL_SURFACE ( 'NONE', #1782, 0.2360000000000000153, 0.02000000000000000042 ) ;
#5728 = LINE ( 'NONE', #357, #9641 ) ;
#5729 = CARTESIAN_POINT ( 'NONE',  ( 0.2239723290916000031, 0.08522401768311005377, -0.09881843074122993731 ) ) ;
#5730 = ADVANCED_FACE ( 'NONE', ( #5467 ), #3825, .F. ) ;
#5731 = CARTESIAN_POINT ( 'NONE',  ( 0.2058160939552000357, 0.09299999999999999933, 0.09091059052180001931 ) ) ;
#5732 = CARTESIAN_POINT ( 'NONE',  ( 0.09589928791447008272, 0.1890000000000000291, -0.2373590667691000133 ) ) ;
#5733 = EDGE_LOOP ( 'NONE', ( #2921, #994, #496, #3599 ) ) ;
#5734 = EDGE_LOOP ( 'NONE', ( #9707, #2501, #5652, #6390, #3821, #2880, #753, #1283 ) ) ;
#5735 =( GEOMETRIC_REPRESENTATION_CONTEXT ( 3 ) GLOBAL_UNCERTAINTY_ASSIGNED_CONTEXT ( ( #2425 ) ) GLOBAL_UNIT_ASSIGNED_CONTEXT ( ( #4428, #5776, #1239 ) ) REPRESENTATION_CONTEXT ( 'NONE', 'WORKASPACE' ) );
#5736 = EDGE_CURVE ( 'NONE', #7235, #4682, #13, .T. ) ;
#5737 = LINE ( 'NONE', #8860, #8167 ) ;
#5738 = LINE ( 'NONE', #1388, #5879 ) ;
#5739 = DIRECTION ( 'NONE',  ( 0.9222755090883479889, 0.000000000000000000, 0.3865331620130779688 ) ) ;
#5740 = SURFACE_STYLE_FILL_AREA ( #5062 ) ;
#5741 =( LENGTH_UNIT ( ) NAMED_UNIT ( * ) SI_UNIT ( $, .METRE. ) );
#5742 = LINE ( 'NONE', #7286, #5818 ) ;
#5743 = ORIENTED_EDGE ( 'NONE', *, *, #3474, .F. ) ;
#5744 = EDGE_CURVE ( 'NONE', #8249, #8565, #4000, .T. ) ;
#5745 = ADVANCED_FACE ( 'NONE', ( #2544 ), #170, .T. ) ;
#5746 = ORIENTED_EDGE ( 'NONE', *, *, #4233, .F. ) ;
#5747 = FILL_AREA_STYLE ('',( #5115 ) ) ;
#5748 = CARTESIAN_POINT ( 'NONE',  ( 0.1965890802050000163, 0.1114756296841000055, 0.1094428326788000061 ) ) ;
#5749 = DIRECTION ( 'NONE',  ( 0.5635426913005898708, 0.000000000000000000, 0.8260869415997859067 ) ) ;
#5750 = DIRECTION ( 'NONE',  ( -2.093464290808999825E-12, 1.000000000000000000, 2.324876402504000142E-12 ) ) ;
#5751 = DIRECTION ( 'NONE',  ( 0.000000000000000000, 0.000000000000000000, -1.000000000000000000 ) ) ;
#5753 = DIRECTION ( 'NONE',  ( 0.000000000000000000, -1.000000000000000000, 0.000000000000000000 ) ) ;
#5752 = CARTESIAN_POINT ( 'NONE',  ( 0.1969272353400999820, 0.4385000000000000009, -0.1098058993102000030 ) ) ;
#5754 = LINE ( 'NONE', #1798, #599 ) ;
#5755 = VERTEX_POINT ( 'NONE', #5831 ) ;
#5756 = CIRCLE ( 'NONE', #2633, 0.06250000000000001388 ) ;
#5757 = DIRECTION ( 'NONE',  ( 0.1866666666666915719, 0.000000000000000000, 0.9824233077220563271 ) ) ;
#5758 = PLANE ( 'NONE',  #3992 ) ;
#5759 = ORIENTED_EDGE ( 'NONE', *, *, #3061, .F. ) ;
#5760 = CARTESIAN_POINT ( 'NONE',  ( 0.2475000000000000255, 0.4385000000000000009, 0.000000000000000000 ) ) ;
#5761 = LINE ( 'NONE', #4941, #851 ) ;
#5762 = SURFACE_STYLE_USAGE ( .BOTH. , #8080 ) ;
#5763 = DIRECTION ( 'NONE',  ( 0.7313537016191831164, 0.000000000000000000, -0.6819983600624851539 ) ) ;
#5764 = ORIENTED_EDGE ( 'NONE', *, *, #10054, .T. ) ;
#5765 = SURFACE_STYLE_USAGE ( .BOTH. , #4890 ) ;
#5766 = PRESENTATION_STYLE_ASSIGNMENT (( #3394 ) ) ;
#5767 = CARTESIAN_POINT ( 'NONE',  ( 0.05099999999999999672, 0.09299999999999999933, -0.2191437884130000013 ) ) ;
#5768 = ORIENTED_EDGE ( 'NONE', *, *, #8323, .T. ) ;
#5769 = ORIENTED_EDGE ( 'NONE', *, *, #4798, .T. ) ;
#5770 = ORIENTED_EDGE ( 'NONE', *, *, #874, .T. ) ;
#5771 = CARTESIAN_POINT ( 'NONE',  ( 0.2051395982777320381, 0.1302419664937480015, -0.1324837105293033557 ) ) ;
#5772 = DIRECTION ( 'NONE',  ( 0.000000000000000000, -1.000000000000000000, 0.000000000000000000 ) ) ;
#5773 = CIRCLE ( 'NONE', #1335, 0.01699994224200000389 ) ;
#5774 = FACE_OUTER_BOUND ( 'NONE', #9298, .T. ) ;
#5775 = DIRECTION ( 'NONE',  ( 0.000000000000000000, -1.000000000000000000, 0.000000000000000000 ) ) ;
#5776 =( NAMED_UNIT ( * ) PLANE_ANGLE_UNIT ( ) SI_UNIT ( $, .RADIAN. ) );
#5777 = ORIENTED_EDGE ( 'NONE', *, *, #1278, .T. ) ;
#5778 =( CONVERSION_BASED_UNIT ( 'INCH', #2592 ) LENGTH_UNIT ( ) NAMED_UNIT ( #1923 ) );
#5779 = ORIENTED_EDGE ( 'NONE', *, *, #3921, .T. ) ;
#5780 = CIRCLE ( 'NONE', #8731, 0.2359999999999998765 ) ;
#5781 = EDGE_CURVE ( 'NONE', #9008, #2081, #7281, .T. ) ;
#5782 = CARTESIAN_POINT ( 'NONE',  ( 0.1965890801217000383, 0.1114756290013000084, -0.1094428326095000098 ) ) ;
#5783 = DIMENSIONAL_EXPONENTS ( 1.000000000000000000, 0.000000000000000000, 0.000000000000000000, 0.000000000000000000, 0.000000000000000000, 0.000000000000000000, 0.000000000000000000 ) ;
#5784 = LENGTH_MEASURE_WITH_UNIT ( LENGTH_MEASURE( 0.02539999999999999897 ), #6660 );
#5785 = ADVANCED_FACE ( 'NONE', ( #3510 ), #5685, .T. ) ;
#5786 = UNCERTAINTY_MEASURE_WITH_UNIT (LENGTH_MEASURE( 1.000000000000000082E-05 ), #5692, 'distance_accuracy_value', 'NONE');
#5787 = CARTESIAN_POINT ( 'NONE',  ( 0.000000000000000000, -0.03200000000000000067, 0.000000000000000000 ) ) ;
#5788 = LINE ( 'NONE', #840, #125 ) ;
#5789 = PLANE ( 'NONE',  #9911 ) ;
#5790 = ORIENTED_EDGE ( 'NONE', *, *, #6337, .T. ) ;
#5791 = VECTOR ( 'NONE', #7821, 39.37007874015748143 ) ;
#5792 = EDGE_CURVE ( 'NONE', #3282, #3024, #223, .T. ) ;
#5793 = DIRECTION ( 'NONE',  ( 0.000000000000000000, 0.000000000000000000, 1.000000000000000000 ) ) ;
#5794 = DIRECTION ( 'NONE',  ( 0.000000000000000000, -1.000000000000000000, 0.000000000000000000 ) ) ;
#5795 = PLANE ( 'NONE',  #49 ) ;
#5796 = DIRECTION ( 'NONE',  ( 1.925499859135000070E-14, 0.000000000000000000, 1.000000000000000000 ) ) ;
#5797 =( BOUNDED_SURFACE ( )  B_SPLINE_SURFACE ( 3, 3, ( 
 ( #3123, #695, #3070, #7761 ),
 ( #2308, #5294, #2919, #6259 ),
 ( #2968, #7713, #7660, #6066 ),
 ( #5441, #648, #596, #8579 ),
 ( #1534, #2361, #3750, #6892 ),
 ( #1432, #2211, #4569, #3800 ),
 ( #10067, #4670, #1584, #9293 ) ),
 .UNSPECIFIED., .F., .F., .F. ) 
 B_SPLINE_SURFACE_WITH_KNOTS ( ( 4, 3, 4 ),
 ( 4, 4 ),
 ( 0.000000000000000000, 1.000000000000000000, 2.000000000000000000 ),
 ( 0.000000000000000000, 1.000000000000000000 ),
 .UNSPECIFIED. ) 
 GEOMETRIC_REPRESENTATION_ITEM ( )  RATIONAL_B_SPLINE_SURFACE ( (
 ( 1.458088512580000051, 1.119100566633000060, 1.119100566633000060, 1.458088512580000051),
 ( 1.128890932980000095, 0.8664374431758000705, 0.8664374431758000705, 1.128890932980000095),
 ( 1.128890932980000095, 0.8664374431758000705, 0.8664374431758000705, 1.128890932980000095),
 ( 1.458088512580000051, 1.119100566633000060, 1.119100566633000060, 1.458088512580000051),
 ( 1.128890932980000095, 0.8664374431758000705, 0.8664374431758000705, 1.128890932980000095),
 ( 1.128890932980000095, 0.8664374431758000705, 0.8664374431758000705, 1.128890932980000095),
 ( 1.458088512580000051, 1.119100566633000060, 1.119100566633000060, 1.458088512580000051) ) ) 
 REPRESENTATION_ITEM ( '' )  SURFACE ( )  );
#5798 = EDGE_CURVE ( 'NONE', #313, #10171, #3403, .T. ) ;
#5799 = EDGE_CURVE ( 'NONE', #909, #7813, #996, .T. ) ;
#5801 = CARTESIAN_POINT ( 'NONE',  ( 0.01270362161409000282, 0.1290000000000000036, -0.01077199079990000079 ) ) ;
#5800 = CARTESIAN_POINT ( 'NONE',  ( 0.1950000000000000067, 0.09182050807568996331, 0.000000000000000000 ) ) ;
#5802 = CARTESIAN_POINT ( 'NONE',  ( 0.04779079981519999965, 0.1290000000000000036, 0.2198659579221000082 ) ) ;
#5803 = ORIENTED_EDGE ( 'NONE', *, *, #3705, .T. ) ;
#5804 = PLANE ( 'NONE',  #9405 ) ;
#5805 = DIRECTION ( 'NONE',  ( 0.9250850553064383641, 0.000000000000000000, -0.3797599774182160992 ) ) ;
#5806 = ORIENTED_EDGE ( 'NONE', *, *, #5792, .T. ) ;
#5807 = CARTESIAN_POINT ( 'NONE',  ( 0.000000000000000000, 0.1890000000000000291, 0.000000000000000000 ) ) ;
#5808 = CARTESIAN_POINT ( 'NONE',  ( -0.05600000000000000810, 0.1863449955288466464, 0.2395980002646941331 ) ) ;
#5809 = CARTESIAN_POINT ( 'NONE',  ( 0.1942926439423000307, 0.1143371685741000066, -0.1134696810162000163 ) ) ;
#5810 = CONICAL_SURFACE ( 'NONE', #4489, 0.2525000000000000022, 0.03644219260941965882 ) ;
#5811 = AXIS2_PLACEMENT_3D ( 'NONE', #7591, #4602, #8316 ) ;
#5812 = CARTESIAN_POINT ( 'NONE',  ( 0.2270000000000000073, 0.03950000000000000039, -0.1448810599014000167 ) ) ;
#5813 = ORIENTED_EDGE ( 'NONE', *, *, #7999, .T. ) ;
#5814 = DIRECTION ( 'NONE',  ( 0.000000000000000000, 0.000000000000000000, -1.000000000000000000 ) ) ;
#5815 = CYLINDRICAL_SURFACE ( 'NONE', #2826, 0.03700000000000000511 ) ;
#5816 = VERTEX_POINT ( 'NONE', #3359 ) ;
#5817 = VECTOR ( 'NONE', #3317, 39.37007874015748143 ) ;
#5818 = VECTOR ( 'NONE', #4098, 39.37007874015748143 ) ;
#5819 =( GEOMETRIC_REPRESENTATION_CONTEXT ( 3 ) GLOBAL_UNCERTAINTY_ASSIGNED_CONTEXT ( ( #4078 ) ) GLOBAL_UNIT_ASSIGNED_CONTEXT ( ( #5263, #6085, #1404 ) ) REPRESENTATION_CONTEXT ( 'NONE', 'WORKASPACE' ) );
#5820 = UNCERTAINTY_MEASURE_WITH_UNIT (LENGTH_MEASURE( 1.000000000000000082E-05 ), #666, 'distance_accuracy_value', 'NONE');
#5821 = VERTEX_POINT ( 'NONE', #9634 ) ;
#5822 = DIRECTION ( 'NONE',  ( 0.000000000000000000, 1.000000000000000000, 0.000000000000000000 ) ) ;
#5823 = DIRECTION ( 'NONE',  ( 0.000000000000000000, -1.000000000000000000, 0.000000000000000000 ) ) ;
#5824 = DIRECTION ( 'NONE',  ( 0.000000000000000000, 1.000000000000000000, 0.000000000000000000 ) ) ;
#5825 = VECTOR ( 'NONE', #8315, 39.37007874015748143 ) ;
#5826 = CIRCLE ( 'NONE', #2376, 0.009999999999999995004 ) ;
#5827 = AXIS2_PLACEMENT_3D ( 'NONE', #9955, #2253, #3636 ) ;
#5828 = CARTESIAN_POINT ( 'NONE',  ( -0.03950000000000000039, -0.1260000000000000009, -0.2169999999999999984 ) ) ;
#5829 = ORIENTED_EDGE ( 'NONE', *, *, #3074, .F. ) ;
#5830 = EDGE_LOOP ( 'NONE', ( #7521, #102, #6076, #3090, #9631, #6388, #5888, #8190, #1191 ) ) ;
#5831 = CARTESIAN_POINT ( 'NONE',  ( 0.2283519706985000230, 0.1246118225996999951, 0.1143885191698999909 ) ) ;
#5832 = DIRECTION ( 'NONE',  ( 0.000000000000000000, 0.000000000000000000, 1.000000000000000000 ) ) ;
#5833 = VECTOR ( 'NONE', #6879, 39.37007874015748143 ) ;
#5834 = CARTESIAN_POINT ( 'NONE',  ( 0.2290491351405568865, 0.1835193671616810185, 0.09960554407307689595 ) ) ;
#5835 = ORIENTED_EDGE ( 'NONE', *, *, #8918, .F. ) ;
#5836 = DIRECTION ( 'NONE',  ( 0.000000000000000000, 0.000000000000000000, -1.000000000000000000 ) ) ;
#5837 = ORIENTED_EDGE ( 'NONE', *, *, #7415, .F. ) ;
#5838 = EDGE_CURVE ( 'NONE', #3549, #2736, #5737, .T. ) ;
#5839 = LINE ( 'NONE', #9697, #1220 ) ;
#5840 = LENGTH_MEASURE_WITH_UNIT ( LENGTH_MEASURE( 0.02539999999999999897 ), #6569 );
#5841 = CARTESIAN_POINT ( 'NONE',  ( 0.04199999999999999567, 0.1890000000000000291, 0.2210452442374999937 ) ) ;
#5842 = DIRECTION ( 'NONE',  ( -1.000000000000000000, 0.000000000000000000, 0.000000000000000000 ) ) ;
#5844 = CARTESIAN_POINT ( 'NONE',  ( 0.01694845125667999997, -0.1110000000000000014, -0.09500000000000001499 ) ) ;
#5843 = DIRECTION ( 'NONE',  ( 0.000000000000000000, 1.000000000000000000, 0.000000000000000000 ) ) ;
#5845 = VECTOR ( 'NONE', #5461, 39.37007874015748143 ) ;
#5846 = EDGE_CURVE ( 'NONE', #4250, #7768, #1824, .T. ) ;
#5847 = DIRECTION ( 'NONE',  ( 0.000000000000000000, -1.000000000000000000, 0.000000000000000000 ) ) ;
#5848 = ADVANCED_FACE ( 'NONE', ( #3417 ), #6561, .F. ) ;
#5849 = ORIENTED_EDGE ( 'NONE', *, *, #6683, .T. ) ;
#5850 = DIRECTION ( 'NONE',  ( 0.000000000000000000, -1.000000000000000000, 0.000000000000000000 ) ) ;
#5851 = ORIENTED_EDGE ( 'NONE', *, *, #2331, .F. ) ;
#5852 = EDGE_CURVE ( 'NONE', #4840, #10178, #1873, .T. ) ;
#5853 = EDGE_CURVE ( 'NONE', #8381, #626, #9302, .T. ) ;
#5854 = CARTESIAN_POINT ( 'NONE',  ( 0.2003250753344995860, 0.1044490399185139667, -0.1024448584899767950 ) ) ;
#5855 = FACE_OUTER_BOUND ( 'NONE', #4001, .T. ) ;
#5856 = LINE ( 'NONE', #6005, #359 ) ;
#5857 = CARTESIAN_POINT ( 'NONE',  ( 0.2022273737319000009, 0.09299999999999999933, -0.09863614607993996530 ) ) ;
#5858 = PLANE ( 'NONE',  #8354 ) ;
#5859 = ORIENTED_EDGE ( 'NONE', *, *, #6546, .T. ) ;
#5860 =( CONVERSION_BASED_UNIT ( 'INCH', #8383 ) LENGTH_UNIT ( ) NAMED_UNIT ( #2564 ) );
#5861 =( GEOMETRIC_REPRESENTATION_CONTEXT ( 3 ) GLOBAL_UNCERTAINTY_ASSIGNED_CONTEXT ( ( #7771 ) ) GLOBAL_UNIT_ASSIGNED_CONTEXT ( ( #9525, #8607, #4694 ) ) REPRESENTATION_CONTEXT ( 'NONE', 'WORKASPACE' ) );
#5862 = PRESENTATION_LAYER_ASSIGNMENT (  '', '', ( #3233 ) ) ;
#5863 = ORIENTED_EDGE ( 'NONE', *, *, #9427, .F. ) ;
#5864 = EDGE_CURVE ( 'NONE', #9610, #911, #7553, .T. ) ;
#5865 = EDGE_CURVE ( 'NONE', #5492, #4788, #9930, .T. ) ;
#5866 = VERTEX_POINT ( 'NONE', #2074 ) ;
#5867 = CARTESIAN_POINT ( 'NONE',  ( 0.05099999951920999863, 0.1884940035350000098, -0.2350000000105000042 ) ) ;
#5868 = AXIS2_PLACEMENT_3D ( 'NONE', #7924, #4780, #4624 ) ;
#5869 = FACE_OUTER_BOUND ( 'NONE', #4071, .T. ) ;
#5870 = CIRCLE ( 'NONE', #10143, 0.2447931081451001079 ) ;
#5871 = DIRECTION ( 'NONE',  ( 0.2161016949152976541, 0.000000000000000000, -0.9763708606132895929 ) ) ;
#5872 = CARTESIAN_POINT ( 'NONE',  ( -0.03752881368660999917, -0.2350000000000000144, -0.03379109562112000281 ) ) ;
#5873 = ORIENTED_EDGE ( 'NONE', *, *, #2141, .F. ) ;
#5874 = VERTEX_POINT ( 'NONE', #2128 ) ;
#5875 =( NAMED_UNIT ( * ) SI_UNIT ( $, .STERADIAN. ) SOLID_ANGLE_UNIT ( ) );
#5876 = CONICAL_SURFACE ( 'NONE', #4729, 0.05750000000000000250, 0.7853981633972997312 ) ;
#5877 = VERTEX_POINT ( 'NONE', #567 ) ;
#5878 = PRESENTATION_LAYER_ASSIGNMENT (  '', '', ( #9647 ) ) ;
#5879 = VECTOR ( 'NONE', #1049, 39.37007874015748143 ) ;
#5880 = COLOUR_RGB ( '',0.2509803921568627416, 0.2509803921568627416, 0.2509803921568627416 ) ;
#5881 = PLANE ( 'NONE',  #431 ) ;
#5882 = AXIS2_PLACEMENT_3D ( 'NONE', #2872, #6753, #3555 ) ;
#5883 = CARTESIAN_POINT ( 'NONE',  ( 0.2249430123655000169, 0.1233233536752999931, -0.005077260070242999891 ) ) ;
#5884 = CIRCLE ( 'NONE', #7375, 0.01149999999999998593 ) ;
#5885 = FACE_OUTER_BOUND ( 'NONE', #3737, .T. ) ;
#5886 = ORIENTED_EDGE ( 'NONE', *, *, #2021, .T. ) ;
#5887 = CARTESIAN_POINT ( 'NONE',  ( 0.000000000000000000, 0.1849999999999999978, 0.000000000000000000 ) ) ;
#5888 = ORIENTED_EDGE ( 'NONE', *, *, #5864, .T. ) ;
#5889 = CARTESIAN_POINT ( 'NONE',  ( 0.000000000000000000, 0.1689999999999999836, 0.000000000000000000 ) ) ;
#5890 = CARTESIAN_POINT ( 'NONE',  ( 0.05127699295793999162, -0.08700000000000000788, 0.04617001183875999587 ) ) ;
#5891 = CARTESIAN_POINT ( 'NONE',  ( 0.000000000000000000, 0.1640000000000000069, 0.000000000000000000 ) ) ;
#5892 = FACE_OUTER_BOUND ( 'NONE', #9335, .T. ) ;
#5893 = CARTESIAN_POINT ( 'NONE',  ( 0.1659443903770000117, 0.1849999999999999978, 0.1842999167183999865 ) ) ;
#5894 = ORIENTED_EDGE ( 'NONE', *, *, #6424, .T. ) ;
#5895 = CARTESIAN_POINT ( 'NONE',  ( 0.02200000000000000219, 0.4210000000000000409, 0.2190000000000000002 ) ) ;
#5896 = CARTESIAN_POINT ( 'NONE',  ( 0.1808277240783000284, 0.000000000000000000, 0.1650000000000000078 ) ) ;
#5897 = ADVANCED_FACE ( 'NONE', ( #9109 ), #9983, .T. ) ;
#5898 = CARTESIAN_POINT ( 'NONE',  ( 0.2014470911269917175, 0.1007749087942243771, -0.1002232826077591454 ) ) ;
#5899 = CARTESIAN_POINT ( 'NONE',  ( 0.1932270472753706836, 0.1111749850485974217, 0.1152751322872555412 ) ) ;
#5900 = DIRECTION ( 'NONE',  ( 0.9999988959613604900, 0.000000000000000000, -0.001485959642859942600 ) ) ;
#5901 = B_SPLINE_CURVE_WITH_KNOTS ( 'NONE', 3,
 ( #6958, #7116, #8547, #1660, #825, #54 ),
 .UNSPECIFIED., .F., .F.,
 ( 4, 1, 1, 4 ),
 ( 0.000000000000000000, 0.3333333333333000081, 0.6666666666667000474, 1.000000000000000000 ),
 .UNSPECIFIED. ) ;
#5902 = CARTESIAN_POINT ( 'NONE',  ( 0.04199999999999999567, 0.1890000000000000291, 0.2190000000000000002 ) ) ;
#5903 = ADVANCED_FACE ( 'NONE', ( #5204 ), #3563, .F. ) ;
#5904 = ORIENTED_EDGE ( 'NONE', *, *, #2099, .T. ) ;
#5905 =( CONVERSION_BASED_UNIT ( 'INCH', #9816 ) LENGTH_UNIT ( ) NAMED_UNIT ( #7370 ) );
#5906 = LENGTH_MEASURE_WITH_UNIT ( LENGTH_MEASURE( 0.02539999999999999897 ), #6637 );
#5907 = ORIENTED_EDGE ( 'NONE', *, *, #2152, .F. ) ;
#5908 = COLOUR_RGB ( '',0.2509803921568627416, 0.2509803921568627416, 0.2509803921568627416 ) ;
#5909 = EDGE_CURVE ( 'NONE', #1287, #1296, #5362, .T. ) ;
#5910 = ORIENTED_EDGE ( 'NONE', *, *, #9872, .T. ) ;
#5911 = CARTESIAN_POINT ( 'NONE',  ( 0.04199999999999999567, 0.1740000000000000158, 0.2210452442374999937 ) ) ;
#5912 = DIRECTION ( 'NONE',  ( 0.000000000000000000, 0.7071067811866524888, -0.7071067811864424346 ) ) ;
#5913 = EDGE_CURVE ( 'NONE', #6472, #6010, #9877, .T. ) ;
#5914 = ADVANCED_FACE ( 'NONE', ( #52 ), #10085, .T. ) ;
#5915 = DIRECTION ( 'NONE',  ( 0.6691306063624028466, 0.000000000000000000, -0.7431448254742029080 ) ) ;
#5916 =( NAMED_UNIT ( * ) SI_UNIT ( $, .STERADIAN. ) SOLID_ANGLE_UNIT ( ) );
#5917 = CARTESIAN_POINT ( 'NONE',  ( 0.2001921211085999908, 0.1047618926469000011, 0.1027040147514000079 ) ) ;
#5918 = PRESENTATION_LAYER_ASSIGNMENT (  '', '', ( #3620 ) ) ;
#5919 = VERTEX_POINT ( 'NONE', #5567 ) ;
#5920 = EDGE_LOOP ( 'NONE', ( #9992, #10015, #267, #9965 ) ) ;
#5921 = CARTESIAN_POINT ( 'NONE',  ( 0.2360000000000000153, 0.000000000000000000, 0.000000000000000000 ) ) ;
#5922 = ORIENTED_EDGE ( 'NONE', *, *, #9873, .T. ) ;
#5923 = DIMENSIONAL_EXPONENTS ( 1.000000000000000000, 0.000000000000000000, 0.000000000000000000, 0.000000000000000000, 0.000000000000000000, 0.000000000000000000, 0.000000000000000000 ) ;
#5924 = VECTOR ( 'NONE', #5796, 39.37007874015748143 ) ;
#5925 = ORIENTED_EDGE ( 'NONE', *, *, #5675, .T. ) ;
#5926 = CARTESIAN_POINT ( 'NONE',  ( 0.2096931958617999914, 0.09300000000562994029, -0.1118615400298000051 ) ) ;
#5927 =( CONVERSION_BASED_UNIT ( 'INCH', #2933 ) LENGTH_UNIT ( ) NAMED_UNIT ( #402 ) );
#5928 = DIRECTION ( 'NONE',  ( 0.7431832533199911328, 0.000000000000000000, 0.6690879254512921426 ) ) ;
#5929 = FACE_OUTER_BOUND ( 'NONE', #8260, .T. ) ;
#5930 = CARTESIAN_POINT ( 'NONE',  ( -0.005999999999999998390, 0.1778488805090029656, 0.2539163587868321081 ) ) ;
#5931 = ORIENTED_EDGE ( 'NONE', *, *, #7862, .T. ) ;
#5932 = DIRECTION ( 'NONE',  ( 0.000000000000000000, 0.000000000000000000, 1.000000000000000000 ) ) ;
#5933 = VERTEX_POINT ( 'NONE', #3036 ) ;
#5934 = VECTOR ( 'NONE', #9127, 39.37007874015748143 ) ;
#5935 = CARTESIAN_POINT ( 'NONE',  ( 0.2515865360003810003, 0.1025907141532441669, -0.02142832878875712554 ) ) ;
#5936 =( NAMED_UNIT ( * ) SI_UNIT ( $, .STERADIAN. ) SOLID_ANGLE_UNIT ( ) );
#5937 = CARTESIAN_POINT ( 'NONE',  ( 0.000000000000000000, 0.1890000000000000291, 0.000000000000000000 ) ) ;
#5938 = CARTESIAN_POINT ( 'NONE',  ( 0.2270000000000000073, -0.0005000000000000000104, -0.1448810599014000167 ) ) ;
#5939 = DIRECTION ( 'NONE',  ( 0.000000000000000000, -1.000000000000000000, 0.000000000000000000 ) ) ;
#5940 = AXIS2_PLACEMENT_3D ( 'NONE', #9366, #3097, #6395 ) ;
#5941 = LINE ( 'NONE', #2617, #4133 ) ;
#5942 = CARTESIAN_POINT ( 'NONE',  ( 0.2274672468943533532, 0.1318834208329504598, 0.1190416476770275872 ) ) ;
#5943 = ORIENTED_EDGE ( 'NONE', *, *, #5964, .T. ) ;
#5944 = CARTESIAN_POINT ( 'NONE',  ( 0.2247204899075999907, 0.1119345429094000116, -0.01121166426958000034 ) ) ;
#5945 = ORIENTED_EDGE ( 'NONE', *, *, #4106, .F. ) ;
#5946 = SURFACE_STYLE_USAGE ( .BOTH. , #2250 ) ;
#5947 = CARTESIAN_POINT ( 'NONE',  ( 0.2016937661553945826, 0.09953373426554615322, -0.09972415126682944442 ) ) ;
#5948 = AXIS2_PLACEMENT_3D ( 'NONE', #1912, #1961, #8234 ) ;
#5949 =( NAMED_UNIT ( * ) SI_UNIT ( $, .STERADIAN. ) SOLID_ANGLE_UNIT ( ) );
#5950 = CARTESIAN_POINT ( 'NONE',  ( 0.1905966480788408579, 0.1006526184171851884, 0.1195739240764784744 ) ) ;
#5951 = CARTESIAN_POINT ( 'NONE',  ( 0.000000000000000000, -0.2880000000000000338, 0.000000000000000000 ) ) ;
#5952 = FACE_OUTER_BOUND ( 'NONE', #8483, .T. ) ;
#5953 = ORIENTED_EDGE ( 'NONE', *, *, #5838, .T. ) ;
#5954 = DIRECTION ( 'NONE',  ( -0.8660254037845416253, -0.4999999999998217537, -9.748084277663855135E-15 ) ) ;
#5955 = EDGE_CURVE ( 'NONE', #9610, #9675, #7180, .T. ) ;
#5956 = ORIENTED_EDGE ( 'NONE', *, *, #8420, .T. ) ;
#5957 = B_SPLINE_CURVE_WITH_KNOTS ( 'NONE', 3,
 ( #5138, #5094, #6698, #6646, #8243, #9045, #9148, #5247, #499, #6795, #6069, #2118, #1184, #2923, #1964, #9915, #4322, #5960, #9200, #7565, #2167, #1135, #2779, #4470, #4425, #356, #8387, #554, #3603, #3699, #7465, #5300, #4276, #7418, #6846, #1339, #9824, #7615, #9968, #6750 ),
 .UNSPECIFIED., .F., .F.,
 ( 4, 2, 2, 1, 2, 2, 2, 2, 2, 2, 2, 2, 2, 2, 2, 2, 2, 1, 2, 2, 4 ),
 ( 0.000000000000000000, 0.1249999999999977796, 0.1874999999999972522, 0.2187499999999967804, 0.2343749999999970579, 0.2499999999999973355, 0.3124999999999950040, 0.3749999999999926725, 0.4374999999999903411, 0.4687499999999891753, 0.4999999999999880096, 0.6249999999999847899, 0.6874999999999852340, 0.7187499999999874545, 0.7499999999999896749, 0.8124999999999895639, 0.8437499999999897859, 0.8593749999999906741, 0.8671874999999912292, 0.8749999999999917843, 1.000000000000000000 ),
 .UNSPECIFIED. ) ;
#5958 = EDGE_CURVE ( 'NONE', #2671, #3108, #8490, .T. ) ;
#5959 = VERTEX_POINT ( 'NONE', #3869 ) ;
#5960 = CARTESIAN_POINT ( 'NONE',  ( 0.2402929831292051899, 0.1277165074616485041, 0.01385287580664401261 ) ) ;
#5961 = CYLINDRICAL_SURFACE ( 'NONE', #6711, 0.2560000000000000053 ) ;
#5962 = VECTOR ( 'NONE', #1889, 39.37007874015748143 ) ;
#5963 = SURFACE_STYLE_FILL_AREA ( #6752 ) ;
#5964 = EDGE_CURVE ( 'NONE', #4682, #7401, #3091, .T. ) ;
#5965 = FACE_OUTER_BOUND ( 'NONE', #9447, .T. ) ;
#5966 = CARTESIAN_POINT ( 'NONE',  ( 0.1965890802050000163, 0.1114756296841000055, 0.1094428326788000061 ) ) ;
#5967 = EDGE_CURVE ( 'NONE', #7725, #10019, #1172, .T. ) ;
#5968 = ORIENTED_EDGE ( 'NONE', *, *, #3002, .T. ) ;
#5969 = ORIENTED_EDGE ( 'NONE', *, *, #4274, .F. ) ;
#5970 = CARTESIAN_POINT ( 'NONE',  ( 0.05099999999999999672, 0.09299999999999999933, 0.2191437884130000013 ) ) ;
#5971 = AXIS2_PLACEMENT_3D ( 'NONE', #8972, #8215, #2659 ) ;
#5972 = ORIENTED_EDGE ( 'NONE', *, *, #9694, .F. ) ;
#5973 = CIRCLE ( 'NONE', #6634, 0.2447931081451000523 ) ;
#5974 = VECTOR ( 'NONE', #4304, 39.37007874015748143 ) ;
#5975 = EDGE_CURVE ( 'NONE', #872, #1861, #3059, .T. ) ;
#5976 = ADVANCED_FACE ( 'NONE', ( #3926 ), #6128, .F. ) ;
#5977 = ORIENTED_EDGE ( 'NONE', *, *, #7880, .T. ) ;
#5978 = CARTESIAN_POINT ( 'NONE',  ( 0.000000000000000000, 0.000000000000000000, 0.000000000000000000 ) ) ;
#5979 = STYLED_ITEM ( 'NONE', ( #7080 ), #6554 ) ;
#5980 = DIRECTION ( 'NONE',  ( 0.3746065934158975264, 0.000000000000000000, -0.9271838545667931974 ) ) ;
#5981 = STYLED_ITEM ( 'NONE', ( #7436 ), #2935 ) ;
#5982 = VECTOR ( 'NONE', #5036, 39.37007874015748143 ) ;
#5983 = CARTESIAN_POINT ( 'NONE',  ( 0.04199999999999999567, 0.1740000000000000158, 0.2210452442374999937 ) ) ;
#5984 = CARTESIAN_POINT ( 'NONE',  ( 0.2272073639939270473, 0.1848844409789328902, 0.09983004474574615206 ) ) ;
#5985 = ORIENTED_EDGE ( 'NONE', *, *, #6667, .F. ) ;
#5986 = CARTESIAN_POINT ( 'NONE',  ( 0.000000000000000000, -0.5830000000000000737, 0.000000000000000000 ) ) ;
#5987 = VECTOR ( 'NONE', #4813, 39.37007874015748143 ) ;
#5988 = ORIENTED_EDGE ( 'NONE', *, *, #9545, .T. ) ;
#5989 = AXIS2_PLACEMENT_3D ( 'NONE', #8673, #9495, #1794 ) ;
#5990 = EDGE_CURVE ( 'NONE', #4755, #2081, #1762, .T. ) ;
#5991 = CARTESIAN_POINT ( 'NONE',  ( 0.2428394196241000225, 0.06967483934666003631, -0.03086554830210999981 ) ) ;
#5992 = CARTESIAN_POINT ( 'NONE',  ( 0.1712974352279000023, 0.000000000000000000, -0.1902450753222000301 ) ) ;
#5993 = CARTESIAN_POINT ( 'NONE',  ( 0.000000000000000000, 0.1849999999999999978, 0.000000000000000000 ) ) ;
#5994 = VECTOR ( 'NONE', #8986, 39.37007874015748143 ) ;
#5995 = CARTESIAN_POINT ( 'NONE',  ( 0.000000000000000000, 0.1890000000000000291, 0.000000000000000000 ) ) ;
#5996 = CARTESIAN_POINT ( 'NONE',  ( -0.05127699295789000383, -0.2249999999999999778, -0.04617001183881999649 ) ) ;
#5997 = CARTESIAN_POINT ( 'NONE',  ( 0.09327704176054998908, 0.1849999999999999978, 0.2308687797871000202 ) ) ;
#5998 = CARTESIAN_POINT ( 'NONE',  ( 0.000000000000000000, 0.1640000000000000069, 0.000000000000000000 ) ) ;
#5999 = EDGE_LOOP ( 'NONE', ( #349, #2620, #4719, #3112, #3558, #8160, #2046 ) ) ;
#6000 = DIRECTION ( 'NONE',  ( 2.860659048344999716E-13, 0.000000000000000000, 1.000000000000000000 ) ) ;
#6001 = ORIENTED_EDGE ( 'NONE', *, *, #65, .F. ) ;
#6002 = PRESENTATION_STYLE_ASSIGNMENT (( #5946 ) ) ;
#6003 = CARTESIAN_POINT ( 'NONE',  ( 0.1200000000313951459, -0.2830000001444999969, 9.299847411888996111E-10 ) ) ;
#6004 = FILL_AREA_STYLE_COLOUR ( '', #8294 ) ;
#6005 = CARTESIAN_POINT ( 'NONE',  ( 0.000000000000000000, 0.1890000000000000291, 0.2249999999999999778 ) ) ;
#6006 = VECTOR ( 'NONE', #9285, 39.37007874015748143 ) ;
#6008 = DIRECTION ( 'NONE',  ( 0.000000000000000000, 1.000000000000000000, 0.000000000000000000 ) ) ;
#6007 = CARTESIAN_POINT ( 'NONE',  ( 0.000000000000000000, 0.1890000000000000291, 0.000000000000000000 ) ) ;
#6009 = CARTESIAN_POINT ( 'NONE',  ( 0.000000000000000000, -0.007000000000000001013, 0.000000000000000000 ) ) ;
#6010 = VERTEX_POINT ( 'NONE', #8850 ) ;
#6011 = DIRECTION ( 'NONE',  ( 0.000000000000000000, 1.000000000000000000, 0.000000000000000000 ) ) ;
#6012 = CARTESIAN_POINT ( 'NONE',  ( 0.000000000000000000, 0.1740000000000000158, 0.000000000000000000 ) ) ;
#6013 = CIRCLE ( 'NONE', #9948, 0.2447931081451000523 ) ;
#6014 = ORIENTED_EDGE ( 'NONE', *, *, #7047, .T. ) ;
#6015 = ORIENTED_EDGE ( 'NONE', *, *, #7936, .F. ) ;
#6016 = CARTESIAN_POINT ( 'NONE',  ( 0.05099999999999999672, 0.1890000000000000291, -0.1710000000000000131 ) ) ;
#6017 = FACE_OUTER_BOUND ( 'NONE', #8900, .T. ) ;
#6018 = CIRCLE ( 'NONE', #7348, 0.2299999999999998712 ) ;
#6019 = CARTESIAN_POINT ( 'NONE',  ( -0.2383234762290000197, 0.1849999999999999978, -0.04202285899539000280 ) ) ;
#6020 = DIRECTION ( 'NONE',  ( 0.000000000000000000, -1.000000000000000000, 0.000000000000000000 ) ) ;
#6021 = EDGE_CURVE ( 'NONE', #7527, #8332, #5656, .T. ) ;
#6022 = ORIENTED_EDGE ( 'NONE', *, *, #4634, .T. ) ;
#6023 = ORIENTED_EDGE ( 'NONE', *, *, #6157, .T. ) ;
#6024 = VERTEX_POINT ( 'NONE', #9621 ) ;
#6025 =( GEOMETRIC_REPRESENTATION_CONTEXT ( 3 ) GLOBAL_UNCERTAINTY_ASSIGNED_CONTEXT ( ( #5616 ) ) GLOBAL_UNIT_ASSIGNED_CONTEXT ( ( #3306, #1928, #4191 ) ) REPRESENTATION_CONTEXT ( 'NONE', 'WORKASPACE' ) );
#6026 = VECTOR ( 'NONE', #3965, 39.37007874015748143 ) ;
#6027 = ORIENTED_EDGE ( 'NONE', *, *, #2963, .T. ) ;
#6028 = DIRECTION ( 'NONE',  ( 0.1736481776668934163, 1.057097118173365719E-14, 0.9848077530122145706 ) ) ;
#6029 = AXIS2_PLACEMENT_3D ( 'NONE', #9445, #6987, #8575 ) ;
#6030 = EDGE_CURVE ( 'NONE', #2325, #646, #936, .T. ) ;
#6031 =( NAMED_UNIT ( * ) SI_UNIT ( $, .STERADIAN. ) SOLID_ANGLE_UNIT ( ) );
#6032 = FACE_OUTER_BOUND ( 'NONE', #6912, .T. ) ;
#6033 = CARTESIAN_POINT ( 'NONE',  ( 0.2285126627961543422, 0.09918766834188300074, 0.1060616828912407800 ) ) ;
#6034 = LINE ( 'NONE', #1405, #5845 ) ;
#6035 = DIRECTION ( 'NONE',  ( 0.000000000000000000, 0.000000000000000000, -1.000000000000000000 ) ) ;
#6036 = CARTESIAN_POINT ( 'NONE',  ( 0.1918155630515000210, 0.09182050807568996331, -0.1043176567486999856 ) ) ;
#6037 = CIRCLE ( 'NONE', #1603, 0.2430301569517001048 ) ;
#6038 = EDGE_CURVE ( 'NONE', #2177, #9381, #8766, .T. ) ;
#6039 = PRESENTATION_LAYER_ASSIGNMENT (  '', '', ( #288 ) ) ;
#6040 = VERTEX_POINT ( 'NONE', #3347 ) ;
#6041 = LINE ( 'NONE', #9172, #6313 ) ;
#6042 = VERTEX_POINT ( 'NONE', #1039 ) ;
#6043 = AXIS2_PLACEMENT_3D ( 'NONE', #2238, #8504, #9990 ) ;
#6044 = AXIS2_PLACEMENT_3D ( 'NONE', #9346, #7814, #2309 ) ;
#6045 = CARTESIAN_POINT ( 'NONE',  ( 0.000000000000000000, -0.007000000000000001013, 0.000000000000000000 ) ) ;
#6046 = DIRECTION ( 'NONE',  ( -0.3407781525734079331, 0.8660254037844198338, -0.3658828374339083145 ) ) ;
#6047 = DIRECTION ( 'NONE',  ( 0.3420201433257875623, 0.000000000000000000, 0.9396926207858652402 ) ) ;
#6048 = SURFACE_STYLE_USAGE ( .BOTH. , #2143 ) ;
#6049 = VECTOR ( 'NONE', #2122, 39.37007874015748854 ) ;
#6050 = PRESENTATION_STYLE_ASSIGNMENT (( #5277 ) ) ;
#6051 = DIRECTION ( 'NONE',  ( -6.733440447900974025E-08, -0.9999999999999976685, 1.156172680945995487E-09 ) ) ;
#6052 = EDGE_CURVE ( 'NONE', #855, #2552, #5957, .T. ) ;
#6053 = ORIENTED_EDGE ( 'NONE', *, *, #312, .F. ) ;
#6054 = EDGE_CURVE ( 'NONE', #3707, #6010, #3846, .T. ) ;
#6055 = CARTESIAN_POINT ( 'NONE',  ( 0.2026494596751552968, 0.1794441227532749261, -0.1528153325368598325 ) ) ;
#6056 = ORIENTED_EDGE ( 'NONE', *, *, #2331, .T. ) ;
#6058 = EDGE_CURVE ( 'NONE', #10040, #8651, #3551, .T. ) ;
#6057 = DIRECTION ( 'NONE',  ( 0.3746065934158976374, 0.000000000000000000, 0.9271838545667934195 ) ) ;
#6059 = CARTESIAN_POINT ( 'NONE',  ( 0.2360000000000000153, 0.4385000000000000009, 0.000000000000000000 ) ) ;
#6060 = FACE_BOUND ( 'NONE', #3803, .T. ) ;
#6062 = LINE ( 'NONE', #4419, #7202 ) ;
#6061 = DIRECTION ( 'NONE',  ( 0.000000000000000000, 0.000000000000000000, 1.000000000000000000 ) ) ;
#6063 = LINE ( 'NONE', #5241, #4906 ) ;
#6064 = EDGE_LOOP ( 'NONE', ( #2746, #7853, #9246, #4014, #413 ) ) ;
#6065 = DIRECTION ( 'NONE',  ( 0.7639277360924926485, 0.000000000000000000, -0.6453018007324936578 ) ) ;
#6066 = CARTESIAN_POINT ( 'NONE',  ( 0.2127881216195001424, 0.1889420390995998622, 0.1343970869846999872 ) ) ;
#6067 = ORIENTED_EDGE ( 'NONE', *, *, #4518, .F. ) ;
#6068 = VERTEX_POINT ( 'NONE', #2731 ) ;
#6069 = CARTESIAN_POINT ( 'NONE',  ( 0.2463750506867958823, 0.1322991123810180747, 0.01015907043276899173 ) ) ;
#6070 = LENGTH_MEASURE_WITH_UNIT ( LENGTH_MEASURE( 0.02539999999999999897 ), #6699 );
#6071 = CARTESIAN_POINT ( 'NONE',  ( 0.000000000000000000, -0.5879999999999999671, -0.05750000000000000250 ) ) ;
#6072 = DIRECTION ( 'NONE',  ( 0.000000000000000000, -1.000000000000000000, 0.000000000000000000 ) ) ;
#6073 = LENGTH_MEASURE_WITH_UNIT ( LENGTH_MEASURE( 0.02539999999999999897 ), #5194 );
#6074 = CARTESIAN_POINT ( 'NONE',  ( 0.1616663230237000148, 0.000000000000000000, -0.1650000000000000078 ) ) ;
#6075 = CARTESIAN_POINT ( 'NONE',  ( 0.09580368519011003836, 0.000000000000000000, 0.2371224417229000347 ) ) ;
#6076 = ORIENTED_EDGE ( 'NONE', *, *, #7931, .F. ) ;
#6077 = ORIENTED_EDGE ( 'NONE', *, *, #6300, .F. ) ;
#6078 = COLOUR_RGB ( '',0.2509803921568627416, 0.2509803921568627416, 0.2509803921568627416 ) ;
#6079 = ORIENTED_EDGE ( 'NONE', *, *, #2879, .T. ) ;
#6080 = ORIENTED_EDGE ( 'NONE', *, *, #4969, .T. ) ;
#6081 = CARTESIAN_POINT ( 'NONE',  ( 0.2076775451486000124, 0.09299999999999999933, -0.1061858700241000014 ) ) ;
#6082 = CARTESIAN_POINT ( 'NONE',  ( 0.1532309088561999988, 0.09299999999999999933, -0.1701801650343000016 ) ) ;
#6083 = CARTESIAN_POINT ( 'NONE',  ( 0.1942926439424000062, 0.1890000000000000291, -0.1134696810160000097 ) ) ;
#6084 = AXIS2_PLACEMENT_3D ( 'NONE', #4485, #5207, #6862 ) ;
#6085 =( NAMED_UNIT ( * ) PLANE_ANGLE_UNIT ( ) SI_UNIT ( $, .RADIAN. ) );
#6086 = LINE ( 'NONE', #4390, #352 ) ;
#6087 = CARTESIAN_POINT ( 'NONE',  ( -0.05600000000000000810, 0.09299999999999999933, -0.2350000000000000144 ) ) ;
#6088 = ORIENTED_EDGE ( 'NONE', *, *, #3835, .T. ) ;
#6089 = VERTEX_POINT ( 'NONE', #5867 ) ;
#6090 = ADVANCED_FACE ( 'NONE', ( #9003 ), #2007, .T. ) ;
#6091 = PRESENTATION_LAYER_ASSIGNMENT (  '', '', ( #8712 ) ) ;
#6092 = AXIS2_PLACEMENT_3D ( 'NONE', #2158, #10062, #6254 ) ;
#6093 = CARTESIAN_POINT ( 'NONE',  ( 0.2515754228037904161, 0.1791079389636115182, 0.03073522288336770145 ) ) ;
#6094 = EDGE_CURVE ( 'NONE', #8108, #6223, #7191, .T. ) ;
#6095 = CARTESIAN_POINT ( 'NONE',  ( 0.1925000000000000044, 0.05700000000000000205, 0.1650000000000000078 ) ) ;
#6096 = DIRECTION ( 'NONE',  ( 0.000000000000000000, 0.000000000000000000, 1.000000000000000000 ) ) ;
#6097 = CARTESIAN_POINT ( 'NONE',  ( -0.006000000000000000125, 0.1890000000000000568, -0.2385392829078419596 ) ) ;
#6098 = CARTESIAN_POINT ( 'NONE',  ( 0.2126030303584000025, 0.1143371685741000066, -0.1266365098321000082 ) ) ;
#6099 = CARTESIAN_POINT ( 'NONE',  ( 0.2378655369325714808, 0.1266328763882830222, -0.01438239894034606080 ) ) ;
#6100 = TOROIDAL_SURFACE ( 'NONE', #3305, 0.06400000000000000133, 0.005000000000000000104 ) ;
#6101 = ORIENTED_EDGE ( 'NONE', *, *, #9506, .F. ) ;
#6102 =( NAMED_UNIT ( * ) PLANE_ANGLE_UNIT ( ) SI_UNIT ( $, .RADIAN. ) );
#6103 = ORIENTED_EDGE ( 'NONE', *, *, #7693, .T. ) ;
#6104 = EDGE_CURVE ( 'NONE', #4169, #3648, #9587, .T. ) ;
#6105 = DIRECTION ( 'NONE',  ( 0.000000000000000000, 0.000000000000000000, 1.000000000000000000 ) ) ;
#6106 = EDGE_CURVE ( 'NONE', #5755, #6323, #1439, .T. ) ;
#6107 = CARTESIAN_POINT ( 'NONE',  ( 0.06480740831667992918, -0.2880000001265000109, 0.09500000013037009083 ) ) ;
#6108 = EDGE_CURVE ( 'NONE', #8434, #3533, #7785, .T. ) ;
#6109 = DIRECTION ( 'NONE',  ( 0.000000000000000000, 1.000000000000000000, 0.000000000000000000 ) ) ;
#6110 = DIRECTION ( 'NONE',  ( -0.9832549075639467340, 0.000000000000000000, -0.1822355254921899370 ) ) ;
#6111 =( NAMED_UNIT ( * ) PLANE_ANGLE_UNIT ( ) SI_UNIT ( $, .RADIAN. ) );
#6112 = ORIENTED_EDGE ( 'NONE', *, *, #9997, .T. ) ;
#6113 = CARTESIAN_POINT ( 'NONE',  ( -0.05600000000000000810, 0.1640000000000000069, 0.2497999199358999778 ) ) ;
#6114 = SURFACE_SIDE_STYLE ('',( #4720 ) ) ;
#6115 = EDGE_LOOP ( 'NONE', ( #4019, #3231, #9897, #8909, #8309 ) ) ;
#6116 = VECTOR ( 'NONE', #7308, 39.37007874015748143 ) ;
#6117 = ORIENTED_EDGE ( 'NONE', *, *, #9788, .F. ) ;
#6118 = CARTESIAN_POINT ( 'NONE',  ( 0.05127699295793999162, -0.2849999999999999756, 0.04617001183875999587 ) ) ;
#6119 = CARTESIAN_POINT ( 'NONE',  ( 0.2167927007278544482, 0.1295269269854136263, 0.1104727822150776417 ) ) ;
#6120 = DIRECTION ( 'NONE',  ( -0.7313537016191831164, 0.000000000000000000, -0.6819983600624851539 ) ) ;
#6121 = CARTESIAN_POINT ( 'NONE',  ( 0.2045723719498000193, 0.09300000109160000417, 0.1221424603722999908 ) ) ;
#6122 =( GEOMETRIC_REPRESENTATION_CONTEXT ( 3 ) GLOBAL_UNCERTAINTY_ASSIGNED_CONTEXT ( ( #6402 ) ) GLOBAL_UNIT_ASSIGNED_CONTEXT ( ( #5860, #1285, #9142 ) ) REPRESENTATION_CONTEXT ( 'NONE', 'WORKASPACE' ) );
#6123 = CARTESIAN_POINT ( 'NONE',  ( -0.005999999999984999971, 0.1890000000000000291, -0.2359229049514000032 ) ) ;
#6124 = ORIENTED_EDGE ( 'NONE', *, *, #9873, .F. ) ;
#6125 = ORIENTED_EDGE ( 'NONE', *, *, #2097, .T. ) ;
#6126 = VERTEX_POINT ( 'NONE', #3025 ) ;
#6127 = B_SPLINE_CURVE_WITH_KNOTS ( 'NONE', 3,
 ( #4248, #4293, #1252, #4340, #2028, #5065, #5160, #6664, #8307, #4391, #9016, #1305, #1202, #5210, #7390, #9784, #329, #4440, #7533 ),
 .UNSPECIFIED., .F., .F.,
 ( 4, 2, 2, 1, 2, 2, 2, 2, 2, 4 ),
 ( 0.000000000000000000, 0.2500000000000155431, 0.3750000000000235922, 0.4375000000000289768, 0.4687500000000321410, 0.5000000000000353051, 0.6250000000000264233, 0.6875000000000227596, 0.7500000000000190958, 1.000000000000000000 ),
 .UNSPECIFIED. ) ;
#6128 = PLANE ( 'NONE',  #6187 ) ;
#6129 = FACE_OUTER_BOUND ( 'NONE', #7691, .T. ) ;
#6130 = CARTESIAN_POINT ( 'NONE',  ( 0.2257378805857000181, 0.05700000000000000205, -0.09468936088068996559 ) ) ;
#6131 = CARTESIAN_POINT ( 'NONE',  ( 0.2286638244328763336, 0.1078774029959518183, 0.1090261402345197583 ) ) ;
#6132 = LINE ( 'NONE', #2185, #10041 ) ;
#6133 = MECHANICAL_DESIGN_GEOMETRIC_PRESENTATION_REPRESENTATION (  '', ( #1643 ), #3005 ) ;
#6134 = STYLED_ITEM ( 'NONE', ( #6242 ), #8885 ) ;
#6135 = DIRECTION ( 'NONE',  ( 1.000000000000000000, 0.000000000000000000, 0.000000000000000000 ) ) ;
#6136 = EDGE_LOOP ( 'NONE', ( #9960, #2929, #2866, #2474 ) ) ;
#6137 = LINE ( 'NONE', #1464, #4345 ) ;
#6138 = ORIENTED_EDGE ( 'NONE', *, *, #7240, .T. ) ;
#6139 = AXIS2_PLACEMENT_3D ( 'NONE', #9065, #2031, #7340 ) ;
#6140 = CARTESIAN_POINT ( 'NONE',  ( 0.2391175687437587516, 0.1887749013234855111, 0.02086333349640871401 ) ) ;
#6141 = AXIS2_PLACEMENT_3D ( 'NONE', #1818, #4008, #4827 ) ;
#6142 =( CONVERSION_BASED_UNIT ( 'INCH', #674 ) LENGTH_UNIT ( ) NAMED_UNIT ( #8863 ) );
#6143 = DIRECTION ( 'NONE',  ( 0.000000000000000000, 1.000000000000000000, 0.000000000000000000 ) ) ;
#6144 = FACE_OUTER_BOUND ( 'NONE', #7855, .T. ) ;
#6145 = DIRECTION ( 'NONE',  ( 0.7431448254774123408, -2.713893563002781442E-14, 0.6691306063588382536 ) ) ;
#6146 = AXIS2_PLACEMENT_3D ( 'NONE', #6671, #6568, #9790 ) ;
#6147 = DIRECTION ( 'NONE',  ( 0.000000000000000000, 1.000000000000000000, 0.000000000000000000 ) ) ;
#6148 = ORIENTED_EDGE ( 'NONE', *, *, #1787, .F. ) ;
#6149 = CARTESIAN_POINT ( 'NONE',  ( 0.2037466485688941287, 0.1743051030296249304, -0.1549945180799666422 ) ) ;
#6150 = STYLED_ITEM ( 'NONE', ( #8603 ), #3073 ) ;
#6151 = CIRCLE ( 'NONE', #710, 0.2290000000000000369 ) ;
#6152 = EDGE_CURVE ( 'NONE', #2298, #7251, #6166, .T. ) ;
#6153 = DIRECTION ( 'NONE',  ( 0.000000000000000000, -1.000000000000000000, 0.000000000000000000 ) ) ;
#6154 = DIRECTION ( 'NONE',  ( 0.000000000000000000, -1.000000000000000000, 0.000000000000000000 ) ) ;
#6155 = CARTESIAN_POINT ( 'NONE',  ( 0.000000000000000000, -0.2849999999999999756, 0.000000000000000000 ) ) ;
#6156 = DIRECTION ( 'NONE',  ( 0.000000000000000000, -1.000000000000000000, 0.000000000000000000 ) ) ;
#6157 = EDGE_CURVE ( 'NONE', #5874, #5103, #9593, .T. ) ;
#6159 = CARTESIAN_POINT ( 'NONE',  ( 0.2247448468860618054, 0.1042798071455447312, -0.01075349196316354589 ) ) ;
#6158 = CARTESIAN_POINT ( 'NONE',  ( 0.03200000000000000067, 0.1740000000000000158, -0.2235999999999999932 ) ) ;
#6160 = DIRECTION ( 'NONE',  ( 1.000000000000000000, 0.000000000000000000, 0.000000000000000000 ) ) ;
#6161 = ORIENTED_EDGE ( 'NONE', *, *, #7369, .T. ) ;
#6162 = CARTESIAN_POINT ( 'NONE',  ( 0.2003727677891597725, 0.1313428841289128735, -0.1023770750736635732 ) ) ;
#6163 = EDGE_CURVE ( 'NONE', #7527, #5146, #4103, .T. ) ;
#6164 = ORIENTED_EDGE ( 'NONE', *, *, #1780, .F. ) ;
#6165 = ORIENTED_EDGE ( 'NONE', *, *, #7607, .F. ) ;
#6166 = LINE ( 'NONE', #8717, #2845 ) ;
#6167 = CARTESIAN_POINT ( 'NONE',  ( 0.000000000000000000, -0.2600000000000000089, 0.000000000000000000 ) ) ;
#6168 = EDGE_CURVE ( 'NONE', #3019, #4225, #9020, .T. ) ;
#6169 = LINE ( 'NONE', #7155, #1433 ) ;
#6170 = CARTESIAN_POINT ( 'NONE',  ( 0.1925534685309999994, 0.09299999999998996569, 0.1202722232546999948 ) ) ;
#6171 = CARTESIAN_POINT ( 'NONE',  ( 0.1948723322835999860, 0.06967483934667992318, 0.1481500587434000094 ) ) ;
#6172 = TOROIDAL_SURFACE ( 'NONE', #9939, 0.02000000000000000042, 0.01149999999999999981 ) ;
#6173 = DIRECTION ( 'NONE',  ( 0.000000000000000000, 1.000000000000000000, 0.000000000000000000 ) ) ;
#6174 = EDGE_CURVE ( 'NONE', #422, #8174, #3352, .T. ) ;
#6175 = ORIENTED_EDGE ( 'NONE', *, *, #7438, .T. ) ;
#6176 = EDGE_CURVE ( 'NONE', #3219, #3752, #7139, .T. ) ;
#6177 = ORIENTED_EDGE ( 'NONE', *, *, #9356, .F. ) ;
#6178 = VERTEX_POINT ( 'NONE', #10020 ) ;
#6179 = AXIS2_PLACEMENT_3D ( 'NONE', #6567, #6459, #9696 ) ;
#6180 = CIRCLE ( 'NONE', #4702, 0.03499999999999998945 ) ;
#6181 = CARTESIAN_POINT ( 'NONE',  ( 0.2578332985207122952, 0.1355644583199011877, -0.003770955697854205726 ) ) ;
#6182 = DIRECTION ( 'NONE',  ( -0.8660254037844219432, -4.153426854489490933E-15, -0.5000000000000289768 ) ) ;
#6183 = LINE ( 'NONE', #7939, #2539 ) ;
#6184 = DIRECTION ( 'NONE',  ( 0.9974055587474864870, 0.000000000000000000, 0.07198716121374905408 ) ) ;
#6185 = ORIENTED_EDGE ( 'NONE', *, *, #1893, .T. ) ;
#6186 = PLANE ( 'NONE',  #8944 ) ;
#6187 = AXIS2_PLACEMENT_3D ( 'NONE', #8040, #8801, #104 ) ;
#6188 = CIRCLE ( 'NONE', #2093, 0.02000000000000000389 ) ;
#6189 = CARTESIAN_POINT ( 'NONE',  ( 0.1954831476417999980, 0.1137447344221000078, -0.1114063740284000209 ) ) ;
#6190 = LINE ( 'NONE', #3778, #2855 ) ;
#6191 = DIRECTION ( 'NONE',  ( 0.000000000000000000, -1.000000000000000000, 0.000000000000000000 ) ) ;
#6192 =( NAMED_UNIT ( * ) SI_UNIT ( $, .STERADIAN. ) SOLID_ANGLE_UNIT ( ) );
#6193 = DIRECTION ( 'NONE',  ( -0.6815563051466134725, 0.000000000000000000, -0.7317656748679158829 ) ) ;
#6194 = MECHANICAL_DESIGN_GEOMETRIC_PRESENTATION_REPRESENTATION (  '', ( #8012 ), #2418 ) ;
#6195 = CARTESIAN_POINT ( 'NONE',  ( -0.08755715669137008328, 0.000000000000000000, 0.2405613109212000056 ) ) ;
#6196 = CIRCLE ( 'NONE', #8828, 0.2249999999999998945 ) ;
#6197 = CARTESIAN_POINT ( 'NONE',  ( 0.2362078953398958625, 0.1263360617984240486, -0.01450783666810599379 ) ) ;
#6198 = EDGE_LOOP ( 'NONE', ( #6397, #2904, #10017, #5988, #9800 ) ) ;
#6199 = CARTESIAN_POINT ( 'NONE',  ( 0.1961000639821532665, 0.1888975553250790418, -0.1355802452599167984 ) ) ;
#6200 = ORIENTED_EDGE ( 'NONE', *, *, #7620, .T. ) ;
#6201 = AXIS2_PLACEMENT_3D ( 'NONE', #1084, #3237, #8892 ) ;
#6202 = EDGE_LOOP ( 'NONE', ( #4782, #6654, #8847, #819 ) ) ;
#6203 = CARTESIAN_POINT ( 'NONE',  ( 0.2084493414971999858, 0.09300000000042993320, 0.1076725184742999969 ) ) ;
#6204 = DIRECTION ( 'NONE',  ( 1.000000000000000000, 0.000000000000000000, 0.000000000000000000 ) ) ;
#6205 =( CONVERSION_BASED_UNIT ( 'INCH', #4657 ) LENGTH_UNIT ( ) NAMED_UNIT ( #198 ) );
#6206 = CARTESIAN_POINT ( 'NONE',  ( 0.000000000000000000, -0.007000000000000001013, 0.000000000000000000 ) ) ;
#6208 = CARTESIAN_POINT ( 'NONE',  ( -0.2406940249214999938, 0.000000000000000000, 0.04461000069966999937 ) ) ;
#6207 = DIRECTION ( 'NONE',  ( 1.000000000000000000, 0.000000000000000000, 4.339517008818000347E-14 ) ) ;
#6209 = CIRCLE ( 'NONE', #8839, 0.2560000000000001164 ) ;
#6210 = ORIENTED_EDGE ( 'NONE', *, *, #10057, .T. ) ;
#6211 = AXIS2_PLACEMENT_3D ( 'NONE', #3811, #7005, #10077 ) ;
#6212 = EDGE_LOOP ( 'NONE', ( #322, #1121, #6285, #9753, #2644, #598, #3184 ) ) ;
#6213 = EDGE_CURVE ( 'NONE', #4757, #8232, #2972, .T. ) ;
#6214 = ORIENTED_EDGE ( 'NONE', *, *, #8732, .F. ) ;
#6215 = DIRECTION ( 'NONE',  ( 2.919856381479999903E-13, 1.000000000000000000, 4.777608807557999658E-14 ) ) ;
#6216 = EDGE_CURVE ( 'NONE', #6655, #3193, #7626, .T. ) ;
#6217 = DIRECTION ( 'NONE',  ( 0.3420201433257875623, 0.000000000000000000, 0.9396926207858652402 ) ) ;
#6218 = PLANE ( 'NONE',  #9121 ) ;
#6219 =( NAMED_UNIT ( * ) SI_UNIT ( $, .STERADIAN. ) SOLID_ANGLE_UNIT ( ) );
#6220 = FILL_AREA_STYLE ('',( #3863 ) ) ;
#6221 = DIRECTION ( 'NONE',  ( 1.000000000000000000, 0.000000000000000000, 0.000000000000000000 ) ) ;
#6222 = ORIENTED_EDGE ( 'NONE', *, *, #8201, .F. ) ;
#6223 = VERTEX_POINT ( 'NONE', #848 ) ;
#6224 = EDGE_CURVE ( 'NONE', #8288, #646, #9650, .T. ) ;
#6225 = ORIENTED_EDGE ( 'NONE', *, *, #2769, .F. ) ;
#6226 = CARTESIAN_POINT ( 'NONE',  ( 0.2379441442761999759, 0.05700000000000000205, 0.05750000000000000250 ) ) ;
#6227 = EDGE_CURVE ( 'NONE', #5254, #3752, #5698, .T. ) ;
#6228 = EDGE_CURVE ( 'NONE', #7364, #8472, #3185, .T. ) ;
#6229 = CARTESIAN_POINT ( 'NONE',  ( -0.08124038427137007801, -0.2780000003961000110, -0.09500000013517008457 ) ) ;
#6230 = FACE_OUTER_BOUND ( 'NONE', #6481, .T. ) ;
#6231 = DIRECTION ( 'NONE',  ( -0.6156440419726819657, 0.000000000000000000, 0.7880243737242766944 ) ) ;
#6232 = VECTOR ( 'NONE', #2918, 39.37007874015748143 ) ;
#6233 = SURFACE_STYLE_USAGE ( .BOTH. , #6540 ) ;
#6234 = SURFACE_STYLE_FILL_AREA ( #4030 ) ;
#6235 = CARTESIAN_POINT ( 'NONE',  ( 0.1532309088561999988, 0.09299999999999999933, 0.1701801650343000016 ) ) ;
#6236 = EDGE_LOOP ( 'NONE', ( #9785, #4173, #2580, #2690 ) ) ;
#6237 = LINE ( 'NONE', #3721, #3014 ) ;
#6238 = FILL_AREA_STYLE_COLOUR ( '', #747 ) ;
#6239 = AXIS2_PLACEMENT_3D ( 'NONE', #4142, #7729, #3715 ) ;
#6240 = DIRECTION ( 'NONE',  ( 0.000000000000000000, 1.000000000000000000, 0.000000000000000000 ) ) ;
#6241 = DIRECTION ( 'NONE',  ( 0.3746065934153979815, 1.309213508626994081E-11, -0.9271838545669950360 ) ) ;
#6242 = PRESENTATION_STYLE_ASSIGNMENT (( #5525 ) ) ;
#6243 = LINE ( 'NONE', #9227, #2864 ) ;
#6244 = CARTESIAN_POINT ( 'NONE',  ( 0.2412143975853926203, 0.1880010355918886322, -0.02269352276041259123 ) ) ;
#6245 = CARTESIAN_POINT ( 'NONE',  ( 0.2387855923263548508, 0.1269595170606189483, -0.01423192160700587419 ) ) ;
#6246 = ORIENTED_EDGE ( 'NONE', *, *, #5674, .T. ) ;
#6247 = ORIENTED_EDGE ( 'NONE', *, *, #7800, .T. ) ;
#6248 = ORIENTED_EDGE ( 'NONE', *, *, #6542, .T. ) ;
#6249 = CARTESIAN_POINT ( 'NONE',  ( 0.2092482391367999905, 0.09299999999847992360, 0.1098247493958999926 ) ) ;
#6250 =( NAMED_UNIT ( * ) SI_UNIT ( $, .STERADIAN. ) SOLID_ANGLE_UNIT ( ) );
#6251 = CARTESIAN_POINT ( 'NONE',  ( 0.2248109110168999836, 0.1890000000000000291, -0.009222488152844999718 ) ) ;
#6252 = LINE ( 'NONE', #9384, #9203 ) ;
#6253 = COLOUR_RGB ( '',0.2509803921568627416, 0.2509803921568627416, 0.2509803921568627416 ) ;
#6255 = CARTESIAN_POINT ( 'NONE',  ( 0.2247295970897698614, 0.1053087877410407713, -0.01105071396754322977 ) ) ;
#6254 = DIRECTION ( 'NONE',  ( 0.000000000000000000, 1.000000000000000000, 0.000000000000000000 ) ) ;
#6256 = ORIENTED_EDGE ( 'NONE', *, *, #1691, .T. ) ;
#6257 = CARTESIAN_POINT ( 'NONE',  ( 0.1950246529414000340, 0.1889420390996001120, -0.1303297584554000133 ) ) ;
#6258 = ORIENTED_EDGE ( 'NONE', *, *, #2445, .F. ) ;
#6259 = CARTESIAN_POINT ( 'NONE',  ( 0.2029881984428998920, 0.1889420390995998622, 0.1363734795761999408 ) ) ;
#6260 = CARTESIAN_POINT ( 'NONE',  ( 0.2132393488517000113, 0.1246118225996999951, -0.1405643480442000104 ) ) ;
#6261 = EDGE_LOOP ( 'NONE', ( #6225, #7627, #5474, #261, #72, #9674, #4676, #232, #3191 ) ) ;
#6262 = DIRECTION ( 'NONE',  ( -0.7368771531423669030, 0.000000000000000000, -0.6760266719418700498 ) ) ;
#6263 = ORIENTED_EDGE ( 'NONE', *, *, #2949, .T. ) ;
#6264 = CARTESIAN_POINT ( 'NONE',  ( 0.2069458419063868182, 0.1280940487638683456, 0.1037281219431130524 ) ) ;
#6265 = DIRECTION ( 'NONE',  ( 0.000000000000000000, 1.000000000000000000, 0.000000000000000000 ) ) ;
#6266 = CARTESIAN_POINT ( 'NONE',  ( 0.2058390707075999915, 0.09299999592610001808, 0.1214489149143999913 ) ) ;
#6267 = CYLINDRICAL_SURFACE ( 'NONE', #4034, 0.2249999999999999778 ) ;
#6268 = SURFACE_STYLE_USAGE ( .BOTH. , #3810 ) ;
#6269 = FILL_AREA_STYLE ('',( #9613 ) ) ;
#6270 = ORIENTED_EDGE ( 'NONE', *, *, #6857, .T. ) ;
#6271 = CIRCLE ( 'NONE', #8094, 0.05249999999999999806 ) ;
#6272 = VERTEX_POINT ( 'NONE', #9746 ) ;
#6273 = ADVANCED_FACE ( 'NONE', ( #290 ), #3013, .F. ) ;
#6274 = ORIENTED_EDGE ( 'NONE', *, *, #5537, .T. ) ;
#6275 = CARTESIAN_POINT ( 'NONE',  ( 0.000000000000000000, 0.000000000000000000, 0.000000000000000000 ) ) ;
#6276 = COLOUR_RGB ( '',0.2509803921568627416, 0.2509803921568627416, 0.2509803921568627416 ) ;
#6277 = STYLED_ITEM ( 'NONE', ( #3955 ), #323 ) ;
#6278 = CARTESIAN_POINT ( 'NONE',  ( 0.2568610293433798986, 0.1329111679909113497, 0.009367742746232175094 ) ) ;
#6279 = EDGE_CURVE ( 'NONE', #711, #4128, #10079, .T. ) ;
#6280 = EDGE_CURVE ( 'NONE', #8959, #4225, #1218, .T. ) ;
#6281 = CARTESIAN_POINT ( 'NONE',  ( 0.2247566708700023397, 0.1036150502554910730, 0.01055035239507707417 ) ) ;
#6282 = FACE_OUTER_BOUND ( 'NONE', #4285, .T. ) ;
#6283 = SURFACE_STYLE_USAGE ( .BOTH. , #7075 ) ;
#6284 = DIRECTION ( 'NONE',  ( -5.034805831917999964E-09, 1.000000000000000000, -1.102078899082000094E-10 ) ) ;
#6285 = ORIENTED_EDGE ( 'NONE', *, *, #5599, .T. ) ;
#6286 = CARTESIAN_POINT ( 'NONE',  ( 0.000000000000000000, 0.09299999999999999933, 0.000000000000000000 ) ) ;
#6287 = EDGE_CURVE ( 'NONE', #2004, #9849, #8599, .T. ) ;
#6288 = ADVANCED_FACE ( 'NONE', ( #8825 ), #6724, .T. ) ;
#6289 = CARTESIAN_POINT ( 'NONE',  ( 0.1954139482905000169, 0.1141328945847999987, -0.1115275249144000030 ) ) ;
#6290 =( CONVERSION_BASED_UNIT ( 'INCH', #1774 ) LENGTH_UNIT ( ) NAMED_UNIT ( #9657 ) );
#6291 = DIRECTION ( 'NONE',  ( 0.000000000000000000, -1.000000000000000000, 0.000000000000000000 ) ) ;
#6292 =( NAMED_UNIT ( * ) PLANE_ANGLE_UNIT ( ) SI_UNIT ( $, .RADIAN. ) );
#6293 =( NAMED_UNIT ( * ) PLANE_ANGLE_UNIT ( ) SI_UNIT ( $, .RADIAN. ) );
#6294 = VECTOR ( 'NONE', #6000, 39.37007874015748143 ) ;
#6295 = VECTOR ( 'NONE', #2547, 39.37007874015748143 ) ;
#6296 = CARTESIAN_POINT ( 'NONE',  ( 0.2346478379337426090, 0.1264152095349775629, -0.01447424743431378370 ) ) ;
#6297 = ORIENTED_EDGE ( 'NONE', *, *, #9803, .F. ) ;
#6298 = CYLINDRICAL_SURFACE ( 'NONE', #4663, 0.1250000000000000000 ) ;
#6299 = ORIENTED_EDGE ( 'NONE', *, *, #7369, .F. ) ;
#6300 = EDGE_CURVE ( 'NONE', #846, #6628, #1874, .T. ) ;
#6301 = EDGE_CURVE ( 'NONE', #10051, #8288, #1376, .T. ) ;
#6302 = AXIS2_PLACEMENT_3D ( 'NONE', #9494, #5587, #10070 ) ;
#6303 = PRESENTATION_LAYER_ASSIGNMENT (  '', '', ( #8934 ) ) ;
#6304 = VECTOR ( 'NONE', #7776, 39.37007874015748143 ) ;
#6305 = ORIENTED_EDGE ( 'NONE', *, *, #1077, .F. ) ;
#6306 = CARTESIAN_POINT ( 'NONE',  ( 0.000000000000000000, 0.1849999999999999978, 0.000000000000000000 ) ) ;
#6307 = CARTESIAN_POINT ( 'NONE',  ( 0.2001921211085999908, 0.1047618926469000011, -0.1027040147514000079 ) ) ;
#6308 = CARTESIAN_POINT ( 'NONE',  ( 0.2016075308428000035, 0.09300000007837008753, -0.1229099384690000157 ) ) ;
#6309 = DIRECTION ( 'NONE',  ( 0.6691305994442950933, 0.000000000000000000, -0.7431448317032948170 ) ) ;
#6311 = CARTESIAN_POINT ( 'NONE',  ( 0.2249430123196389242, 0.09735132825336274831, -0.005408651365143627571 ) ) ;
#6310 = FILL_AREA_STYLE_COLOUR ( '', #340 ) ;
#6312 = VECTOR ( 'NONE', #6241, 39.37007874015748854 ) ;
#6313 = VECTOR ( 'NONE', #627, 39.37007874015748143 ) ;
#6314 = PRESENTATION_LAYER_ASSIGNMENT (  '', '', ( #552 ) ) ;
#6315 = CARTESIAN_POINT ( 'NONE',  ( 0.05099999999999999672, 0.1890000000000000291, 0.2191437884130000013 ) ) ;
#6316 = VERTEX_POINT ( 'NONE', #1067 ) ;
#6317 = DIRECTION ( 'NONE',  ( 0.6691306063588782216, 0.000000000000000000, 0.7431448254773762585 ) ) ;
#6318 = ORIENTED_EDGE ( 'NONE', *, *, #6365, .T. ) ;
#6319 = CARTESIAN_POINT ( 'NONE',  ( 0.002000000000000000042, 0.4210000000000000409, 0.2290000000000000091 ) ) ;
#6320 = PRESENTATION_STYLE_ASSIGNMENT (( #7098 ) ) ;
#6321 = EDGE_LOOP ( 'NONE', ( #4097, #9199, #5837, #1971, #6088, #3382, #9620, #7482 ) ) ;
#6322 = CARTESIAN_POINT ( 'NONE',  ( 0.02200000000000000219, 0.4410000000000000031, 0.2290000000000000091 ) ) ;
#6323 = VERTEX_POINT ( 'NONE', #7292 ) ;
#6324 = CARTESIAN_POINT ( 'NONE',  ( 0.2136920581744973513, 0.1268480562689085489, 0.1068811896216979723 ) ) ;
#6325 =( CONVERSION_BASED_UNIT ( 'INCH', #8689 ) LENGTH_UNIT ( ) NAMED_UNIT ( #5923 ) );
#6326 = CIRCLE ( 'NONE', #3206, 0.2447931081450999691 ) ;
#6327 = ORIENTED_EDGE ( 'NONE', *, *, #4707, .F. ) ;
#6328 = PRESENTATION_STYLE_ASSIGNMENT (( #9401 ) ) ;
#6329 = DIRECTION ( 'NONE',  ( 0.000000000000000000, 1.000000000000000000, 0.000000000000000000 ) ) ;
#6330 = ORIENTED_EDGE ( 'NONE', *, *, #8568, .T. ) ;
#6331 = ORIENTED_EDGE ( 'NONE', *, *, #6934, .T. ) ;
#6332 = AXIS2_PLACEMENT_3D ( 'NONE', #536, #2910, #6057 ) ;
#6333 = UNCERTAINTY_MEASURE_WITH_UNIT (LENGTH_MEASURE( 1.000000000000000082E-05 ), #5055, 'distance_accuracy_value', 'NONE');
#6334 = EDGE_LOOP ( 'NONE', ( #9053, #7630, #2460, #8134, #7037, #7647, #1811, #7513 ) ) ;
#6335 = CARTESIAN_POINT ( 'NONE',  ( 0.2549528672140999874, 0.1246118225996999951, 0.01511262184679999961 ) ) ;
#6336 = PLANE ( 'NONE',  #9526 ) ;
#6337 = EDGE_CURVE ( 'NONE', #7217, #7153, #2101, .T. ) ;
#6338 = LINE ( 'NONE', #716, #7135 ) ;
#6339 = CARTESIAN_POINT ( 'NONE',  ( 0.09327704176054998908, 0.1849999999999999978, 0.2308687797871000202 ) ) ;
#6340 = CARTESIAN_POINT ( 'NONE',  ( 0.1993032040650000170, 0.1890000000000000291, -0.1044185464819999964 ) ) ;
#6341 = CARTESIAN_POINT ( 'NONE',  ( 0.05099999999999999672, 0.09299999999999999933, -0.2350000000000000144 ) ) ;
#6342 = ORIENTED_EDGE ( 'NONE', *, *, #6624, .T. ) ;
#6343 = SURFACE_STYLE_FILL_AREA ( #2385 ) ;
#6344 = AXIS2_PLACEMENT_3D ( 'NONE', #9327, #3878, #673 ) ;
#6345 = ADVANCED_FACE ( 'NONE', ( #6774 ), #5374, .F. ) ;
#6346 = DIRECTION ( 'NONE',  ( 0.000000000000000000, -1.000000000000000000, 0.000000000000000000 ) ) ;
#6347 = FILL_AREA_STYLE ('',( #8707 ) ) ;
#6348 = DIRECTION ( 'NONE',  ( -0.9999988959613604900, 0.000000000000000000, 0.001485959642859940649 ) ) ;
#6349 = ADVANCED_FACE ( 'NONE', ( #1470 ), #6640, .F. ) ;
#6350 = CARTESIAN_POINT ( 'NONE',  ( -0.04400000000000000439, 0.1740000000000000158, 0.2290000000000000091 ) ) ;
#6351 = PRESENTATION_STYLE_ASSIGNMENT (( #1671 ) ) ;
#6352 = CIRCLE ( 'NONE', #7182, 0.2559999999999998943 ) ;
#6353 = VERTEX_POINT ( 'NONE', #8366 ) ;
#6354 = CARTESIAN_POINT ( 'NONE',  ( 0.2371865334795000002, 0.05700000000000000205, 0.03450000000000000289 ) ) ;
#6355 = VERTEX_POINT ( 'NONE', #6877 ) ;
#6356 = ADVANCED_FACE ( 'NONE', ( #8512 ), #2799, .T. ) ;
#6357 = ORIENTED_EDGE ( 'NONE', *, *, #8799, .F. ) ;
#6358 = FILL_AREA_STYLE_COLOUR ( '', #9128 ) ;
#6359 = AXIS2_PLACEMENT_3D ( 'NONE', #5006, #9772, #3407 ) ;
#6360 = CARTESIAN_POINT ( 'NONE',  ( -0.06300000000000000044, 0.1740000000000000158, -0.2235999999999999932 ) ) ;
#6361 = DIRECTION ( 'NONE',  ( 1.000000000000000000, 0.000000000000000000, 0.000000000000000000 ) ) ;
#6362 = LINE ( 'NONE', #1630, #7799 ) ;
#6363 = CARTESIAN_POINT ( 'NONE',  ( 0.2054709286160525672, 0.09720967071335948062, -0.1451541073850450003 ) ) ;
#6364 = AXIS2_PLACEMENT_3D ( 'NONE', #7197, #4878, #6369 ) ;
#6365 = EDGE_CURVE ( 'NONE', #1142, #2409, #2897, .T. ) ;
#6366 = EDGE_CURVE ( 'NONE', #684, #3220, #5274, .T. ) ;
#6368 = PRESENTATION_STYLE_ASSIGNMENT (( #3226 ) ) ;
#6367 = CARTESIAN_POINT ( 'NONE',  ( 0.03181405837722000446, 0.1889855661377000118, 0.2349999999996000011 ) ) ;
#6369 = DIRECTION ( 'NONE',  ( -0.7473164411277990471, 0.000000000000000000, -0.6644683113738990565 ) ) ;
#6370 = ORIENTED_EDGE ( 'NONE', *, *, #4092, .T. ) ;
#6371 = CARTESIAN_POINT ( 'NONE',  ( 0.2028175289743364973, 0.1287149917602862792, 0.1324155041648150399 ) ) ;
#6372 = EDGE_LOOP ( 'NONE', ( #4998, #5873, #8097, #1525, #5246, #9504, #5528, #10122, #3189 ) ) ;
#6373 = CARTESIAN_POINT ( 'NONE',  ( 0.1942926439424000062, 0.1890000000000000291, 0.1134696810160000097 ) ) ;
#6374 = AXIS2_PLACEMENT_3D ( 'NONE', #8574, #1529, #9340 ) ;
#6375 = DIRECTION ( 'NONE',  ( -0.000000000000000000, 1.000000000000000000, 0.000000000000000000 ) ) ;
#6376 =( GEOMETRIC_REPRESENTATION_CONTEXT ( 3 ) GLOBAL_UNCERTAINTY_ASSIGNED_CONTEXT ( ( #4245 ) ) GLOBAL_UNIT_ASSIGNED_CONTEXT ( ( #6400, #5575, #942 ) ) REPRESENTATION_CONTEXT ( 'NONE', 'WORKASPACE' ) );
#6377 = ORIENTED_EDGE ( 'NONE', *, *, #1780, .T. ) ;
#6378 = CIRCLE ( 'NONE', #5551, 0.2447931081450999968 ) ;
#6379 = CARTESIAN_POINT ( 'NONE',  ( 0.2071813540167812551, 0.1279533558571434582, -0.1037725478611991742 ) ) ;
#6380 = STYLED_ITEM ( 'NONE', ( #9206 ), #56 ) ;
#6381 = STYLED_ITEM ( 'NONE', ( #6320 ), #3340 ) ;
#6382 = ORIENTED_EDGE ( 'NONE', *, *, #5354, .T. ) ;
#6383 = DIRECTION ( 'NONE',  ( 0.000000000000000000, 1.000000000000000000, 0.000000000000000000 ) ) ;
#6384 = CARTESIAN_POINT ( 'NONE',  ( 0.2043819952930999995, 0.1890000000000000291, -0.1180000000000000077 ) ) ;
#6385 = ORIENTED_EDGE ( 'NONE', *, *, #4356, .T. ) ;
#6386 =( CONVERSION_BASED_UNIT ( 'INCH', #1911 ) LENGTH_UNIT ( ) NAMED_UNIT ( #4999 ) );
#6387 = DIRECTION ( 'NONE',  ( 0.000000000000000000, -1.000000000000000000, 0.000000000000000000 ) ) ;
#6388 = ORIENTED_EDGE ( 'NONE', *, *, #8542, .F. ) ;
#6389 = EDGE_LOOP ( 'NONE', ( #3314, #7289 ) ) ;
#6390 = ORIENTED_EDGE ( 'NONE', *, *, #9175, .F. ) ;
#6391 = CARTESIAN_POINT ( 'NONE',  ( 0.2060942979726873847, 0.1308765579295602111, -0.1324126802312887985 ) ) ;
#6392 = CARTESIAN_POINT ( 'NONE',  ( 0.2549528672140999874, 0.1246118225996999951, -0.01511262184679999961 ) ) ;
#6393 = B_SPLINE_CURVE_WITH_KNOTS ( 'NONE', 3,
 ( #7588, #8464, #6140, #9122, #2995, #1412, #9176, #4497, #8363, #5168, #631, #4399, #9891, #6093, #9275, #6917, #4546 ),
 .UNSPECIFIED., .F., .F.,
 ( 4, 2, 2, 2, 1, 2, 2, 2, 4 ),
 ( 0.000000000000000000, 0.2499999999999982236, 0.3749999999999967248, 0.4374999999999955036, 0.4687499999999955591, 0.4843749999999955591, 0.4999999999999955591, 0.7499999999999977796, 1.000000000000000000 ),
 .UNSPECIFIED. ) ;
#6394 = FACE_OUTER_BOUND ( 'NONE', #7319, .T. ) ;
#6395 = DIRECTION ( 'NONE',  ( 0.3746065934159834021, 0.000000000000000000, 0.9271838545667586695 ) ) ;
#6396 = CYLINDRICAL_SURFACE ( 'NONE', #3915, 0.01572165198161998984 ) ;
#6397 = ORIENTED_EDGE ( 'NONE', *, *, #8060, .T. ) ;
#6398 = SURFACE_STYLE_FILL_AREA ( #8554 ) ;
#6399 = LENGTH_MEASURE_WITH_UNIT ( LENGTH_MEASURE( 0.02539999999999999897 ), #1666 );
#6400 =( CONVERSION_BASED_UNIT ( 'INCH', #3208 ) LENGTH_UNIT ( ) NAMED_UNIT ( #8152 ) );
#6401 = FACE_OUTER_BOUND ( 'NONE', #4826, .T. ) ;
#6402 = UNCERTAINTY_MEASURE_WITH_UNIT (LENGTH_MEASURE( 1.000000000000000082E-05 ), #5860, 'distance_accuracy_value', 'NONE');
#6403 = CARTESIAN_POINT ( 'NONE',  ( 0.2399983668435126671, 0.1883849745696030975, -0.02160956889278336721 ) ) ;
#6404 = ADVANCED_FACE ( 'NONE', ( #7590 ), #4505, .T. ) ;
#6405 = ORIENTED_EDGE ( 'NONE', *, *, #1712, .T. ) ;
#6406 = VERTEX_POINT ( 'NONE', #9944 ) ;
#6407 =( GEOMETRIC_REPRESENTATION_CONTEXT ( 3 ) GLOBAL_UNCERTAINTY_ASSIGNED_CONTEXT ( ( #8054 ) ) GLOBAL_UNIT_ASSIGNED_CONTEXT ( ( #1032, #1858, #491 ) ) REPRESENTATION_CONTEXT ( 'NONE', 'WORKASPACE' ) );
#6408 = EDGE_CURVE ( 'NONE', #5164, #3204, #9423, .T. ) ;
#6409 = ORIENTED_EDGE ( 'NONE', *, *, #7432, .F. ) ;
#6410 = DIRECTION ( 'NONE',  ( 0.000000000000000000, 1.000000000000000000, 0.000000000000000000 ) ) ;
#6411 = DIRECTION ( 'NONE',  ( 0.000000000000000000, -1.000000000000000000, 0.000000000000000000 ) ) ;
#6412 = DIRECTION ( 'NONE',  ( -0.9902680687415228444, 0.000000000000000000, -0.1391731009604032232 ) ) ;
#6413 = CARTESIAN_POINT ( 'NONE',  ( 0.2428394196241000225, 0.000000000000000000, -0.03086554830207000402 ) ) ;
#6414 = CARTESIAN_POINT ( 'NONE',  ( 0.2132393488517000113, 0.1246118225996999951, -0.1405643480442000104 ) ) ;
#6416 = CARTESIAN_POINT ( 'NONE',  ( -0.05127699295793999162, -0.2650000000000000133, -0.04617001183875999587 ) ) ;
#6415 = CARTESIAN_POINT ( 'NONE',  ( -0.08550503583141004504, 0.000000000000000000, 0.2349231551965000053 ) ) ;
#6417 = EDGE_CURVE ( 'NONE', #8087, #872, #9225, .T. ) ;
#6418 = CARTESIAN_POINT ( 'NONE',  ( 0.2147087838780823155, 0.1889999994838153508, -0.1022090022594313447 ) ) ;
#6419 = EDGE_CURVE ( 'NONE', #1166, #4366, #7307, .T. ) ;
#6420 = ORIENTED_EDGE ( 'NONE', *, *, #7693, .F. ) ;
#6421 = CARTESIAN_POINT ( 'NONE',  ( 0.1902667003472951202, 0.1323807723908094480, 0.1215041580466293403 ) ) ;
#6422 = ORIENTED_EDGE ( 'NONE', *, *, #6489, .T. ) ;
#6423 = EDGE_LOOP ( 'NONE', ( #7974, #3642, #3355, #6468, #4149, #9531, #1539, #983, #9052, #1098 ) ) ;
#6424 = EDGE_CURVE ( 'NONE', #3503, #8434, #1363, .T. ) ;
#6425 = AXIS2_PLACEMENT_3D ( 'NONE', #1374, #4511, #7654 ) ;
#6426 = EDGE_CURVE ( 'NONE', #4259, #7759, #9124, .T. ) ;
#6427 = DIRECTION ( 'NONE',  ( 0.8997721323579731534, 0.000000000000000000, -0.4363600690163870754 ) ) ;
#6428 = VECTOR ( 'NONE', #6936, 39.37007874015748143 ) ;
#6429 = ORIENTED_EDGE ( 'NONE', *, *, #6760, .T. ) ;
#6430 = CARTESIAN_POINT ( 'NONE',  ( -0.01694845125667999997, -0.09099999999999999756, 0.09500000000000001499 ) ) ;
#6431 = CARTESIAN_POINT ( 'NONE',  ( 0.1917745179882809070, 0.1070070851879984658, -0.1176769522949754343 ) ) ;
#6432 = ORIENTED_EDGE ( 'NONE', *, *, #8304, .T. ) ;
#6433 = DIRECTION ( 'NONE',  ( 1.000000000000000000, 0.000000000000000000, 0.000000000000000000 ) ) ;
#6434 = DIRECTION ( 'NONE',  ( -0.9999988959613604900, 0.000000000000000000, 0.001485959642859940649 ) ) ;
#6435 = CYLINDRICAL_SURFACE ( 'NONE', #4732, 0.05049999999999998934 ) ;
#6436 = VECTOR ( 'NONE', #7338, 39.37007874015748143 ) ;
#6437 = EDGE_LOOP ( 'NONE', ( #791, #1870, #4681, #5292, #4227, #1297, #3267 ) ) ;
#6438 = ORIENTED_EDGE ( 'NONE', *, *, #5475, .F. ) ;
#6439 = UNCERTAINTY_MEASURE_WITH_UNIT (LENGTH_MEASURE( 1.000000000000000082E-05 ), #1835, 'distance_accuracy_value', 'NONE');
#6440 = ORIENTED_EDGE ( 'NONE', *, *, #1089, .F. ) ;
#6441 = CARTESIAN_POINT ( 'NONE',  ( 0.2083748427939734749, 0.1323470972842689664, -0.1319398639499430037 ) ) ;
#6442 = AXIS2_PLACEMENT_3D ( 'NONE', #3554, #5775, #5871 ) ;
#6443 = LINE ( 'NONE', #1236, #3060 ) ;
#6444 = FACE_OUTER_BOUND ( 'NONE', #1350, .T. ) ;
#6445 = CARTESIAN_POINT ( 'NONE',  ( 0.000000000000000000, -0.2706794919243000197, 0.000000000000000000 ) ) ;
#6446 = SURFACE_STYLE_FILL_AREA ( #3202 ) ;
#6447 = ORIENTED_EDGE ( 'NONE', *, *, #2641, .T. ) ;
#6448 = AXIS2_PLACEMENT_3D ( 'NONE', #6167, #7922, #6896 ) ;
#6449 = PRESENTATION_STYLE_ASSIGNMENT (( #4856 ) ) ;
#6450 = DIRECTION ( 'NONE',  ( -1.000000000000000000, 0.000000000000000000, 0.000000000000000000 ) ) ;
#6451 =( NAMED_UNIT ( * ) SI_UNIT ( $, .STERADIAN. ) SOLID_ANGLE_UNIT ( ) );
#6452 = SURFACE_SIDE_STYLE ('',( #5740 ) ) ;
#6453 = SURFACE_STYLE_USAGE ( .BOTH. , #9529 ) ;
#6454 = CARTESIAN_POINT ( 'NONE',  ( 0.2188819952931000123, 0.1890000000000000291, 0.1180000000000000077 ) ) ;
#6455 = ORIENTED_EDGE ( 'NONE', *, *, #5846, .F. ) ;
#6456 = SURFACE_SIDE_STYLE ('',( #843 ) ) ;
#6457 = EDGE_LOOP ( 'NONE', ( #1253, #74, #1690, #1647, #4138 ) ) ;
#6458 = ORIENTED_EDGE ( 'NONE', *, *, #2228, .T. ) ;
#6459 = DIRECTION ( 'NONE',  ( -0.000000000000000000, 1.000000000000000000, 0.000000000000000000 ) ) ;
#6460 = AXIS2_PLACEMENT_3D ( 'NONE', #5425, #2390, #9328 ) ;
#6461 = CARTESIAN_POINT ( 'NONE',  ( 0.000000000000000000, 0.1689999999999999836, 0.000000000000000000 ) ) ;
#6462 = DIRECTION ( 'NONE',  ( 1.000000000000000000, -4.946859880419070941E-13, 0.000000000000000000 ) ) ;
#6463 = CARTESIAN_POINT ( 'NONE',  ( 0.2065812989569000002, 0.09300000877802992727, -0.1208654012771999964 ) ) ;
#6464 = DIRECTION ( 'NONE',  ( 0.1822355254920934309, 0.000000000000000000, -0.9832549075639646086 ) ) ;
#6466 = DIRECTION ( 'NONE',  ( 0.000000000000000000, -1.000000000000000000, 0.000000000000000000 ) ) ;
#6465 = CARTESIAN_POINT ( 'NONE',  ( 0.2249652056453000093, 0.1249228409629000031, 0.003965465802387000208 ) ) ;
#6467 = CARTESIAN_POINT ( 'NONE',  ( 0.2260310541635530412, 0.1856168283413386633, -0.09998995962482293276 ) ) ;
#6468 = ORIENTED_EDGE ( 'NONE', *, *, #7059, .F. ) ;
#6469 = DIRECTION ( 'NONE',  ( -0.9848077530122130163, 0.000000000000000000, 0.1736481776669025201 ) ) ;
#6470 = FILL_AREA_STYLE_COLOUR ( '', #7446 ) ;
#6471 = STYLED_ITEM ( 'NONE', ( #1272 ), #2597 ) ;
#6472 = VERTEX_POINT ( 'NONE', #7641 ) ;
#6473 = CARTESIAN_POINT ( 'NONE',  ( 0.2073724656451853832, 0.1278415661173318285, -0.1038110801328458177 ) ) ;
#6474 = EDGE_CURVE ( 'NONE', #5662, #7392, #9177, .T. ) ;
#6475 = ORIENTED_EDGE ( 'NONE', *, *, #6480, .T. ) ;
#6476 = AXIS2_PLACEMENT_3D ( 'NONE', #6592, #5726, #5048 ) ;
#6477 = DIRECTION ( 'NONE',  ( 0.4684839966674969047, -6.307346678330941698E-13, -0.8834719830681947439 ) ) ;
#6478 = MECHANICAL_DESIGN_GEOMETRIC_PRESENTATION_REPRESENTATION (  '', ( #68 ), #1064 ) ;
#6479 = FILL_AREA_STYLE ('',( #1855 ) ) ;
#6480 = EDGE_CURVE ( 'NONE', #6939, #8232, #8454, .T. ) ;
#6481 = EDGE_LOOP ( 'NONE', ( #6382, #297, #8994, #4151, #2373, #1369, #8221, #7088 ) ) ;
#6482 =( LENGTH_UNIT ( ) NAMED_UNIT ( * ) SI_UNIT ( $, .METRE. ) );
#6483 = VECTOR ( 'NONE', #961, 39.37007874015748143 ) ;
#6484 = CYLINDRICAL_SURFACE ( 'NONE', #3161, 0.03899999999999999994 ) ;
#6485 = DIRECTION ( 'NONE',  ( 0.000000000000000000, -1.000000000000000000, 0.000000000000000000 ) ) ;
#6486 = ORIENTED_EDGE ( 'NONE', *, *, #4969, .F. ) ;
#6487 = ORIENTED_EDGE ( 'NONE', *, *, #6874, .F. ) ;
#6488 = AXIS2_PLACEMENT_3D ( 'NONE', #2354, #2556, #5484 ) ;
#6489 = EDGE_CURVE ( 'NONE', #9565, #5821, #66, .T. ) ;
#6490 = EDGE_LOOP ( 'NONE', ( #3850, #4951, #1255, #7065, #6823, #6810 ) ) ;
#6491 = CARTESIAN_POINT ( 'NONE',  ( 0.2078225136300231590, 0.1319985614097014259, -0.1320893724897444776 ) ) ;
#6492 = CARTESIAN_POINT ( 'NONE',  ( 0.1870042449162999665, 0.05700000000000000205, -0.1579654334929000148 ) ) ;
#6493 = CARTESIAN_POINT ( 'NONE',  ( 0.2244918899669000323, 0.1246118225996999951, 0.01511262184679000066 ) ) ;
#6494 = EDGE_CURVE ( 'NONE', #2552, #9310, #2193, .T. ) ;
#6495 = CARTESIAN_POINT ( 'NONE',  ( 0.1669484983095000097, 0.000000000000000000, 0.1790303457727999981 ) ) ;
#6496 = EDGE_CURVE ( 'NONE', #7097, #7352, #5170, .T. ) ;
#6497 = CARTESIAN_POINT ( 'NONE',  ( 0.1957319595774000276, 0.05700000000000000205, -0.1650000000000000078 ) ) ;
#6498 = ORIENTED_EDGE ( 'NONE', *, *, #10054, .F. ) ;
#6499 = DIRECTION ( 'NONE',  ( 0.000000000000000000, 1.000000000000000000, 0.000000000000000000 ) ) ;
#6500 = VERTEX_POINT ( 'NONE', #633 ) ;
#6501 = STYLED_ITEM ( 'NONE', ( #2570 ), #5151 ) ;
#6502 = SURFACE_SIDE_STYLE ('',( #4912 ) ) ;
#6503 = DIRECTION ( 'NONE',  ( 0.000000000000000000, 1.000000000000000000, 0.000000000000000000 ) ) ;
#6504 = DIMENSIONAL_EXPONENTS ( 1.000000000000000000, 0.000000000000000000, 0.000000000000000000, 0.000000000000000000, 0.000000000000000000, 0.000000000000000000, 0.000000000000000000 ) ;
#6505 = DIRECTION ( 'NONE',  ( 0.000000000000000000, 1.000000000000000000, 0.000000000000000000 ) ) ;
#6506 = DIMENSIONAL_EXPONENTS ( 1.000000000000000000, 0.000000000000000000, 0.000000000000000000, 0.000000000000000000, 0.000000000000000000, 0.000000000000000000, 0.000000000000000000 ) ;
#6507 = SURFACE_SIDE_STYLE ('',( #7283 ) ) ;
#6508 = UNCERTAINTY_MEASURE_WITH_UNIT (LENGTH_MEASURE( 1.000000000000000082E-05 ), #8216, 'distance_accuracy_value', 'NONE');
#6509 = CARTESIAN_POINT ( 'NONE',  ( 0.1609516129747000091, 0.1689999999999999836, 0.1725994735821000103 ) ) ;
#6510 = FILL_AREA_STYLE ('',( #3261 ) ) ;
#6511 =( LENGTH_UNIT ( ) NAMED_UNIT ( * ) SI_UNIT ( $, .METRE. ) );
#6512 = PRESENTATION_STYLE_ASSIGNMENT (( #1729 ) ) ;
#6513 = ORIENTED_EDGE ( 'NONE', *, *, #3787, .T. ) ;
#6514 = ORIENTED_EDGE ( 'NONE', *, *, #2228, .F. ) ;
#6515 = SURFACE_SIDE_STYLE ('',( #4101 ) ) ;
#6516 = DIRECTION ( 'NONE',  ( -0.3420201433256991330, 0.000000000000000000, 0.9396926207858972147 ) ) ;
#6517 = DIRECTION ( 'NONE',  ( 0.000000000000000000, 1.000000000000000000, 0.000000000000000000 ) ) ;
#6518 = CIRCLE ( 'NONE', #3883, 0.004999999999999997502 ) ;
#6519 = SURFACE_STYLE_USAGE ( .BOTH. , #4202 ) ;
#6520 = CARTESIAN_POINT ( 'NONE',  ( 0.2106823210888242315, 0.1146649466510486493, -0.1423826905616575322 ) ) ;
#6521 = MECHANICAL_DESIGN_GEOMETRIC_PRESENTATION_REPRESENTATION (  '', ( #3233 ), #3560 ) ;
#6523 = FACE_OUTER_BOUND ( 'NONE', #4421, .T. ) ;
#6522 = FACE_OUTER_BOUND ( 'NONE', #468, .T. ) ;
#6524 = DIRECTION ( 'NONE',  ( 0.1113810055397978505, 0.000000000000000000, -0.9937777777777804245 ) ) ;
#6525 = ORIENTED_EDGE ( 'NONE', *, *, #2405, .F. ) ;
#6526 = CARTESIAN_POINT ( 'NONE',  ( 0.2018459924810456774, 0.1280973652077419256, 0.1323028796491865777 ) ) ;
#6527 = LINE ( 'NONE', #9660, #4519 ) ;
#6528 = VERTEX_POINT ( 'NONE', #10046 ) ;
#6529 = VECTOR ( 'NONE', #2741, 39.37007874015748143 ) ;
#6530 = CARTESIAN_POINT ( 'NONE',  ( 0.1980074090256876973, 0.1090733911948639362, -0.1068778712822535115 ) ) ;
#6531 = AXIS2_PLACEMENT_3D ( 'NONE', #8415, #5847, #1366 ) ;
#6532 = EDGE_LOOP ( 'NONE', ( #1309, #2249, #9864, #2469, #6175 ) ) ;
#6533 = LINE ( 'NONE', #2624, #3194 ) ;
#6534 = CARTESIAN_POINT ( 'NONE',  ( -0.05600000000000001504, 0.1741511491618726315, 0.2492936766602556753 ) ) ;
#6535 = CARTESIAN_POINT ( 'NONE',  ( 0.1909762922762903437, 0.1035175099976616969, -0.1189663366527674848 ) ) ;
#6536 = CIRCLE ( 'NONE', #9150, 0.07949999999997992006 ) ;
#6537 = CARTESIAN_POINT ( 'NONE',  ( 0.2379441442761999759, 0.000000000000000000, -0.05750000000000000250 ) ) ;
#6538 = EDGE_LOOP ( 'NONE', ( #5440, #3596, #3448, #8396, #5829 ) ) ;
#6539 = CARTESIAN_POINT ( 'NONE',  ( 0.2239723290916000031, 0.08522401768311005377, 0.09881843074122993731 ) ) ;
#6540 = SURFACE_SIDE_STYLE ('',( #8083 ) ) ;
#6541 = MECHANICAL_DESIGN_GEOMETRIC_PRESENTATION_REPRESENTATION (  '', ( #3907 ), #4725 ) ;
#6542 = EDGE_CURVE ( 'NONE', #2571, #7624, #1260, .T. ) ;
#6543 = VERTEX_POINT ( 'NONE', #5576 ) ;
#6544 = ORIENTED_EDGE ( 'NONE', *, *, #3210, .T. ) ;
#6545 = UNCERTAINTY_MEASURE_WITH_UNIT (LENGTH_MEASURE( 1.000000000000000082E-05 ), #1365, 'distance_accuracy_value', 'NONE');
#6546 = EDGE_CURVE ( 'NONE', #5410, #2016, #1882, .T. ) ;
#6547 = ORIENTED_EDGE ( 'NONE', *, *, #5846, .T. ) ;
#6548 = CARTESIAN_POINT ( 'NONE',  ( 0.2017741717571978621, 0.1280708444514905842, -0.1322649579987235924 ) ) ;
#6549 = AXIS2_PLACEMENT_3D ( 'NONE', #1650, #8036, #7107 ) ;
#6550 = LINE ( 'NONE', #2732, #5049 ) ;
#6551 = FACE_OUTER_BOUND ( 'NONE', #8081, .T. ) ;
#6552 = AXIS2_PLACEMENT_3D ( 'NONE', #5515, #7118, #6635 ) ;
#6553 = CARTESIAN_POINT ( 'NONE',  ( 0.09170111233393997419, 0.000000000000000000, 0.2269682175813999836 ) ) ;
#6554 = ADVANCED_FACE ( 'NONE', ( #118 ), #1724, .T. ) ;
#6555 = VERTEX_POINT ( 'NONE', #7946 ) ;
#6556 = CARTESIAN_POINT ( 'NONE',  ( 0.2270000000000000073, -0.0005000000000000000104, 0.09162240880557992462 ) ) ;
#6557 = VERTEX_POINT ( 'NONE', #944 ) ;
#6558 = PRESENTATION_LAYER_ASSIGNMENT (  '', '', ( #5233 ) ) ;
#6559 = EDGE_CURVE ( 'NONE', #8449, #3335, #4804, .T. ) ;
#6560 = EDGE_CURVE ( 'NONE', #7251, #10141, #3259, .T. ) ;
#6561 = CYLINDRICAL_SURFACE ( 'NONE', #2892, 0.01450000000000000941 ) ;
#6562 =( NAMED_UNIT ( * ) PLANE_ANGLE_UNIT ( ) SI_UNIT ( $, .RADIAN. ) );
#6563 = LINE ( 'NONE', #4246, #1016 ) ;
#6564 = DIRECTION ( 'NONE',  ( 0.000000000000000000, 0.000000000000000000, 1.000000000000000000 ) ) ;
#6565 = CARTESIAN_POINT ( 'NONE',  ( 0.08428648351857992438, 0.1890000000000000291, -0.2086163672774999922 ) ) ;
#6566 = ORIENTED_EDGE ( 'NONE', *, *, #7475, .T. ) ;
#6567 = CARTESIAN_POINT ( 'NONE',  ( 0.01112297711786000044, 0.1740000000000000158, -0.05399999999999999939 ) ) ;
#6568 = DIRECTION ( 'NONE',  ( -0.000000000000000000, 1.000000000000000000, 0.000000000000000000 ) ) ;
#6569 =( LENGTH_UNIT ( ) NAMED_UNIT ( * ) SI_UNIT ( $, .METRE. ) );
#6570 = CARTESIAN_POINT ( 'NONE',  ( 0.1712974352279000023, 0.1689999999999999836, -0.1902450753222000301 ) ) ;
#6572 = DIRECTION ( 'NONE',  ( 0.000000000000000000, 1.000000000000000000, 0.000000000000000000 ) ) ;
#6571 = FACE_OUTER_BOUND ( 'NONE', #8795, .T. ) ;
#6573 = CARTESIAN_POINT ( 'NONE',  ( 0.2283519706985000230, 0.1246118225996999951, -0.1143885191698999909 ) ) ;
#6574 = EDGE_LOOP ( 'NONE', ( #7428, #8635 ) ) ;
#6575 = DIMENSIONAL_EXPONENTS ( 1.000000000000000000, 0.000000000000000000, 0.000000000000000000, 0.000000000000000000, 0.000000000000000000, 0.000000000000000000, 0.000000000000000000 ) ;
#6576 = PRESENTATION_LAYER_ASSIGNMENT (  '', '', ( #8051 ) ) ;
#6577 = CARTESIAN_POINT ( 'NONE',  ( 0.2094441004919202209, 0.1330012918687029921, 0.1315932653523574081 ) ) ;
#6578 = CYLINDRICAL_SURFACE ( 'NONE', #262, 0.2560000000000000053 ) ;
#6579 = EDGE_LOOP ( 'NONE', ( #3054, #2593, #8359, #9777, #6720, #5646, #5396, #1702 ) ) ;
#6580 =( NAMED_UNIT ( * ) PLANE_ANGLE_UNIT ( ) SI_UNIT ( $, .RADIAN. ) );
#6581 = DIRECTION ( 'NONE',  ( 0.000000000000000000, 0.000000000000000000, 1.000000000000000000 ) ) ;
#6582 = LINE ( 'NONE', #6686, #5008 ) ;
#6583 = CARTESIAN_POINT ( 'NONE',  ( -0.05600000000000002198, 0.1890000000000000568, 0.2306170482242188291 ) ) ;
#6584 = CARTESIAN_POINT ( 'NONE',  ( 0.1926510292258479251, 0.1096984513337653094, -0.1162346645521979277 ) ) ;
#6585 = CARTESIAN_POINT ( 'NONE',  ( 0.2271134807546832668, 0.1329584456529397940, -0.1203809833879155161 ) ) ;
#6586 = EDGE_LOOP ( 'NONE', ( #9929, #7006, #10103 ) ) ;
#6587 =( LENGTH_UNIT ( ) NAMED_UNIT ( * ) SI_UNIT ( $, .METRE. ) );
#6588 = CARTESIAN_POINT ( 'NONE',  ( 0.1954139482904000136, 0.1890000000000000291, 0.1115275249146000097 ) ) ;
#6589 = VERTEX_POINT ( 'NONE', #2442 ) ;
#6590 = VECTOR ( 'NONE', #8524, 39.37007874015748143 ) ;
#6591 = ORIENTED_EDGE ( 'NONE', *, *, #7478, .T. ) ;
#6592 = CARTESIAN_POINT ( 'NONE',  ( 0.000000000000000000, 0.1890000000000000291, 0.000000000000000000 ) ) ;
#6593 = DIRECTION ( 'NONE',  ( -0.3420201433257875623, 0.000000000000000000, 0.9396926207858652402 ) ) ;
#6594 = VECTOR ( 'NONE', #8470, 39.37007874015748854 ) ;
#6595 = DIRECTION ( 'NONE',  ( 0.000000000000000000, 1.000000000000000000, 0.000000000000000000 ) ) ;
#6596 = DIRECTION ( 'NONE',  ( 1.000000000000000000, 0.000000000000000000, 0.000000000000000000 ) ) ;
#6597 =( LENGTH_UNIT ( ) NAMED_UNIT ( * ) SI_UNIT ( $, .METRE. ) );
#6598 = ADVANCED_FACE ( 'NONE', ( #8610 ), #3047, .F. ) ;
#6599 = ORIENTED_EDGE ( 'NONE', *, *, #6227, .T. ) ;
#6600 =( NAMED_UNIT ( * ) PLANE_ANGLE_UNIT ( ) SI_UNIT ( $, .RADIAN. ) );
#6601 = VERTEX_POINT ( 'NONE', #1564 ) ;
#6602 = EDGE_CURVE ( 'NONE', #7333, #833, #1382, .T. ) ;
#6603 = CARTESIAN_POINT ( 'NONE',  ( 0.1962134637581000041, 0.1121491392845000018, -0.1101155265459999866 ) ) ;
#6604 = ADVANCED_FACE ( 'NONE', ( #8560 ), #3156, .T. ) ;
#6605 = DIRECTION ( 'NONE',  ( 0.000000000000000000, 1.000000000000000000, 0.000000000000000000 ) ) ;
#6606 = FACE_BOUND ( 'NONE', #2448, .T. ) ;
#6607 = LINE ( 'NONE', #9690, #6436 ) ;
#6608 = CARTESIAN_POINT ( 'NONE',  ( 0.1505543864307000157, 0.1890000000000000291, -0.1672075857323999937 ) ) ;
#6609 = ADVANCED_FACE ( 'NONE', ( #6401 ), #2577, .T. ) ;
#6610 = ORIENTED_EDGE ( 'NONE', *, *, #8612, .T. ) ;
#6611 = EDGE_CURVE ( 'NONE', #7382, #7235, #3724, .T. ) ;
#6612 = FACE_OUTER_BOUND ( 'NONE', #212, .T. ) ;
#6613 = ORIENTED_EDGE ( 'NONE', *, *, #2836, .F. ) ;
#6614 = VECTOR ( 'NONE', #3539, 39.37007874015748143 ) ;
#6615 = DIRECTION ( 'NONE',  ( 0.9832549075639825942, 1.387778780782973668E-13, 0.1822355254919964251 ) ) ;
#6616 = CARTESIAN_POINT ( 'NONE',  ( 0.2022273737319000009, 0.09299999999999999933, -0.09863614607993996530 ) ) ;
#6617 = DIRECTION ( 'NONE',  ( 0.000000000000000000, -1.000000000000000000, 0.000000000000000000 ) ) ;
#6618 = CARTESIAN_POINT ( 'NONE',  ( 0.2045883169589000350, 0.1035358418290000110, -0.09369020359191004843 ) ) ;
#6619 = DIRECTION ( 'NONE',  ( 1.332910244478999936E-09, -1.000000000000000000, -1.130541932967999876E-10 ) ) ;
#6620 = CIRCLE ( 'NONE', #2681, 0.2557447916666999443 ) ;
#6622 = CARTESIAN_POINT ( 'NONE',  ( 0.2284426087671319328, 0.09720967071329573994, 0.1053659902281352673 ) ) ;
#6621 = DIRECTION ( 'NONE',  ( 0.000000000000000000, 0.000000000000000000, 1.000000000000000000 ) ) ;
#6623 = CARTESIAN_POINT ( 'NONE',  ( 0.2281662799267092367, 0.1276676408432161902, 0.1156990276182397609 ) ) ;
#6624 = EDGE_CURVE ( 'NONE', #613, #4462, #6180, .T. ) ;
#6625 = ORIENTED_EDGE ( 'NONE', *, *, #6176, .T. ) ;
#6626 = ADVANCED_FACE ( 'NONE', ( #2695 ), #3362, .T. ) ;
#6627 = CARTESIAN_POINT ( 'NONE',  ( 0.2549528672140999874, 0.1246118225996999951, 0.01511262184679999961 ) ) ;
#6628 = VERTEX_POINT ( 'NONE', #369 ) ;
#6629 = DIRECTION ( 'NONE',  ( 0.000000000000000000, 1.000000000000000000, 0.000000000000000000 ) ) ;
#6630 = CARTESIAN_POINT ( 'NONE',  ( 0.2017370715296525341, 0.09928771558264572195, -0.09963581354750455921 ) ) ;
#6631 = CARTESIAN_POINT ( 'NONE',  ( 0.1993032040650000170, 0.1330108282678000020, -0.1044185464819999964 ) ) ;
#6632 = CARTESIAN_POINT ( 'NONE',  ( 0.1905057659975425699, 0.09917332463767127015, 0.1197186432672843470 ) ) ;
#6633 = CARTESIAN_POINT ( 'NONE',  ( 0.2058411529497383430, 0.09299999999999999933, -0.1030729765584896401 ) ) ;
#6634 = AXIS2_PLACEMENT_3D ( 'NONE', #5175, #1994, #5123 ) ;
#6635 = DIRECTION ( 'NONE',  ( -2.219626494852215250E-14, 0.000000000000000000, 1.000000000000000000 ) ) ;
#6636 = VERTEX_POINT ( 'NONE', #4914 ) ;
#6637 =( LENGTH_UNIT ( ) NAMED_UNIT ( * ) SI_UNIT ( $, .METRE. ) );
#6638 = ORIENTED_EDGE ( 'NONE', *, *, #742, .T. ) ;
#6639 = DIMENSIONAL_EXPONENTS ( 1.000000000000000000, 0.000000000000000000, 0.000000000000000000, 0.000000000000000000, 0.000000000000000000, 0.000000000000000000, 0.000000000000000000 ) ;
#6640 = CONICAL_SURFACE ( 'NONE', #9260, 0.2315000061538000364, 0.7853981633953799335 ) ;
#6641 = B_SPLINE_CURVE_WITH_KNOTS ( 'NONE', 3,
 ( #4916, #1622, #71, #7081, #6403, #6244, #893, #3158, #2392, #839, #5471, #1670, #5526, #8613, #4752, #4700 ),
 .UNSPECIFIED., .F., .F.,
 ( 4, 2, 2, 2, 2, 2, 2, 4 ),
 ( 0.000000000000000000, 0.1250000000000009159, 0.1875000000000010825, 0.2500000000000012768, 0.3749999999999986677, 0.4374999999999983902, 0.4999999999999980571, 1.000000000000000000 ),
 .UNSPECIFIED. ) ;
#6642 = COLOUR_RGB ( '',0.2509803921568627416, 0.2509803921568627416, 0.2509803921568627416 ) ;
#6643 = STYLED_ITEM ( 'NONE', ( #6368 ), #7784 ) ;
#6644 = UNCERTAINTY_MEASURE_WITH_UNIT (LENGTH_MEASURE( 1.000000000000000082E-05 ), #5778, 'distance_accuracy_value', 'NONE');
#6645 = ORIENTED_EDGE ( 'NONE', *, *, #5781, .T. ) ;
#6646 = CARTESIAN_POINT ( 'NONE',  ( 0.2493861593255688458, 0.1349786283181585722, 0.005638748015208299748 ) ) ;
#6647 = DIRECTION ( 'NONE',  ( -1.750454417396000156E-14, 0.000000000000000000, 1.000000000000000000 ) ) ;
#6648 = CIRCLE ( 'NONE', #6822, 0.2559999999999999498 ) ;
#6649 = PRESENTATION_STYLE_ASSIGNMENT (( #4377 ) ) ;
#6650 = VECTOR ( 'NONE', #6047, 39.37007874015748143 ) ;
#6651 = COLOUR_RGB ( '',0.9686274509803921573, 0.8784313725490195957, 0.5999999999999999778 ) ;
#6652 = VECTOR ( 'NONE', #7140, 39.37007874015747433 ) ;
#6653 = DIRECTION ( 'NONE',  ( 0.1336607398685013270, 0.000000000000000000, -0.9910271472658077618 ) ) ;
#6654 = ORIENTED_EDGE ( 'NONE', *, *, #55, .T. ) ;
#6655 = VERTEX_POINT ( 'NONE', #281 ) ;
#6656 =( NAMED_UNIT ( * ) PLANE_ANGLE_UNIT ( ) SI_UNIT ( $, .RADIAN. ) );
#6657 = VERTEX_POINT ( 'NONE', #3422 ) ;
#6658 = DIRECTION ( 'NONE',  ( 0.000000000000000000, 1.000000000000000000, 0.000000000000000000 ) ) ;
#6659 = PRODUCT_RELATED_PRODUCT_CATEGORY ( 'part', '', ( #3463 ) ) ;
#6660 =( LENGTH_UNIT ( ) NAMED_UNIT ( * ) SI_UNIT ( $, .METRE. ) );
#6661 =( LENGTH_UNIT ( ) NAMED_UNIT ( * ) SI_UNIT ( $, .METRE. ) );
#6662 = CARTESIAN_POINT ( 'NONE',  ( 0.2249064361902000098, 0.1214539483191000024, -0.006503605457777008117 ) ) ;
#6663 = MECHANICAL_DESIGN_GEOMETRIC_PRESENTATION_REPRESENTATION (  '', ( #5503 ), #2386 ) ;
#6664 = CARTESIAN_POINT ( 'NONE',  ( 0.2018541467270596745, 0.09856656298881814882, 0.09939916678084571855 ) ) ;
#6665 = ORIENTED_EDGE ( 'NONE', *, *, #475, .F. ) ;
#6666 = ORIENTED_EDGE ( 'NONE', *, *, #5853, .F. ) ;
#6667 = EDGE_CURVE ( 'NONE', #6589, #5188, #3053, .T. ) ;
#6668 = B_SPLINE_CURVE_WITH_KNOTS ( 'NONE', 3,
 ( #7636, #8503, #9321, #9168, #3040, #7732 ),
 .UNSPECIFIED., .F., .F.,
 ( 4, 2, 4 ),
 ( 0.000000000000000000, 0.5000000000000000000, 1.000000000000000000 ),
 .UNSPECIFIED. ) ;
#6669 = STYLED_ITEM ( 'NONE', ( #5335 ), #630 ) ;
#6670 = ADVANCED_FACE ( 'NONE', ( #8153 ), #5881, .F. ) ;
#6671 = CARTESIAN_POINT ( 'NONE',  ( 0.000000000000000000, -0.0005000000000000000104, 0.000000000000000000 ) ) ;
#6672 = CARTESIAN_POINT ( 'NONE',  ( -9.445048562706005121E-10, -0.2880000000000000338, 9.299847411888996111E-10 ) ) ;
#6673 =( CONVERSION_BASED_UNIT ( 'INCH', #9699 ) LENGTH_UNIT ( ) NAMED_UNIT ( #1846 ) );
#6674 = DIRECTION ( 'NONE',  ( -0.3420201433256991330, 0.000000000000000000, 0.9396926207858973257 ) ) ;
#6675 = B_SPLINE_CURVE_WITH_KNOTS ( 'NONE', 3,
 ( #9533, #8158, #5214, #1106 ),
 .UNSPECIFIED., .F., .F.,
 ( 4, 4 ),
 ( 0.000000000000000000, 1.000000000000000000 ),
 .UNSPECIFIED. ) ;
#6676 = DIRECTION ( 'NONE',  ( 0.000000000000000000, 1.000000000000000000, 0.000000000000000000 ) ) ;
#6677 = AXIS2_PLACEMENT_3D ( 'NONE', #9283, #9900, #685 ) ;
#6678 = CARTESIAN_POINT ( 'NONE',  ( -0.2459492936636000215, 0.000000000000000000, -0.04337511403172000096 ) ) ;
#6679 = VERTEX_POINT ( 'NONE', #1050 ) ;
#6680 = LENGTH_MEASURE_WITH_UNIT ( LENGTH_MEASURE( 0.02539999999999999897 ), #7450 );
#6681 = CONICAL_SURFACE ( 'NONE', #10121, 0.05750000000000000250, 0.7853981633972997312 ) ;
#6682 = SURFACE_STYLE_USAGE ( .BOTH. , #393 ) ;
#6683 = EDGE_CURVE ( 'NONE', #9566, #9389, #6352, .T. ) ;
#6684 = CARTESIAN_POINT ( 'NONE',  ( 0.2016418067633850564, 0.09981710448235220356, -0.09983002736942532540 ) ) ;
#6685 = EDGE_CURVE ( 'NONE', #6589, #5959, #9835, .T. ) ;
#6686 = CARTESIAN_POINT ( 'NONE',  ( -0.07866463296489999146, 0.1890000000000000291, -0.2161293027807999756 ) ) ;
#6687 = LINE ( 'NONE', #9807, #9067 ) ;
#6689 = FACE_OUTER_BOUND ( 'NONE', #8743, .T. ) ;
#6688 = DIRECTION ( 'NONE',  ( -0.1955555555556000857, 0.000000000000000000, 0.9806926249806003915 ) ) ;
#6690 = DIRECTION ( 'NONE',  ( -0.4999999999998981925, 0.8660254037844974384, 0.000000000000000000 ) ) ;
#6691 = ORIENTED_EDGE ( 'NONE', *, *, #10175, .F. ) ;
#6692 = PLANE ( 'NONE',  #326 ) ;
#6693 = SURFACE_STYLE_USAGE ( .BOTH. , #3547 ) ;
#6694 = PRESENTATION_LAYER_ASSIGNMENT (  '', '', ( #929 ) ) ;
#6695 = STYLED_ITEM ( 'NONE', ( #7681 ), #6739 ) ;
#6696 = ORIENTED_EDGE ( 'NONE', *, *, #8922, .T. ) ;
#6697 = EDGE_LOOP ( 'NONE', ( #5636, #10092, #5075, #9517, #5283 ) ) ;
#6698 = CARTESIAN_POINT ( 'NONE',  ( 0.2502428344329418186, 0.1357613231896808159, 0.003214129740680404627 ) ) ;
#6699 =( LENGTH_UNIT ( ) NAMED_UNIT ( * ) SI_UNIT ( $, .METRE. ) );
#6700 = AXIS2_PLACEMENT_3D ( 'NONE', #3806, #6120, #9254 ) ;
#6701 = PLANE ( 'NONE',  #6858 ) ;
#6702 = COLOUR_RGB ( '',0.9686274509803921573, 0.8784313725490195957, 0.5999999999999999778 ) ;
#6703 = LINE ( 'NONE', #2782, #6708 ) ;
#6704 = FILL_AREA_STYLE ('',( #559 ) ) ;
#6705 = EDGE_LOOP ( 'NONE', ( #1746, #9889, #6014, #5367, #844 ) ) ;
#6706 = VERTEX_POINT ( 'NONE', #2789 ) ;
#6707 = FILL_AREA_STYLE ('',( #3505 ) ) ;
#6708 = VECTOR ( 'NONE', #4325, 39.37007874015748854 ) ;
#6709 = ORIENTED_EDGE ( 'NONE', *, *, #3061, .T. ) ;
#6710 = AXIS2_PLACEMENT_3D ( 'NONE', #3860, #755, #1442 ) ;
#6711 = AXIS2_PLACEMENT_3D ( 'NONE', #2062, #4373, #2008 ) ;
#6712 = VECTOR ( 'NONE', #3820, 39.37007874015748143 ) ;
#6713 = ORIENTED_EDGE ( 'NONE', *, *, #5990, .T. ) ;
#6714 = SURFACE_SIDE_STYLE ('',( #4484 ) ) ;
#6715 = AXIS2_PLACEMENT_3D ( 'NONE', #9774, #9100, #7469 ) ;
#6716 = CARTESIAN_POINT ( 'NONE',  ( 0.000000000000000000, 0.1640000000000000069, 0.000000000000000000 ) ) ;
#6717 = DIRECTION ( 'NONE',  ( -7.379461039510999725E-10, -1.000000000000000000, 6.876651239747999603E-10 ) ) ;
#6718 = AXIS2_PLACEMENT_3D ( 'NONE', #8589, #8392, #6173 ) ;
#6719 = CARTESIAN_POINT ( 'NONE',  ( 0.2246315529181133197, 0.1863950378069637870, 0.1001866785916919883 ) ) ;
#6720 = ORIENTED_EDGE ( 'NONE', *, *, #5082, .T. ) ;
#6721 = VERTEX_POINT ( 'NONE', #1248 ) ;
#6722 = CARTESIAN_POINT ( 'NONE',  ( 0.2543353924038591063, 0.1194889150010456369, -0.01658159196238596922 ) ) ;
#6723 = LINE ( 'NONE', #9069, #9918 ) ;
#6724 = PLANE ( 'NONE',  #9416 ) ;
#6725 = DIRECTION ( 'NONE',  ( 0.000000000000000000, 0.000000000000000000, -1.000000000000000000 ) ) ;
#6726 = CARTESIAN_POINT ( 'NONE',  ( 0.1954139482905000169, 0.1143371685741000066, 0.1115275249144000030 ) ) ;
#6727 = ADVANCED_FACE ( 'NONE', ( #6129 ), #4537, .T. ) ;
#6728 = DIMENSIONAL_EXPONENTS ( 1.000000000000000000, 0.000000000000000000, 0.000000000000000000, 0.000000000000000000, 0.000000000000000000, 0.000000000000000000, 0.000000000000000000 ) ;
#6729 = CARTESIAN_POINT ( 'NONE',  ( 0.1669484983095000097, 0.000000000000000000, -0.1790303457727999981 ) ) ;
#6730 = CARTESIAN_POINT ( 'NONE',  ( 0.2277585050188507543, 0.1306634396466403447, 0.1178314659436220241 ) ) ;
#6731 = ORIENTED_EDGE ( 'NONE', *, *, #4415, .T. ) ;
#6732 = SURFACE_SIDE_STYLE ('',( #5076 ) ) ;
#6733 = ADVANCED_FACE ( 'NONE', ( #619 ), #5311, .T. ) ;
#6734 = CARTESIAN_POINT ( 'NONE',  ( 0.2010223041982820702, 0.1024174343113856828, -0.1010699680923692056 ) ) ;
#6735 = B_SPLINE_CURVE_WITH_KNOTS ( 'NONE', 3,
 ( #2877, #5496, #563, #5548 ),
 .UNSPECIFIED., .F., .F.,
 ( 4, 4 ),
 ( 0.000000000000000000, 1.000000000000000000 ),
 .UNSPECIFIED. ) ;
#6736 = DIRECTION ( 'NONE',  ( 0.000000000000000000, 1.000000000000000000, 0.000000000000000000 ) ) ;
#6738 = EDGE_CURVE ( 'NONE', #4074, #2842, #2837, .T. ) ;
#6737 = CARTESIAN_POINT ( 'NONE',  ( 0.1939656202043464894, 0.1129878055637546785, 0.1140278062857006669 ) ) ;
#6739 = ADVANCED_FACE ( 'NONE', ( #4388 ), #10031, .T. ) ;
#6740 = CARTESIAN_POINT ( 'NONE',  ( 0.2041733913634716513, 0.09299999999999999933, -0.1008089098002996203 ) ) ;
#6741 = CARTESIAN_POINT ( 'NONE',  ( -0.08550503583141004504, -0.007000000000000001013, -0.2349231551965000053 ) ) ;
#6742 = ORIENTED_EDGE ( 'NONE', *, *, #4026, .F. ) ;
#6743 = DIRECTION ( 'NONE',  ( 0.000000000000000000, 0.000000000000000000, 1.000000000000000000 ) ) ;
#6744 = FACE_OUTER_BOUND ( 'NONE', #8821, .T. ) ;
#6745 = ADVANCED_FACE ( 'NONE', ( #9110 ), #2076, .F. ) ;
#6746 = ADVANCED_FACE ( 'NONE', ( #7578 ), #9985, .F. ) ;
#6747 = ORIENTED_EDGE ( 'NONE', *, *, #2520, .F. ) ;
#6748 = STYLED_ITEM ( 'NONE', ( #370 ), #8989 ) ;
#6749 = EDGE_LOOP ( 'NONE', ( #6943, #5446, #385, #7675, #8796, #8138, #3974 ) ) ;
#6750 = CARTESIAN_POINT ( 'NONE',  ( 0.2248109110168999836, 0.1330108282678000020, 0.009222488152840000245 ) ) ;
#6751 = CARTESIAN_POINT ( 'NONE',  ( -0.02506072624646000016, 0.1740000000000000158, -0.2235999999999999932 ) ) ;
#6752 = FILL_AREA_STYLE ('',( #1341 ) ) ;
#6753 = DIRECTION ( 'NONE',  ( 0.000000000000000000, 1.000000000000000000, 0.000000000000000000 ) ) ;
#6754 = CARTESIAN_POINT ( 'NONE',  ( -0.03950000000000000039, -0.1260000000000000009, -0.2290000000000000091 ) ) ;
#6755 = CARTESIAN_POINT ( 'NONE',  ( 0.1896595634288000265, 0.05700000000000000205, -0.1095000000000000001 ) ) ;
#6756 = AXIS2_PLACEMENT_3D ( 'NONE', #4303, #8879, #8977 ) ;
#6757 = ORIENTED_EDGE ( 'NONE', *, *, #4413, .F. ) ;
#6758 = EDGE_LOOP ( 'NONE', ( #4492, #2682, #4889, #2928 ) ) ;
#6759 = CARTESIAN_POINT ( 'NONE',  ( -0.005999927226567992183, -0.5847257739143000288, -0.06048536361779999898 ) ) ;
#6760 = EDGE_CURVE ( 'NONE', #1044, #7131, #2883, .T. ) ;
#6761 = ORIENTED_EDGE ( 'NONE', *, *, #9306, .T. ) ;
#6762 = VECTOR ( 'NONE', #4501, 39.37007874015748143 ) ;
#6763 = ORIENTED_EDGE ( 'NONE', *, *, #5669, .F. ) ;
#6764 = CARTESIAN_POINT ( 'NONE',  ( 0.2084493400534000174, 0.09300000000042993320, -0.1076725300621999976 ) ) ;
#6765 = FILL_AREA_STYLE ('',( #7529 ) ) ;
#6766 = FILL_AREA_STYLE ('',( #3613 ) ) ;
#6767 = CARTESIAN_POINT ( 'NONE',  ( 0.000000000000000000, 0.1890000000000000291, 0.000000000000000000 ) ) ;
#6768 = CARTESIAN_POINT ( 'NONE',  ( 0.03950000000000000039, -0.1260000000000000009, -0.2290000000000000091 ) ) ;
#6769 = ORIENTED_EDGE ( 'NONE', *, *, #7734, .F. ) ;
#6770 = LENGTH_MEASURE_WITH_UNIT ( LENGTH_MEASURE( 0.02539999999999999897 ), #2082 );
#6771 = ORIENTED_EDGE ( 'NONE', *, *, #6683, .F. ) ;
#6772 = AXIS2_PLACEMENT_3D ( 'NONE', #1663, #1505, #2436 ) ;
#6773 = CARTESIAN_POINT ( 'NONE',  ( 0.2505200976131993773, 0.09720967071336709953, -0.02297168015107667327 ) ) ;
#6774 = FACE_OUTER_BOUND ( 'NONE', #4197, .T. ) ;
#6775 = LINE ( 'NONE', #2898, #1535 ) ;
#6776 = CARTESIAN_POINT ( 'NONE',  ( -0.2462037304598311271, -3.408505057651452640E-10, -0.04340271340591913413 ) ) ;
#6777 = CARTESIAN_POINT ( 'NONE',  ( 3.135095805817225280E-17, -0.09099999999999999756, 0.2560000000000000053 ) ) ;
#6778 = CARTESIAN_POINT ( 'NONE',  ( 0.2273088831827843603, 0.1324176686045666906, 0.1196543539041324544 ) ) ;
#6779 = ORIENTED_EDGE ( 'NONE', *, *, #8253, .F. ) ;
#6780 = FILL_AREA_STYLE ('',( #3685 ) ) ;
#6781 = LINE ( 'NONE', #5125, #7642 ) ;
#6782 =( GEOMETRIC_REPRESENTATION_CONTEXT ( 3 ) GLOBAL_UNCERTAINTY_ASSIGNED_CONTEXT ( ( #229 ) ) GLOBAL_UNIT_ASSIGNED_CONTEXT ( ( #8896, #7927, #1700 ) ) REPRESENTATION_CONTEXT ( 'NONE', 'WORKASPACE' ) );
#6783 = AXIS2_PLACEMENT_3D ( 'NONE', #6012, #5244, #1130 ) ;
#6784 = CARTESIAN_POINT ( 'NONE',  ( 0.1900807159121999934, 0.1330108282678000020, 0.1203923645349000010 ) ) ;
#6785 = CARTESIAN_POINT ( 'NONE',  ( -0.07866463296488995782, 0.1689999999999999836, 0.2161293027807999756 ) ) ;
#6787 = DIRECTION ( 'NONE',  ( 1.000000000000000000, 0.000000000000000000, 0.000000000000000000 ) ) ;
#6786 = CARTESIAN_POINT ( 'NONE',  ( 0.2247164446690071704, 0.1313428841358631194, 0.01152523610602868009 ) ) ;
#6788 = CARTESIAN_POINT ( 'NONE',  ( 0.000000000000000000, -0.007000000000000001013, -0.2560000000000000053 ) ) ;
#6789 = ORIENTED_EDGE ( 'NONE', *, *, #556, .T. ) ;
#6790 = LINE ( 'NONE', #6841, #6232 ) ;
#6791 = DIRECTION ( 'NONE',  ( 0.000000000000000000, -1.000000000000000000, 0.000000000000000000 ) ) ;
#6792 = ORIENTED_EDGE ( 'NONE', *, *, #10112, .F. ) ;
#6793 = EDGE_CURVE ( 'NONE', #1495, #4423, #5260, .T. ) ;
#6794 = ORIENTED_EDGE ( 'NONE', *, *, #2226, .T. ) ;
#6795 = CARTESIAN_POINT ( 'NONE',  ( 0.2470137888028514084, 0.1328569254029327296, 0.009433125436826731575 ) ) ;
#6796 = DIRECTION ( 'NONE',  ( 0.7371669343284958931, 0.000000000000000000, 0.6757106710217969381 ) ) ;
#6797 = AXIS2_PLACEMENT_3D ( 'NONE', #8561, #8001, #3308 ) ;
#6798 = EDGE_CURVE ( 'NONE', #9103, #5877, #2181, .T. ) ;
#6799 = CARTESIAN_POINT ( 'NONE',  ( 0.000000000000000000, -0.2706794919243000197, -0.06949999999997992506 ) ) ;
#6800 = SURFACE_STYLE_FILL_AREA ( #3654 ) ;
#6801 = CARTESIAN_POINT ( 'NONE',  ( -0.05600000000001000011, 0.1689999999999999836, 0.2497999199358999778 ) ) ;
#6802 = ORIENTED_EDGE ( 'NONE', *, *, #6106, .T. ) ;
#6803 = ORIENTED_EDGE ( 'NONE', *, *, #4162, .T. ) ;
#6804 = DIRECTION ( 'NONE',  ( -7.073921028522809958E-13, -1.000000000000000000, -3.381461189453000075E-13 ) ) ;
#6805 = AXIS2_PLACEMENT_3D ( 'NONE', #4521, #7664, #6895 ) ;
#6806 = ORIENTED_EDGE ( 'NONE', *, *, #3405, .F. ) ;
#6807 = PRESENTATION_LAYER_ASSIGNMENT (  '', '', ( #5981 ) ) ;
#6808 = VECTOR ( 'NONE', #3716, 39.37007874015748143 ) ;
#6809 = EDGE_CURVE ( 'NONE', #2116, #94, #2085, .T. ) ;
#6810 = ORIENTED_EDGE ( 'NONE', *, *, #5671, .T. ) ;
#6811 = EDGE_CURVE ( 'NONE', #7527, #7913, #1231, .T. ) ;
#6812 = EDGE_CURVE ( 'NONE', #807, #9606, #4, .T. ) ;
#6813 = AXIS2_PLACEMENT_3D ( 'NONE', #6825, #9892, #1313 ) ;
#6814 = CARTESIAN_POINT ( 'NONE',  ( 0.1868593687315000251, 0.1246118225996999951, -0.1253338594206000189 ) ) ;
#6815 = TOROIDAL_SURFACE ( 'NONE', #8777, 0.2300000000000000100, 0.02000000000000000042 ) ;
#6816 = COLOUR_RGB ( '',0.2509803921568627416, 0.2509803921568627416, 0.2509803921568627416 ) ;
#6817 = CARTESIAN_POINT ( 'NONE',  ( 0.000000000000000000, 0.1689999999999999836, 0.000000000000000000 ) ) ;
#6818 = LINE ( 'NONE', #7014, #4206 ) ;
#6819 = CARTESIAN_POINT ( 'NONE',  ( 0.1881595634288000252, 0.05700000000000000205, 0.1484711431702999962 ) ) ;
#6820 = CARTESIAN_POINT ( 'NONE',  ( 0.2265778402447584106, 0.1852855225806869233, 0.09991298246091874502 ) ) ;
#6821 = EDGE_LOOP ( 'NONE', ( #842, #4429, #1453, #1640, #5719, #9730, #6420, #2867 ) ) ;
#6822 = AXIS2_PLACEMENT_3D ( 'NONE', #8063, #3370, #6516 ) ;
#6823 = ORIENTED_EDGE ( 'NONE', *, *, #3081, .F. ) ;
#6824 = CARTESIAN_POINT ( 'NONE',  ( 0.2454920743939906502, 0.07681990092838250628, -0.02881673486260957415 ) ) ;
#6825 = CARTESIAN_POINT ( 'NONE',  ( 0.000000000000000000, -0.2249999999999999778, 0.000000000000000000 ) ) ;
#6826 = DIRECTION ( 'NONE',  ( 1.000000000000000000, 0.000000000000000000, 0.000000000000000000 ) ) ;
#6827 = CARTESIAN_POINT ( 'NONE',  ( 0.1911340067463000170, 0.1143371685741000066, 0.1035858910738000072 ) ) ;
#6828 = LINE ( 'NONE', #3050, #5934 ) ;
#6829 = B_SPLINE_CURVE_WITH_KNOTS ( 'NONE', 3,
 ( #1326, #483, #1956, #4363, #6632, #8276, #4457, #5950, #8330, #7502, #7603, #442, #3592, #9761, #2810, #9081, #2767, #538, #5236, #2723, #2051, #5081, #5899, #4264, #1124, #396, #7455, #8988, #1277, #6737, #1998, #4417, #2107 ),
 .UNSPECIFIED., .F., .F.,
 ( 4, 1, 1, 2, 2, 1, 2, 2, 1, 1, 1, 2, 2, 1, 2, 2, 1, 1, 2, 2, 4 ),
 ( 0.000000000000000000, 0.06250000000000413558, 0.09375000000000617562, 0.1093750000000077716, 0.1250000000000093536, 0.1875000000000152378, 0.2187500000000174860, 0.2500000000000197065, 0.3750000000000219269, 0.4375000000000218714, 0.4687500000000219269, 0.4843750000000219824, 0.5000000000000220934, 0.6250000000000189848, 0.6875000000000179856, 0.7500000000000168754, 0.8125000000000157652, 0.8437500000000178746, 0.8593750000000173195, 0.8750000000000167644, 1.000000000000000000 ),
 .UNSPECIFIED. ) ;
#6830 = LINE ( 'NONE', #1215, #3249 ) ;
#6831 = ORIENTED_EDGE ( 'NONE', *, *, #9976, .F. ) ;
#6832 = CARTESIAN_POINT ( 'NONE',  ( 0.05099999999999999672, 0.1890000000000000291, 0.2350000000000000144 ) ) ;
#6833 = CYLINDRICAL_SURFACE ( 'NONE', #5020, 0.01572165198161999677 ) ;
#6834 = VECTOR ( 'NONE', #1421, 39.37007874015748143 ) ;
#6835 = DIRECTION ( 'NONE',  ( -0.000000000000000000, 1.000000000000000000, 0.000000000000000000 ) ) ;
#6836 = DIRECTION ( 'NONE',  ( 0.000000000000000000, -1.000000000000000000, 0.000000000000000000 ) ) ;
#6838 = DIRECTION ( 'NONE',  ( 0.5500000000000002665, 0.000000000000000000, 0.8351646544245032722 ) ) ;
#6837 = CARTESIAN_POINT ( 'NONE',  ( 0.1532309088264999786, 0.1799999999631999859, 0.1701801650018999745 ) ) ;
#6839 = CARTESIAN_POINT ( 'NONE',  ( -0.05127699295793999162, -0.2849999999999999756, -0.04617001183875999587 ) ) ;
#6840 = ORIENTED_EDGE ( 'NONE', *, *, #2005, .F. ) ;
#6841 = CARTESIAN_POINT ( 'NONE',  ( -0.2406940249214999938, 0.000000000000000000, -0.04461000069966999937 ) ) ;
#6842 = CARTESIAN_POINT ( 'NONE',  ( 0.2360000000000000153, 0.1270388744963000249, 0.000000000000000000 ) ) ;
#6843 = VECTOR ( 'NONE', #5272, 39.37007874015748854 ) ;
#6844 = ORIENTED_EDGE ( 'NONE', *, *, #9941, .F. ) ;
#6845 = VERTEX_POINT ( 'NONE', #876 ) ;
#6846 = CARTESIAN_POINT ( 'NONE',  ( 0.2292317848041013351, 0.1293745783532039284, 0.01282393167004440039 ) ) ;
#6847 = FACE_OUTER_BOUND ( 'NONE', #20, .T. ) ;
#6848 = CARTESIAN_POINT ( 'NONE',  ( 0.1900807159121999934, 0.1330108282678000020, -0.1203923645349000010 ) ) ;
#6849 = EDGE_CURVE ( 'NONE', #2019, #7149, #4024, .T. ) ;
#6850 = CARTESIAN_POINT ( 'NONE',  ( 0.1999162793345000133, 0.09299999997900000592, 0.1229387193707000003 ) ) ;
#6851 = DIRECTION ( 'NONE',  ( 0.000000000000000000, 1.000000000000000000, 0.000000000000000000 ) ) ;
#6852 = DIRECTION ( 'NONE',  ( 1.000000000000000000, 6.612642488937999984E-13, -1.167947244798999828E-12 ) ) ;
#6853 = DIRECTION ( 'NONE',  ( 0.2124035547342101038, 0.000000000000000000, 0.9771820352095464957 ) ) ;
#6854 = EDGE_LOOP ( 'NONE', ( #9342, #7811, #5453, #917 ) ) ;
#6855 = ORIENTED_EDGE ( 'NONE', *, *, #1392, .F. ) ;
#6856 = EDGE_LOOP ( 'NONE', ( #9054, #2006, #6327, #6942, #2068, #1456, #4959, #6831, #3667 ) ) ;
#6857 = EDGE_CURVE ( 'NONE', #4622, #7597, #4793, .T. ) ;
#6858 = AXIS2_PLACEMENT_3D ( 'NONE', #9048, #9917, #9152 ) ;
#6859 = ORIENTED_EDGE ( 'NONE', *, *, #8300, .F. ) ;
#6860 = MECHANICAL_DESIGN_GEOMETRIC_PRESENTATION_REPRESENTATION (  '', ( #437 ), #5051 ) ;
#6861 = DIRECTION ( 'NONE',  ( 0.000000000000000000, 0.000000000000000000, -1.000000000000000000 ) ) ;
#6862 = DIRECTION ( 'NONE',  ( -0.6405982884546234102, 0.7586418947928266210, -0.1187278749669041095 ) ) ;
#6863 = EDGE_CURVE ( 'NONE', #6126, #3659, #7774, .T. ) ;
#6864 = DIRECTION ( 'NONE',  ( 0.000000000000000000, 0.000000000000000000, 1.000000000000000000 ) ) ;
#6865 = LENGTH_MEASURE_WITH_UNIT ( LENGTH_MEASURE( 0.02539999999999999897 ), #7777 );
#6866 = DIRECTION ( 'NONE',  ( 1.000000000000000000, 0.000000000000000000, 0.000000000000000000 ) ) ;
#6867 = CARTESIAN_POINT ( 'NONE',  ( -0.005159981751914999998, -0.4030000000000000249, -0.06228663250103996102 ) ) ;
#6868 = AXIS2_PLACEMENT_3D ( 'NONE', #5801, #2559, #7964 ) ;
#6869 = ORIENTED_EDGE ( 'NONE', *, *, #8612, .F. ) ;
#6870 = CARTESIAN_POINT ( 'NONE',  ( -0.006000000000000000125, 0.1890000000000000291, 0.2350000000000000144 ) ) ;
#6871 = B_SPLINE_CURVE_WITH_KNOTS ( 'NONE', 3,
 ( #9775, #9829, #2783, #7424, #3607, #8203 ),
 .UNSPECIFIED., .F., .F.,
 ( 4, 1, 1, 4 ),
 ( 0.000000000000000000, 0.3333333333333000081, 0.6666666666667000474, 1.000000000000000000 ),
 .UNSPECIFIED. ) ;
#6872 = VERTEX_POINT ( 'NONE', #10144 ) ;
#6873 = AXIS2_PLACEMENT_3D ( 'NONE', #9530, #6564, #2496 ) ;
#6874 = EDGE_CURVE ( 'NONE', #7768, #5662, #5701, .T. ) ;
#6875 = EDGE_CURVE ( 'NONE', #35, #9183, #6018, .T. ) ;
#6876 = CARTESIAN_POINT ( 'NONE',  ( 0.000000000000000000, 0.1849999999999999978, 0.000000000000000000 ) ) ;
#6877 = CARTESIAN_POINT ( 'NONE',  ( 0.1918295665377000025, 0.09299999999998996569, -0.1197727077903999876 ) ) ;
#6878 = LINE ( 'NONE', #10047, #3508 ) ;
#6879 = DIRECTION ( 'NONE',  ( -1.000000000000000000, 0.000000000000000000, 4.208534211964000140E-14 ) ) ;
#6880 = CIRCLE ( 'NONE', #7210, 0.2560000000000000053 ) ;
#6881 = LINE ( 'NONE', #2951, #9865 ) ;
#6882 = CARTESIAN_POINT ( 'NONE',  ( 0.2202756043692730703, 0.1349910709181413315, 0.1336495819679748565 ) ) ;
#6883 = ORIENTED_EDGE ( 'NONE', *, *, #384, .T. ) ;
#6884 = FACE_OUTER_BOUND ( 'NONE', #8204, .T. ) ;
#6885 =( NAMED_UNIT ( * ) SI_UNIT ( $, .STERADIAN. ) SOLID_ANGLE_UNIT ( ) );
#6886 = DIRECTION ( 'NONE',  ( -0.9271838545667933085, 0.000000000000000000, -0.3746065934158975819 ) ) ;
#6888 = CARTESIAN_POINT ( 'NONE',  ( -0.04600204222479000599, -0.5929999999999999716, 0.02529944883092000163 ) ) ;
#6887 = DIRECTION ( 'NONE',  ( 1.000000000000000000, 0.000000000000000000, 0.000000000000000000 ) ) ;
#6889 = LINE ( 'NONE', #2000, #4736 ) ;
#6890 = ORIENTED_EDGE ( 'NONE', *, *, #952, .T. ) ;
#6891 = DIRECTION ( 'NONE',  ( 0.000000000000000000, 0.000000000000000000, -1.000000000000000000 ) ) ;
#6892 = CARTESIAN_POINT ( 'NONE',  ( 0.2227853523331000674, 0.1889420390995998622, 0.1170813754536999957 ) ) ;
#6893 = ORIENTED_EDGE ( 'NONE', *, *, #133, .F. ) ;
#6894 = ORIENTED_EDGE ( 'NONE', *, *, #2015, .F. ) ;
#6895 = DIRECTION ( 'NONE',  ( 0.000000000000000000, 1.000000000000000000, 0.000000000000000000 ) ) ;
#6896 = DIRECTION ( 'NONE',  ( 0.7431448254773763695, 0.000000000000000000, 0.6691306063588782216 ) ) ;
#6897 = CARTESIAN_POINT ( 'NONE',  ( 0.09589928791446004908, 0.1690000000002999936, 0.2373590667691000133 ) ) ;
#6898 = CARTESIAN_POINT ( 'NONE',  ( 0.1962323057585999841, 0.07744896146032007045, 0.1463611886938999962 ) ) ;
#6899 = CARTESIAN_POINT ( 'NONE',  ( 0.2340611828564999053, 0.1889420395008000186, -0.01535656049834999842 ) ) ;
#6900 = LINE ( 'NONE', #2979, #4091 ) ;
#6901 = ORIENTED_EDGE ( 'NONE', *, *, #4703, .T. ) ;
#6902 = MECHANICAL_DESIGN_GEOMETRIC_PRESENTATION_REPRESENTATION (  '', ( #9191 ), #6407 ) ;
#6903 = ORIENTED_EDGE ( 'NONE', *, *, #3214, .F. ) ;
#6904 = EDGE_LOOP ( 'NONE', ( #10185, #4395, #1919, #1242, #7207, #7608, #3195, #3056 ) ) ;
#6905 = DIRECTION ( 'NONE',  ( 0.7317656748678064149, 3.171291354520101101E-14, 0.6815563051467312672 ) ) ;
#6906 = DIRECTION ( 'NONE',  ( -0.3420201433256111478, 0.000000000000000000, -0.9396926207859294111 ) ) ;
#6907 = EDGE_CURVE ( 'NONE', #3991, #8680, #5412, .T. ) ;
#6908 =( GEOMETRIC_REPRESENTATION_CONTEXT ( 3 ) GLOBAL_UNCERTAINTY_ASSIGNED_CONTEXT ( ( #765 ) ) GLOBAL_UNIT_ASSIGNED_CONTEXT ( ( #4847, #7775, #7887 ) ) REPRESENTATION_CONTEXT ( 'NONE', 'WORKASPACE' ) );
#6909 = DIRECTION ( 'NONE',  ( 0.000000000000000000, 1.000000000000000000, 0.000000000000000000 ) ) ;
#6910 = DIRECTION ( 'NONE',  ( 0.000000000000000000, -1.000000000000000000, 0.000000000000000000 ) ) ;
#6911 = LINE ( 'NONE', #9113, #1178 ) ;
#6912 = EDGE_LOOP ( 'NONE', ( #7287, #9195, #617, #926 ) ) ;
#6913 = CARTESIAN_POINT ( 'NONE',  ( 0.09327704176056003660, 0.1849999999999999978, -0.2308687797871000202 ) ) ;
#6914 = ORIENTED_EDGE ( 'NONE', *, *, #7493, .T. ) ;
#6915 = EDGE_CURVE ( 'NONE', #2541, #2582, #3564, .T. ) ;
#6916 = ADVANCED_FACE ( 'NONE', ( #2431 ), #1932, .T. ) ;
#6917 = CARTESIAN_POINT ( 'NONE',  ( 0.2539470408648130118, 0.1716303536132187668, 0.03235589164584452143 ) ) ;
#6918 = DIRECTION ( 'NONE',  ( 0.3420201433257875623, 0.000000000000000000, -0.9396926207858652402 ) ) ;
#6919 = CARTESIAN_POINT ( 'NONE',  ( -4.251460863913000040E-09, 0.1849999999999999978, -4.562579569566000381E-09 ) ) ;
#6920 = FACE_BOUND ( 'NONE', #8765, .T. ) ;
#6921 = DIRECTION ( 'NONE',  ( 0.7916997824685098051, 0.000000000000000000, 0.6109103489378079344 ) ) ;
#6922 = ADVANCED_FACE ( 'NONE', ( #7274 ), #3499, .T. ) ;
#6923 = CARTESIAN_POINT ( 'NONE',  ( 0.000000000000000000, 0.09299999999999999933, 0.2249999999999999778 ) ) ;
#6924 = B_SPLINE_CURVE_WITH_KNOTS ( 'NONE', 3,
 ( #10125, #754, #7103, #6945, #700, #1440 ),
 .UNSPECIFIED., .F., .F.,
 ( 4, 1, 1, 4 ),
 ( 0.000000000000000000, 0.3333333333333000081, 0.6666666666667000474, 1.000000000000000000 ),
 .UNSPECIFIED. ) ;
#6925 = CARTESIAN_POINT ( 'NONE',  ( 0.2375830775686836038, 0.1265565528380865612, -0.01441603184092732186 ) ) ;
#6926 = VECTOR ( 'NONE', #1990, 39.37007874015748143 ) ;
#6927 = ORIENTED_EDGE ( 'NONE', *, *, #9297, .F. ) ;
#6928 = CARTESIAN_POINT ( 'NONE',  ( 0.2007854990956280672, 0.1835193671610230171, -0.1485595977107968813 ) ) ;
#6929 = DIRECTION ( 'NONE',  ( 0.000000000000000000, 0.000000000000000000, 1.000000000000000000 ) ) ;
#6930 = VECTOR ( 'NONE', #2839, 39.37007874015748143 ) ;
#6931 = CARTESIAN_POINT ( 'NONE',  ( 0.2353877139447000388, 0.1890000000000000291, 0.01698891232592000117 ) ) ;
#6932 = PRESENTATION_STYLE_ASSIGNMENT (( #7754 ) ) ;
#6933 = DIRECTION ( 'NONE',  ( 1.000000000000000000, 0.000000000000000000, 0.000000000000000000 ) ) ;
#6934 = EDGE_CURVE ( 'NONE', #1306, #1508, #8092, .T. ) ;
#6935 = EDGE_CURVE ( 'NONE', #7711, #1099, #4888, .T. ) ;
#6937 = CARTESIAN_POINT ( 'NONE',  ( 0.2247951504382822707, 0.1017663629611249149, -0.009670905396147356711 ) ) ;
#6936 = DIRECTION ( 'NONE',  ( 0.000000000000000000, 1.000000000000000000, 0.000000000000000000 ) ) ;
#6938 = CARTESIAN_POINT ( 'NONE',  ( 0.1505543864307000157, 0.09299999999999999933, -0.1672075857323999937 ) ) ;
#6939 = VERTEX_POINT ( 'NONE', #8143 ) ;
#6940 = CARTESIAN_POINT ( 'NONE',  ( 0.2017505347855123310, 0.1263819054334262837, -0.09963039541187680703 ) ) ;
#6941 =( LENGTH_UNIT ( ) NAMED_UNIT ( * ) SI_UNIT ( $, .METRE. ) );
#6942 = ORIENTED_EDGE ( 'NONE', *, *, #4654, .F. ) ;
#6943 = ORIENTED_EDGE ( 'NONE', *, *, #1513, .T. ) ;
#6944 = CARTESIAN_POINT ( 'NONE',  ( 0.2283519706985000230, 0.1246118225996999951, 0.1143885191698999909 ) ) ;
#6945 = CARTESIAN_POINT ( 'NONE',  ( 0.05100000022436999847, 0.1887928947169000005, -0.2334941282037000243 ) ) ;
#6946 =( LENGTH_UNIT ( ) NAMED_UNIT ( * ) SI_UNIT ( $, .METRE. ) );
#6947 = CARTESIAN_POINT ( 'NONE',  ( 0.1918295665377000025, 0.09299999999999999933, 0.1197727077903999876 ) ) ;
#6948 = MECHANICAL_DESIGN_GEOMETRIC_PRESENTATION_REPRESENTATION (  '', ( #2993 ), #2067 ) ;
#6949 = CARTESIAN_POINT ( 'NONE',  ( 0.1962323057585999841, 0.07744896146032007045, -0.1463611886938999962 ) ) ;
#6950 = CARTESIAN_POINT ( 'NONE',  ( 0.2226595634288000281, 0.05700000000000000205, -0.08871539030917008350 ) ) ;
#6951 = DIRECTION ( 'NONE',  ( -0.9525657232837463351, 0.000000000000000000, -0.3043329473207152525 ) ) ;
#6952 = ORIENTED_EDGE ( 'NONE', *, *, #8253, .T. ) ;
#6953 = EDGE_LOOP ( 'NONE', ( #763, #6056, #8344, #2785, #4044, #5019, #953 ) ) ;
#6954 = COLOUR_RGB ( '',0.2509803921568627416, 0.2509803921568627416, 0.2509803921568627416 ) ;
#6955 = ORIENTED_EDGE ( 'NONE', *, *, #2666, .T. ) ;
#6956 = CARTESIAN_POINT ( 'NONE',  ( 0.1912003766089999945, 0.09299999999999999933, 0.1193314424443999988 ) ) ;
#6957 = DIRECTION ( 'NONE',  ( 0.000000000000000000, -1.000000000000000000, 0.000000000000000000 ) ) ;
#6958 = CARTESIAN_POINT ( 'NONE',  ( 0.1908907148530000208, 0.09299999999999999933, -0.1191038831563999978 ) ) ;
#6959 = DIRECTION ( 'NONE',  ( 0.6499230723708898649, 0.000000000000000000, -0.7599999999999887956 ) ) ;
#6960 = DIRECTION ( 'NONE',  ( 1.000000000000000000, 0.000000000000000000, 0.000000000000000000 ) ) ;
#6961 = LINE ( 'NONE', #2133, #1510 ) ;
#6962 = AXIS2_PLACEMENT_3D ( 'NONE', #4254, #7396, #7744 ) ;
#6963 = DIRECTION ( 'NONE',  ( 0.000000000000000000, -1.000000000000000000, 0.000000000000000000 ) ) ;
#6964 = VERTEX_POINT ( 'NONE', #3348 ) ;
#6965 = CARTESIAN_POINT ( 'NONE',  ( 0.000000000000000000, -0.2706794919243000197, 0.06949999999997992506 ) ) ;
#6966 = VECTOR ( 'NONE', #8289, 39.37007874015748143 ) ;
#6967 = AXIS2_PLACEMENT_3D ( 'NONE', #6354, #2447, #3312 ) ;
#6968 = DIRECTION ( 'NONE',  ( 0.000000000000000000, -1.000000000000000000, 0.000000000000000000 ) ) ;
#6969 = VECTOR ( 'NONE', #5621, 39.37007874015748143 ) ;
#6970 = CARTESIAN_POINT ( 'NONE',  ( 0.2249761652542000001, 0.1890000000000000291, -0.003274914884099000469 ) ) ;
#6971 = FACE_OUTER_BOUND ( 'NONE', #6423, .T. ) ;
#6972 = CARTESIAN_POINT ( 'NONE',  ( 0.000000000000000000, 0.09299999999999999933, 0.000000000000000000 ) ) ;
#6973 = CIRCLE ( 'NONE', #1721, 0.06400000000000001521 ) ;
#6974 = CARTESIAN_POINT ( 'NONE',  ( 0.2241315257042940656, 0.1359566979348035554, 0.1277587358412592133 ) ) ;
#6975 = EDGE_CURVE ( 'NONE', #2409, #2397, #5728, .T. ) ;
#6976 = VERTEX_POINT ( 'NONE', #2637 ) ;
#6977 = CARTESIAN_POINT ( 'NONE',  ( 0.03099999999999999978, 0.1290000000000000036, 0.2290000000000000091 ) ) ;
#6978 = ORIENTED_EDGE ( 'NONE', *, *, #4843, .T. ) ;
#6979 = EDGE_CURVE ( 'NONE', #2335, #10162, #9571, .T. ) ;
#6980 = ORIENTED_EDGE ( 'NONE', *, *, #7185, .F. ) ;
#6981 = DIRECTION ( 'NONE',  ( 0.000000000000000000, 1.000000000000000000, 0.000000000000000000 ) ) ;
#6982 = CARTESIAN_POINT ( 'NONE',  ( 0.2188821022253999993, 0.1342286274597000173, -0.1180000444870999976 ) ) ;
#6983 =( LENGTH_UNIT ( ) NAMED_UNIT ( * ) SI_UNIT ( $, .METRE. ) );
#6984 = LENGTH_MEASURE_WITH_UNIT ( LENGTH_MEASURE( 0.02539999999999999897 ), #10111 );
#6986 = DIRECTION ( 'NONE',  ( -0.000000000000000000, 1.000000000000000000, 0.000000000000000000 ) ) ;
#6985 = DIRECTION ( 'NONE',  ( 0.5902450743664918731, 0.5000000000000328626, -0.6337276640529919680 ) ) ;
#6987 = DIRECTION ( 'NONE',  ( 0.000000000000000000, 0.000000000000000000, 1.000000000000000000 ) ) ;
#6988 = EDGE_CURVE ( 'NONE', #4739, #8061, #4846, .T. ) ;
#6989 = ORIENTED_EDGE ( 'NONE', *, *, #6863, .T. ) ;
#6990 = CARTESIAN_POINT ( 'NONE',  ( 0.2029881984429000863, 0.1889420390995998067, -0.1363734795762999996 ) ) ;
#6991 =( LENGTH_UNIT ( ) NAMED_UNIT ( * ) SI_UNIT ( $, .METRE. ) );
#6992 = B_SPLINE_CURVE_WITH_KNOTS ( 'NONE', 3,
 ( #8965, #2888, #9838, #5930, #7434, #3616, #8916, #2792, #2699, #8157, #9063, #1931 ),
 .UNSPECIFIED., .F., .F.,
 ( 4, 2, 2, 2, 2, 4 ),
 ( 0.000000000000000000, 0.2499999999999978906, 0.3749999999999975020, 0.4999999999999971134, 0.7499999999999985567, 1.000000000000000000 ),
 .UNSPECIFIED. ) ;
#6993 = ORIENTED_EDGE ( 'NONE', *, *, #3468, .T. ) ;
#6994 = EDGE_CURVE ( 'NONE', #1347, #4261, #6550, .T. ) ;
#6995 = EDGE_CURVE ( 'NONE', #7762, #5188, #6188, .T. ) ;
#6996 = AXIS2_PLACEMENT_3D ( 'NONE', #623, #6960, #10147 ) ;
#6997 = CIRCLE ( 'NONE', #7486, 0.03700000000000000511 ) ;
#6998 = ORIENTED_EDGE ( 'NONE', *, *, #7819, .T. ) ;
#6999 = CARTESIAN_POINT ( 'NONE',  ( 0.2183474388290546353, 0.1320984117780538702, 0.1140512567570250990 ) ) ;
#7000 = AXIS2_PLACEMENT_3D ( 'NONE', #5373, #5424, #6046 ) ;
#7001 = CARTESIAN_POINT ( 'NONE',  ( 0.01200000000000000025, 0.4210000000000000409, -0.2136000000000000121 ) ) ;
#7002 = CARTESIAN_POINT ( 'NONE',  ( 0.03752881368661999811, -0.2550000000000000044, 0.03379109562111000387 ) ) ;
#7003 = VECTOR ( 'NONE', #1733, 39.37007874015748143 ) ;
#7004 =( CONVERSION_BASED_UNIT ( 'INCH', #7879 ) LENGTH_UNIT ( ) NAMED_UNIT ( #386 ) );
#7005 = DIRECTION ( 'NONE',  ( 0.000000000000000000, -1.000000000000000000, 0.000000000000000000 ) ) ;
#7006 = ORIENTED_EDGE ( 'NONE', *, *, #5218, .F. ) ;
#7007 = ORIENTED_EDGE ( 'NONE', *, *, #3972, .T. ) ;
#7008 = ORIENTED_EDGE ( 'NONE', *, *, #2323, .T. ) ;
#7009 = DIRECTION ( 'NONE',  ( 0.000000000000000000, -1.000000000000000000, 0.000000000000000000 ) ) ;
#7010 = VECTOR ( 'NONE', #2129, 39.37007874015748143 ) ;
#7011 = DIRECTION ( 'NONE',  ( -0.9832549075639646086, 0.000000000000000000, 0.1822355254920934586 ) ) ;
#7012 = PRESENTATION_STYLE_ASSIGNMENT (( #4742 ) ) ;
#7013 = DIRECTION ( 'NONE',  ( 0.000000000000000000, 1.000000000000000000, 0.000000000000000000 ) ) ;
#7014 = CARTESIAN_POINT ( 'NONE',  ( 0.08124038389382991221, -0.1110000000000000014, 0.09500000004726004421 ) ) ;
#7015 = DIRECTION ( 'NONE',  ( 0.9273136883635337835, 0.000000000000000000, 0.3742850830231134740 ) ) ;
#7016 = DIRECTION ( 'NONE',  ( 0.000000000000000000, 1.000000000000000000, 0.000000000000000000 ) ) ;
#7017 = VERTEX_POINT ( 'NONE', #4277 ) ;
#7018 = FILL_AREA_STYLE ('',( #4493 ) ) ;
#7019 = COLOUR_RGB ( '',0.2509803921568627416, 0.2509803921568627416, 0.2509803921568627416 ) ;
#7020 = PRESENTATION_LAYER_ASSIGNMENT (  '', '', ( #8012 ) ) ;
#7021 = AXIS2_PLACEMENT_3D ( 'NONE', #2759, #5121, #3532 ) ;
#7022 = CARTESIAN_POINT ( 'NONE',  ( 0.1669484983095000097, -0.007000000000000001013, 0.1790303457727999981 ) ) ;
#7023 = DIRECTION ( 'NONE',  ( 0.1736481776669025201, 0.000000000000000000, 0.9848077530122130163 ) ) ;
#7024 = DIRECTION ( 'NONE',  ( 1.000000000000000000, 0.000000000000000000, 0.000000000000000000 ) ) ;
#7025 =( CONVERSION_BASED_UNIT ( 'INCH', #5469 ) LENGTH_UNIT ( ) NAMED_UNIT ( #5722 ) );
#7026 = CARTESIAN_POINT ( 'NONE',  ( 0.2047651328492999800, 0.4385000000000000009, 0.1182212045712000004 ) ) ;
#7027 = AXIS2_PLACEMENT_3D ( 'NONE', #9869, #3604, #9825 ) ;
#7028 = CARTESIAN_POINT ( 'NONE',  ( 0.000000000000000000, 0.1689999999999999836, 0.000000000000000000 ) ) ;
#7029 = AXIS2_PLACEMENT_3D ( 'NONE', #6036, #9170, #8404 ) ;
#7030 = CARTESIAN_POINT ( 'NONE',  ( 0.2284950080305770959, 0.1299340162004908039, -0.01240747965141718832 ) ) ;
#7031 = ADVANCED_BREP_SHAPE_REPRESENTATION ( '39LA-1PB-103', ( #845, #9056 ), #841 ) ;
#7032 = ORIENTED_EDGE ( 'NONE', *, *, #6157, .F. ) ;
#7033 = CARTESIAN_POINT ( 'NONE',  ( 0.2270000000000000073, 0.03950000000000000039, -0.09162240880557992462 ) ) ;
#7034 = ORIENTED_EDGE ( 'NONE', *, *, #4838, .T. ) ;
#7035 = MECHANICAL_DESIGN_GEOMETRIC_PRESENTATION_REPRESENTATION (  '', ( #8022 ), #9322 ) ;
#7036 = AXIS2_PLACEMENT_3D ( 'NONE', #853, #3999, #3275 ) ;
#7037 = ORIENTED_EDGE ( 'NONE', *, *, #6058, .F. ) ;
#7038 = DIRECTION ( 'NONE',  ( -0.9832549075639467340, 0.000000000000000000, -0.1822355254921899925 ) ) ;
#7039 = CIRCLE ( 'NONE', #1286, 0.2559999999999998943 ) ;
#7040 = DIRECTION ( 'NONE',  ( 0.1822355254920934309, 0.000000000000000000, -0.9832549075639646086 ) ) ;
#7041 = CARTESIAN_POINT ( 'NONE',  ( 0.2031574399491000160, 0.09299999970751003653, -0.1226367725479999976 ) ) ;
#7042 = CARTESIAN_POINT ( 'NONE',  ( 0.2043819952930999995, 0.1689999999999999836, -0.1180000000000000077 ) ) ;
#7044 = DIRECTION ( 'NONE',  ( 0.000000000000000000, 0.000000000000000000, 1.000000000000000000 ) ) ;
#7043 = LINE ( 'NONE', #7808, #6590 ) ;
#7045 = CIRCLE ( 'NONE', #9326, 0.01450000000000000941 ) ;
#7046 = DIRECTION ( 'NONE',  ( -1.679440702206999826E-13, 0.000000000000000000, 1.000000000000000000 ) ) ;
#7047 = EDGE_CURVE ( 'NONE', #9566, #176, #7419, .T. ) ;
#7048 = ORIENTED_EDGE ( 'NONE', *, *, #9118, .F. ) ;
#7049 = CARTESIAN_POINT ( 'NONE',  ( 0.2199267666245001973, 0.1899449464300000390, -0.1483218102825999141 ) ) ;
#7050 = ORIENTED_EDGE ( 'NONE', *, *, #862, .F. ) ;
#7051 = AXIS2_PLACEMENT_3D ( 'NONE', #2383, #5623, #8650 ) ;
#7052 = CARTESIAN_POINT ( 'NONE',  ( -0.006000000000000000125, 0.1640000000000000069, -0.2559296778414000273 ) ) ;
#7053 = ORIENTED_EDGE ( 'NONE', *, *, #1446, .T. ) ;
#7054 = EDGE_CURVE ( 'NONE', #9463, #7352, #1594, .T. ) ;
#7055 = CARTESIAN_POINT ( 'NONE',  ( -0.05600000000000000810, 0.1890000000000000291, 0.2292596780944999857 ) ) ;
#7056 = EDGE_CURVE ( 'NONE', #5672, #313, #7841, .T. ) ;
#7057 = ORIENTED_EDGE ( 'NONE', *, *, #5166, .F. ) ;
#7058 = CARTESIAN_POINT ( 'NONE',  ( 0.2435962447044000001, 0.09299999999999999933, -0.02417716611268000415 ) ) ;
#7059 = EDGE_CURVE ( 'NONE', #9381, #9662, #5676, .T. ) ;
#7060 = CARTESIAN_POINT ( 'NONE',  ( 0.000000000000000000, 0.09299999999999999933, 0.000000000000000000 ) ) ;
#7061 = ADVANCED_FACE ( 'NONE', ( #1713 ), #8954, .T. ) ;
#7062 =( NAMED_UNIT ( * ) SI_UNIT ( $, .STERADIAN. ) SOLID_ANGLE_UNIT ( ) );
#7063 = CARTESIAN_POINT ( 'NONE',  ( 0.2739447911440998640, 0.1806233488419999866, 0.000000000000000000 ) ) ;
#7064 = ORIENTED_EDGE ( 'NONE', *, *, #7694, .T. ) ;
#7065 = ORIENTED_EDGE ( 'NONE', *, *, #4988, .T. ) ;
#7066 = UNCERTAINTY_MEASURE_WITH_UNIT (LENGTH_MEASURE( 1.000000000000000082E-05 ), #8277, 'distance_accuracy_value', 'NONE');
#7067 = ORIENTED_EDGE ( 'NONE', *, *, #2141, .T. ) ;
#7068 = DIRECTION ( 'NONE',  ( 0.000000000000000000, 1.000000000000000000, 0.000000000000000000 ) ) ;
#7069 = CARTESIAN_POINT ( 'NONE',  ( 0.2550386243189501911, 0.1253233102860284442, -0.01490860603572198399 ) ) ;
#7070 = LENGTH_MEASURE_WITH_UNIT ( LENGTH_MEASURE( 0.02539999999999999897 ), #108 );
#7071 = EDGE_CURVE ( 'NONE', #7352, #748, #368, .T. ) ;
#7072 = CARTESIAN_POINT ( 'NONE',  ( 0.2247237454228941389, 0.1058106580640776478, 0.01116750304941788695 ) ) ;
#7073 = CARTESIAN_POINT ( 'NONE',  ( 0.2136493567125216375, 0.1260783460814447754, -0.1402537272393744316 ) ) ;
#7074 = EDGE_CURVE ( 'NONE', #8518, #9007, #10129, .T. ) ;
#7075 = SURFACE_SIDE_STYLE ('',( #6234 ) ) ;
#7076 = ORIENTED_EDGE ( 'NONE', *, *, #5284, .F. ) ;
#7077 = CARTESIAN_POINT ( 'NONE',  ( -0.2389309425380000129, 0.1849999999999999978, -0.04428323269459000233 ) ) ;
#7078 =( GEOMETRIC_REPRESENTATION_CONTEXT ( 3 ) GLOBAL_UNCERTAINTY_ASSIGNED_CONTEXT ( ( #3973 ) ) GLOBAL_UNIT_ASSIGNED_CONTEXT ( ( #2602, #8914, #8154 ) ) REPRESENTATION_CONTEXT ( 'NONE', 'WORKASPACE' ) );
#7079 = PLANE ( 'NONE',  #9813 ) ;
#7080 = PRESENTATION_STYLE_ASSIGNMENT (( #8757 ) ) ;
#7081 = CARTESIAN_POINT ( 'NONE',  ( 0.2393959477401782776, 0.1885387535296009498, -0.02105651502300570632 ) ) ;
#7082 = CARTESIAN_POINT ( 'NONE',  ( 0.2237126350132138120, 0.1360068060207451079, 0.1285258170417218071 ) ) ;
#7083 = ORIENTED_EDGE ( 'NONE', *, *, #1265, .T. ) ;
#7084 = AXIS2_PLACEMENT_3D ( 'NONE', #9496, #4874, #9543 ) ;
#7085 = DIRECTION ( 'NONE',  ( 0.7510220026571080565, -0.3028314526843032262, -0.5867359395759061957 ) ) ;
#7086 = VERTEX_POINT ( 'NONE', #1138 ) ;
#7087 = STYLED_ITEM ( 'NONE', ( #5435 ), #9372 ) ;
#7088 = ORIENTED_EDGE ( 'NONE', *, *, #9043, .T. ) ;
#7089 = DIRECTION ( 'NONE',  ( 0.000000000000000000, -1.000000000000000000, 0.000000000000000000 ) ) ;
#7090 = LINE ( 'NONE', #2452, #9594 ) ;
#7091 = LINE ( 'NONE', #2402, #6652 ) ;
#7092 = CARTESIAN_POINT ( 'NONE',  ( 0.000000000000000000, -0.5929999999999999716, 0.000000000000000000 ) ) ;
#7093 = CARTESIAN_POINT ( 'NONE',  ( 0.2248198244708000115, 0.1177178010934000069, 0.009016601922715000716 ) ) ;
#7094 = CARTESIAN_POINT ( 'NONE',  ( 0.03200000000000000067, 0.1290000000000000036, -0.2235999999999999932 ) ) ;
#7095 = EDGE_LOOP ( 'NONE', ( #7373, #2738, #5309, #1980 ) ) ;
#7096 = CARTESIAN_POINT ( 'NONE',  ( 0.000000000000000000, 0.1849999999999999978, 0.000000000000000000 ) ) ;
#7097 = VERTEX_POINT ( 'NONE', #163 ) ;
#7098 = SURFACE_STYLE_USAGE ( .BOTH. , #7872 ) ;
#7099 = ORIENTED_EDGE ( 'NONE', *, *, #4717, .F. ) ;
#7100 = AXIS2_PLACEMENT_3D ( 'NONE', #4849, #7996, #409 ) ;
#7101 = CYLINDRICAL_SURFACE ( 'NONE', #5158, 0.2447931081450999968 ) ;
#7102 = ORIENTED_EDGE ( 'NONE', *, *, #10042, .T. ) ;
#7103 = CARTESIAN_POINT ( 'NONE',  ( 0.05099999993588999470, 0.1889622741282999951, -0.2319634550470000278 ) ) ;
#7104 = DIRECTION ( 'NONE',  ( 0.000000000000000000, -1.000000000000000000, 0.000000000000000000 ) ) ;
#7105 = ORIENTED_EDGE ( 'NONE', *, *, #5088, .T. ) ;
#7106 = CARTESIAN_POINT ( 'NONE',  ( 0.2507561737220998510, 0.1899449431641999086, 0.03071331389154999258 ) ) ;
#7107 = DIRECTION ( 'NONE',  ( 0.1756316192402035681, 0.000000000000000000, 0.9844559585492201892 ) ) ;
#7108 = EDGE_CURVE ( 'NONE', #2736, #9766, #6443, .T. ) ;
#7109 = ORIENTED_EDGE ( 'NONE', *, *, #6224, .T. ) ;
#7110 = VECTOR ( 'NONE', #6215, 39.37007874015748143 ) ;
#7111 = ORIENTED_EDGE ( 'NONE', *, *, #1194, .T. ) ;
#7112 = ADVANCED_FACE ( 'NONE', ( #9970 ), #500, .F. ) ;
#7113 = ORIENTED_EDGE ( 'NONE', *, *, #7295, .T. ) ;
#7114 = AXIS2_PLACEMENT_3D ( 'NONE', #547, #2058, #1177 ) ;
#7115 = CARTESIAN_POINT ( 'NONE',  ( 0.2571454962251932819, 0.1337521531338054237, 0.008114941195614166006 ) ) ;
#7116 = CARTESIAN_POINT ( 'NONE',  ( 0.1908579561758999843, 0.09319146203754999358, -0.1191563862915999972 ) ) ;
#7117 = PLANE ( 'NONE',  #1219 ) ;
#7118 = DIRECTION ( 'NONE',  ( 0.000000000000000000, 1.000000000000000000, 0.000000000000000000 ) ) ;
#7119 = CARTESIAN_POINT ( 'NONE',  ( 0.000000000000000000, -0.007000000000000001013, 0.000000000000000000 ) ) ;
#7120 = EDGE_CURVE ( 'NONE', #2325, #3832, #604, .T. ) ;
#7121 = VERTEX_POINT ( 'NONE', #4524 ) ;
#7122 = SURFACE_SIDE_STYLE ('',( #6398 ) ) ;
#7123 = EDGE_CURVE ( 'NONE', #6557, #4886, #8654, .T. ) ;
#7124 = ADVANCED_FACE ( 'NONE', ( #1389 ), #8341, .F. ) ;
#7125 = FACE_OUTER_BOUND ( 'NONE', #4407, .T. ) ;
#7126 =( LENGTH_UNIT ( ) NAMED_UNIT ( * ) SI_UNIT ( $, .METRE. ) );
#7127 = LENGTH_MEASURE_WITH_UNIT ( LENGTH_MEASURE( 0.02539999999999999897 ), #837 );
#7128 = AXIS2_PLACEMENT_3D ( 'NONE', #1021, #3440, #6469 ) ;
#7129 = AXIS2_PLACEMENT_3D ( 'NONE', #9178, #2947, #4500 ) ;
#7130 = DIRECTION ( 'NONE',  ( 0.000000000000000000, -1.000000000000000000, 0.000000000000000000 ) ) ;
#7131 = VERTEX_POINT ( 'NONE', #6799 ) ;
#7132 = ORIENTED_EDGE ( 'NONE', *, *, #6279, .F. ) ;
#7133 = AXIS2_PLACEMENT_3D ( 'NONE', #7906, #8772, #6462 ) ;
#7134 =( GEOMETRIC_REPRESENTATION_CONTEXT ( 3 ) GLOBAL_UNCERTAINTY_ASSIGNED_CONTEXT ( ( #5786 ) ) GLOBAL_UNIT_ASSIGNED_CONTEXT ( ( #5692, #7233, #4865 ) ) REPRESENTATION_CONTEXT ( 'NONE', 'WORKASPACE' ) );
#7135 = VECTOR ( 'NONE', #165, 39.37007874015748143 ) ;
#7136 = ORIENTED_EDGE ( 'NONE', *, *, #6419, .F. ) ;
#7137 = CARTESIAN_POINT ( 'NONE',  ( 0.2096661163109000137, 0.09300000007837008753, 0.1154042847809000072 ) ) ;
#7138 = LINE ( 'NONE', #237, #6483 ) ;
#7139 = LINE ( 'NONE', #8532, #2537 ) ;
#7140 = DIRECTION ( 'NONE',  ( 0.9832549075638896685, 0.000000000000000000, -0.1822355254924979406 ) ) ;
#7141 = CYLINDRICAL_SURFACE ( 'NONE', #3464, 0.2560000000000000053 ) ;
#7143 = FILL_AREA_STYLE_COLOUR ( '', #5150 ) ;
#7142 = DIRECTION ( 'NONE',  ( 0.000000000000000000, 1.000000000000000000, 0.000000000000000000 ) ) ;
#7144 = AXIS2_PLACEMENT_3D ( 'NONE', #9374, #6191, #4696 ) ;
#7145 = AXIS2_PLACEMENT_3D ( 'NONE', #9902, #7653, #8376 ) ;
#7146 = DIRECTION ( 'NONE',  ( -0.000000000000000000, 1.000000000000000000, 0.000000000000000000 ) ) ;
#7147 = ORIENTED_EDGE ( 'NONE', *, *, #7320, .T. ) ;
#7148 = CARTESIAN_POINT ( 'NONE',  ( 0.2029482051055812031, 0.1287992693878796113, 0.1324290873199423513 ) ) ;
#7149 = VERTEX_POINT ( 'NONE', #10022 ) ;
#7150 = CARTESIAN_POINT ( 'NONE',  ( 0.2539470338983000341, 0.1689999999999999836, 0.03235589550999000419 ) ) ;
#7151 = ORIENTED_EDGE ( 'NONE', *, *, #3152, .T. ) ;
#7152 = CARTESIAN_POINT ( 'NONE',  ( 0.2188331134629988295, 0.1335521714281471539, -0.1165825541899814521 ) ) ;
#7153 = VERTEX_POINT ( 'NONE', #9827 ) ;
#7154 = CARTESIAN_POINT ( 'NONE',  ( -0.05600000000000001504, 0.1789764864584098836, 0.2471161214567941800 ) ) ;
#7155 = CARTESIAN_POINT ( 'NONE',  ( 0.02506072624646000016, 0.1290000000000000036, -0.2235999999999999932 ) ) ;
#7156 = STYLED_ITEM ( 'NONE', ( #6328 ), #2138 ) ;
#7157 = ORIENTED_EDGE ( 'NONE', *, *, #8862, .F. ) ;
#7158 = DIRECTION ( 'NONE',  ( -0.000000000000000000, 1.000000000000000000, 0.000000000000000000 ) ) ;
#7159 = CARTESIAN_POINT ( 'NONE',  ( 0.003600828232416000002, -0.5929999999999999716, -0.08107425014171004696 ) ) ;
#7160 = ORIENTED_EDGE ( 'NONE', *, *, #8488, .F. ) ;
#7161 = ORIENTED_EDGE ( 'NONE', *, *, #6106, .F. ) ;
#7162 = ORIENTED_EDGE ( 'NONE', *, *, #5352, .F. ) ;
#7163 = CARTESIAN_POINT ( 'NONE',  ( 0.1918014131451442894, 0.1297453267999779392, -0.1252673603778702016 ) ) ;
#7164 = EDGE_CURVE ( 'NONE', #7892, #7417, #3649, .T. ) ;
#7165 = DIRECTION ( 'NONE',  ( 0.000000000000000000, -1.000000000000000000, 0.000000000000000000 ) ) ;
#7166 =( GEOMETRIC_REPRESENTATION_CONTEXT ( 3 ) GLOBAL_UNCERTAINTY_ASSIGNED_CONTEXT ( ( #5092 ) ) GLOBAL_UNIT_ASSIGNED_CONTEXT ( ( #2718, #8176, #436 ) ) REPRESENTATION_CONTEXT ( 'NONE', 'WORKASPACE' ) );
#7167 = PRESENTATION_STYLE_ASSIGNMENT (( #1554 ) ) ;
#7168 = DIRECTION ( 'NONE',  ( 0.7371669343284958931, 0.000000000000000000, 0.6757106710217969381 ) ) ;
#7169 =( NAMED_UNIT ( * ) PLANE_ANGLE_UNIT ( ) SI_UNIT ( $, .RADIAN. ) );
#7170 = FACE_OUTER_BOUND ( 'NONE', #1367, .T. ) ;
#7171 = EDGE_CURVE ( 'NONE', #8205, #8141, #3404, .T. ) ;
#7172 = ORIENTED_EDGE ( 'NONE', *, *, #6995, .F. ) ;
#7173 = CARTESIAN_POINT ( 'NONE',  ( -0.05600000000000000810, 0.1640000000000000069, -0.2350000000000000144 ) ) ;
#7174 = VECTOR ( 'NONE', #1511, 39.37007874015748143 ) ;
#7175 = ADVANCED_FACE ( 'NONE', ( #6017 ), #6701, .F. ) ;
#7177 = ADVANCED_FACE ( 'NONE', ( #5869 ), #3756, .F. ) ;
#7176 = CARTESIAN_POINT ( 'NONE',  ( 0.1938026504683000306, 0.03950000000000000039, 0.1495466431144999997 ) ) ;
#7178 = LINE ( 'NONE', #120, #8592 ) ;
#7179 = CYLINDRICAL_SURFACE ( 'NONE', #1168, 0.01999999999999999001 ) ;
#7180 = CIRCLE ( 'NONE', #2739, 0.03150000000000002104 ) ;
#7181 = SURFACE_SIDE_STYLE ('',( #126 ) ) ;
#7182 = AXIS2_PLACEMENT_3D ( 'NONE', #2652, #418, #4335 ) ;
#7183 = EDGE_CURVE ( 'NONE', #9012, #4778, #9144, .T. ) ;
#7184 = VERTEX_POINT ( 'NONE', #6897 ) ;
#7185 = EDGE_CURVE ( 'NONE', #1533, #4275, #7676, .T. ) ;
#7186 = DIRECTION ( 'NONE',  ( 0.000000000000000000, 1.000000000000000000, 0.000000000000000000 ) ) ;
#7187 = ORIENTED_EDGE ( 'NONE', *, *, #3913, .F. ) ;
#7188 = EDGE_LOOP ( 'NONE', ( #3900, #6914, #9106, #7545, #3994, #1061, #8256, #9221 ) ) ;
#7189 = CARTESIAN_POINT ( 'NONE',  ( 0.2096932333596999987, 0.09300000000562994029, 0.1118618199993000051 ) ) ;
#7190 = DIRECTION ( 'NONE',  ( -2.356760414698999851E-14, -1.000000000000000000, 0.000000000000000000 ) ) ;
#7191 = LINE ( 'NONE', #185, #5478 ) ;
#7192 = CARTESIAN_POINT ( 'NONE',  ( 0.2058391451307000075, 0.09299999592610001808, -0.1214488588130000074 ) ) ;
#7193 = CARTESIAN_POINT ( 'NONE',  ( 0.000000000000000000, -0.007000000000000001013, 0.000000000000000000 ) ) ;
#7194 = AXIS2_PLACEMENT_3D ( 'NONE', #9498, #2458, #7593 ) ;
#7196 = FACE_OUTER_BOUND ( 'NONE', #6758, .T. ) ;
#7195 = FACE_BOUND ( 'NONE', #4328, .T. ) ;
#7197 = CARTESIAN_POINT ( 'NONE',  ( 0.000000000000000000, -0.2650000000000000133, 0.000000000000000000 ) ) ;
#7198 = VERTEX_POINT ( 'NONE', #5141 ) ;
#7199 = CARTESIAN_POINT ( 'NONE',  ( 0.2168040570575054393, 0.1361123290796902030, 0.1257268726872626530 ) ) ;
#7200 = VERTEX_POINT ( 'NONE', #4323 ) ;
#7201 =( NAMED_UNIT ( * ) SI_UNIT ( $, .STERADIAN. ) SOLID_ANGLE_UNIT ( ) );
#7202 = VECTOR ( 'NONE', #2914, 39.37007874015748143 ) ;
#7203 = EDGE_LOOP ( 'NONE', ( #978, #8594, #9830, #7977 ) ) ;
#7204 = PRESENTATION_LAYER_ASSIGNMENT (  '', '', ( #1113 ) ) ;
#7205 = CARTESIAN_POINT ( 'NONE',  ( 0.2136228066139155279, 0.1268094325907917486, -0.1068174572479124312 ) ) ;
#7206 = AXIS2_PLACEMENT_3D ( 'NONE', #8133, #9414, #1085 ) ;
#7207 = ORIENTED_EDGE ( 'NONE', *, *, #3021, .F. ) ;
#7208 = CARTESIAN_POINT ( 'NONE',  ( 0.000000000000000000, -0.2350000000000000144, 0.000000000000000000 ) ) ;
#7209 = CARTESIAN_POINT ( 'NONE',  ( 0.1913453925458404592, 0.1053776623037690208, -0.1183736837422106614 ) ) ;
#7210 = AXIS2_PLACEMENT_3D ( 'NONE', #7767, #8539, #7722 ) ;
#7211 = VERTEX_POINT ( 'NONE', #8290 ) ;
#7212 = FILL_AREA_STYLE ('',( #8034 ) ) ;
#7213 = SURFACE_SIDE_STYLE ('',( #4222 ) ) ;
#7214 = CARTESIAN_POINT ( 'NONE',  ( 0.1979495697978000401, 0.09701666049842008754, -0.1109035478224999899 ) ) ;
#7215 = EDGE_LOOP ( 'NONE', ( #3584, #553, #5197, #3035 ) ) ;
#7216 = EDGE_LOOP ( 'NONE', ( #6409, #3331, #5886 ) ) ;
#7217 = VERTEX_POINT ( 'NONE', #7517 ) ;
#7218 = CARTESIAN_POINT ( 'NONE',  ( 0.1943941381188763751, 0.1272078779820978167, -0.1285389472999053928 ) ) ;
#7219 = DIRECTION ( 'NONE',  ( -0.3420201433256991330, 0.000000000000000000, -0.9396926207858972147 ) ) ;
#7220 =( NAMED_UNIT ( * ) PLANE_ANGLE_UNIT ( ) SI_UNIT ( $, .RADIAN. ) );
#7221 = CARTESIAN_POINT ( 'NONE',  ( 0.2247215082683378939, 0.1067978317144071682, 0.01134742280529863964 ) ) ;
#7222 = DIRECTION ( 'NONE',  ( 0.000000000000000000, -1.000000000000000000, 0.000000000000000000 ) ) ;
#7223 = LINE ( 'NONE', #219, #8026 ) ;
#7224 = EDGE_LOOP ( 'NONE', ( #2290, #1848 ) ) ;
#7225 = EDGE_CURVE ( 'NONE', #4393, #855, #8388, .T. ) ;
#7226 = DIRECTION ( 'NONE',  ( 1.000000000000000000, 0.000000000000000000, 0.000000000000000000 ) ) ;
#7227 =( CONVERSION_BASED_UNIT ( 'INCH', #4242 ) LENGTH_UNIT ( ) NAMED_UNIT ( #5135 ) );
#7228 = DIMENSIONAL_EXPONENTS ( 1.000000000000000000, 0.000000000000000000, 0.000000000000000000, 0.000000000000000000, 0.000000000000000000, 0.000000000000000000, 0.000000000000000000 ) ;
#7229 = CARTESIAN_POINT ( 'NONE',  ( -0.2383234762289000164, 0.1849999999999999978, -0.04202285899539000280 ) ) ;
#7230 = UNCERTAINTY_MEASURE_WITH_UNIT (LENGTH_MEASURE( 1.000000000000000082E-05 ), #8728, 'distance_accuracy_value', 'NONE');
#7231 =( CONVERSION_BASED_UNIT ( 'INCH', #8660 ) LENGTH_UNIT ( ) NAMED_UNIT ( #9659 ) );
#7232 = VERTEX_POINT ( 'NONE', #407 ) ;
#7233 =( NAMED_UNIT ( * ) PLANE_ANGLE_UNIT ( ) SI_UNIT ( $, .RADIAN. ) );
#7234 = CIRCLE ( 'NONE', #1145, 0.05550000000000000766 ) ;
#7235 = VERTEX_POINT ( 'NONE', #5249 ) ;
#7236 = ADVANCED_FACE ( 'NONE', ( #456 ), #3605, .T. ) ;
#7237 = AXIS2_PLACEMENT_3D ( 'NONE', #1778, #4915, #328 ) ;
#7238 = ORIENTED_EDGE ( 'NONE', *, *, #1244, .F. ) ;
#7239 = SURFACE_STYLE_USAGE ( .BOTH. , #6515 ) ;
#7240 = EDGE_CURVE ( 'NONE', #5087, #7251, #1490, .T. ) ;
#7241 = DIRECTION ( 'NONE',  ( 0.000000000000000000, -1.000000000000000000, 0.000000000000000000 ) ) ;
#7242 = CARTESIAN_POINT ( 'NONE',  ( 0.2025030954576883813, 0.1791079393096764172, 0.1524051949984682741 ) ) ;
#7243 = CARTESIAN_POINT ( 'NONE',  ( 0.000000000000000000, 0.1890000000000000291, 0.000000000000000000 ) ) ;
#7244 = FACE_OUTER_BOUND ( 'NONE', #1822, .T. ) ;
#7246 = CARTESIAN_POINT ( 'NONE',  ( 0.1666336999226999960, 0.1841728378957999956, 0.1850654725265000189 ) ) ;
#7245 = CARTESIAN_POINT ( 'NONE',  ( 0.2249754601505999929, 0.1263822221228000087, 0.003324102725470999900 ) ) ;
#7247 = CARTESIAN_POINT ( 'NONE',  ( 0.1911340067463000170, 0.1143371685741000066, 0.1035858910738000072 ) ) ;
#7248 = VECTOR ( 'NONE', #3116, 39.37007874015748143 ) ;
#7249 = ORIENTED_EDGE ( 'NONE', *, *, #9297, .T. ) ;
#7250 = CARTESIAN_POINT ( 'NONE',  ( 0.1955075782989951216, 0.1266547128849003778, 0.1294703893721937671 ) ) ;
#7251 = VERTEX_POINT ( 'NONE', #9301 ) ;
#7252 = DIRECTION ( 'NONE',  ( -0.9832549075639646086, 0.000000000000000000, 0.1822355254920934031 ) ) ;
#7253 = EDGE_CURVE ( 'NONE', #8205, #3773, #865, .T. ) ;
#7254 = EDGE_LOOP ( 'NONE', ( #4188, #9600, #10186, #1232, #7953, #3504 ) ) ;
#7255 = AXIS2_PLACEMENT_3D ( 'NONE', #1578, #6886, #3947 ) ;
#7256 = DIRECTION ( 'NONE',  ( 1.000000000000000000, 0.000000000000000000, 0.000000000000000000 ) ) ;
#7257 = AXIS2_PLACEMENT_3D ( 'NONE', #6350, #9481, #5578 ) ;
#7258 = EDGE_CURVE ( 'NONE', #4949, #3057, #1770, .T. ) ;
#7259 = EDGE_CURVE ( 'NONE', #1399, #1190, #8984, .T. ) ;
#7260 = ORIENTED_EDGE ( 'NONE', *, *, #7253, .F. ) ;
#7261 = CARTESIAN_POINT ( 'NONE',  ( -0.05600000000001000011, 0.1689999999999999836, 0.2497999199358999778 ) ) ;
#7262 = APPLICATION_CONTEXT ( 'automotive_design' ) ;
#7263 = CARTESIAN_POINT ( 'NONE',  ( 0.1942926439422672236, 0.1140228549493556981, -0.1134696810161851255 ) ) ;
#7264 = VERTEX_POINT ( 'NONE', #9351 ) ;
#7265 = PLANE ( 'NONE',  #1035 ) ;
#7266 = CARTESIAN_POINT ( 'NONE',  ( 0.000000000000000000, 0.000000000000000000, 0.000000000000000000 ) ) ;
#7267 = VECTOR ( 'NONE', #5327, 39.37007874015748854 ) ;
#7268 = ORIENTED_EDGE ( 'NONE', *, *, #7994, .T. ) ;
#7269 = VERTEX_POINT ( 'NONE', #5558 ) ;
#7270 = UNCERTAINTY_MEASURE_WITH_UNIT (LENGTH_MEASURE( 1.000000000000000082E-05 ), #5927, 'distance_accuracy_value', 'NONE');
#7271 = ORIENTED_EDGE ( 'NONE', *, *, #3647, .F. ) ;
#7272 = DIRECTION ( 'NONE',  ( 0.000000000000000000, 1.000000000000000000, 0.000000000000000000 ) ) ;
#7273 = AXIS2_PLACEMENT_3D ( 'NONE', #5516, #4637, #774 ) ;
#7274 = FACE_OUTER_BOUND ( 'NONE', #4180, .T. ) ;
#7275 = CARTESIAN_POINT ( 'NONE',  ( -0.04756372821248000538, -0.2300000000000000100, -0.04282162722887999928 ) ) ;
#7276 = ORIENTED_EDGE ( 'NONE', *, *, #3972, .F. ) ;
#7277 = DIRECTION ( 'NONE',  ( -7.073698357825560054E-13, -1.000000000000000000, 3.389106702379189948E-13 ) ) ;
#7278 = ORIENTED_EDGE ( 'NONE', *, *, #5744, .T. ) ;
#7279 = AXIS2_PLACEMENT_3D ( 'NONE', #1649, #1754, #5665 ) ;
#7280 = COLOUR_RGB ( '',0.2509803921568627416, 0.2509803921568627416, 0.2509803921568627416 ) ;
#7281 = LINE ( 'NONE', #1048, #1263 ) ;
#7282 = LINE ( 'NONE', #3934, #9480 ) ;
#7283 = SURFACE_STYLE_FILL_AREA ( #4965 ) ;
#7284 = DIRECTION ( 'NONE',  ( 0.000000000000000000, 1.000000000000000000, 0.000000000000000000 ) ) ;
#7285 = DIRECTION ( 'NONE',  ( 0.000000000000000000, 0.000000000000000000, 1.000000000000000000 ) ) ;
#7286 = CARTESIAN_POINT ( 'NONE',  ( 0.1505543864307000157, 0.1890000000000000291, 0.1672075857323999937 ) ) ;
#7287 = ORIENTED_EDGE ( 'NONE', *, *, #8548, .F. ) ;
#7288 = EDGE_CURVE ( 'NONE', #1347, #5933, #4070, .T. ) ;
#7289 = ORIENTED_EDGE ( 'NONE', *, *, #193, .F. ) ;
#7290 = AXIS2_PLACEMENT_3D ( 'NONE', #9528, #3157, #6348 ) ;
#7291 = CARTESIAN_POINT ( 'NONE',  ( 0.2126030303585000336, 0.4385000000000000009, -0.1266365098322000116 ) ) ;
#7292 = CARTESIAN_POINT ( 'NONE',  ( 0.2019719905782999814, 0.1246118225996999951, 0.09915803054632991997 ) ) ;
#7293 = DIRECTION ( 'NONE',  ( 0.8635228619674468753, 0.000000000000000000, 0.5043096934023277855 ) ) ;
#7294 = LINE ( 'NONE', #6570, #7738 ) ;
#7295 = EDGE_CURVE ( 'NONE', #422, #1698, #1543, .T. ) ;
#7297 = CARTESIAN_POINT ( 'NONE',  ( 0.05127699295793999162, -0.2249999999999999778, 0.04617001183875999587 ) ) ;
#7296 = FACE_BOUND ( 'NONE', #5454, .T. ) ;
#7298 = DIRECTION ( 'NONE',  ( 0.3746065934158975819, 1.253064526593877380E-11, 0.9271838545667933085 ) ) ;
#7299 = ORIENTED_EDGE ( 'NONE', *, *, #1575, .F. ) ;
#7300 = LINE ( 'NONE', #8833, #3343 ) ;
#7301 = DIMENSIONAL_EXPONENTS ( 1.000000000000000000, 0.000000000000000000, 0.000000000000000000, 0.000000000000000000, 0.000000000000000000, 0.000000000000000000, 0.000000000000000000 ) ;
#7302 = AXIS2_PLACEMENT_3D ( 'NONE', #7443, #2614, #4201 ) ;
#7303 = VECTOR ( 'NONE', #338, 39.37007874015748854 ) ;
#7304 = EDGE_CURVE ( 'NONE', #7813, #2019, #6169, .T. ) ;
#7305 = ORIENTED_EDGE ( 'NONE', *, *, #721, .F. ) ;
#7306 = ORIENTED_EDGE ( 'NONE', *, *, #1390, .T. ) ;
#7307 = CIRCLE ( 'NONE', #7632, 0.2249999999999999223 ) ;
#7308 = DIRECTION ( 'NONE',  ( 0.000000000000000000, 1.000000000000000000, 0.000000000000000000 ) ) ;
#7309 = AXIS2_PLACEMENT_3D ( 'NONE', #5986, #9741, #5162 ) ;
#7310 = EDGE_CURVE ( 'NONE', #8288, #3832, #9802, .T. ) ;
#7311 = DIRECTION ( 'NONE',  ( 1.000000000000000000, 0.000000000000000000, 0.000000000000000000 ) ) ;
#7312 = CARTESIAN_POINT ( 'NONE',  ( 0.2149098707225584048, 0.1289567255312862037, -0.1392237080327389243 ) ) ;
#7313 = ORIENTED_EDGE ( 'NONE', *, *, #2020, .T. ) ;
#7314 = FACE_OUTER_BOUND ( 'NONE', #7571, .T. ) ;
#7315 = AXIS2_PLACEMENT_3D ( 'NONE', #1887, #5021, #7394 ) ;
#7316 = DIRECTION ( 'NONE',  ( 0.000000000000000000, 1.000000000000000000, 0.000000000000000000 ) ) ;
#7317 = CARTESIAN_POINT ( 'NONE',  ( 0.03950000000000000039, -0.1260000000000000009, -0.2169999999999999984 ) ) ;
#7318 = ADVANCED_FACE ( 'NONE', ( #703 ), #4678, .F. ) ;
#7319 = EDGE_LOOP ( 'NONE', ( #2176, #4620, #4938, #5835 ) ) ;
#7320 = EDGE_CURVE ( 'NONE', #3648, #331, #3569, .T. ) ;
#7321 = EDGE_LOOP ( 'NONE', ( #97, #362, #3814, #8451 ) ) ;
#7322 = AXIS2_PLACEMENT_3D ( 'NONE', #9845, #1158, #6725 ) ;
#7323 = APPLICATION_CONTEXT ( 'automotive_design' ) ;
#7324 = ORIENTED_EDGE ( 'NONE', *, *, #8862, .T. ) ;
#7325 = PRESENTATION_LAYER_ASSIGNMENT (  '', '', ( #7156 ) ) ;
#7326 = CARTESIAN_POINT ( 'NONE',  ( 0.2011871857980228329, 0.1277291168533492560, -0.1321492852642518201 ) ) ;
#7327 = DIRECTION ( 'NONE',  ( 0.000000000000000000, 1.000000000000000000, 0.000000000000000000 ) ) ;
#7328 = DIRECTION ( 'NONE',  ( 0.000000000000000000, 0.000000000000000000, 1.000000000000000000 ) ) ;
#7329 = CARTESIAN_POINT ( 'NONE',  ( 0.04950000000000000233, -0.09099999999999999756, -0.2290000000000000091 ) ) ;
#7330 = CARTESIAN_POINT ( 'NONE',  ( 0.1851722279837000051, 0.1140731207115999873, 0.1278492056850999981 ) ) ;
#7331 = EDGE_LOOP ( 'NONE', ( #5518, #9197, #1438, #875, #5215 ) ) ;
#7332 = DIRECTION ( 'NONE',  ( -0.9848077530123355849, 0.000000000000000000, -0.1736481776662064658 ) ) ;
#7333 = VERTEX_POINT ( 'NONE', #9399 ) ;
#7334 = PRESENTATION_LAYER_ASSIGNMENT (  '', '', ( #8476 ) ) ;
#7335 =( NAMED_UNIT ( * ) PLANE_ANGLE_UNIT ( ) SI_UNIT ( $, .RADIAN. ) );
#7336 = CARTESIAN_POINT ( 'NONE',  ( 0.000000000000000000, 0.1890000000000000291, 0.000000000000000000 ) ) ;
#7337 = UNCERTAINTY_MEASURE_WITH_UNIT (LENGTH_MEASURE( 1.000000000000000082E-05 ), #1211, 'distance_accuracy_value', 'NONE');
#7338 = DIRECTION ( 'NONE',  ( 0.000000000000000000, -1.000000000000000000, 0.000000000000000000 ) ) ;
#7339 = DIRECTION ( 'NONE',  ( 2.860659048344999716E-13, 0.000000000000000000, 1.000000000000000000 ) ) ;
#7340 = DIRECTION ( 'NONE',  ( 0.2247639560499983258, 0.7999999999990926591, -0.5563103127411950233 ) ) ;
#7341 = VECTOR ( 'NONE', #9538, 39.37007874015748143 ) ;
#7342 = ORIENTED_EDGE ( 'NONE', *, *, #9622, .F. ) ;
#7343 = LINE ( 'NONE', #2798, #9265 ) ;
#7344 = CARTESIAN_POINT ( 'NONE',  ( 0.1880946783633084263, 0.1294278841171727923, 0.1234957132569760446 ) ) ;
#7345 =( NAMED_UNIT ( * ) PLANE_ANGLE_UNIT ( ) SI_UNIT ( $, .RADIAN. ) );
#7346 = CARTESIAN_POINT ( 'NONE',  ( 0.08428648351857992438, 0.09299999999999999933, -0.2086163672774999922 ) ) ;
#7347 = VECTOR ( 'NONE', #8813, 39.37007874015748854 ) ;
#7348 = AXIS2_PLACEMENT_3D ( 'NONE', #4632, #3198, #3250 ) ;
#7350 = LINE ( 'NONE', #8776, #4238 ) ;
#7349 = DIRECTION ( 'NONE',  ( 0.6815563051479087697, 0.000000000000000000, -0.7317656748667095146 ) ) ;
#7351 = CARTESIAN_POINT ( 'NONE',  ( 0.08840715604615000112, 0.1689999999999999836, 0.2188153896778000096 ) ) ;
#7352 = VERTEX_POINT ( 'NONE', #8489 ) ;
#7353 = CARTESIAN_POINT ( 'NONE',  ( 0.000000000000000000, 0.1849999999999999978, 0.000000000000000000 ) ) ;
#7354 = DIRECTION ( 'NONE',  ( 0.000000000000000000, 1.000000000000000000, 0.000000000000000000 ) ) ;
#7355 = ORIENTED_EDGE ( 'NONE', *, *, #1449, .F. ) ;
#7356 = VECTOR ( 'NONE', #8101, 39.37007874015748854 ) ;
#7357 = CIRCLE ( 'NONE', #1599, 0.2360000000000000986 ) ;
#7358 = CARTESIAN_POINT ( 'NONE',  ( 0.000000000000000000, 0.09299999999999999933, 0.000000000000000000 ) ) ;
#7359 = CARTESIAN_POINT ( 'NONE',  ( -0.05600000000000001504, 0.1821457351984239470, 0.2448144072911034308 ) ) ;
#7360 = EDGE_CURVE ( 'NONE', #4275, #863, #3245, .T. ) ;
#7361 =( CONVERSION_BASED_UNIT ( 'INCH', #8788 ) LENGTH_UNIT ( ) NAMED_UNIT ( #9579 ) );
#7362 = AXIS2_PLACEMENT_3D ( 'NONE', #3845, #6986, #3065 ) ;
#7363 = DIRECTION ( 'NONE',  ( 0.000000000000000000, -1.000000000000000000, 0.000000000000000000 ) ) ;
#7364 = VERTEX_POINT ( 'NONE', #2369 ) ;
#7365 = FACE_OUTER_BOUND ( 'NONE', #45, .T. ) ;
#7366 = CIRCLE ( 'NONE', #7051, 0.2490301569516999436 ) ;
#7367 = ORIENTED_EDGE ( 'NONE', *, *, #6213, .T. ) ;
#7368 = EDGE_CURVE ( 'NONE', #7200, #3057, #4574, .T. ) ;
#7369 = EDGE_CURVE ( 'NONE', #561, #1287, #10127, .T. ) ;
#7370 = DIMENSIONAL_EXPONENTS ( 1.000000000000000000, 0.000000000000000000, 0.000000000000000000, 0.000000000000000000, 0.000000000000000000, 0.000000000000000000, 0.000000000000000000 ) ;
#7371 = CIRCLE ( 'NONE', #5882, 0.01149999999999999981 ) ;
#7372 = UNCERTAINTY_MEASURE_WITH_UNIT (LENGTH_MEASURE( 1.000000000000000082E-05 ), #9640, 'distance_accuracy_value', 'NONE');
#7373 = ORIENTED_EDGE ( 'NONE', *, *, #1317, .F. ) ;
#7374 = CARTESIAN_POINT ( 'NONE',  ( 0.2026036949731712111, 0.1285789307118913316, -0.1323909397870814131 ) ) ;
#7375 = AXIS2_PLACEMENT_3D ( 'NONE', #7214, #4892, #4680 ) ;
#7376 = EDGE_CURVE ( 'NONE', #10116, #5877, #1854, .T. ) ;
#7377 = EDGE_CURVE ( 'NONE', #7251, #3282, #4943, .T. ) ;
#7378 = DIRECTION ( 'NONE',  ( 0.000000000000000000, -1.000000000000000000, 0.000000000000000000 ) ) ;
#7379 = CARTESIAN_POINT ( 'NONE',  ( 0.000000000000000000, 0.09299999999999999933, 0.000000000000000000 ) ) ;
#7380 = DIRECTION ( 'NONE',  ( 0.8660254037843855279, 0.000000000000000000, 0.5000000000000917044 ) ) ;
#7381 = SURFACE_SIDE_STYLE ('',( #457 ) ) ;
#7382 = VERTEX_POINT ( 'NONE', #4171 ) ;
#7383 = ORIENTED_EDGE ( 'NONE', *, *, #7994, .F. ) ;
#7384 = CARTESIAN_POINT ( 'NONE',  ( 0.2043819952930999995, 0.1890000000000000291, -0.1180000000000000077 ) ) ;
#7385 = EDGE_CURVE ( 'NONE', #8530, #4169, #7687, .T. ) ;
#7386 = ADVANCED_FACE ( 'NONE', ( #1806 ), #4120, .F. ) ;
#7387 = DIRECTION ( 'NONE',  ( 0.000000000000000000, 1.000000000000000000, 0.000000000000000000 ) ) ;
#7388 = PLANE ( 'NONE',  #7237 ) ;
#7389 = SURFACE_SIDE_STYLE ('',( #8868 ) ) ;
#7390 = CARTESIAN_POINT ( 'NONE',  ( 0.2012955600465042849, 0.1014015996342585574, 0.1005252753962540269 ) ) ;
#7391 = FACE_OUTER_BOUND ( 'NONE', #8998, .T. ) ;
#7392 = VERTEX_POINT ( 'NONE', #919 ) ;
#7393 = CYLINDRICAL_SURFACE ( 'NONE', #3877, 0.2249999999999999778 ) ;
#7394 = DIRECTION ( 'NONE',  ( 1.000000000000000000, 0.000000000000000000, 0.000000000000000000 ) ) ;
#7395 = CARTESIAN_POINT ( 'NONE',  ( 0.1888475316808926330, 0.1313428841391701685, 0.1223393695830589795 ) ) ;
#7396 = DIRECTION ( 'NONE',  ( 0.000000000000000000, -1.000000000000000000, 0.000000000000000000 ) ) ;
#7397 = CARTESIAN_POINT ( 'NONE',  ( -0.08124038404296003713, -0.1110000000000000014, 0.09500000000000001499 ) ) ;
#7399 = CARTESIAN_POINT ( 'NONE',  ( 0.1745915801759999886, -0.006999999999998996608, 0.1872265476144999996 ) ) ;
#7398 = CARTESIAN_POINT ( 'NONE',  ( 0.04199999999999999567, 0.4210000000000000409, 0.2190000000000000002 ) ) ;
#7400 = CARTESIAN_POINT ( 'NONE',  ( 0.000000000000000000, 0.000000000000000000, 0.000000000000000000 ) ) ;
#7401 = VERTEX_POINT ( 'NONE', #1908 ) ;
#7402 = ORIENTED_EDGE ( 'NONE', *, *, #5686, .F. ) ;
#7403 = DIRECTION ( 'NONE',  ( 0.000000000000000000, 0.000000000000000000, 1.000000000000000000 ) ) ;
#7404 = CYLINDRICAL_SURFACE ( 'NONE', #4193, 0.2447931081450999968 ) ;
#7405 = B_SPLINE_CURVE_WITH_KNOTS ( 'NONE', 3,
 ( #5448, #5302, #8440, #1391, #10058, #737 ),
 .UNSPECIFIED., .F., .F.,
 ( 4, 1, 1, 4 ),
 ( 0.000000000000000000, 0.3333333333333000081, 0.6666666666667000474, 1.000000000000000000 ),
 .UNSPECIFIED. ) ;
#7406 = CARTESIAN_POINT ( 'NONE',  ( -0.07866463296488995782, 0.1689999999999999836, -0.2161293027807999756 ) ) ;
#7407 = PRESENTATION_LAYER_ASSIGNMENT (  '', '', ( #9198 ) ) ;
#7408 = LENGTH_MEASURE_WITH_UNIT ( LENGTH_MEASURE( 0.02539999999999999897 ), #8428 );
#7409 = DIRECTION ( 'NONE',  ( 0.9720214187368786396, 0.000000000000000000, 0.2348922338365949380 ) ) ;
#7410 = ORIENTED_EDGE ( 'NONE', *, *, #75, .T. ) ;
#7411 = FILL_AREA_STYLE_COLOUR ( '', #6078 ) ;
#7412 = SURFACE_STYLE_FILL_AREA ( #9089 ) ;
#7413 = AXIS2_PLACEMENT_3D ( 'NONE', #4562, #641, #6933 ) ;
#7414 = ORIENTED_EDGE ( 'NONE', *, *, #2520, .T. ) ;
#7415 = EDGE_CURVE ( 'NONE', #4225, #1099, #3738, .T. ) ;
#7416 = AXIS2_PLACEMENT_3D ( 'NONE', #6158, #6887, #3064 ) ;
#7417 = VERTEX_POINT ( 'NONE', #2473 ) ;
#7418 = CARTESIAN_POINT ( 'NONE',  ( 0.2295180510508746108, 0.1291636215103754703, 0.01297357382366169480 ) ) ;
#7419 = LINE ( 'NONE', #1764, #1105 ) ;
#7420 = B_SPLINE_CURVE_WITH_KNOTS ( 'NONE', 3,
 ( #3755, #7876, #8688, #2220, #9350, #9251, #3805, #4731, #2314, #9455, #10071, #6264, #3859, #1645, #5501, #3026, #4779, #5400, #813, #5447, #6324, #5350, #8487, #2367, #3963, #6119, #8533, #8586, #1489, #6999, #4677, #1592, #653, #4623 ),
 .UNSPECIFIED., .F., .F.,
 ( 4, 2, 2, 2, 2, 2, 2, 2, 2, 2, 2, 2, 2, 2, 2, 2, 4 ),
 ( 0.000000000000000000, 0.06249999999999407418, 0.1249999999999881484, 0.1874999999999822364, 0.2187499999999805433, 0.2343749999999818479, 0.2499999999999831801, 0.3749999999999781841, 0.4999999999999732436, 0.5624999999999734657, 0.5937499999999752420, 0.6249999999999770184, 0.7499999999999845679, 0.8124999999999884537, 0.8749999999999923395, 0.9374999999999961142, 1.000000000000000000 ),
 .UNSPECIFIED. ) ;
#7421 = VECTOR ( 'NONE', #1473, 39.37007874015748143 ) ;
#7422 = EDGE_CURVE ( 'NONE', #2930, #3277, #153, .T. ) ;
#7423 = CARTESIAN_POINT ( 'NONE',  ( 0.1669484983095000097, -0.007000000000000001013, -0.1790303457727999981 ) ) ;
#7424 = CARTESIAN_POINT ( 'NONE',  ( 0.05100000001603999938, 0.1889622722449000036, 0.2319633772001999938 ) ) ;
#7425 = ORIENTED_EDGE ( 'NONE', *, *, #312, .T. ) ;
#7426 = ORIENTED_EDGE ( 'NONE', *, *, #2459, .T. ) ;
#7427 = CARTESIAN_POINT ( 'NONE',  ( 0.03183281972314999653, 0.1889854113328000018, -0.2350000000014000334 ) ) ;
#7428 = ORIENTED_EDGE ( 'NONE', *, *, #251, .F. ) ;
#7429 = ADVANCED_FACE ( 'NONE', ( #8737 ), #5714, .T. ) ;
#7430 = DIMENSIONAL_EXPONENTS ( 1.000000000000000000, 0.000000000000000000, 0.000000000000000000, 0.000000000000000000, 0.000000000000000000, 0.000000000000000000, 0.000000000000000000 ) ;
#7431 = CARTESIAN_POINT ( 'NONE',  ( -0.2215817452176999935, 0.1820000005619999972, -0.03907084011668000845 ) ) ;
#7432 = EDGE_CURVE ( 'NONE', #911, #925, #615, .T. ) ;
#7433 = CARTESIAN_POINT ( 'NONE',  ( 0.2249651932666000276, 0.1249216120667999974, -0.003966185311736000405 ) ) ;
#7434 = CARTESIAN_POINT ( 'NONE',  ( -0.005999999999999998390, 0.1789909530689404449, 0.2533095176258490233 ) ) ;
#7435 = ORIENTED_EDGE ( 'NONE', *, *, #4659, .F. ) ;
#7436 = PRESENTATION_STYLE_ASSIGNMENT (( #2701 ) ) ;
#7437 = ORIENTED_EDGE ( 'NONE', *, *, #8323, .F. ) ;
#7438 = EDGE_CURVE ( 'NONE', #2628, #6679, #6536, .T. ) ;
#7439 = PRESENTATION_LAYER_ASSIGNMENT (  '', '', ( #9726 ) ) ;
#7440 = ADVANCED_FACE ( 'NONE', ( #1375 ), #2054, .F. ) ;
#7441 = DIRECTION ( 'NONE',  ( -7.045646117811999303E-14, 1.000000000000000000, 6.503673339518000407E-14 ) ) ;
#7442 = DIRECTION ( 'NONE',  ( -0.000000000000000000, 1.000000000000000000, 0.000000000000000000 ) ) ;
#7443 = CARTESIAN_POINT ( 'NONE',  ( 0.2043819952930999995, 0.1689999999999999836, 0.1180000000000000077 ) ) ;
#7444 = CARTESIAN_POINT ( 'NONE',  ( 0.05099999999999999672, 0.09299999999999999933, 0.2191437884130000013 ) ) ;
#7445 = DIMENSIONAL_EXPONENTS ( 1.000000000000000000, 0.000000000000000000, 0.000000000000000000, 0.000000000000000000, 0.000000000000000000, 0.000000000000000000, 0.000000000000000000 ) ;
#7446 = COLOUR_RGB ( '',0.2509803921568627416, 0.2509803921568627416, 0.2509803921568627416 ) ;
#7447 = DIRECTION ( 'NONE',  ( 0.000000000000000000, 0.000000000000000000, -1.000000000000000000 ) ) ;
#7448 = CARTESIAN_POINT ( 'NONE',  ( 0.1979495697978000401, 0.09701666049842008754, 0.1109035478224999899 ) ) ;
#7449 = ORIENTED_EDGE ( 'NONE', *, *, #9859, .F. ) ;
#7450 =( LENGTH_UNIT ( ) NAMED_UNIT ( * ) SI_UNIT ( $, .METRE. ) );
#7451 = ORIENTED_EDGE ( 'NONE', *, *, #2466, .T. ) ;
#7452 = CARTESIAN_POINT ( 'NONE',  ( 0.1666336999226999960, 0.1841728378957999956, -0.1850654725265000189 ) ) ;
#7453 = CARTESIAN_POINT ( 'NONE',  ( -0.2458137268910000062, -0.007000000000000001013, 0.04555888137303999719 ) ) ;
#7454 = FACE_OUTER_BOUND ( 'NONE', #9264, .T. ) ;
#7455 = CARTESIAN_POINT ( 'NONE',  ( 0.1939102872809264910, 0.1128479176709486775, 0.1141218905263006872 ) ) ;
#7456 = AXIS2_PLACEMENT_3D ( 'NONE', #9233, #5476, #1524 ) ;
#7457 = PRESENTATION_LAYER_ASSIGNMENT (  '', '', ( #9899 ) ) ;
#7458 = DIRECTION ( 'NONE',  ( 0.9919806011652524402, 0.000000000000000000, -0.1263902168358940759 ) ) ;
#7459 = ORIENTED_EDGE ( 'NONE', *, *, #9821, .F. ) ;
#7460 =( LENGTH_UNIT ( ) NAMED_UNIT ( * ) SI_UNIT ( $, .METRE. ) );
#7461 = DIRECTION ( 'NONE',  ( 0.000000000000000000, 1.000000000000000000, 0.000000000000000000 ) ) ;
#7462 = ORIENTED_EDGE ( 'NONE', *, *, #256, .F. ) ;
#7463 = STYLED_ITEM ( 'NONE', ( #1290 ), #6090 ) ;
#7464 = ORIENTED_EDGE ( 'NONE', *, *, #2590, .F. ) ;
#7465 = CARTESIAN_POINT ( 'NONE',  ( 0.2306794757177156596, 0.1283605230378560003, 0.01349293257909459955 ) ) ;
#7466 = CARTESIAN_POINT ( 'NONE',  ( 0.2505000000000000560, 0.1890000000000000291, 0.000000000000000000 ) ) ;
#7467 = CIRCLE ( 'NONE', #10106, 0.2499999999999999722 ) ;
#7468 = LINE ( 'NONE', #5731, #3976 ) ;
#7469 = DIRECTION ( 'NONE',  ( 0.000000000000000000, -1.000000000000000000, 0.000000000000000000 ) ) ;
#7470 = CIRCLE ( 'NONE', #7145, 0.2250000000000000611 ) ;
#7471 = DIRECTION ( 'NONE',  ( -0.8660254037844219432, 4.153426854489490933E-15, 0.5000000000000289768 ) ) ;
#7472 = ORIENTED_EDGE ( 'NONE', *, *, #3399, .T. ) ;
#7473 = ORIENTED_EDGE ( 'NONE', *, *, #5967, .F. ) ;
#7474 = EDGE_LOOP ( 'NONE', ( #151, #1451, #2348, #5925 ) ) ;
#7475 = EDGE_CURVE ( 'NONE', #9692, #7211, #1957, .T. ) ;
#7476 = ORIENTED_EDGE ( 'NONE', *, *, #1186, .F. ) ;
#7477 = SURFACE_SIDE_STYLE ('',( #9834 ) ) ;
#7478 = EDGE_CURVE ( 'NONE', #87, #1862, #5240, .T. ) ;
#7479 = CARTESIAN_POINT ( 'NONE',  ( 0.2249761652542000001, 0.1270388744963000249, -0.003274914884095000197 ) ) ;
#7480 = AXIS2_PLACEMENT_3D ( 'NONE', #5807, #2720, #1904 ) ;
#7481 = FACE_OUTER_BOUND ( 'NONE', #6261, .T. ) ;
#7482 = ORIENTED_EDGE ( 'NONE', *, *, #9803, .T. ) ;
#7483 = FILL_AREA_STYLE_COLOUR ( '', #8124 ) ;
#7484 = ORIENTED_EDGE ( 'NONE', *, *, #1206, .F. ) ;
#7485 = EDGE_CURVE ( 'NONE', #8694, #9548, #6062, .T. ) ;
#7487 = EDGE_CURVE ( 'NONE', #7658, #1863, #7516, .T. ) ;
#7486 = AXIS2_PLACEMENT_3D ( 'NONE', #5031, #7354, #2670 ) ;
#7488 = CARTESIAN_POINT ( 'NONE',  ( 0.09290243516715000760, 0.1849999999999999978, 0.2299415959325999959 ) ) ;
#7489 =( NAMED_UNIT ( * ) PLANE_ANGLE_UNIT ( ) SI_UNIT ( $, .RADIAN. ) );
#7490 = CARTESIAN_POINT ( 'NONE',  ( 0.1954139482904000136, 0.1890000000000000291, 0.1115275249146000097 ) ) ;
#7491 = CARTESIAN_POINT ( 'NONE',  ( 0.2043819952930999995, 0.000000000000000000, 0.1180000000000000077 ) ) ;
#7492 = ADVANCED_FACE ( 'NONE', ( #9857 ), #8230, .F. ) ;
#7493 = EDGE_CURVE ( 'NONE', #8249, #7985, #2750, .T. ) ;
#7494 = LINE ( 'NONE', #476, #2320 ) ;
#7495 = AXIS2_PLACEMENT_3D ( 'NONE', #8551, #6910, #10034 ) ;
#7496 = DIRECTION ( 'NONE',  ( 1.085663026724999915E-12, 0.000000000000000000, -1.000000000000000000 ) ) ;
#7497 = ORIENTED_EDGE ( 'NONE', *, *, #4167, .T. ) ;
#7498 = DIRECTION ( 'NONE',  ( 0.000000000000000000, 1.000000000000000000, 0.000000000000000000 ) ) ;
#7499 = PRESENTATION_LAYER_ASSIGNMENT (  '', '', ( #8638 ) ) ;
#7500 = DIRECTION ( 'NONE',  ( 0.6691306063605079180, 0.000000000000000000, -0.7431448254759089878 ) ) ;
#7501 = CARTESIAN_POINT ( 'NONE',  ( -0.01018904057148000038, -0.5929999999999999716, -0.05150178105884000573 ) ) ;
#7502 = CARTESIAN_POINT ( 'NONE',  ( 0.1907966734775046191, 0.1023763623423909197, 0.1192545007627022063 ) ) ;
#7503 = EDGE_CURVE ( 'NONE', #2409, #1751, #8379, .T. ) ;
#7505 = CARTESIAN_POINT ( 'NONE',  ( 0.2072306584906999927, 0.09299999999999999933, -0.1054283463545000049 ) ) ;
#7504 = FILL_AREA_STYLE ('',( #4904 ) ) ;
#7506 = DIRECTION ( 'NONE',  ( 0.3746065934153119392, 4.953304801176159274E-14, 0.9271838545670298970 ) ) ;
#7507 = ORIENTED_EDGE ( 'NONE', *, *, #3524, .F. ) ;
#7508 = PRESENTATION_STYLE_ASSIGNMENT (( #1809 ) ) ;
#7509 = STYLED_ITEM ( 'NONE', ( #5310 ), #5897 ) ;
#7510 = AXIS2_PLACEMENT_3D ( 'NONE', #269, #989, #4954 ) ;
#7511 = DIMENSIONAL_EXPONENTS ( 1.000000000000000000, 0.000000000000000000, 0.000000000000000000, 0.000000000000000000, 0.000000000000000000, 0.000000000000000000, 0.000000000000000000 ) ;
#7512 = ORIENTED_EDGE ( 'NONE', *, *, #4536, .T. ) ;
#7513 = ORIENTED_EDGE ( 'NONE', *, *, #4789, .T. ) ;
#7514 = SURFACE_STYLE_FILL_AREA ( #4372 ) ;
#7515 =( NAMED_UNIT ( * ) SI_UNIT ( $, .STERADIAN. ) SOLID_ANGLE_UNIT ( ) );
#7516 = CIRCLE ( 'NONE', #2269, 0.06899999999999997802 ) ;
#7517 = CARTESIAN_POINT ( 'NONE',  ( 0.1868593687315000251, 0.1246118225996999951, 0.1253338594206000189 ) ) ;
#7518 = AXIS2_PLACEMENT_3D ( 'NONE', #7247, #3438, #2509 ) ;
#7519 =( CONVERSION_BASED_UNIT ( 'INCH', #3556 ) LENGTH_UNIT ( ) NAMED_UNIT ( #1181 ) );
#7520 = CARTESIAN_POINT ( 'NONE',  ( 0.2379441442761999759, 0.05700000000000000205, 0.05750000000000000250 ) ) ;
#7521 = ORIENTED_EDGE ( 'NONE', *, *, #8940, .F. ) ;
#7522 = ORIENTED_EDGE ( 'NONE', *, *, #3320, .F. ) ;
#7523 = FACE_OUTER_BOUND ( 'NONE', #4383, .T. ) ;
#7524 = VECTOR ( 'NONE', #7567, 39.37007874015748143 ) ;
#7525 = ORIENTED_EDGE ( 'NONE', *, *, #5864, .F. ) ;
#7526 = VECTOR ( 'NONE', #654, 39.37007874015748143 ) ;
#7527 = VERTEX_POINT ( 'NONE', #3542 ) ;
#7528 =( CONVERSION_BASED_UNIT ( 'INCH', #1198 ) LENGTH_UNIT ( ) NAMED_UNIT ( #8236 ) );
#7529 = FILL_AREA_STYLE_COLOUR ( '', #4065 ) ;
#7530 = AXIS2_PLACEMENT_3D ( 'NONE', #9670, #7, #3146 ) ;
#7531 = DIRECTION ( 'NONE',  ( -0.6815563051466134725, 0.000000000000000000, 0.7317656748679158829 ) ) ;
#7532 = FACE_OUTER_BOUND ( 'NONE', #4669, .T. ) ;
#7533 = CARTESIAN_POINT ( 'NONE',  ( 0.2001921211085999908, 0.1047618926469000011, 0.1027040147514000079 ) ) ;
#7534 = EDGE_LOOP ( 'NONE', ( #2786, #8527, #8894, #9722, #6053, #1193 ) ) ;
#7535 =( CONVERSION_BASED_UNIT ( 'INCH', #6770 ) LENGTH_UNIT ( ) NAMED_UNIT ( #7430 ) );
#7536 = ORIENTED_EDGE ( 'NONE', *, *, #6366, .F. ) ;
#7537 = DIRECTION ( 'NONE',  ( 0.6691306063587729724, 0.000000000000000000, -0.7431448254774708495 ) ) ;
#7538 = DIRECTION ( 'NONE',  ( 1.000000000000000000, 0.000000000000000000, 0.000000000000000000 ) ) ;
#7539 = DIRECTION ( 'NONE',  ( 1.000000000000000000, 0.000000000000000000, 0.000000000000000000 ) ) ;
#7540 = DIRECTION ( 'NONE',  ( 0.000000000000000000, 0.000000000000000000, 1.000000000000000000 ) ) ;
#7541 = DIRECTION ( 'NONE',  ( 0.000000000000000000, 1.000000000000000000, 0.000000000000000000 ) ) ;
#7542 = LINE ( 'NONE', #1944, #2970 ) ;
#7543 = CARTESIAN_POINT ( 'NONE',  ( 0.2280833083191988186, 0.1284825519919330639, 0.1161885172588315862 ) ) ;
#7544 = EDGE_CURVE ( 'NONE', #10124, #9210, #947, .T. ) ;
#7545 = ORIENTED_EDGE ( 'NONE', *, *, #9034, .T. ) ;
#7546 = CARTESIAN_POINT ( 'NONE',  ( -0.005159981751914999998, -0.4030000000000000249, -0.06228663250103996102 ) ) ;
#7547 = ORIENTED_EDGE ( 'NONE', *, *, #193, .T. ) ;
#7548 = ADVANCED_FACE ( 'NONE', ( #3593 ), #2594, .T. ) ;
#7549 = LINE ( 'NONE', #481, #7341 ) ;
#7550 = DIRECTION ( 'NONE',  ( 0.000000000000000000, 0.000000000000000000, 1.000000000000000000 ) ) ;
#7551 = FILL_AREA_STYLE_COLOUR ( '', #6816 ) ;
#7552 = DIRECTION ( 'NONE',  ( -0.1940769632661985267, 0.000000000000000000, -0.9809863058826920890 ) ) ;
#7553 = B_SPLINE_CURVE_WITH_KNOTS ( 'NONE', 3,
 ( #2834, #4483, #5153, #4333, #2882, #3765, #513, #5926, #2023, #6764, #6081, #7576 ),
 .UNSPECIFIED., .F., .F.,
 ( 4, 1, 1, 1, 1, 1, 1, 1, 1, 4 ),
 ( 0.000000000000000000, 0.1111111111111000027, 0.2222222222222000054, 0.3333333333333000081, 0.4444444444444000109, 0.5555555555555999891, 0.6666666666667000474, 0.7777777777777999946, 0.8888888888888999418, 1.000000000000000000 ),
 .UNSPECIFIED. ) ;
#7555 = DIRECTION ( 'NONE',  ( 0.000000000000000000, 1.000000000000000000, 0.000000000000000000 ) ) ;
#7554 = CARTESIAN_POINT ( 'NONE',  ( 0.2248109110168999836, 0.1330108282678000020, 0.009222488152840000245 ) ) ;
#7556 = CARTESIAN_POINT ( 'NONE',  ( 0.08578490987812008306, 0.1799999999766999925, -0.2123251026608999892 ) ) ;
#7557 = ADVANCED_FACE ( 'NONE', ( #6689 ), #3171, .T. ) ;
#7558 = EDGE_LOOP ( 'NONE', ( #3367, #2815, #400, #2299 ) ) ;
#7559 = CARTESIAN_POINT ( 'NONE',  ( 0.09170111233393997419, 0.000000000000000000, -0.2269682175813999836 ) ) ;
#7560 = ORIENTED_EDGE ( 'NONE', *, *, #2338, .F. ) ;
#7561 = ADVANCED_FACE ( 'NONE', ( #1481 ), #4661, .T. ) ;
#7562 = EDGE_CURVE ( 'NONE', #1862, #9692, #2426, .T. ) ;
#7563 = STYLED_ITEM ( 'NONE', ( #7012 ), #9174 ) ;
#7564 = ORIENTED_EDGE ( 'NONE', *, *, #2774, .T. ) ;
#7565 = CARTESIAN_POINT ( 'NONE',  ( 0.2395265427932085911, 0.1272993001374791155, 0.01406766357639464317 ) ) ;
#7566 = SURFACE_STYLE_USAGE ( .BOTH. , #8339 ) ;
#7567 = DIRECTION ( 'NONE',  ( -1.332910327579000052E-09, -1.000000000000000000, 1.130539439953000005E-10 ) ) ;
#7568 = PRESENTATION_STYLE_ASSIGNMENT (( #2828 ) ) ;
#7569 = CARTESIAN_POINT ( 'NONE',  ( -0.04800000000000000100, 0.1290000000000000036, -0.2009265499252000098 ) ) ;
#7570 = VECTOR ( 'NONE', #6621, 39.37007874015748143 ) ;
#7571 = EDGE_LOOP ( 'NONE', ( #6742, #7648 ) ) ;
#7572 = EDGE_LOOP ( 'NONE', ( #7449, #2277, #5465, #1410 ) ) ;
#7573 = FILL_AREA_STYLE_COLOUR ( '', #4565 ) ;
#7574 = EDGE_LOOP ( 'NONE', ( #4571, #8730, #220, #7249 ) ) ;
#7575 = ORIENTED_EDGE ( 'NONE', *, *, #7694, .F. ) ;
#7576 = CARTESIAN_POINT ( 'NONE',  ( 0.2072306584906999927, 0.09299999999999999933, -0.1054283463545000049 ) ) ;
#7577 = AXIS2_PLACEMENT_3D ( 'NONE', #6509, #2026, #2742 ) ;
#7578 = FACE_OUTER_BOUND ( 'NONE', #2305, .T. ) ;
#7579 = DIRECTION ( 'NONE',  ( 0.000000000000000000, -1.000000000000000000, 0.000000000000000000 ) ) ;
#7580 = CARTESIAN_POINT ( 'NONE',  ( 0.04950000000000000233, -0.09099999999999999756, -0.2169999999999999984 ) ) ;
#7581 = FACE_OUTER_BOUND ( 'NONE', #7851, .T. ) ;
#7582 = DIRECTION ( 'NONE',  ( 0.9902680687415228444, 0.000000000000000000, 0.1391731009604032232 ) ) ;
#7583 = CARTESIAN_POINT ( 'NONE',  ( 0.2284208127048590886, 0.1840209577439071431, 0.09967879530430961976 ) ) ;
#7584 = EDGE_LOOP ( 'NONE', ( #23, #6330, #6498, #2657 ) ) ;
#7585 =( NAMED_UNIT ( * ) PLANE_ANGLE_UNIT ( ) SI_UNIT ( $, .RADIAN. ) );
#7586 = VERTEX_POINT ( 'NONE', #2256 ) ;
#7587 = AXIS2_PLACEMENT_3D ( 'NONE', #2887, #5365, #5209 ) ;
#7588 = CARTESIAN_POINT ( 'NONE',  ( 0.2353877139447000388, 0.1890000000000000291, 0.01698891232592000117 ) ) ;
#7589 = DIRECTION ( 'NONE',  ( 1.000000000000000000, 0.000000000000000000, 0.000000000000000000 ) ) ;
#7590 = FACE_OUTER_BOUND ( 'NONE', #3683, .T. ) ;
#7591 = CARTESIAN_POINT ( 'NONE',  ( 0.000000000000000000, -0.2550000000000000044, 0.000000000000000000 ) ) ;
#7592 = CARTESIAN_POINT ( 'NONE',  ( 0.2360000000000000153, 0.1890000000000000291, 0.000000000000000000 ) ) ;
#7593 = DIRECTION ( 'NONE',  ( 0.6815563051464075262, 0.000000000000000000, -0.7317656748681076184 ) ) ;
#7594 = ORIENTED_EDGE ( 'NONE', *, *, #3761, .F. ) ;
#7595 = CIRCLE ( 'NONE', #3153, 0.2290000061233000150 ) ;
#7596 = LINE ( 'NONE', #7546, #9084 ) ;
#7597 = VERTEX_POINT ( 'NONE', #9444 ) ;
#7598 = SURFACE_STYLE_FILL_AREA ( #6780 ) ;
#7599 = EDGE_CURVE ( 'NONE', #4628, #10029, #7846, .T. ) ;
#7600 = DIRECTION ( 'NONE',  ( 0.1422222222221960486, 0.000000000000000000, -0.9898347536362723798 ) ) ;
#7601 = CIRCLE ( 'NONE', #8910, 0.01150000000000001195 ) ;
#7602 = DIRECTION ( 'NONE',  ( 0.7431448254773762585, 0.000000000000000000, 0.6691306063588782216 ) ) ;
#7603 = CARTESIAN_POINT ( 'NONE',  ( 0.1908824953752843445, 0.1029534579575590442, 0.1191170832481530523 ) ) ;
#7605 = CARTESIAN_POINT ( 'NONE',  ( -0.05600000000000000810, 0.1740000000000000158, -0.2235999999999999932 ) ) ;
#7604 = DIRECTION ( 'NONE',  ( 0.000000000000000000, 0.000000000000000000, -1.000000000000000000 ) ) ;
#7606 = CARTESIAN_POINT ( 'NONE',  ( 0.1957319595774000276, 0.000000000000000000, -0.1650000000000000078 ) ) ;
#7607 = EDGE_CURVE ( 'NONE', #7725, #8262, #8676, .T. ) ;
#7608 = ORIENTED_EDGE ( 'NONE', *, *, #7054, .T. ) ;
#7609 = DIRECTION ( 'NONE',  ( 0.000000000000000000, 1.000000000000000000, 0.000000000000000000 ) ) ;
#7610 = DIRECTION ( 'NONE',  ( 0.000000000000000000, 0.000000000000000000, 1.000000000000000000 ) ) ;
#7611 = B_SPLINE_CURVE_WITH_KNOTS ( 'NONE', 3,
 ( #8662, #9280, #8615, #3052, #3884, #4648, #1474, #788, #7030, #5427, #586, #7646, #8517, #3159, #3107, #10003, #5472, #6296, #6197, #2952, #6925, #6099, #10050, #6245, #679, #9332, #9377, #2295, #1567, #4701, #9229, #8471, #1727, #1058, #951, #1829, #9691 ),
 .UNSPECIFIED., .F., .F.,
 ( 4, 2, 2, 1, 2, 2, 2, 2, 2, 2, 2, 2, 2, 2, 2, 2, 2, 2, 4 ),
 ( 0.000000000000000000, 0.06250000000000929812, 0.09375000000001397493, 0.1093750000000160427, 0.1171875000000165146, 0.1250000000000169864, 0.1875000000000152378, 0.2187500000000139888, 0.2500000000000127676, 0.3750000000000078271, 0.4375000000000032196, 0.4687500000000007772, 0.4999999999999983347, 0.6249999999999984457, 0.6562499999999982236, 0.6874999999999980016, 0.7499999999999987788, 0.8749999999999993339, 1.000000000000000000 ),
 .UNSPECIFIED. ) ;
#7612 = VERTEX_POINT ( 'NONE', #8525 ) ;
#7613 = EDGE_CURVE ( 'NONE', #7392, #3193, #6037, .T. ) ;
#7614 = ORIENTED_EDGE ( 'NONE', *, *, #3921, .F. ) ;
#7615 = CARTESIAN_POINT ( 'NONE',  ( 0.2267045830301664400, 0.1312969855851773282, 0.01139715262905201774 ) ) ;
#7616 = DIRECTION ( 'NONE',  ( 0.000000000000000000, 1.000000000000000000, 0.000000000000000000 ) ) ;
#7617 = TOROIDAL_SURFACE ( 'NONE', #2526, 0.02000000000000000042, 0.01149999999999999981 ) ;
#7618 =( GEOMETRIC_REPRESENTATION_CONTEXT ( 3 ) GLOBAL_UNCERTAINTY_ASSIGNED_CONTEXT ( ( #4683 ) ) GLOBAL_UNIT_ASSIGNED_CONTEXT ( ( #7025, #6292, #4697 ) ) REPRESENTATION_CONTEXT ( 'NONE', 'WORKASPACE' ) );
#7619 = DIRECTION ( 'NONE',  ( -0.9271838545668035225, -3.127245641262876221E-14, 0.3746065934158726574 ) ) ;
#7620 = EDGE_CURVE ( 'NONE', #5492, #2635, #2472, .T. ) ;
#7621 = ADVANCED_FACE ( 'NONE', ( #692 ), #3949, .F. ) ;
#7622 = CARTESIAN_POINT ( 'NONE',  ( 0.2379441442761999759, 0.05700000000000000205, -0.05750000000000000250 ) ) ;
#7623 = ORIENTED_EDGE ( 'NONE', *, *, #3710, .T. ) ;
#7624 = VERTEX_POINT ( 'NONE', #6208 ) ;
#7625 = DIRECTION ( 'NONE',  ( -0.7431448270177369864, 0.000000000000000000, -0.6691306046481341196 ) ) ;
#7626 = CIRCLE ( 'NONE', #8285, 0.02000000000000000042 ) ;
#7627 = ORIENTED_EDGE ( 'NONE', *, *, #6228, .F. ) ;
#7628 = MECHANICAL_DESIGN_GEOMETRIC_PRESENTATION_REPRESENTATION (  '', ( #542 ), #7966 ) ;
#7629 = AXIS2_PLACEMENT_3D ( 'NONE', #7888, #7013, #7168 ) ;
#7630 = ORIENTED_EDGE ( 'NONE', *, *, #2033, .T. ) ;
#7631 = CARTESIAN_POINT ( 'NONE',  ( 0.1698381586472000326, 0.1841728378957999956, -0.1821291271015000324 ) ) ;
#7632 = AXIS2_PLACEMENT_3D ( 'NONE', #5937, #3622, #3675 ) ;
#7633 = DIRECTION ( 'NONE',  ( 0.000000000000000000, -1.000000000000000000, 0.000000000000000000 ) ) ;
#7634 = AXIS2_PLACEMENT_3D ( 'NONE', #4416, #6736, #4312 ) ;
#7635 = CARTESIAN_POINT ( 'NONE',  ( 0.000000000000000000, -0.5929999999999999716, -0.05250000000000000500 ) ) ;
#7636 = CARTESIAN_POINT ( 'NONE',  ( 0.1993032040650000170, 0.1330108282678000020, 0.1044185464819999964 ) ) ;
#7637 = EDGE_LOOP ( 'NONE', ( #9471, #6566, #2375, #1786, #5443, #7053, #5161, #8435 ) ) ;
#7638 =( LENGTH_UNIT ( ) NAMED_UNIT ( * ) SI_UNIT ( $, .METRE. ) );
#7639 = ORIENTED_EDGE ( 'NONE', *, *, #1207, .T. ) ;
#7640 = LINE ( 'NONE', #2243, #99 ) ;
#7641 = CARTESIAN_POINT ( 'NONE',  ( 0.1918295665377000025, 0.09299999999999999933, 0.1197727077903999876 ) ) ;
#7642 = VECTOR ( 'NONE', #9080, 39.37007874015748143 ) ;
#7643 = CARTESIAN_POINT ( 'NONE',  ( 0.2248109110168999836, 0.1330108282678000020, -0.009222488152840000245 ) ) ;
#7644 = CARTESIAN_POINT ( 'NONE',  ( -0.006000000000000000992, 0.1742242811509006617, -0.2554222614505065048 ) ) ;
#7645 = LINE ( 'NONE', #3678, #7421 ) ;
#7646 = CARTESIAN_POINT ( 'NONE',  ( 0.2302102400922892700, 0.1286668741078768330, -0.01331041602220500719 ) ) ;
#7647 = ORIENTED_EDGE ( 'NONE', *, *, #2465, .T. ) ;
#7648 = ORIENTED_EDGE ( 'NONE', *, *, #9034, .F. ) ;
#7649 = CIRCLE ( 'NONE', #7818, 0.03899999999999996525 ) ;
#7650 = DIRECTION ( 'NONE',  ( 0.000000000000000000, 0.000000000000000000, -1.000000000000000000 ) ) ;
#7651 = LINE ( 'NONE', #8621, #3039 ) ;
#7652 = B_SPLINE_CURVE_WITH_KNOTS ( 'NONE', 3,
 ( #5634, #7900, #4809, #7952 ),
 .UNSPECIFIED., .F., .F.,
 ( 4, 4 ),
 ( 0.000000000000000000, 1.000000000000000000 ),
 .UNSPECIFIED. ) ;
#7653 = DIRECTION ( 'NONE',  ( 0.000000000000000000, -1.000000000000000000, 0.000000000000000000 ) ) ;
#7654 = DIRECTION ( 'NONE',  ( 1.000000000000000000, 0.000000000000000000, 0.000000000000000000 ) ) ;
#7656 =( NAMED_UNIT ( * ) PLANE_ANGLE_UNIT ( ) SI_UNIT ( $, .RADIAN. ) );
#7655 = DIRECTION ( 'NONE',  ( 0.000000000000000000, -1.000000000000000000, 0.000000000000000000 ) ) ;
#7657 = FACE_OUTER_BOUND ( 'NONE', #3368, .T. ) ;
#7658 = VERTEX_POINT ( 'NONE', #7297 ) ;
#7659 = CARTESIAN_POINT ( 'NONE',  ( 0.1814428691045001651, 0.1806233514718999233, -0.1482258776530000488 ) ) ;
#7660 = CARTESIAN_POINT ( 'NONE',  ( 0.2199267666245001418, 0.1899449464299998724, 0.1483218102825999696 ) ) ;
#7661 = ORIENTED_EDGE ( 'NONE', *, *, #6793, .F. ) ;
#7662 = EDGE_CURVE ( 'NONE', #1652, #576, #2906, .T. ) ;
#7663 = VERTEX_POINT ( 'NONE', #6416 ) ;
#7664 = DIRECTION ( 'NONE',  ( 0.000000000000000000, 0.000000000000000000, -1.000000000000000000 ) ) ;
#7665 = DIRECTION ( 'NONE',  ( -0.9848077530122129053, 0.000000000000000000, 0.1736481776669025201 ) ) ;
#7666 = DIRECTION ( 'NONE',  ( 0.000000000000000000, 1.000000000000000000, 0.000000000000000000 ) ) ;
#7667 = MECHANICAL_DESIGN_GEOMETRIC_PRESENTATION_REPRESENTATION (  '', ( #7509 ), #105 ) ;
#7668 = PRESENTATION_STYLE_ASSIGNMENT (( #9305 ) ) ;
#7669 = FILL_AREA_STYLE_COLOUR ( '', #9979 ) ;
#7670 = EDGE_CURVE ( 'NONE', #7929, #1357, #134, .T. ) ;
#7671 = CARTESIAN_POINT ( 'NONE',  ( 0.2739447911440998085, 0.1806233488420000977, 0.02450778454109998547 ) ) ;
#7672 = CARTESIAN_POINT ( 'NONE',  ( 0.2539470338983000341, 0.000000000000000000, 0.03235589550997999830 ) ) ;
#7673 = EDGE_CURVE ( 'NONE', #2628, #425, #7350, .T. ) ;
#7674 = VERTEX_POINT ( 'NONE', #2457 ) ;
#7675 = ORIENTED_EDGE ( 'NONE', *, *, #9636, .T. ) ;
#7676 = CIRCLE ( 'NONE', #5710, 0.02000000000000000042 ) ;
#7677 = ADVANCED_FACE ( 'NONE', ( #3323 ), #8069, .T. ) ;
#7678 = ADVANCED_FACE ( 'NONE', ( #8117 ), #4930, .T. ) ;
#7679 = ORIENTED_EDGE ( 'NONE', *, *, #5226, .T. ) ;
#7680 = DIRECTION ( 'NONE',  ( -0.6416099794494305453, 0.7586418947935359425, 0.1131331504687050210 ) ) ;
#7681 = PRESENTATION_STYLE_ASSIGNMENT (( #1352 ) ) ;
#7682 = PLANE ( 'NONE',  #1983 ) ;
#7683 = CARTESIAN_POINT ( 'NONE',  ( 0.2286481876299914506, 0.1146649466509412074, 0.1112648969103304381 ) ) ;
#7684 = PLANE ( 'NONE',  #5513 ) ;
#7685 = DIRECTION ( 'NONE',  ( 0.000000000000000000, 1.000000000000000000, 0.000000000000000000 ) ) ;
#7686 =( NAMED_UNIT ( * ) PLANE_ANGLE_UNIT ( ) SI_UNIT ( $, .RADIAN. ) );
#7687 = CIRCLE ( 'NONE', #6201, 0.2560000000000000608 ) ;
#7688 = PRESENTATION_LAYER_ASSIGNMENT (  '', '', ( #8340 ) ) ;
#7689 = ORIENTED_EDGE ( 'NONE', *, *, #1696, .F. ) ;
#7690 = DIRECTION ( 'NONE',  ( 0.000000000000000000, -1.000000000000000000, 0.000000000000000000 ) ) ;
#7691 = EDGE_LOOP ( 'NONE', ( #2971, #8005, #859, #2700 ) ) ;
#7692 = AXIS2_PLACEMENT_3D ( 'NONE', #4502, #6147, #7850 ) ;
#7693 = EDGE_CURVE ( 'NONE', #4250, #3296, #8349, .T. ) ;
#7694 = EDGE_CURVE ( 'NONE', #158, #2280, #3375, .T. ) ;
#7695 = DIRECTION ( 'NONE',  ( 0.8124083011614586791, 0.000000000000000000, -0.5830889745175709127 ) ) ;
#7696 = PLANE ( 'NONE',  #4080 ) ;
#7697 = CARTESIAN_POINT ( 'NONE',  ( -0.05600000000000000810, 0.1640000000000000069, -0.2497999199358999778 ) ) ;
#7698 = CARTESIAN_POINT ( 'NONE',  ( -0.006000000000000000125, 0.1790695987384010868, -0.2533925955689322329 ) ) ;
#7699 = AXIS2_PLACEMENT_3D ( 'NONE', #3337, #4124, #5563 ) ;
#7700 = DIRECTION ( 'NONE',  ( -1.000000000000000000, 0.000000000000000000, -5.683906930837999464E-14 ) ) ;
#7701 = CARTESIAN_POINT ( 'NONE',  ( 0.2226273248571501440, 0.1359836711150137767, 0.1303879598956341201 ) ) ;
#7702 = ORIENTED_EDGE ( 'NONE', *, *, #4162, .F. ) ;
#7703 =( NAMED_UNIT ( * ) SI_UNIT ( $, .STERADIAN. ) SOLID_ANGLE_UNIT ( ) );
#7704 = DIRECTION ( 'NONE',  ( 0.000000000000000000, 0.000000000000000000, -1.000000000000000000 ) ) ;
#7705 = CARTESIAN_POINT ( 'NONE',  ( -0.02506072624646000016, 0.1740000000000000158, -0.2235999999999999932 ) ) ;
#7706 = LINE ( 'NONE', #640, #2217 ) ;
#7707 = PRESENTATION_STYLE_ASSIGNMENT (( #7861 ) ) ;
#7709 = CARTESIAN_POINT ( 'NONE',  ( 0.2247321749226759702, 0.1051106258388955356, -0.01100040756921903673 ) ) ;
#7708 = LENGTH_MEASURE_WITH_UNIT ( LENGTH_MEASURE( 0.02539999999999999897 ), #5239 );
#7710 = FACE_OUTER_BOUND ( 'NONE', #2241, .T. ) ;
#7711 = VERTEX_POINT ( 'NONE', #7246 ) ;
#7712 = CARTESIAN_POINT ( 'NONE',  ( 0.2019719905782999814, 0.1246118225996999951, -0.09915803054632991997 ) ) ;
#7713 = CARTESIAN_POINT ( 'NONE',  ( 0.2249892559134997749, 0.1806233514718999511, 0.1581967602902000225 ) ) ;
#7714 = EDGE_LOOP ( 'NONE', ( #3952, #9537, #1914, #5813 ) ) ;
#7715 = ORIENTED_EDGE ( 'NONE', *, *, #4535, .T. ) ;
#7716 = DIRECTION ( 'NONE',  ( -2.157547753918999831E-13, 0.000000000000000000, 1.000000000000000000 ) ) ;
#7717 = DIRECTION ( 'NONE',  ( -0.6691306063575089835, 0.000000000000000000, 0.7431448254786090502 ) ) ;
#7718 = CARTESIAN_POINT ( 'NONE',  ( 0.000000000000000000, -0.08700000000000000788, 0.06950000000000000622 ) ) ;
#7719 = SURFACE_SIDE_STYLE ('',( #3130 ) ) ;
#7720 = CARTESIAN_POINT ( 'NONE',  ( 0.000000000000000000, 0.1890000000000000291, 0.000000000000000000 ) ) ;
#7721 = CARTESIAN_POINT ( 'NONE',  ( 0.2312470739988001789, 0.1806233488419999866, -0.03764594094179000289 ) ) ;
#7722 = DIRECTION ( 'NONE',  ( 0.6691306063589828046, 0.000000000000000000, -0.7431448254772820006 ) ) ;
#7723 = ORIENTED_EDGE ( 'NONE', *, *, #3524, .T. ) ;
#7724 = ORIENTED_EDGE ( 'NONE', *, *, #3281, .F. ) ;
#7725 = VERTEX_POINT ( 'NONE', #8722 ) ;
#7726 = DIRECTION ( 'NONE',  ( -0.9585943257187790056, 0.000000000000000000, 0.2847752073122929994 ) ) ;
#7727 = ADVANCED_FACE ( 'NONE', ( #9546 ), #295, .T. ) ;
#7728 = CARTESIAN_POINT ( 'NONE',  ( -0.07934005636478996815, -0.2792350673678999917, -0.09500000013517008457 ) ) ;
#7729 = DIRECTION ( 'NONE',  ( 0.000000000000000000, -1.000000000000000000, 0.000000000000000000 ) ) ;
#7730 = AXIS2_PLACEMENT_3D ( 'NONE', #1402, #8305, #620 ) ;
#7731 = DIRECTION ( 'NONE',  ( -0.3407781525734079331, 0.8660254037844198338, 0.3658828374339083145 ) ) ;
#7732 = CARTESIAN_POINT ( 'NONE',  ( 0.2019719905782999814, 0.1246118225996999951, 0.09915803054632991997 ) ) ;
#7733 = LINE ( 'NONE', #2334, #6712 ) ;
#7734 = EDGE_CURVE ( 'NONE', #4706, #7264, #1841, .T. ) ;
#7735 = ORIENTED_EDGE ( 'NONE', *, *, #3709, .T. ) ;
#7736 = LINE ( 'NONE', #1307, #2538 ) ;
#7737 = ORIENTED_EDGE ( 'NONE', *, *, #7225, .F. ) ;
#7738 = VECTOR ( 'NONE', #9651, 39.37007874015748143 ) ;
#7739 = PRESENTATION_LAYER_ASSIGNMENT (  '', '', ( #2312 ) ) ;
#7740 = CARTESIAN_POINT ( 'NONE',  ( 0.04950000000000000233, -0.09099999999999999756, -0.2169999999999999984 ) ) ;
#7742 = ADVANCED_FACE ( 'NONE', ( #6523 ), #2664, .F. ) ;
#7741 = FILL_AREA_STYLE ('',( #1512 ) ) ;
#7743 = DIRECTION ( 'NONE',  ( 0.000000000000000000, -1.000000000000000000, 0.000000000000000000 ) ) ;
#7744 = DIRECTION ( 'NONE',  ( 0.000000000000000000, 0.000000000000000000, -1.000000000000000000 ) ) ;
#7745 = DIRECTION ( 'NONE',  ( 0.000000000000000000, -1.000000000000000000, 0.000000000000000000 ) ) ;
#7746 = CARTESIAN_POINT ( 'NONE',  ( 0.2037466423580999997, 0.1689999999999999836, 0.1549945445525000021 ) ) ;
#7747 = VECTOR ( 'NONE', #9025, 39.37007874015748143 ) ;
#7748 = ADVANCED_FACE ( 'NONE', ( #1633 ), #5703, .T. ) ;
#7749 = ORIENTED_EDGE ( 'NONE', *, *, #8883, .T. ) ;
#7750 = EDGE_CURVE ( 'NONE', #6068, #3497, #777, .T. ) ;
#7751 = PLANE ( 'NONE',  #8767 ) ;
#7752 = CARTESIAN_POINT ( 'NONE',  ( -0.04800000000000000100, 0.1740000000000000158, -0.2009265499252000098 ) ) ;
#7753 = CARTESIAN_POINT ( 'NONE',  ( 0.1948723322835999860, 0.06967483934665000267, -0.1481500587434000094 ) ) ;
#7754 = SURFACE_STYLE_USAGE ( .BOTH. , #1425 ) ;
#7755 = DIRECTION ( 'NONE',  ( -6.377157660210018253E-13, 1.000000000000000000, -1.753504930933249773E-12 ) ) ;
#7757 = CARTESIAN_POINT ( 'NONE',  ( 0.2247032183432815522, 0.1101732330374390889, -0.01155784609358200161 ) ) ;
#7756 = CARTESIAN_POINT ( 'NONE',  ( 0.1669484983095000097, 0.000000000000000000, 0.1790303457727999981 ) ) ;
#7758 = PLANE ( 'NONE',  #6029 ) ;
#7759 = VERTEX_POINT ( 'NONE', #8017 ) ;
#7760 = DIRECTION ( 'NONE',  ( 0.000000000000000000, 1.000000000000000000, 0.000000000000000000 ) ) ;
#7761 = CARTESIAN_POINT ( 'NONE',  ( 0.1950246529414000340, 0.1889420390996001120, 0.1303297584554000133 ) ) ;
#7762 = VERTEX_POINT ( 'NONE', #2508 ) ;
#7763 = ORIENTED_EDGE ( 'NONE', *, *, #6408, .T. ) ;
#7764 = CARTESIAN_POINT ( 'NONE',  ( 0.1808277240783000284, 0.02805275571415000169, 0.1650000000000000078 ) ) ;
#7765 = CARTESIAN_POINT ( 'NONE',  ( 0.2043819952930999995, 0.1890000000000000291, -0.1180000000000000077 ) ) ;
#7766 = CARTESIAN_POINT ( 'NONE',  ( 0.2324147027077000105, 0.1899449431641999086, -0.02839764180833000487 ) ) ;
#7767 = CARTESIAN_POINT ( 'NONE',  ( 0.000000000000000000, 0.1689999999999999836, 0.000000000000000000 ) ) ;
#7768 = VERTEX_POINT ( 'NONE', #4877 ) ;
#7769 = ORIENTED_EDGE ( 'NONE', *, *, #3702, .F. ) ;
#7770 = VECTOR ( 'NONE', #4860, 39.37007874015748143 ) ;
#7771 = UNCERTAINTY_MEASURE_WITH_UNIT (LENGTH_MEASURE( 1.000000000000000082E-05 ), #9525, 'distance_accuracy_value', 'NONE');
#7772 = EDGE_LOOP ( 'NONE', ( #6101, #1003, #6447, #4503 ) ) ;
#7773 = SURFACE_STYLE_FILL_AREA ( #2232 ) ;
#7774 = LINE ( 'NONE', #9362, #10123 ) ;
#7775 =( NAMED_UNIT ( * ) PLANE_ANGLE_UNIT ( ) SI_UNIT ( $, .RADIAN. ) );
#7776 = DIRECTION ( 'NONE',  ( -0.02484801491165899295, 0.9993360567820597229, -0.02664623369697894165 ) ) ;
#7777 =( LENGTH_UNIT ( ) NAMED_UNIT ( * ) SI_UNIT ( $, .METRE. ) );
#7778 = CARTESIAN_POINT ( 'NONE',  ( 0.2033067739687999809, 0.1140731207115999873, 0.09643925066667990986 ) ) ;
#7779 = VECTOR ( 'NONE', #7867, 39.37007874015748143 ) ;
#7780 = AXIS2_PLACEMENT_3D ( 'NONE', #8853, #2311, #3960 ) ;
#7781 =( NAMED_UNIT ( * ) SI_UNIT ( $, .STERADIAN. ) SOLID_ANGLE_UNIT ( ) );
#7782 = ORIENTED_EDGE ( 'NONE', *, *, #1827, .F. ) ;
#7783 = SURFACE_SIDE_STYLE ('',( #3100 ) ) ;
#7784 = ADVANCED_FACE ( 'NONE', ( #7196 ), #228, .T. ) ;
#7785 = CIRCLE ( 'NONE', #6302, 0.2489999999999999991 ) ;
#7786 = AXIS2_PLACEMENT_3D ( 'NONE', #3618, #330, #9116 ) ;
#7787 = CARTESIAN_POINT ( 'NONE',  ( 0.000000000000000000, -0.2550000000000000044, 0.000000000000000000 ) ) ;
#7788 = AXIS2_PLACEMENT_3D ( 'NONE', #8942, #8890, #3444 ) ;
#7789 = EDGE_CURVE ( 'NONE', #5919, #7269, #1542, .T. ) ;
#7790 = DIRECTION ( 'NONE',  ( -0.000000000000000000, 1.000000000000000000, 0.000000000000000000 ) ) ;
#7791 = DIRECTION ( 'NONE',  ( 0.000000000000000000, -1.000000000000000000, 0.000000000000000000 ) ) ;
#7792 = FACE_OUTER_BOUND ( 'NONE', #5152, .T. ) ;
#7793 = MECHANICAL_DESIGN_GEOMETRIC_PRESENTATION_REPRESENTATION (  '', ( #712 ), #5688 ) ;
#7794 = CARTESIAN_POINT ( 'NONE',  ( 0.2267184223469337068, 0.1340142319771170931, 0.1218237003619375147 ) ) ;
#7795 = VERTEX_POINT ( 'NONE', #10033 ) ;
#7796 = PRESENTATION_STYLE_ASSIGNMENT (( #4705 ) ) ;
#7797 = EDGE_CURVE ( 'NONE', #5269, #7269, #9216, .T. ) ;
#7798 = EDGE_LOOP ( 'NONE', ( #8126, #6779, #3122, #6903, #6440, #2969, #651, #2632, #10037, #5174, #8578, #4881, #8090, #3645, #9087, #7724, #4329, #6214, #9272, #1227, #3619, #2071, #8744, #8784, #7342, #1676, #5945, #1924, #1408, #7136, #6357, #6691, #9907, #9819, #5200, #320, #2931, #1338, #4819, #3071 ) ) ;
#7799 = VECTOR ( 'NONE', #8826, 39.37007874015748143 ) ;
#7800 = EDGE_CURVE ( 'NONE', #3773, #5919, #4588, .T. ) ;
#7801 = ORIENTED_EDGE ( 'NONE', *, *, #8870, .F. ) ;
#7802 = CARTESIAN_POINT ( 'NONE',  ( 0.2428394196241000225, 0.000000000000000000, 0.03086554830207000402 ) ) ;
#7803 = EDGE_CURVE ( 'NONE', #5755, #9357, #4666, .T. ) ;
#7804 = LINE ( 'NONE', #7705, #6006 ) ;
#7805 = EDGE_CURVE ( 'NONE', #1656, #6126, #9166, .T. ) ;
#7806 = DIRECTION ( 'NONE',  ( 0.8987883276972842284, 0.000000000000000000, 0.4383828714663920434 ) ) ;
#7807 = CARTESIAN_POINT ( 'NONE',  ( 0.09328833875347991578, 0.1841728378958999990, 0.2308967408257999732 ) ) ;
#7809 = CARTESIAN_POINT ( 'NONE',  ( 0.000000000000000000, 0.09299999999999999933, 0.000000000000000000 ) ) ;
#7808 = CARTESIAN_POINT ( 'NONE',  ( -0.08071675382484998218, 0.1890000000000000291, 0.2217674585055000036 ) ) ;
#7810 = FACE_BOUND ( 'NONE', #6574, .T. ) ;
#7811 = ORIENTED_EDGE ( 'NONE', *, *, #3779, .F. ) ;
#7812 = DIRECTION ( 'NONE',  ( 0.6819983600624850428, 0.000000000000000000, -0.7313537016191830054 ) ) ;
#7813 = VERTEX_POINT ( 'NONE', #1115 ) ;
#7814 = DIRECTION ( 'NONE',  ( 0.000000000000000000, 1.000000000000000000, 0.000000000000000000 ) ) ;
#7815 = VERTEX_POINT ( 'NONE', #7580 ) ;
#7816 = COLOUR_RGB ( '',0.9686274509803921573, 0.8784313725490195957, 0.5999999999999999778 ) ;
#7817 = CARTESIAN_POINT ( 'NONE',  ( 0.2183926164920248492, 0.1322040567409016876, -0.1142588970910997787 ) ) ;
#7818 = AXIS2_PLACEMENT_3D ( 'NONE', #8933, #1898, #5805 ) ;
#7819 = EDGE_CURVE ( 'NONE', #4282, #2313, #5027, .T. ) ;
#7820 = ORIENTED_EDGE ( 'NONE', *, *, #8140, .F. ) ;
#7821 = DIRECTION ( 'NONE',  ( 1.725932317896000160E-13, 0.000000000000000000, 1.000000000000000000 ) ) ;
#7822 = CARTESIAN_POINT ( 'NONE',  ( 0.2360000000000000153, 0.1689999999999999836, 0.000000000000000000 ) ) ;
#7823 = LENGTH_MEASURE_WITH_UNIT ( LENGTH_MEASURE( 0.02539999999999999897 ), #1595 );
#7824 = SURFACE_STYLE_FILL_AREA ( #2420 ) ;
#7825 = CYLINDRICAL_SURFACE ( 'NONE', #4213, 0.2249999999999999778 ) ;
#7826 =( CONVERSION_BASED_UNIT ( 'INCH', #8846 ) LENGTH_UNIT ( ) NAMED_UNIT ( #2059 ) );
#7827 = ORIENTED_EDGE ( 'NONE', *, *, #3529, .T. ) ;
#7828 = ORIENTED_EDGE ( 'NONE', *, *, #7789, .F. ) ;
#7829 = ORIENTED_EDGE ( 'NONE', *, *, #324, .F. ) ;
#7830 = STYLED_ITEM ( 'NONE', ( #9373 ), #5730 ) ;
#7831 = DIRECTION ( 'NONE',  ( 0.6815563051467312672, 0.000000000000000000, -0.7317656748678061929 ) ) ;
#7832 = AXIS2_PLACEMENT_3D ( 'NONE', #7833, #7165, #7011 ) ;
#7833 = CARTESIAN_POINT ( 'NONE',  ( 0.000000000000000000, -0.007000000000001004551, 0.000000000000000000 ) ) ;
#7834 = DIRECTION ( 'NONE',  ( 0.000000000000000000, 0.000000000000000000, 1.000000000000000000 ) ) ;
#7835 = DIRECTION ( 'NONE',  ( 0.000000000000000000, 0.000000000000000000, -1.000000000000000000 ) ) ;
#7836 = CARTESIAN_POINT ( 'NONE',  ( 0.2218213755211288218, 0.1357249274693655139, -0.1315786270948003933 ) ) ;
#7837 = LINE ( 'NONE', #9415, #501 ) ;
#7838 = CARTESIAN_POINT ( 'NONE',  ( 0.2257378805857000181, 0.06967483934667992318, -0.09468936088066003121 ) ) ;
#7839 = ORIENTED_EDGE ( 'NONE', *, *, #2282, .T. ) ;
#7840 =( LENGTH_UNIT ( ) NAMED_UNIT ( * ) SI_UNIT ( $, .METRE. ) );
#7841 = CIRCLE ( 'NONE', #2261, 0.03700000000000000511 ) ;
#7842 = VECTOR ( 'NONE', #645, 39.37007874015748143 ) ;
#7843 = DIRECTION ( 'NONE',  ( 5.120903701084000034E-13, -1.000000000000000000, 1.110223024625000157E-13 ) ) ;
#7844 = FILL_AREA_STYLE ('',( #14 ) ) ;
#7845 = DIRECTION ( 'NONE',  ( 0.000000000000000000, -1.000000000000000000, 0.000000000000000000 ) ) ;
#7846 = CIRCLE ( 'NONE', #3415, 0.2447931081450999968 ) ;
#7847 = AXIS2_PLACEMENT_3D ( 'NONE', #4522, #4426, #7665 ) ;
#7848 = PLANE ( 'NONE',  #9370 ) ;
#7849 = B_SPLINE_CURVE_WITH_KNOTS ( 'NONE', 3,
 ( #5278, #8269, #2146, #530, #8320, #3628 ),
 .UNSPECIFIED., .F., .F.,
 ( 4, 1, 1, 4 ),
 ( 0.000000000000000000, 0.3333333333333000081, 0.6666666666667000474, 1.000000000000000000 ),
 .UNSPECIFIED. ) ;
#7850 = DIRECTION ( 'NONE',  ( 0.7385639170599788139, 0.000000000000000000, 0.6741834619871809320 ) ) ;
#7851 = EDGE_LOOP ( 'NONE', ( #6794, #8727, #9211, #2001 ) ) ;
#7852 = DIRECTION ( 'NONE',  ( -0.000000000000000000, 1.000000000000000000, 0.000000000000000000 ) ) ;
#7853 = ORIENTED_EDGE ( 'NONE', *, *, #5352, .T. ) ;
#7854 = CONICAL_SURFACE ( 'NONE', #8667, 0.2264998758399000001, 0.7853981630164691419 ) ;
#7855 = EDGE_LOOP ( 'NONE', ( #1241, #8958, #2137, #4985 ) ) ;
#7856 = B_SPLINE_CURVE_WITH_KNOTS ( 'NONE', 3,
 ( #8011, #2352, #7957, #3166, #79, #7137, #3944, #7189, #6249, #6203, #136, #3839 ),
 .UNSPECIFIED., .F., .F.,
 ( 4, 1, 1, 1, 1, 1, 1, 1, 1, 4 ),
 ( 0.000000000000000000, 0.1111111111111000027, 0.2222222222222000054, 0.3333333333333000081, 0.4444444444444000109, 0.5555555555555999891, 0.6666666666667000474, 0.7777777777777999946, 0.8888888888888999418, 1.000000000000000000 ),
 .UNSPECIFIED. ) ;
#7857 = CYLINDRICAL_SURFACE ( 'NONE', #10110, 0.2289999999999999536 ) ;
#7858 = CIRCLE ( 'NONE', #4247, 0.2557447916667000554 ) ;
#7859 = CARTESIAN_POINT ( 'NONE',  ( -0.2215817426257000178, 0.1820000032114000021, 0.03907083955868000114 ) ) ;
#7860 = FACE_OUTER_BOUND ( 'NONE', #6856, .T. ) ;
#7861 = SURFACE_STYLE_USAGE ( .BOTH. , #3892 ) ;
#7862 = EDGE_CURVE ( 'NONE', #2876, #5866, #8218, .T. ) ;
#7863 = CARTESIAN_POINT ( 'NONE',  ( 0.2247236888325546689, 0.1065968006695632575, -0.01135099971911600163 ) ) ;
#7864 = CIRCLE ( 'NONE', #1789, 0.01450000000000000941 ) ;
#7865 = CARTESIAN_POINT ( 'NONE',  ( -0.2245361608672000187, 0.1849999999999999978, 0.03959178340437000121 ) ) ;
#7866 = ORIENTED_EDGE ( 'NONE', *, *, #4106, .T. ) ;
#7867 = DIRECTION ( 'NONE',  ( 0.000000000000000000, 0.000000000000000000, 1.000000000000000000 ) ) ;
#7868 = ORIENTED_EDGE ( 'NONE', *, *, #8240, .F. ) ;
#7869 = FACE_OUTER_BOUND ( 'NONE', #6538, .T. ) ;
#7870 = MECHANICAL_DESIGN_GEOMETRIC_PRESENTATION_REPRESENTATION (  '', ( #5233 ), #4866 ) ;
#7871 = ADVANCED_FACE ( 'NONE', ( #3482 ), #2713, .T. ) ;
#7872 = SURFACE_SIDE_STYLE ('',( #9393 ) ) ;
#7873 = ORIENTED_EDGE ( 'NONE', *, *, #2449, .F. ) ;
#7874 = CARTESIAN_POINT ( 'NONE',  ( 0.2176945184224317043, 0.1308419479141217368, -0.1122153895955989439 ) ) ;
#7875 = ORIENTED_EDGE ( 'NONE', *, *, #3978, .F. ) ;
#7876 = CARTESIAN_POINT ( 'NONE',  ( 0.1998222927929232950, 0.1327010683866226282, 0.1042244329966960925 ) ) ;
#7877 = CARTESIAN_POINT ( 'NONE',  ( 0.2043819952930999995, 0.000000000000000000, 0.1180000000000000077 ) ) ;
#7878 = FILL_AREA_STYLE ('',( #2925 ) ) ;
#7879 = LENGTH_MEASURE_WITH_UNIT ( LENGTH_MEASURE( 0.02539999999999999897 ), #1493 );
#7880 = EDGE_CURVE ( 'NONE', #2736, #8820, #4013, .T. ) ;
#7881 = ORIENTED_EDGE ( 'NONE', *, *, #2097, .F. ) ;
#7882 = EDGE_CURVE ( 'NONE', #6706, #3024, #2131, .T. ) ;
#7883 = ORIENTED_EDGE ( 'NONE', *, *, #4048, .T. ) ;
#7884 = UNCERTAINTY_MEASURE_WITH_UNIT (LENGTH_MEASURE( 1.000000000000000082E-05 ), #797, 'distance_accuracy_value', 'NONE');
#7885 = ORIENTED_EDGE ( 'NONE', *, *, #1455, .T. ) ;
#7886 = CARTESIAN_POINT ( 'NONE',  ( 0.2565080825400007369, 0.1319397179572482370, -0.01069642860410553210 ) ) ;
#7887 =( NAMED_UNIT ( * ) SI_UNIT ( $, .STERADIAN. ) SOLID_ANGLE_UNIT ( ) );
#7888 = CARTESIAN_POINT ( 'NONE',  ( 0.000000000000000000, -0.2550000000000000044, 0.000000000000000000 ) ) ;
#7889 = CARTESIAN_POINT ( 'NONE',  ( 0.2267310284479595039, 0.1337908183015506236, -0.1216074502581208777 ) ) ;
#7890 = CARTESIAN_POINT ( 'NONE',  ( 0.2019719905782999814, 0.1246118225996999951, 0.09915803054632991997 ) ) ;
#7891 = DIRECTION ( 'NONE',  ( 0.000000000000000000, 1.000000000000000000, 0.000000000000000000 ) ) ;
#7892 = VERTEX_POINT ( 'NONE', #7635 ) ;
#7893 =( CONVERSION_BASED_UNIT ( 'INCH', #3356 ) LENGTH_UNIT ( ) NAMED_UNIT ( #8161 ) );
#7894 = CARTESIAN_POINT ( 'NONE',  ( 0.2413819952931000046, 0.05700000000000000205, -0.1180000000000000077 ) ) ;
#7895 = AXIS2_PLACEMENT_3D ( 'NONE', #9932, #4585, #9836 ) ;
#7896 = PRESENTATION_STYLE_ASSIGNMENT (( #2441 ) ) ;
#7897 = CARTESIAN_POINT ( 'NONE',  ( 0.000000000000000000, 0.1740000000000000158, 0.000000000000000000 ) ) ;
#7898 = CARTESIAN_POINT ( 'NONE',  ( -0.04950000000000000233, -0.1009999999999999926, -0.2290000000000000091 ) ) ;
#7899 = CIRCLE ( 'NONE', #3298, 0.01999999999999999001 ) ;
#7900 = CARTESIAN_POINT ( 'NONE',  ( -0.2462021252230250645, 0.1126666664391662853, -0.04341207738458748716 ) ) ;
#7901 = ORIENTED_EDGE ( 'NONE', *, *, #1885, .T. ) ;
#7902 = AXIS2_PLACEMENT_3D ( 'NONE', #990, #1041, #7328 ) ;
#7903 = ORIENTED_EDGE ( 'NONE', *, *, #7108, .T. ) ;
#7904 = CARTESIAN_POINT ( 'NONE',  ( 0.04199999999999999567, 0.4210000000000000409, 0.2190000000000000002 ) ) ;
#7905 = DIRECTION ( 'NONE',  ( 0.000000000000000000, -1.000000000000000000, 0.000000000000000000 ) ) ;
#7906 = CARTESIAN_POINT ( 'NONE',  ( 0.2360000000000000153, 0.1689999999999999836, 0.000000000000000000 ) ) ;
#7907 = DIRECTION ( 'NONE',  ( 0.9991596045197739251, 0.000000000000000000, -0.04098883623486894445 ) ) ;
#7908 = CARTESIAN_POINT ( 'NONE',  ( 0.2073058442775301824, 0.1030483170962276929, -0.1442798974365341602 ) ) ;
#7909 = MECHANICAL_DESIGN_GEOMETRIC_PRESENTATION_REPRESENTATION (  '', ( #2165 ), #9222 ) ;
#7910 = DIRECTION ( 'NONE',  ( 0.000000000000000000, 1.000000000000000000, 0.000000000000000000 ) ) ;
#7911 = ORIENTED_EDGE ( 'NONE', *, *, #8426, .T. ) ;
#7912 = CARTESIAN_POINT ( 'NONE',  ( 0.2028161283064212062, 0.1287137823543768878, 0.1324156108707083279 ) ) ;
#7913 = VERTEX_POINT ( 'NONE', #57 ) ;
#7914 = FILL_AREA_STYLE ('',( #6470 ) ) ;
#7915 = DIMENSIONAL_EXPONENTS ( 1.000000000000000000, 0.000000000000000000, 0.000000000000000000, 0.000000000000000000, 0.000000000000000000, 0.000000000000000000, 0.000000000000000000 ) ;
#7916 = CARTESIAN_POINT ( 'NONE',  ( -0.05600000000000000810, 0.1640000000000000069, -0.2350000000000000144 ) ) ;
#7917 = ORIENTED_EDGE ( 'NONE', *, *, #1759, .F. ) ;
#7918 = PRODUCT_DEFINITION_FORMATION_WITH_SPECIFIED_SOURCE ( 'ANY', '', #3463, .NOT_KNOWN. ) ;
#7919 = EDGE_CURVE ( 'NONE', #8238, #5712, #8600, .T. ) ;
#7920 = CARTESIAN_POINT ( 'NONE',  ( 0.2095257047513227888, 0.1267725707239262256, -0.1044364369506531470 ) ) ;
#7921 = ORIENTED_EDGE ( 'NONE', *, *, #6915, .F. ) ;
#7922 = DIRECTION ( 'NONE',  ( 0.000000000000000000, 1.000000000000000000, 0.000000000000000000 ) ) ;
#7923 = ADVANCED_FACE ( 'NONE', ( #4635 ), #8749, .T. ) ;
#7924 = CARTESIAN_POINT ( 'NONE',  ( 0.000000000000000000, -0.09099999999999999756, 0.000000000000000000 ) ) ;
#7925 = ORIENTED_EDGE ( 'NONE', *, *, #1523, .F. ) ;
#7926 = DIRECTION ( 'NONE',  ( -0.6691306063605079180, 0.000000000000000000, 0.7431448254759089878 ) ) ;
#7927 =( NAMED_UNIT ( * ) PLANE_ANGLE_UNIT ( ) SI_UNIT ( $, .RADIAN. ) );
#7928 = FACE_OUTER_BOUND ( 'NONE', #9559, .T. ) ;
#7929 = VERTEX_POINT ( 'NONE', #934 ) ;
#7930 = ORIENTED_EDGE ( 'NONE', *, *, #4036, .T. ) ;
#7931 = EDGE_CURVE ( 'NONE', #276, #511, #5414, .T. ) ;
#7932 = ORIENTED_EDGE ( 'NONE', *, *, #5475, .T. ) ;
#7933 = LENGTH_MEASURE_WITH_UNIT ( LENGTH_MEASURE( 0.02539999999999999897 ), #5511 );
#7934 = ADVANCED_FACE ( 'NONE', ( #6394 ), #5514, .T. ) ;
#7935 = MECHANICAL_DESIGN_GEOMETRIC_PRESENTATION_REPRESENTATION (  '', ( #1522 ), #1692 ) ;
#7936 = EDGE_CURVE ( 'NONE', #10101, #10162, #772, .T. ) ;
#7937 = DIRECTION ( 'NONE',  ( -1.809657355829000080E-12, -1.000000000000000000, -2.890135807907000129E-12 ) ) ;
#7938 = DIRECTION ( 'NONE',  ( 0.5902450743664918731, 0.5000000000000328626, 0.6337276640529919680 ) ) ;
#7939 = CARTESIAN_POINT ( 'NONE',  ( 0.04199999999999999567, 0.1890000000000000291, 0.2190000000000000002 ) ) ;
#7940 = CARTESIAN_POINT ( 'NONE',  ( 0.2227080736462095922, 0.1359566979348123816, -0.1302242271281762176 ) ) ;
#7941 = CARTESIAN_POINT ( 'NONE',  ( 0.000000000000000000, 0.09299999999999999933, 0.000000000000000000 ) ) ;
#7942 = CARTESIAN_POINT ( 'NONE',  ( 0.000000000000000000, -0.2880000000000000338, 0.000000000000000000 ) ) ;
#7943 = ORIENTED_EDGE ( 'NONE', *, *, #10044, .F. ) ;
#7944 = DIRECTION ( 'NONE',  ( 0.000000000000000000, 1.000000000000000000, 0.000000000000000000 ) ) ;
#7945 = DIRECTION ( 'NONE',  ( 0.1736481776669025201, 0.000000000000000000, 0.9848077530122130163 ) ) ;
#7946 = CARTESIAN_POINT ( 'NONE',  ( 0.000000000000000000, -0.007000000000000001013, -0.2560000000000000053 ) ) ;
#7947 = CARTESIAN_POINT ( 'NONE',  ( 0.2379441442761999759, 0.05700000000000000205, -0.05750000000000000250 ) ) ;
#7948 = CIRCLE ( 'NONE', #48, 0.01999999999999999001 ) ;
#7949 = FILL_AREA_STYLE ('',( #2548 ) ) ;
#7950 = DIRECTION ( 'NONE',  ( -0.01364846422870042569, 0.9993360567813314166, -0.03378113439388106404 ) ) ;
#7951 = FACE_OUTER_BOUND ( 'NONE', #5054, .T. ) ;
#7952 = CARTESIAN_POINT ( 'NONE',  ( -0.2462037304598311271, -3.408505057651452640E-10, -0.04340271340591913413 ) ) ;
#7953 = ORIENTED_EDGE ( 'NONE', *, *, #1466, .F. ) ;
#7954 = AXIS2_PLACEMENT_3D ( 'NONE', #1005, #4045, #4754 ) ;
#7955 = CIRCLE ( 'NONE', #3513, 0.2279998751565000259 ) ;
#7956 = EDGE_LOOP ( 'NONE', ( #9438, #9982, #5953, #7903 ) ) ;
#7957 = CARTESIAN_POINT ( 'NONE',  ( 0.2079084361708999906, 0.09299999592610001808, 0.1195215501073000203 ) ) ;
#7958 = DIRECTION ( 'NONE',  ( -6.344614353444999800E-14, -1.000000000000000000, 4.760601323232999700E-14 ) ) ;
#7959 = CARTESIAN_POINT ( 'NONE',  ( 0.1996093722399018555, 0.1856168283416664289, 0.1457536551368506517 ) ) ;
#7960 = PRESENTATION_LAYER_ASSIGNMENT (  '', '', ( #712 ) ) ;
#7961 = DIRECTION ( 'NONE',  ( 0.000000000000000000, 1.000000000000000000, 0.000000000000000000 ) ) ;
#7962 = CARTESIAN_POINT ( 'NONE',  ( 0.2071661670320769089, 0.1025907141532617084, -0.1443507450919049584 ) ) ;
#7964 = DIRECTION ( 'NONE',  ( 0.000000000000000000, 0.000000000000000000, -1.000000000000000000 ) ) ;
#7963 = DIRECTION ( 'NONE',  ( 0.6691306063587729724, 0.000000000000000000, -0.7431448254774709605 ) ) ;
#7965 = AXIS2_PLACEMENT_3D ( 'NONE', #6919, #9070, #4548 ) ;
#7966 =( GEOMETRIC_REPRESENTATION_CONTEXT ( 3 ) GLOBAL_UNCERTAINTY_ASSIGNED_CONTEXT ( ( #9407 ) ) GLOBAL_UNIT_ASSIGNED_CONTEXT ( ( #9273, #7585, #2188 ) ) REPRESENTATION_CONTEXT ( 'NONE', 'WORKASPACE' ) );
#7967 = AXIS2_PLACEMENT_3D ( 'NONE', #1325, #3009, #5433 ) ;
#7968 = CARTESIAN_POINT ( 'NONE',  ( 0.2285054576608982480, 0.1839512573856576516, -0.09967034322387301193 ) ) ;
#7969 = ORIENTED_EDGE ( 'NONE', *, *, #3530, .F. ) ;
#7970 = CARTESIAN_POINT ( 'NONE',  ( 0.2046493100403499188, 0.1299156723795661661, 0.1325127239102412979 ) ) ;
#7971 = ORIENTED_EDGE ( 'NONE', *, *, #6560, .T. ) ;
#7972 = CARTESIAN_POINT ( 'NONE',  ( 0.000000000000000000, 0.000000000000000000, 0.000000000000000000 ) ) ;
#7973 = DIRECTION ( 'NONE',  ( -0.7431448254773761475, 0.000000000000000000, -0.6691306063588782216 ) ) ;
#7974 = ORIENTED_EDGE ( 'NONE', *, *, #4726, .F. ) ;
#7975 = CARTESIAN_POINT ( 'NONE',  ( 0.03950000000000000039, -0.09099999999999999756, -0.2290000000000000091 ) ) ;
#7976 = ADVANCED_FACE ( 'NONE', ( #828 ), #1661, .F. ) ;
#7977 = ORIENTED_EDGE ( 'NONE', *, *, #1088, .T. ) ;
#7978 = CARTESIAN_POINT ( 'NONE',  ( -0.05600000000000000810, 0.1716358641273434127, 0.2497999199359000333 ) ) ;
#7979 = AXIS2_PLACEMENT_3D ( 'NONE', #1364, #6145, #8611 ) ;
#7980 = ORIENTED_EDGE ( 'NONE', *, *, #2270, .T. ) ;
#7981 = FACE_OUTER_BOUND ( 'NONE', #6198, .T. ) ;
#7982 = DIRECTION ( 'NONE',  ( 1.363260619536999994E-13, 1.000000000000000000, -5.725694602053998908E-14 ) ) ;
#7983 = LINE ( 'NONE', #157, #3751 ) ;
#7984 = ORIENTED_EDGE ( 'NONE', *, *, #7662, .T. ) ;
#7985 = VERTEX_POINT ( 'NONE', #9365 ) ;
#7986 = EDGE_CURVE ( 'NONE', #3722, #7597, #6183, .T. ) ;
#7987 = UNCERTAINTY_MEASURE_WITH_UNIT (LENGTH_MEASURE( 1.000000000000000082E-05 ), #8303, 'distance_accuracy_value', 'NONE');
#7988 = ORIENTED_EDGE ( 'NONE', *, *, #3210, .F. ) ;
#7989 = CARTESIAN_POINT ( 'NONE',  ( 0.2084395970177277679, 0.1323877258005353719, -0.1319214800012785127 ) ) ;
#7990 = CARTESIAN_POINT ( 'NONE',  ( -0.05600000000000000810, 0.1849279509604129235, -0.2419943594881145688 ) ) ;
#7991 = CIRCLE ( 'NONE', #3218, 0.01250000000000000243 ) ;
#7992 = CARTESIAN_POINT ( 'NONE',  ( 0.000000000000000000, 0.000000000000000000, 0.000000000000000000 ) ) ;
#7993 = ADVANCED_FACE ( 'NONE', ( #10146 ), #7117, .F. ) ;
#7994 = EDGE_CURVE ( 'NONE', #2876, #2568, #1556, .T. ) ;
#7995 = DIRECTION ( 'NONE',  ( 0.6819983600624850428, 0.000000000000000000, -0.7313537016191830054 ) ) ;
#7996 = DIRECTION ( 'NONE',  ( 0.000000000000000000, -1.000000000000000000, 0.000000000000000000 ) ) ;
#7997 = EDGE_LOOP ( 'NONE', ( #1974, #8541, #2795, #5601, #660, #8666, #8618, #252, #10005, #4047, #8780, #4089, #5910, #5681, #3290 ) ) ;
#7998 = DIRECTION ( 'NONE',  ( 0.000000000000000000, 1.000000000000000000, 0.000000000000000000 ) ) ;
#7999 = EDGE_CURVE ( 'NONE', #375, #2164, #3837, .T. ) ;
#8000 = FILL_AREA_STYLE_COLOUR ( '', #5549 ) ;
#8001 = DIRECTION ( 'NONE',  ( 0.000000000000000000, 1.000000000000000000, 0.000000000000000000 ) ) ;
#8002 = DIRECTION ( 'NONE',  ( 0.9832549075639646086, 0.000000000000000000, -0.1822355254920934309 ) ) ;
#8003 =( GEOMETRIC_REPRESENTATION_CONTEXT ( 3 ) GLOBAL_UNCERTAINTY_ASSIGNED_CONTEXT ( ( #9618 ) ) GLOBAL_UNIT_ASSIGNED_CONTEXT ( ( #4740, #3975, #9464 ) ) REPRESENTATION_CONTEXT ( 'NONE', 'WORKASPACE' ) );
#8004 = CARTESIAN_POINT ( 'NONE',  ( -0.2379476876305000044, 0.1849999999999999978, 0.04410099716910000078 ) ) ;
#8005 = ORIENTED_EDGE ( 'NONE', *, *, #6994, .F. ) ;
#8006 = CARTESIAN_POINT ( 'NONE',  ( 0.08765794283983996404, 0.1849999999999999978, -0.2169610219203999824 ) ) ;
#8007 = VERTEX_POINT ( 'NONE', #3200 ) ;
#8008 = EDGE_CURVE ( 'NONE', #1950, #2409, #6338, .T. ) ;
#8009 = EDGE_CURVE ( 'NONE', #8078, #5492, #4058, .T. ) ;
#8010 = ORIENTED_EDGE ( 'NONE', *, *, #8068, .F. ) ;
#8011 = CARTESIAN_POINT ( 'NONE',  ( 0.2069275418765000041, 0.09300000877803997479, 0.1205429154691999988 ) ) ;
#8012 = STYLED_ITEM ( 'NONE', ( #9098 ), #7236 ) ;
#8013 = CARTESIAN_POINT ( 'NONE',  ( 0.2236972611338000072, 0.09299999999999999933, -0.02417716611268000415 ) ) ;
#8014 = CARTESIAN_POINT ( 'NONE',  ( -0.06480740831667992918, -0.2880000001265000109, -0.09500000013037009083 ) ) ;
#8015 = DIRECTION ( 'NONE',  ( 0.000000000000000000, -1.000000000000000000, 0.000000000000000000 ) ) ;
#8016 = AXIS2_PLACEMENT_3D ( 'NONE', #7400, #1946, #9129 ) ;
#8017 = CARTESIAN_POINT ( 'NONE',  ( 0.2249761652542000001, 0.1270388744963000249, -0.003274914884095000197 ) ) ;
#8018 = CARTESIAN_POINT ( 'NONE',  ( 0.000000000000000000, 0.000000000000000000, 0.000000000000000000 ) ) ;
#8019 = VERTEX_POINT ( 'NONE', #5007 ) ;
#8020 = CARTESIAN_POINT ( 'NONE',  ( 0.1913554202339261268, 0.1303841566369476623, 0.1243853293398689414 ) ) ;
#8021 = ORIENTED_EDGE ( 'NONE', *, *, #2942, .F. ) ;
#8022 = STYLED_ITEM ( 'NONE', ( #9731 ), #3197 ) ;
#8023 = DIMENSIONAL_EXPONENTS ( 1.000000000000000000, 0.000000000000000000, 0.000000000000000000, 0.000000000000000000, 0.000000000000000000, 0.000000000000000000, 0.000000000000000000 ) ;
#8024 = DIRECTION ( 'NONE',  ( 1.000000000000000000, 0.000000000000000000, 0.000000000000000000 ) ) ;
#8025 = ORIENTED_EDGE ( 'NONE', *, *, #6975, .T. ) ;
#8026 = VECTOR ( 'NONE', #9573, 39.37007874015748143 ) ;
#8027 = CARTESIAN_POINT ( 'NONE',  ( 0.2090968995417953336, 0.1269481131316616551, -0.1042792023371316990 ) ) ;
#8028 = CIRCLE ( 'NONE', #9163, 0.01999999999999999001 ) ;
#8029 = ORIENTED_EDGE ( 'NONE', *, *, #9694, .T. ) ;
#8030 = CARTESIAN_POINT ( 'NONE',  ( 0.2270000000000000073, -0.0005000000000000000104, 0.1550000000000000266 ) ) ;
#8031 =( NAMED_UNIT ( * ) PLANE_ANGLE_UNIT ( ) SI_UNIT ( $, .RADIAN. ) );
#8032 = VECTOR ( 'NONE', #1494, 39.37007874015748143 ) ;
#8033 = ORIENTED_EDGE ( 'NONE', *, *, #3514, .F. ) ;
#8034 = FILL_AREA_STYLE_COLOUR ( '', #3285 ) ;
#8035 = CARTESIAN_POINT ( 'NONE',  ( 0.2047651328492999800, 0.4385000000000000009, 0.1182212045712000004 ) ) ;
#8036 = DIRECTION ( 'NONE',  ( 0.000000000000000000, 1.000000000000000000, 0.000000000000000000 ) ) ;
#8037 = EDGE_LOOP ( 'NONE', ( #4177, #6525, #5242, #9923 ) ) ;
#8038 = ORIENTED_EDGE ( 'NONE', *, *, #3514, .T. ) ;
#8039 = VERTEX_POINT ( 'NONE', #7423 ) ;
#8040 = CARTESIAN_POINT ( 'NONE',  ( -0.1940071273434000043, 0.1890000000000000291, -0.03420869100038999994 ) ) ;
#8041 = CARTESIAN_POINT ( 'NONE',  ( -0.05600000000001000011, 0.1689999999999999836, -0.2497999199358999778 ) ) ;
#8042 = LENGTH_MEASURE_WITH_UNIT ( LENGTH_MEASURE( 0.02539999999999999897 ), #9626 );
#8043 = DIRECTION ( 'NONE',  ( 1.000000000000000000, 0.000000000000000000, 0.000000000000000000 ) ) ;
#8044 =( NAMED_UNIT ( * ) PLANE_ANGLE_UNIT ( ) SI_UNIT ( $, .RADIAN. ) );
#8045 =( LENGTH_UNIT ( ) NAMED_UNIT ( * ) SI_UNIT ( $, .METRE. ) );
#8046 = VERTEX_POINT ( 'NONE', #7275 ) ;
#8047 = VERTEX_POINT ( 'NONE', #6495 ) ;
#8048 = EDGE_CURVE ( 'NONE', #7913, #341, #9085, .T. ) ;
#8049 = DIRECTION ( 'NONE',  ( 0.7958852922525296858, 0.000000000000000000, -0.6054474391523226862 ) ) ;
#8050 = CARTESIAN_POINT ( 'NONE',  ( 0.000000000000000000, -0.08700000000000000788, -0.06950000000000000622 ) ) ;
#8051 = STYLED_ITEM ( 'NONE', ( #9611 ), #2212 ) ;
#8052 = LINE ( 'NONE', #7431, #1157 ) ;
#8053 = ADVANCED_FACE ( 'NONE', ( #5774 ), #1866, .T. ) ;
#8054 = UNCERTAINTY_MEASURE_WITH_UNIT (LENGTH_MEASURE( 1.000000000000000082E-05 ), #1032, 'distance_accuracy_value', 'NONE');
#8055 = CARTESIAN_POINT ( 'NONE',  ( 0.03099999999999999978, 0.1740000000000000158, 0.2090000000000000191 ) ) ;
#8056 = CARTESIAN_POINT ( 'NONE',  ( -0.2459492936636000215, 0.000000000000000000, -0.04337511403172000096 ) ) ;
#8057 = ORIENTED_EDGE ( 'NONE', *, *, #870, .T. ) ;
#8058 = CARTESIAN_POINT ( 'NONE',  ( 0.1862499999999999989, 0.04150000000000000216, 0.1650000000000000078 ) ) ;
#8059 = ORIENTED_EDGE ( 'NONE', *, *, #10112, .T. ) ;
#8060 = EDGE_CURVE ( 'NONE', #9008, #4755, #1042, .T. ) ;
#8061 = VERTEX_POINT ( 'NONE', #7329 ) ;
#8062 = LINE ( 'NONE', #1010, #1576 ) ;
#8063 = CARTESIAN_POINT ( 'NONE',  ( 0.000000000000000000, -0.09099999999999999756, 0.000000000000000000 ) ) ;
#8064 = SURFACE_SIDE_STYLE ('',( #4926 ) ) ;
#8065 = LINE ( 'NONE', #2711, #4675 ) ;
#8066 = CARTESIAN_POINT ( 'NONE',  ( 0.002000000000000000042, 0.1740000000000000158, 0.2290000000000000091 ) ) ;
#8067 = ADVANCED_FACE ( 'NONE', ( #1921 ), #4957, .F. ) ;
#8068 = EDGE_CURVE ( 'NONE', #2715, #7417, #3015, .T. ) ;
#8069 = CYLINDRICAL_SURFACE ( 'NONE', #8183, 0.01149999999999999634 ) ;
#8070 = CARTESIAN_POINT ( 'NONE',  ( -0.03950000000000000039, -0.09099999999999999756, -0.2290000000000000091 ) ) ;
#8071 = CIRCLE ( 'NONE', #6092, 0.01250000000000000243 ) ;
#8072 = EDGE_LOOP ( 'NONE', ( #4655, #2521, #5859, #3858, #9977, #3906, #5985, #5544 ) ) ;
#8073 = CARTESIAN_POINT ( 'NONE',  ( 0.000000000000000000, -0.2650000000000000133, 0.000000000000000000 ) ) ;
#8074 = CARTESIAN_POINT ( 'NONE',  ( 0.2072306584906999927, 0.09299999999999999933, 0.1054283463545000049 ) ) ;
#8075 = ORIENTED_EDGE ( 'NONE', *, *, #3419, .T. ) ;
#8076 = CIRCLE ( 'NONE', #5602, 0.03700000000000000511 ) ;
#8077 =( GEOMETRIC_REPRESENTATION_CONTEXT ( 3 ) GLOBAL_UNCERTAINTY_ASSIGNED_CONTEXT ( ( #6545 ) ) GLOBAL_UNIT_ASSIGNED_CONTEXT ( ( #1365, #8516, #4552 ) ) REPRESENTATION_CONTEXT ( 'NONE', 'WORKASPACE' ) );
#8078 = VERTEX_POINT ( 'NONE', #5052 ) ;
#8079 = CARTESIAN_POINT ( 'NONE',  ( -0.08550503583141004504, -0.007000000000000001013, -0.2349231551965000053 ) ) ;
#8080 = SURFACE_SIDE_STYLE ('',( #1697 ) ) ;
#8081 = EDGE_LOOP ( 'NONE', ( #7881, #5595, #1197, #6077 ) ) ;
#8082 = LENGTH_MEASURE_WITH_UNIT ( LENGTH_MEASURE( 0.02539999999999999897 ), #6482 );
#8083 = SURFACE_STYLE_FILL_AREA ( #259 ) ;
#8084 = CIRCLE ( 'NONE', #7100, 0.2359999999999999321 ) ;
#8085 = ORIENTED_EDGE ( 'NONE', *, *, #7797, .T. ) ;
#8086 = B_SPLINE_CURVE_WITH_KNOTS ( 'NONE', 3,
 ( #2291, #2991, #2240, #10093 ),
 .UNSPECIFIED., .F., .F.,
 ( 4, 4 ),
 ( 0.000000000000000000, 1.000000000000000000 ),
 .UNSPECIFIED. ) ;
#8087 = VERTEX_POINT ( 'NONE', #218 ) ;
#8088 = DIMENSIONAL_EXPONENTS ( 1.000000000000000000, 0.000000000000000000, 0.000000000000000000, 0.000000000000000000, 0.000000000000000000, 0.000000000000000000, 0.000000000000000000 ) ;
#8089 = UNCERTAINTY_MEASURE_WITH_UNIT (LENGTH_MEASURE( 1.000000000000000082E-05 ), #9569, 'distance_accuracy_value', 'NONE');
#8090 = ORIENTED_EDGE ( 'NONE', *, *, #4523, .T. ) ;
#8091 = CARTESIAN_POINT ( 'NONE',  ( 0.2188821022253999993, 0.1342286274597000173, -0.1180000444870999976 ) ) ;
#8092 = LINE ( 'NONE', #5050, #2901 ) ;
#8093 = DIRECTION ( 'NONE',  ( 0.000000000000000000, 1.000000000000000000, 0.000000000000000000 ) ) ;
#8094 = AXIS2_PLACEMENT_3D ( 'NONE', #5181, #347, #7552 ) ;
#8095 = LENGTH_MEASURE_WITH_UNIT ( LENGTH_MEASURE( 0.02539999999999999897 ), #8905 );
#8096 = CARTESIAN_POINT ( 'NONE',  ( 0.1868593687315000251, 0.1246118225996999951, 0.1253338594206000189 ) ) ;
#8097 = ORIENTED_EDGE ( 'NONE', *, *, #10188, .F. ) ;
#8098 = VERTEX_POINT ( 'NONE', #3409 ) ;
#8099 = PRESENTATION_LAYER_ASSIGNMENT (  '', '', ( #3651 ) ) ;
#8100 = CIRCLE ( 'NONE', #8583, 0.01149999999999999981 ) ;
#8101 = DIRECTION ( 'NONE',  ( -0.9832549075639432923, -1.387778780782060356E-13, 0.1822355254922080336 ) ) ;
#8102 = DIRECTION ( 'NONE',  ( 0.000000000000000000, -1.000000000000000000, 0.000000000000000000 ) ) ;
#8103 = FILL_AREA_STYLE_COLOUR ( '', #5594 ) ;
#8104 = CARTESIAN_POINT ( 'NONE',  ( 0.1745915801759999886, -0.006999999999998996608, -0.1872265476144999996 ) ) ;
#8105 = LENGTH_MEASURE_WITH_UNIT ( LENGTH_MEASURE( 0.02539999999999999897 ), #5741 );
#8106 =( LENGTH_UNIT ( ) NAMED_UNIT ( * ) SI_UNIT ( $, .METRE. ) );
#8107 = B_SPLINE_CURVE_WITH_KNOTS ( 'NONE', 3,
 ( #4110, #6418, #967, #5593, #3324, #6467, #9703, #1894, #7968, #1116, #2665, #2619, #9547, #9599, #4980, #2561, #907 ),
 .UNSPECIFIED., .F., .F.,
 ( 4, 2, 2, 2, 1, 2, 2, 2, 4 ),
 ( 0.000000000000000000, 0.2500000000000038303, 0.3750000000000052736, 0.4375000000000059952, 0.4687500000000071609, 0.4843750000000071609, 0.5000000000000071054, 0.7500000000000035527, 1.000000000000000000 ),
 .UNSPECIFIED. ) ;
#8108 = VERTEX_POINT ( 'NONE', #3456 ) ;
#8109 = ADVANCED_FACE ( 'NONE', ( #6444 ), #8200, .T. ) ;
#8110 = DIRECTION ( 'NONE',  ( 0.000000000000000000, -1.000000000000000000, 0.000000000000000000 ) ) ;
#8111 = AXIS2_PLACEMENT_3D ( 'NONE', #5995, #5171, #7540 ) ;
#8112 = CARTESIAN_POINT ( 'NONE',  ( -0.08550503583142009256, 0.000000000000000000, -0.2349231551965000053 ) ) ;
#8113 = CARTESIAN_POINT ( 'NONE',  ( 0.1938026504681999995, -0.0005000000000000000104, 0.1495466431144999997 ) ) ;
#8114 = FACE_OUTER_BOUND ( 'NONE', #8937, .T. ) ;
#8115 = DIRECTION ( 'NONE',  ( 0.000000000000000000, 1.000000000000000000, 0.000000000000000000 ) ) ;
#8117 = FACE_OUTER_BOUND ( 'NONE', #8037, .T. ) ;
#8116 = DIRECTION ( 'NONE',  ( 0.000000000000000000, 0.000000000000000000, 1.000000000000000000 ) ) ;
#8118 = ADVANCED_FACE ( 'NONE', ( #4234 ), #9627, .T. ) ;
#8119 = DIRECTION ( 'NONE',  ( 0.000000000000000000, 0.000000000000000000, -1.000000000000000000 ) ) ;
#8120 = ADVANCED_FACE ( 'NONE', ( #6551 ), #5480, .T. ) ;
#8121 = VERTEX_POINT ( 'NONE', #8804 ) ;
#8122 = DIRECTION ( 'NONE',  ( 0.000000000000000000, -1.000000000000000000, 0.000000000000000000 ) ) ;
#8123 = DIRECTION ( 'NONE',  ( -1.828244633517999933E-12, -1.000000000000000000, 2.920061324987000115E-12 ) ) ;
#8124 = COLOUR_RGB ( '',0.2509803921568627416, 0.2509803921568627416, 0.2509803921568627416 ) ;
#8125 = VECTOR ( 'NONE', #273, 39.37007874015748143 ) ;
#8126 = ORIENTED_EDGE ( 'NONE', *, *, #10138, .F. ) ;
#8127 = EDGE_CURVE ( 'NONE', #1863, #7658, #8279, .T. ) ;
#8128 = EDGE_CURVE ( 'NONE', #7586, #2717, #7955, .T. ) ;
#8129 = DIRECTION ( 'NONE',  ( 0.000000000000000000, 0.000000000000000000, 1.000000000000000000 ) ) ;
#8130 = VECTOR ( 'NONE', #1560, 39.37007874015748143 ) ;
#8131 = AXIS2_PLACEMENT_3D ( 'NONE', #5336, #9135, #7602 ) ;
#8132 = CARTESIAN_POINT ( 'NONE',  ( 0.1921506725278909755, 0.1082431427574522681, -0.1170612826092035930 ) ) ;
#8133 = CARTESIAN_POINT ( 'NONE',  ( 0.000000000000000000, 0.09299999999999999933, 0.000000000000000000 ) ) ;
#8134 = ORIENTED_EDGE ( 'NONE', *, *, #3281, .T. ) ;
#8135 = PRESENTATION_STYLE_ASSIGNMENT (( #5765 ) ) ;
#8136 = DIRECTION ( 'NONE',  ( -0.7431832533199911328, 0.000000000000000000, -0.6690879254512921426 ) ) ;
#8137 = ORIENTED_EDGE ( 'NONE', *, *, #4235, .F. ) ;
#8138 = ORIENTED_EDGE ( 'NONE', *, *, #1917, .T. ) ;
#8139 = ADVANCED_FACE ( 'NONE', ( #2587 ), #4831, .T. ) ;
#8140 = EDGE_CURVE ( 'NONE', #4757, #3669, #1718, .T. ) ;
#8141 = VERTEX_POINT ( 'NONE', #974 ) ;
#8142 = AXIS2_PLACEMENT_3D ( 'NONE', #8658, #1621, #345 ) ;
#8143 = CARTESIAN_POINT ( 'NONE',  ( 0.04756126883063000604, -0.2600000000000000089, 0.04282435880688000018 ) ) ;
#8144 = DIRECTION ( 'NONE',  ( -0.000000000000000000, 1.000000000000000000, 0.000000000000000000 ) ) ;
#8145 = DIRECTION ( 'NONE',  ( 0.000000000000000000, 0.000000000000000000, 1.000000000000000000 ) ) ;
#8146 = CARTESIAN_POINT ( 'NONE',  ( -0.04644655168860999800, -0.4030000000000000249, -0.04182066279051000618 ) ) ;
#8147 = ORIENTED_EDGE ( 'NONE', *, *, #734, .T. ) ;
#8148 = CARTESIAN_POINT ( 'NONE',  ( 0.05099999951920999863, 0.1884940035350000098, -0.2350000000105000042 ) ) ;
#8149 = VERTEX_POINT ( 'NONE', #204 ) ;
#8150 = STYLED_ITEM ( 'NONE', ( #6002 ), #5238 ) ;
#8151 = DIRECTION ( 'NONE',  ( -0.3746065934148988807, 0.000000000000000000, -0.9271838545671966525 ) ) ;
#8152 = DIMENSIONAL_EXPONENTS ( 1.000000000000000000, 0.000000000000000000, 0.000000000000000000, 0.000000000000000000, 0.000000000000000000, 0.000000000000000000, 0.000000000000000000 ) ;
#8153 = FACE_OUTER_BOUND ( 'NONE', #1703, .T. ) ;
#8154 =( NAMED_UNIT ( * ) SI_UNIT ( $, .STERADIAN. ) SOLID_ANGLE_UNIT ( ) );
#8155 = UNCERTAINTY_MEASURE_WITH_UNIT (LENGTH_MEASURE( 1.000000000000000082E-05 ), #6142, 'distance_accuracy_value', 'NONE');
#8156 = CARTESIAN_POINT ( 'NONE',  ( 0.1150000001636951458, -0.2880000000000000338, 9.299847411888996111E-10 ) ) ;
#8157 = CARTESIAN_POINT ( 'NONE',  ( -0.006000000000000000992, 0.1884923085198003112, 0.2411515860154442581 ) ) ;
#8158 = CARTESIAN_POINT ( 'NONE',  ( 0.002000000000000000042, 0.1839999998140140203, 0.2249924748639963168 ) ) ;
#8159 = VECTOR ( 'NONE', #7441, 39.37007874015748143 ) ;
#8160 = ORIENTED_EDGE ( 'NONE', *, *, #2404, .F. ) ;
#8161 = DIMENSIONAL_EXPONENTS ( 1.000000000000000000, 0.000000000000000000, 0.000000000000000000, 0.000000000000000000, 0.000000000000000000, 0.000000000000000000, 0.000000000000000000 ) ;
#8162 = DIRECTION ( 'NONE',  ( 0.000000000000000000, 1.000000000000000000, 0.000000000000000000 ) ) ;
#8163 = CARTESIAN_POINT ( 'NONE',  ( 0.03200000000000000067, 0.1290000000000000036, -0.2235999999999999932 ) ) ;
#8164 = CARTESIAN_POINT ( 'NONE',  ( -9.445048562706005121E-10, -0.2780000002890000155, 9.299847411888996111E-10 ) ) ;
#8165 = CARTESIAN_POINT ( 'NONE',  ( 0.03200000000000000067, 0.4210000000000000409, -0.2136000000000000121 ) ) ;
#8166 =( NAMED_UNIT ( * ) PLANE_ANGLE_UNIT ( ) SI_UNIT ( $, .RADIAN. ) );
#8167 = VECTOR ( 'NONE', #280, 39.37007874015748143 ) ;
#8168 = VECTOR ( 'NONE', #663, 39.37007874015748143 ) ;
#8169 = CYLINDRICAL_SURFACE ( 'NONE', #1007, 0.01150000000000000674 ) ;
#8170 = CARTESIAN_POINT ( 'NONE',  ( 0.000000000000000000, 0.1290000000000000036, 0.000000000000000000 ) ) ;
#8171 = EDGE_LOOP ( 'NONE', ( #7901, #5777, #2953, #3461, #92, #6591, #6112 ) ) ;
#8172 = CARTESIAN_POINT ( 'NONE',  ( -0.008000000000000000167, 0.1890000000000000291, -0.2136000000000000121 ) ) ;
#8173 = FACE_OUTER_BOUND ( 'NONE', #5481, .T. ) ;
#8174 = VERTEX_POINT ( 'NONE', #6322 ) ;
#8175 = VECTOR ( 'NONE', #6593, 39.37007874015748143 ) ;
#8176 =( NAMED_UNIT ( * ) PLANE_ANGLE_UNIT ( ) SI_UNIT ( $, .RADIAN. ) );
#8177 = VECTOR ( 'NONE', #2814, 39.37007874015748143 ) ;
#8178 = EDGE_CURVE ( 'NONE', #8232, #7663, #8768, .T. ) ;
#8179 = CARTESIAN_POINT ( 'NONE',  ( 0.2007083628298107769, 0.1034073006772439629, -0.1016904097272139512 ) ) ;
#8180 = CARTESIAN_POINT ( 'NONE',  ( 0.000000000000000000, 0.09299999999999999933, 0.000000000000000000 ) ) ;
#8181 = FACE_OUTER_BOUND ( 'NONE', #884, .T. ) ;
#8182 = CARTESIAN_POINT ( 'NONE',  ( 0.1906169418386430836, 0.1008937575422813038, -0.1195453016354038195 ) ) ;
#8183 = AXIS2_PLACEMENT_3D ( 'NONE', #1797, #1739, #4979 ) ;
#8184 = CARTESIAN_POINT ( 'NONE',  ( 0.2249291461723105234, 0.1357691082649035152, -0.1261937517336916836 ) ) ;
#8185 = EDGE_CURVE ( 'NONE', #6042, #3076, #4498, .T. ) ;
#8186 = ORIENTED_EDGE ( 'NONE', *, *, #8304, .F. ) ;
#8187 = DIRECTION ( 'NONE',  ( 1.000000000000000000, 0.000000000000000000, 0.000000000000000000 ) ) ;
#8188 = B_SPLINE_CURVE_WITH_KNOTS ( 'NONE', 3,
 ( #2621, #4210, #8726, #7199, #1635, #5545, #4935, #8886, #2410, #9601, #6577, #1687, #4768, #4820, #5647, #2512, #7970, #8781, #5706, #1845, #298, #7148, #6371, #7912, #6526, #4002, #88, #3380, #2565, #3326, #3229, #910, #1743, #7250, #4880, #4060, #147, #196, #8020, #4982, #3278, #6421, #970 ),
 .UNSPECIFIED., .F., .F.,
 ( 4, 2, 2, 2, 2, 1, 2, 2, 2, 2, 2, 2, 2, 2, 2, 2, 2, 2, 2, 2, 2, 4 ),
 ( 0.000000000000000000, 0.1249999999999957534, 0.2499999999999915068, 0.3124999999999896194, 0.3437499999999882871, 0.3593749999999872324, 0.3671874999999873435, 0.3749999999999874545, 0.4374999999999922284, 0.4687499999999947820, 0.4843749999999961142, 0.4921874999999967248, 0.4999999999999973355, 0.5624999999999975575, 0.6249999999999977796, 0.6874999999999980016, 0.7187499999999990008, 0.7500000000000000000, 0.8750000000000009992, 0.9062500000000007772, 0.9375000000000004441, 1.000000000000000000 ),
 .UNSPECIFIED. ) ;
#8189 = CIRCLE ( 'NONE', #4240, 0.2249999999999999223 ) ;
#8190 = ORIENTED_EDGE ( 'NONE', *, *, #7432, .T. ) ;
#8191 = COLOUR_RGB ( '',0.2509803921568627416, 0.2509803921568627416, 0.2509803921568627416 ) ;
#8192 = CIRCLE ( 'NONE', #2265, 0.03700000000000000511 ) ;
#8193 = UNCERTAINTY_MEASURE_WITH_UNIT (LENGTH_MEASURE( 1.000000000000000082E-05 ), #9154, 'distance_accuracy_value', 'NONE');
#8194 = ADVANCED_FACE ( 'NONE', ( #4674 ), #3283, .F. ) ;
#8195 = ORIENTED_EDGE ( 'NONE', *, *, #7803, .F. ) ;
#8196 = CARTESIAN_POINT ( 'NONE',  ( 0.2066735415927776209, 0.1312565644815282540, -0.1323276037272561878 ) ) ;
#8197 = AXIS2_PLACEMENT_3D ( 'NONE', #9921, #6020, #6853 ) ;
#8198 = DIRECTION ( 'NONE',  ( 0.09195989158564056576, 0.000000000000000000, 0.9957627118644066799 ) ) ;
#8199 = ADVANCED_FACE ( 'NONE', ( #8733 ), #3126, .T. ) ;
#8200 = PLANE ( 'NONE',  #2527 ) ;
#8201 = EDGE_CURVE ( 'NONE', #8461, #3923, #3848, .T. ) ;
#8202 = CARTESIAN_POINT ( 'NONE',  ( 0.000000000000000000, 0.000000000000000000, 0.000000000000000000 ) ) ;
#8203 = CARTESIAN_POINT ( 'NONE',  ( 0.05099999999999999672, 0.1890000000000000291, 0.2304232461115000297 ) ) ;
#8204 = EDGE_LOOP ( 'NONE', ( #7943, #9615, #5764, #7623, #6486, #7763 ) ) ;
#8205 = VERTEX_POINT ( 'NONE', #3234 ) ;
#8206 = ORIENTED_EDGE ( 'NONE', *, *, #7240, .F. ) ;
#8207 = CARTESIAN_POINT ( 'NONE',  ( 0.09328833875351003058, 0.1841728378958999990, -0.2308967408259000043 ) ) ;
#8208 = DIRECTION ( 'NONE',  ( 0.000000000000000000, 1.000000000000000000, 0.000000000000000000 ) ) ;
#8209 = LINE ( 'NONE', #6768, #8509 ) ;
#8210 = ORIENTED_EDGE ( 'NONE', *, *, #7183, .F. ) ;
#8211 = PLANE ( 'NONE',  #2854 ) ;
#8212 = ORIENTED_EDGE ( 'NONE', *, *, #3647, .T. ) ;
#8213 = DIRECTION ( 'NONE',  ( -0.02343750000000110675, 0.000000000000000000, -0.9997253040679473512 ) ) ;
#8214 = SURFACE_SIDE_STYLE ('',( #9022 ) ) ;
#8215 = DIRECTION ( 'NONE',  ( 0.000000000000000000, -1.000000000000000000, 0.000000000000000000 ) ) ;
#8216 =( CONVERSION_BASED_UNIT ( 'INCH', #1159 ) LENGTH_UNIT ( ) NAMED_UNIT ( #4209 ) );
#8218 = LINE ( 'NONE', #7399, #7303 ) ;
#8217 = DIRECTION ( 'NONE',  ( 0.000000000000000000, -1.000000000000000000, 0.000000000000000000 ) ) ;
#8219 = MECHANICAL_DESIGN_GEOMETRIC_PRESENTATION_REPRESENTATION (  '', ( #642 ), #1179 ) ;
#8220 = DIRECTION ( 'NONE',  ( -0.02343750000000110675, 0.000000000000000000, 0.9997253040679473512 ) ) ;
#8221 = ORIENTED_EDGE ( 'NONE', *, *, #7613, .F. ) ;
#8222 = DIMENSIONAL_EXPONENTS ( 1.000000000000000000, 0.000000000000000000, 0.000000000000000000, 0.000000000000000000, 0.000000000000000000, 0.000000000000000000, 0.000000000000000000 ) ;
#8223 = DIRECTION ( 'NONE',  ( 0.000000000000000000, 1.000000000000000000, 0.000000000000000000 ) ) ;
#8224 = ORIENTED_EDGE ( 'NONE', *, *, #1523, .T. ) ;
#8225 = FILL_AREA_STYLE_COLOUR ( '', #3871 ) ;
#8226 = CARTESIAN_POINT ( 'NONE',  ( 0.2015999427877512851, 0.1000356864853044064, -0.09991509046512041248 ) ) ;
#8227 = CARTESIAN_POINT ( 'NONE',  ( 0.1868593687315000251, 0.1246118225996999951, -0.1253338594206000189 ) ) ;
#8228 = CARTESIAN_POINT ( 'NONE',  ( 0.01200000000000000025, 0.4085000000000000298, -0.2136000000000000121 ) ) ;
#8229 = AXIS2_PLACEMENT_3D ( 'NONE', #6716, #9215, #2838 ) ;
#8230 = CYLINDRICAL_SURFACE ( 'NONE', #121, 0.06950000000000000622 ) ;
#8231 = LINE ( 'NONE', #2160, #452 ) ;
#8232 = VERTEX_POINT ( 'NONE', #8634 ) ;
#8233 = LINE ( 'NONE', #9908, #10177 ) ;
#8234 = DIRECTION ( 'NONE',  ( 0.3407781525734074890, -0.8660254037844200559, 0.3658828374339079814 ) ) ;
#8235 = ADVANCED_FACE ( 'NONE', ( #1693 ), #7101, .T. ) ;
#8236 = DIMENSIONAL_EXPONENTS ( 1.000000000000000000, 0.000000000000000000, 0.000000000000000000, 0.000000000000000000, 0.000000000000000000, 0.000000000000000000, 0.000000000000000000 ) ;
#8237 = CIRCLE ( 'NONE', #1004, 0.02000000000000000042 ) ;
#8238 = VERTEX_POINT ( 'NONE', #7055 ) ;
#8239 = VECTOR ( 'NONE', #1327, 39.37007874015748143 ) ;
#8240 = EDGE_CURVE ( 'NONE', #646, #9732, #8619, .T. ) ;
#8241 =( GEOMETRIC_REPRESENTATION_CONTEXT ( 3 ) GLOBAL_UNCERTAINTY_ASSIGNED_CONTEXT ( ( #4143 ) ) GLOBAL_UNIT_ASSIGNED_CONTEXT ( ( #7004, #9257, #8588 ) ) REPRESENTATION_CONTEXT ( 'NONE', 'WORKASPACE' ) );
#8242 = ORIENTED_EDGE ( 'NONE', *, *, #2598, .F. ) ;
#8243 = CARTESIAN_POINT ( 'NONE',  ( 0.2490176383265728099, 0.1346403321887285620, 0.006453146828266181217 ) ) ;
#8244 = DIRECTION ( 'NONE',  ( 0.000000000000000000, -1.000000000000000000, 0.000000000000000000 ) ) ;
#8245 = LINE ( 'NONE', #5304, #7524 ) ;
#8246 = EDGE_CURVE ( 'NONE', #3243, #6721, #5490, .T. ) ;
#8247 = ADVANCED_FACE ( 'NONE', ( #5855 ), #304, .T. ) ;
#8248 = ORIENTED_EDGE ( 'NONE', *, *, #969, .T. ) ;
#8249 = VERTEX_POINT ( 'NONE', #3489 ) ;
#8250 = LENGTH_MEASURE_WITH_UNIT ( LENGTH_MEASURE( 0.02539999999999999897 ), #8908 );
#8251 = ORIENTED_EDGE ( 'NONE', *, *, #9119, .T. ) ;
#8252 = AXIS2_PLACEMENT_3D ( 'NONE', #935, #7222, #7015 ) ;
#8253 = EDGE_CURVE ( 'NONE', #4166, #2980, #6582, .T. ) ;
#8254 = EDGE_CURVE ( 'NONE', #2164, #6068, #1276, .T. ) ;
#8256 = ORIENTED_EDGE ( 'NONE', *, *, #6798, .F. ) ;
#8255 = AXIS2_PLACEMENT_3D ( 'NONE', #6950, #5356, #4733 ) ;
#8257 = PLANE ( 'NONE',  #3119 ) ;
#8258 = CARTESIAN_POINT ( 'NONE',  ( -0.1940071273434000043, 0.1890000000000000291, -0.03420869100038999994 ) ) ;
#8259 = CARTESIAN_POINT ( 'NONE',  ( 0.1550000000000000266, -0.003547950130826000009, 0.1550000000000000266 ) ) ;
#8260 = EDGE_LOOP ( 'NONE', ( #2862, #5566, #2889, #3680, #9586 ) ) ;
#8261 =( NAMED_UNIT ( * ) SI_UNIT ( $, .STERADIAN. ) SOLID_ANGLE_UNIT ( ) );
#8262 = VERTEX_POINT ( 'NONE', #7501 ) ;
#8263 = LINE ( 'NONE', #5321, #270 ) ;
#8264 = FILL_AREA_STYLE_COLOUR ( '', #10084 ) ;
#8265 = DIRECTION ( 'NONE',  ( 1.000000000000000000, 0.000000000000000000, 0.000000000000000000 ) ) ;
#8266 = FACE_OUTER_BOUND ( 'NONE', #8848, .T. ) ;
#8267 = LINE ( 'NONE', #7397, #4287 ) ;
#8268 = DIRECTION ( 'NONE',  ( 0.000000000000000000, 1.000000000000000000, 0.000000000000000000 ) ) ;
#8269 = CARTESIAN_POINT ( 'NONE',  ( 0.07934005622203996189, -0.2792350674606999816, 0.09500000013517008457 ) ) ;
#8270 = VERTEX_POINT ( 'NONE', #5760 ) ;
#8271 = LINE ( 'NONE', #1217, #6294 ) ;
#8272 = CIRCLE ( 'NONE', #3830, 0.2447931081451000523 ) ;
#8273 = SURFACE_SIDE_STYLE ('',( #4986 ) ) ;
#8274 = CARTESIAN_POINT ( 'NONE',  ( 0.000000000000000000, -0.007000000000000001013, 0.000000000000000000 ) ) ;
#8275 = FACE_OUTER_BOUND ( 'NONE', #5691, .T. ) ;
#8276 = CARTESIAN_POINT ( 'NONE',  ( 0.1905276771208957998, 0.09962635109778027187, 0.1196837694718270312 ) ) ;
#8277 =( CONVERSION_BASED_UNIT ( 'INCH', #7408 ) LENGTH_UNIT ( ) NAMED_UNIT ( #8798 ) );
#8278 = AXIS2_PLACEMENT_3D ( 'NONE', #5895, #1897, #7498 ) ;
#8279 = CIRCLE ( 'NONE', #9580, 0.06899999999999997802 ) ;
#8280 = LINE ( 'NONE', #4365, #9805 ) ;
#8281 = ORIENTED_EDGE ( 'NONE', *, *, #4107, .T. ) ;
#8282 = DIRECTION ( 'NONE',  ( 0.000000000000000000, 0.000000000000000000, 1.000000000000000000 ) ) ;
#8283 = CARTESIAN_POINT ( 'NONE',  ( -0.008000000000000000167, 0.4210000000000000409, -0.2136000000000000121 ) ) ;
#8284 = ORIENTED_EDGE ( 'NONE', *, *, #7415, .T. ) ;
#8285 = AXIS2_PLACEMENT_3D ( 'NONE', #9250, #1488, #4760 ) ;
#8286 = COLOUR_RGB ( '',0.2509803921568627416, 0.2509803921568627416, 0.2509803921568627416 ) ;
#8287 = AXIS2_PLACEMENT_3D ( 'NONE', #1096, #4278, #4184 ) ;
#8288 = VERTEX_POINT ( 'NONE', #9854 ) ;
#8289 = DIRECTION ( 'NONE',  ( 0.000000000000000000, 1.000000000000000000, 0.000000000000000000 ) ) ;
#8290 = CARTESIAN_POINT ( 'NONE',  ( 0.000000000000000000, 0.1290000000000000036, 0.2249999999999999500 ) ) ;
#8291 = COLOUR_RGB ( '',0.2509803921568627416, 0.2509803921568627416, 0.2509803921568627416 ) ;
#8292 = CARTESIAN_POINT ( 'NONE',  ( 0.000000000000000000, -0.2849999999999999756, 0.000000000000000000 ) ) ;
#8293 = CARTESIAN_POINT ( 'NONE',  ( 0.2340611828564999053, 0.1889420395008000186, 0.01535656049834999842 ) ) ;
#8294 = COLOUR_RGB ( '',0.2509803921568627416, 0.2509803921568627416, 0.2509803921568627416 ) ;
#8295 = CARTESIAN_POINT ( 'NONE',  ( 0.1965890802050000163, 0.1114756296841000055, 0.1094428326788000061 ) ) ;
#8296 = EDGE_CURVE ( 'NONE', #5342, #3611, #1384, .T. ) ;
#8297 = VERTEX_POINT ( 'NONE', #8227 ) ;
#8298 = ORIENTED_EDGE ( 'NONE', *, *, #4216, .T. ) ;
#8299 = ORIENTED_EDGE ( 'NONE', *, *, #4843, .F. ) ;
#8300 = EDGE_CURVE ( 'NONE', #4478, #4840, #6151, .T. ) ;
#8301 = DIMENSIONAL_EXPONENTS ( 1.000000000000000000, 0.000000000000000000, 0.000000000000000000, 0.000000000000000000, 0.000000000000000000, 0.000000000000000000, 0.000000000000000000 ) ;
#8302 = ORIENTED_EDGE ( 'NONE', *, *, #8625, .T. ) ;
#8303 =( CONVERSION_BASED_UNIT ( 'INCH', #2179 ) LENGTH_UNIT ( ) NAMED_UNIT ( #9073 ) );
#8304 = EDGE_CURVE ( 'NONE', #9389, #103, #3684, .T. ) ;
#8305 = DIRECTION ( 'NONE',  ( 0.000000000000000000, -1.000000000000000000, 0.000000000000000000 ) ) ;
#8306 = CARTESIAN_POINT ( 'NONE',  ( -0.03950000000000000039, -0.1260000000000000009, -0.2169999999999999984 ) ) ;
#8307 = CARTESIAN_POINT ( 'NONE',  ( 0.2018090124589830281, 0.09885676080324556914, 0.09949017649587443834 ) ) ;
#8308 = EDGE_CURVE ( 'NONE', #4883, #6500, #6533, .T. ) ;
#8309 = ORIENTED_EDGE ( 'NONE', *, *, #8048, .F. ) ;
#8310 = ORIENTED_EDGE ( 'NONE', *, *, #7986, .T. ) ;
#8311 = DIRECTION ( 'NONE',  ( -5.753820304339000223E-14, -1.000000000000000000, -5.514077791658000813E-14 ) ) ;
#8312 =( GEOMETRIC_REPRESENTATION_CONTEXT ( 3 ) GLOBAL_UNCERTAINTY_ASSIGNED_CONTEXT ( ( #8155 ) ) GLOBAL_UNIT_ASSIGNED_CONTEXT ( ( #6142, #5323, #5273 ) ) REPRESENTATION_CONTEXT ( 'NONE', 'WORKASPACE' ) );
#8314 = ADVANCED_FACE ( 'NONE', ( #7454 ), #395, .F. ) ;
#8313 = CARTESIAN_POINT ( 'NONE',  ( 0.08840715604616004863, 0.1890000000000000291, 0.2188153896778000096 ) ) ;
#8315 = DIRECTION ( 'NONE',  ( -5.120903701084000034E-13, 1.000000000000000000, 9.436895709313999725E-14 ) ) ;
#8316 = DIRECTION ( 'NONE',  ( -0.7371669343284958931, 0.000000000000000000, -0.6757106710217969381 ) ) ;
#8317 = DIRECTION ( 'NONE',  ( 0.000000000000000000, -1.000000000000000000, 0.000000000000000000 ) ) ;
#8318 = LINE ( 'NONE', #2663, #7570 ) ;
#8319 = AXIS2_PLACEMENT_3D ( 'NONE', #5889, #5070, #8213 ) ;
#8320 = CARTESIAN_POINT ( 'NONE',  ( 0.06656041980742992414, -0.2870121033217999940, 0.09500000013037009083 ) ) ;
#8321 = ADVANCED_FACE ( 'NONE', ( #8275 ), #1222, .T. ) ;
#8322 = ORIENTED_EDGE ( 'NONE', *, *, #9434, .F. ) ;
#8323 = EDGE_CURVE ( 'NONE', #7153, #9212, #591, .T. ) ;
#8324 = FACE_OUTER_BOUND ( 'NONE', #2069, .T. ) ;
#8325 = CIRCLE ( 'NONE', #9632, 0.05049999999999999628 ) ;
#8326 = CARTESIAN_POINT ( 'NONE',  ( 0.2126030303585000336, 0.4385000000000000009, 0.1266365098322000116 ) ) ;
#8327 = PRESENTATION_LAYER_ASSIGNMENT (  '', '', ( #2251 ) ) ;
#8328 = DIRECTION ( 'NONE',  ( 0.000000000000000000, 1.000000000000000000, 0.000000000000000000 ) ) ;
#8329 = DIRECTION ( 'NONE',  ( -0.3420201433262050617, 0.000000000000000000, -0.9396926207857132507 ) ) ;
#8330 = CARTESIAN_POINT ( 'NONE',  ( 0.1906793933790632278, 0.1015122275036984684, 0.1194420391969979595 ) ) ;
#8331 = FILL_AREA_STYLE ('',( #5185 ) ) ;
#8332 = VERTEX_POINT ( 'NONE', #9188 ) ;
#8333 = CARTESIAN_POINT ( 'NONE',  ( 0.000000000000000000, -0.08700000000000000788, 0.000000000000000000 ) ) ;
#8334 = AXIS2_PLACEMENT_3D ( 'NONE', #4791, #5455, #823 ) ;
#8335 = ORIENTED_EDGE ( 'NONE', *, *, #1902, .T. ) ;
#8336 = AXIS2_PLACEMENT_3D ( 'NONE', #7448, #2851, #1991 ) ;
#8337 = ORIENTED_EDGE ( 'NONE', *, *, #7487, .F. ) ;
#8338 = LENGTH_MEASURE_WITH_UNIT ( LENGTH_MEASURE( 0.02539999999999999897 ), #9096 );
#8339 = SURFACE_SIDE_STYLE ('',( #3418 ) ) ;
#8340 = STYLED_ITEM ( 'NONE', ( #5523 ), #1025 ) ;
#8341 = PLANE ( 'NONE',  #5534 ) ;
#8342 = COLOUR_RGB ( '',0.2509803921568627416, 0.2509803921568627416, 0.2509803921568627416 ) ;
#8343 = CARTESIAN_POINT ( 'NONE',  ( 0.1829245375482000113, 0.03770513426900999610, 0.1627020484388999877 ) ) ;
#8344 = ORIENTED_EDGE ( 'NONE', *, *, #2578, .F. ) ;
#8345 = ORIENTED_EDGE ( 'NONE', *, *, #4274, .T. ) ;
#8346 = DIRECTION ( 'NONE',  ( 0.000000000000000000, -0.9493159909006628761, -0.3143233198798534578 ) ) ;
#8347 = VECTOR ( 'NONE', #3853, 39.37007874015748143 ) ;
#8348 = ORIENTED_EDGE ( 'NONE', *, *, #2005, .T. ) ;
#8349 = CIRCLE ( 'NONE', #3912, 0.2420000000000000484 ) ;
#8350 = AXIS2_PLACEMENT_3D ( 'NONE', #5252, #6485, #5506 ) ;
#8351 = EDGE_LOOP ( 'NONE', ( #7873, #4032, #179, #2688 ) ) ;
#8352 = FILL_AREA_STYLE ('',( #9781 ) ) ;
#8353 = DIRECTION ( 'NONE',  ( 1.000000000000000000, 0.000000000000000000, 0.000000000000000000 ) ) ;
#8354 = AXIS2_PLACEMENT_3D ( 'NONE', #2772, #447, #1958 ) ;
#8355 = DIRECTION ( 'NONE',  ( 1.000000000000000000, 0.000000000000000000, 0.000000000000000000 ) ) ;
#8356 = CARTESIAN_POINT ( 'NONE',  ( 0.1938026504681999995, 0.03950000000000000039, -0.1495466431144999997 ) ) ;
#8357 = VECTOR ( 'NONE', #3704, 39.37007874015748143 ) ;
#8358 = PLANE ( 'NONE',  #9482 ) ;
#8359 = ORIENTED_EDGE ( 'NONE', *, *, #5537, .F. ) ;
#8360 = CARTESIAN_POINT ( 'NONE',  ( 0.2270000000000000073, 0.03950000000000000039, 0.1448810599014000167 ) ) ;
#8361 = ORIENTED_EDGE ( 'NONE', *, *, #3522, .T. ) ;
#8362 = EDGE_CURVE ( 'NONE', #331, #4592, #2047, .T. ) ;
#8363 = CARTESIAN_POINT ( 'NONE',  ( 0.2477267028174274521, 0.1839512574133092826, 0.02793567957518074477 ) ) ;
#8364 = EDGE_CURVE ( 'NONE', #833, #7333, #5670, .T. ) ;
#8365 = DIRECTION ( 'NONE',  ( 0.000000000000000000, 0.000000000000000000, -1.000000000000000000 ) ) ;
#8366 = CARTESIAN_POINT ( 'NONE',  ( 0.1565765620985999917, 0.1849999999999999978, -0.1738958894071000183 ) ) ;
#8367 = DIRECTION ( 'NONE',  ( 0.000000000000000000, 1.000000000000000000, 0.000000000000000000 ) ) ;
#8368 = DIRECTION ( 'NONE',  ( -4.122198900436989916E-08, -0.9999999999999987788, 2.286483276711991764E-08 ) ) ;
#8369 = ORIENTED_EDGE ( 'NONE', *, *, #9493, .F. ) ;
#8370 = DIRECTION ( 'NONE',  ( 0.000000000000000000, 0.000000000000000000, -1.000000000000000000 ) ) ;
#8371 = ORIENTED_EDGE ( 'NONE', *, *, #6988, .T. ) ;
#8372 = EDGE_CURVE ( 'NONE', #8844, #78, #4953, .T. ) ;
#8373 = ADVANCED_FACE ( 'NONE', ( #3793, #5286 ), #10060, .F. ) ;
#8374 = CARTESIAN_POINT ( 'NONE',  ( 0.000000000000000000, -0.08700000000000000788, 0.000000000000000000 ) ) ;
#8375 = ADVANCED_FACE ( 'NONE', ( #4611 ), #3742, .F. ) ;
#8376 = DIRECTION ( 'NONE',  ( -0.3640852414849014007, 0.000000000000000000, -0.9313656301007037230 ) ) ;
#8377 = PLANE ( 'NONE',  #3986 ) ;
#8378 = VECTOR ( 'NONE', #5133, 39.37007874015748143 ) ;
#8379 = LINE ( 'NONE', #7605, #9811 ) ;
#8380 = DIRECTION ( 'NONE',  ( -1.000000000000000000, 0.000000000000000000, 0.000000000000000000 ) ) ;
#8381 = VERTEX_POINT ( 'NONE', #5386 ) ;
#8382 = CARTESIAN_POINT ( 'NONE',  ( 0.08428648351857992438, 0.1890000000000000291, 0.2086163672774999922 ) ) ;
#8383 = LENGTH_MEASURE_WITH_UNIT ( LENGTH_MEASURE( 0.02539999999999999897 ), #2114 );
#8384 = ORIENTED_EDGE ( 'NONE', *, *, #556, .F. ) ;
#8385 = CIRCLE ( 'NONE', #3951, 0.2499999999999998612 ) ;
#8386 = ORIENTED_EDGE ( 'NONE', *, *, #5088, .F. ) ;
#8387 = CARTESIAN_POINT ( 'NONE',  ( 0.2332494341586143216, 0.1269446339910586252, 0.01423978946643322460 ) ) ;
#8388 = LINE ( 'NONE', #7466, #757 ) ;
#8389 = VECTOR ( 'NONE', #850, 39.37007874015748143 ) ;
#8390 = DIRECTION ( 'NONE',  ( -1.000000000000000000, 0.000000000000000000, 0.000000000000000000 ) ) ;
#8391 = LINE ( 'NONE', #6754, #164 ) ;
#8392 = DIRECTION ( 'NONE',  ( -0.9396926207858973257, 0.000000000000000000, 0.3420201433256991330 ) ) ;
#8393 = EDGE_LOOP ( 'NONE', ( #5579, #8506, #7782, #8898, #214 ) ) ;
#8394 = ORIENTED_EDGE ( 'NONE', *, *, #1372, .T. ) ;
#8395 = DIRECTION ( 'NONE',  ( 0.2266666666667088714, 0.000000000000000000, 0.9739723929466395091 ) ) ;
#8396 = ORIENTED_EDGE ( 'NONE', *, *, #6280, .F. ) ;
#8397 = ORIENTED_EDGE ( 'NONE', *, *, #2823, .F. ) ;
#8398 = SURFACE_STYLE_USAGE ( .BOTH. , #5259 ) ;
#8399 = CARTESIAN_POINT ( 'NONE',  ( 0.1744175285112000151, 0.000000000000000000, -0.1870399000553000235 ) ) ;
#8400 = CARTESIAN_POINT ( 'NONE',  ( 0.1816389278424999920, 0.09299999999999999933, -0.1327866706120000018 ) ) ;
#8401 = DIRECTION ( 'NONE',  ( 0.3746065934146921017, 0.000000000000000000, -0.9271838545672802523 ) ) ;
#8402 = DIRECTION ( 'NONE',  ( 0.000000000000000000, -1.000000000000000000, 0.000000000000000000 ) ) ;
#8403 = DIRECTION ( 'NONE',  ( 0.000000000000000000, 1.000000000000000000, 0.000000000000000000 ) ) ;
#8404 = DIRECTION ( 'NONE',  ( 0.3407781525734074890, -0.8660254037844200559, -0.3658828374339079814 ) ) ;
#8405 = EDGE_LOOP ( 'NONE', ( #4469, #7932, #5759, #1245, #6855 ) ) ;
#8406 = DIRECTION ( 'NONE',  ( -4.736738784165999797E-14, 0.000000000000000000, 1.000000000000000000 ) ) ;
#8407 = ORIENTED_EDGE ( 'NONE', *, *, #3455, .F. ) ;
#8408 = AXIS2_PLACEMENT_3D ( 'NONE', #9773, #9628, #5679 ) ;
#8409 = CARTESIAN_POINT ( 'NONE',  ( 0.2509286125135227197, 0.09918766834194583937, -0.02240421964611175737 ) ) ;
#8410 = SURFACE_STYLE_FILL_AREA ( #7741 ) ;
#8411 = CARTESIAN_POINT ( 'NONE',  ( 0.1711266675210000032, 0.000000000000000000, 0.1900554185698999921 ) ) ;
#8412 = CARTESIAN_POINT ( 'NONE',  ( -0.2462038189668999955, 0.000000000000000000, 0.04340465833973000676 ) ) ;
#8413 = PLANE ( 'NONE',  #3033 ) ;
#8414 = LINE ( 'NONE', #5997, #9049 ) ;
#8415 = CARTESIAN_POINT ( 'NONE',  ( 0.000000000000000000, -0.1110000000000000014, 0.000000000000000000 ) ) ;
#8416 = ORIENTED_EDGE ( 'NONE', *, *, #5208, .T. ) ;
#8417 = CIRCLE ( 'NONE', #3815, 0.005000000000000014849 ) ;
#8418 = CARTESIAN_POINT ( 'NONE',  ( -0.2459489754869515765, -3.870559924350846128E-10, 0.04337696234754613578 ) ) ;
#8419 = ORIENTED_EDGE ( 'NONE', *, *, #2150, .F. ) ;
#8420 = EDGE_CURVE ( 'NONE', #8270, #3941, #2545, .T. ) ;
#8421 = DIRECTION ( 'NONE',  ( 0.000000000000000000, 1.000000000000000000, 0.000000000000000000 ) ) ;
#8422 = VECTOR ( 'NONE', #8123, 39.37007874015748143 ) ;
#8423 = CARTESIAN_POINT ( 'NONE',  ( 0.2245037639689278497, 0.1252269449701177706, -0.01493623834540654984 ) ) ;
#8425 = EDGE_CURVE ( 'NONE', #6601, #7795, #7470, .T. ) ;
#8424 = CARTESIAN_POINT ( 'NONE',  ( 0.2494589144528999991, 0.000000000000000000, -0.05750000000000000250 ) ) ;
#8426 = EDGE_CURVE ( 'NONE', #9212, #4282, #8778, .T. ) ;
#8428 =( LENGTH_UNIT ( ) NAMED_UNIT ( * ) SI_UNIT ( $, .METRE. ) );
#8427 = FACE_OUTER_BOUND ( 'NONE', #2852, .T. ) ;
#8429 = DIRECTION ( 'NONE',  ( 0.000000000000000000, 1.000000000000000000, 0.000000000000000000 ) ) ;
#8430 = ORIENTED_EDGE ( 'NONE', *, *, #2894, .F. ) ;
#8431 = CARTESIAN_POINT ( 'NONE',  ( 0.2483048275269000571, 0.1674787285196000508, -0.1158075417573999621 ) ) ;
#8432 = EDGE_CURVE ( 'NONE', #2127, #719, #7706, .T. ) ;
#8433 = ADVANCED_FACE ( 'NONE', ( #3168 ), #9542, .T. ) ;
#8434 = VERTEX_POINT ( 'NONE', #3997 ) ;
#8435 = ORIENTED_EDGE ( 'NONE', *, *, #9997, .F. ) ;
#8436 = CARTESIAN_POINT ( 'NONE',  ( 0.1987339895895674502, 0.1868525108035515581, 0.1435485561766264573 ) ) ;
#8437 = CARTESIAN_POINT ( 'NONE',  ( -0.01694845125667999997, -0.1110000000000000014, -0.09500000000000001499 ) ) ;
#8438 = PRESENTATION_LAYER_ASSIGNMENT (  '', '', ( #6471 ) ) ;
#8439 = CARTESIAN_POINT ( 'NONE',  ( 0.000000000000000000, -0.09099999999999999756, 0.000000000000000000 ) ) ;
#8440 = CARTESIAN_POINT ( 'NONE',  ( 0.1907148986719000294, 0.09416015450294999700, 0.1193852342301000152 ) ) ;
#8441 = CARTESIAN_POINT ( 'NONE',  ( -0.04124453781381999529, -0.2350000000000000144, -0.03713674865311000078 ) ) ;
#8442 = B_SPLINE_CURVE_WITH_KNOTS ( 'NONE', 3,
 ( #8148, #277, #4284, #7427, #364, #3413 ),
 .UNSPECIFIED., .F., .F.,
 ( 4, 1, 1, 4 ),
 ( 0.000000000000000000, 0.3333333333333000081, 0.6666666666667000474, 1.000000000000000000 ),
 .UNSPECIFIED. ) ;
#8443 = CARTESIAN_POINT ( 'NONE',  ( 0.1925000000000000044, 0.05700000000000000205, 0.1650000000000000078 ) ) ;
#8444 = DIRECTION ( 'NONE',  ( 0.000000000000000000, 1.000000000000000000, 0.000000000000000000 ) ) ;
#8445 = ADVANCED_FACE ( 'NONE', ( #7860 ), #4761, .T. ) ;
#8446 = ORIENTED_EDGE ( 'NONE', *, *, #6224, .F. ) ;
#8447 = EDGE_CURVE ( 'NONE', #8565, #7985, #4346, .T. ) ;
#8448 = AXIS2_PLACEMENT_3D ( 'NONE', #9844, #4253, #4974 ) ;
#8449 = VERTEX_POINT ( 'NONE', #1736 ) ;
#8450 = AXIS2_PLACEMENT_3D ( 'NONE', #966, #3817, #6959 ) ;
#8451 = ORIENTED_EDGE ( 'NONE', *, *, #6494, .T. ) ;
#8452 =( LENGTH_UNIT ( ) NAMED_UNIT ( * ) SI_UNIT ( $, .METRE. ) );
#8453 = DIRECTION ( 'NONE',  ( 0.6815563051467172784, 0.000000000000000000, 0.7317656748678191825 ) ) ;
#8454 = CIRCLE ( 'NONE', #550, 0.005000000000000014849 ) ;
#8455 = CARTESIAN_POINT ( 'NONE',  ( 0.03950000000000000039, -0.1260000000000000009, -0.2169999999999999984 ) ) ;
#8456 = AXIS2_PLACEMENT_3D ( 'NONE', #3151, #9575, #5625 ) ;
#8457 = AXIS2_PLACEMENT_3D ( 'NONE', #8774, #7961, #8718 ) ;
#8458 = CARTESIAN_POINT ( 'NONE',  ( 0.2285517068844035438, 0.1194889150016362200, 0.1128076163274875365 ) ) ;
#8459 = DIRECTION ( 'NONE',  ( -1.000000000000000000, 0.000000000000000000, -7.351401645337999911E-10 ) ) ;
#8460 = PLANE ( 'NONE',  #1672 ) ;
#8461 = VERTEX_POINT ( 'NONE', #5641 ) ;
#8462 = LINE ( 'NONE', #2136, #5001 ) ;
#8463 = ORIENTED_EDGE ( 'NONE', *, *, #7310, .T. ) ;
#8464 = CARTESIAN_POINT ( 'NONE',  ( 0.2370477623684241197, 0.1889999994880001699, 0.01883879939931673922 ) ) ;
#8465 = FACE_OUTER_BOUND ( 'NONE', #3698, .T. ) ;
#8466 = DIRECTION ( 'NONE',  ( -1.702215485629000277E-14, -1.000000000000000000, 5.695982574854999087E-14 ) ) ;
#8467 =( GEOMETRIC_REPRESENTATION_CONTEXT ( 3 ) GLOBAL_UNCERTAINTY_ASSIGNED_CONTEXT ( ( #8867 ) ) GLOBAL_UNIT_ASSIGNED_CONTEXT ( ( #10075, #3029, #6219 ) ) REPRESENTATION_CONTEXT ( 'NONE', 'WORKASPACE' ) );
#8468 = FILL_AREA_STYLE ('',( #2998 ) ) ;
#8469 = LINE ( 'NONE', #4699, #655 ) ;
#8470 = DIRECTION ( 'NONE',  ( -0.9832549075638536973, -1.784347659900914685E-13, 0.1822355254926914525 ) ) ;
#8471 = CARTESIAN_POINT ( 'NONE',  ( 0.2461459303397478815, 0.1320997659204973529, -0.01040725645376524428 ) ) ;
#8472 = VERTEX_POINT ( 'NONE', #6413 ) ;
#8473 = SURFACE_SIDE_STYLE ('',( #10053 ) ) ;
#8474 = AXIS2_PLACEMENT_3D ( 'NONE', #4882, #972, #4114 ) ;
#8475 =( NAMED_UNIT ( * ) SI_UNIT ( $, .STERADIAN. ) SOLID_ANGLE_UNIT ( ) );
#8476 = STYLED_ITEM ( 'NONE', ( #4215 ), #5217 ) ;
#8477 =( CONVERSION_BASED_UNIT ( 'INCH', #6984 ) LENGTH_UNIT ( ) NAMED_UNIT ( #263 ) );
#8478 = DIRECTION ( 'NONE',  ( 0.3407781525734074890, -0.8660254037844200559, -0.3658828374339079814 ) ) ;
#8479 =( LENGTH_UNIT ( ) NAMED_UNIT ( * ) SI_UNIT ( $, .METRE. ) );
#8480 = ORIENTED_EDGE ( 'NONE', *, *, #5865, .T. ) ;
#8481 = DIRECTION ( 'NONE',  ( 0.000000000000000000, 1.000000000000000000, 0.000000000000000000 ) ) ;
#8482 = AXIS2_PLACEMENT_3D ( 'NONE', #333, #3475, #286 ) ;
#8483 = EDGE_LOOP ( 'NONE', ( #2820, #1993, #7512 ) ) ;
#8484 = EDGE_CURVE ( 'NONE', #3971, #561, #4664, .T. ) ;
#8485 = ORIENTED_EDGE ( 'NONE', *, *, #5095, .F. ) ;
#8486 = CARTESIAN_POINT ( 'NONE',  ( 0.2003489591970288586, 0.1843653987975893138, 0.1475359573962268800 ) ) ;
#8487 = CARTESIAN_POINT ( 'NONE',  ( 0.2142544230921212545, 0.1271615681104575346, 0.1073780006665231296 ) ) ;
#8488 = EDGE_CURVE ( 'NONE', #7913, #6976, #3115, .T. ) ;
#8489 = CARTESIAN_POINT ( 'NONE',  ( -0.05600000000001000011, 0.1689999999999999836, -0.2497999199358999778 ) ) ;
#8490 = CIRCLE ( 'NONE', #4064, 0.01150000000000001889 ) ;
#8491 = CARTESIAN_POINT ( 'NONE',  ( 0.2031573033309000131, 0.09299999970751003653, 0.1226368006801000082 ) ) ;
#8492 = DIRECTION ( 'NONE',  ( 3.876413079418000123E-12, 1.000000000000000000, -4.305236722678999932E-12 ) ) ;
#8493 = VERTEX_POINT ( 'NONE', #6251 ) ;
#8494 = EDGE_LOOP ( 'NONE', ( #5345, #3235, #743, #4115 ) ) ;
#8495 = VECTOR ( 'NONE', #5912, 39.37007874015748854 ) ;
#8496 = ORIENTED_EDGE ( 'NONE', *, *, #7259, .F. ) ;
#8497 = SURFACE_SIDE_STYLE ('',( #7773 ) ) ;
#8498 = AXIS2_PLACEMENT_3D ( 'NONE', #4057, #1685, #8779 ) ;
#8499 = EDGE_CURVE ( 'NONE', #8493, #4259, #9094, .T. ) ;
#8500 = EDGE_CURVE ( 'NONE', #7198, #6872, #891, .T. ) ;
#8501 = FACE_OUTER_BOUND ( 'NONE', #1386, .T. ) ;
#8502 = FACE_OUTER_BOUND ( 'NONE', #6697, .T. ) ;
#8503 = CARTESIAN_POINT ( 'NONE',  ( 0.2003727677850170308, 0.1313428841351425291, 0.1023770750812128538 ) ) ;
#8504 = DIRECTION ( 'NONE',  ( 0.000000000000000000, 1.000000000000000000, 0.000000000000000000 ) ) ;
#8505 = AXIS2_PLACEMENT_3D ( 'NONE', #8990, #4314, #6787 ) ;
#8506 = ORIENTED_EDGE ( 'NONE', *, *, #5553, .F. ) ;
#8507 = FACE_OUTER_BOUND ( 'NONE', #6821, .T. ) ;
#8508 = ORIENTED_EDGE ( 'NONE', *, *, #9486, .F. ) ;
#8509 = VECTOR ( 'NONE', #1979, 39.37007874015748143 ) ;
#8510 = CIRCLE ( 'NONE', #4087, 0.2559999999999998943 ) ;
#8511 = DIRECTION ( 'NONE',  ( 0.01364846422641940310, -0.9993360567820551710, 0.03378113437338850500 ) ) ;
#8512 = FACE_OUTER_BOUND ( 'NONE', #3391, .T. ) ;
#8513 =( LENGTH_UNIT ( ) NAMED_UNIT ( * ) SI_UNIT ( $, .METRE. ) );
#8514 = CARTESIAN_POINT ( 'NONE',  ( -0.008000000000000000167, 0.1890000000000000291, -0.2136000000000000121 ) ) ;
#8515 = VECTOR ( 'NONE', #1345, 39.37007874015748854 ) ;
#8516 =( NAMED_UNIT ( * ) PLANE_ANGLE_UNIT ( ) SI_UNIT ( $, .RADIAN. ) );
#8517 = CARTESIAN_POINT ( 'NONE',  ( 0.2311382117500639655, 0.1280651803940961730, -0.01366464923190714546 ) ) ;
#8518 = VERTEX_POINT ( 'NONE', #5538 ) ;
#8519 = DIRECTION ( 'NONE',  ( 1.000000000000000000, 0.000000000000000000, 0.000000000000000000 ) ) ;
#8520 = CARTESIAN_POINT ( 'NONE',  ( 0.02200000000000000219, 0.4410000000000000031, -0.05399999999999999939 ) ) ;
#8521 =( NAMED_UNIT ( * ) PLANE_ANGLE_UNIT ( ) SI_UNIT ( $, .RADIAN. ) );
#8522 = CARTESIAN_POINT ( 'NONE',  ( 0.2247164446689277617, 0.1313428841327581587, -0.01152523611031537089 ) ) ;
#8523 = DIRECTION ( 'NONE',  ( 0.000000000000000000, 1.000000000000000000, 0.000000000000000000 ) ) ;
#8525 = CARTESIAN_POINT ( 'NONE',  ( 0.02200000000000000219, 0.4410000000000000031, 0.2190000000000000002 ) ) ;
#8524 = DIRECTION ( 'NONE',  ( 0.3420201433262050617, 0.000000000000000000, -0.9396926207857132507 ) ) ;
#8526 =( NAMED_UNIT ( * ) SI_UNIT ( $, .STERADIAN. ) SOLID_ANGLE_UNIT ( ) );
#8527 = ORIENTED_EDGE ( 'NONE', *, *, #314, .F. ) ;
#8528 = CARTESIAN_POINT ( 'NONE',  ( 0.2127881216194999481, 0.1889420390995998067, -0.1343970869846999316 ) ) ;
#8529 = LENGTH_MEASURE_WITH_UNIT ( LENGTH_MEASURE( 0.02539999999999999897 ), #6941 );
#8530 = VERTEX_POINT ( 'NONE', #849 ) ;
#8531 = ORIENTED_EDGE ( 'NONE', *, *, #4341, .F. ) ;
#8532 = CARTESIAN_POINT ( 'NONE',  ( 0.2270000000000000073, -0.0005000000000000000104, 0.09162240880552008360 ) ) ;
#8533 = CARTESIAN_POINT ( 'NONE',  ( 0.2171224242923757430, 0.1299576836896192689, 0.1110454269804751620 ) ) ;
#8534 = DIRECTION ( 'NONE',  ( 0.000000000000000000, -1.000000000000000000, 0.000000000000000000 ) ) ;
#8535 = EDGE_CURVE ( 'NONE', #2116, #2571, #7091, .T. ) ;
#8536 = CYLINDRICAL_SURFACE ( 'NONE', #2724, 0.03900000000000001382 ) ;
#8537 = SURFACE_STYLE_FILL_AREA ( #759 ) ;
#8538 = CARTESIAN_POINT ( 'NONE',  ( 0.2313726751586999697, 0.1674787285195999675, -0.03665110663364000432 ) ) ;
#8539 = DIRECTION ( 'NONE',  ( 0.000000000000000000, -1.000000000000000000, 0.000000000000000000 ) ) ;
#8540 = VERTEX_POINT ( 'NONE', #4054 ) ;
#8541 = ORIENTED_EDGE ( 'NONE', *, *, #506, .F. ) ;
#8542 = EDGE_CURVE ( 'NONE', #9610, #6355, #9473, .T. ) ;
#8543 = AXIS2_PLACEMENT_3D ( 'NONE', #10145, #7938, #8596 ) ;
#8544 = ORIENTED_EDGE ( 'NONE', *, *, #3601, .F. ) ;
#8545 = CARTESIAN_POINT ( 'NONE',  ( -0.05019860038286001053, -0.5847104776067000298, 0.03429899684319000219 ) ) ;
#8546 = CARTESIAN_POINT ( 'NONE',  ( 0.2575549935366808207, 0.1348255259928642924, -0.006197555161923612964 ) ) ;
#8547 = CARTESIAN_POINT ( 'NONE',  ( 0.1907961616009999917, 0.09357633566982992424, -0.1192553297456000055 ) ) ;
#8548 = EDGE_CURVE ( 'NONE', #260, #2579, #9383, .T. ) ;
#8549 = EDGE_CURVE ( 'NONE', #3204, #5672, #3360, .T. ) ;
#8550 = DIRECTION ( 'NONE',  ( 0.000000000000000000, 1.000000000000000000, 0.000000000000000000 ) ) ;
#8551 = CARTESIAN_POINT ( 'NONE',  ( 0.000000000000000000, 0.1890000000000000291, 0.000000000000000000 ) ) ;
#8552 = CARTESIAN_POINT ( 'NONE',  ( 0.1906471184636999994, 0.09474985947455001611, -0.1194934149712000016 ) ) ;
#8553 = ORIENTED_EDGE ( 'NONE', *, *, #9922, .F. ) ;
#8554 = FILL_AREA_STYLE ('',( #9325 ) ) ;
#8555 = EDGE_CURVE ( 'NONE', #8472, #533, #6362, .T. ) ;
#8556 = CIRCLE ( 'NONE', #10023, 0.2499999999999999167 ) ;
#8557 = EDGE_CURVE ( 'NONE', #6353, #9349, #2052, .T. ) ;
#8558 = AXIS2_PLACEMENT_3D ( 'NONE', #4647, #9331, #4604 ) ;
#8559 = CARTESIAN_POINT ( 'NONE',  ( -0.04400000000000000439, 0.1740000000000000158, 0.2190000000000000002 ) ) ;
#8560 = FACE_OUTER_BOUND ( 'NONE', #1757, .T. ) ;
#8561 = CARTESIAN_POINT ( 'NONE',  ( 0.000000000000000000, 0.000000000000000000, 0.000000000000000000 ) ) ;
#8562 = CARTESIAN_POINT ( 'NONE',  ( -0.005999999999984999971, 0.1890000000000000291, -0.2359229049514000032 ) ) ;
#8563 = CARTESIAN_POINT ( 'NONE',  ( 0.000000000000000000, 0.000000000000000000, 0.000000000000000000 ) ) ;
#8564 = CARTESIAN_POINT ( 'NONE',  ( 0.2181299064123092268, 0.1332808811693664552, 0.1361569159766449766 ) ) ;
#8565 = VERTEX_POINT ( 'NONE', #3891 ) ;
#8566 = CARTESIAN_POINT ( 'NONE',  ( -0.2245361608672000187, 0.1849999999999999978, 0.03959178340437000121 ) ) ;
#8567 = EDGE_LOOP ( 'NONE', ( #1289, #208, #3099, #6806 ) ) ;
#8568 = EDGE_CURVE ( 'NONE', #3866, #2833, #9101, .T. ) ;
#8569 = ORIENTED_EDGE ( 'NONE', *, *, #4107, .F. ) ;
#8570 = CARTESIAN_POINT ( 'NONE',  ( -9.445048562706005121E-10, -0.2780000002890000155, 9.299847411888996111E-10 ) ) ;
#8571 =( CONVERSION_BASED_UNIT ( 'INCH', #2153 ) LENGTH_UNIT ( ) NAMED_UNIT ( #6639 ) );
#8572 = DIRECTION ( 'NONE',  ( -0.000000000000000000, 1.000000000000000000, 0.000000000000000000 ) ) ;
#8574 = CARTESIAN_POINT ( 'NONE',  ( 0.000000000000000000, -0.03200000000000000067, 0.000000000000000000 ) ) ;
#8573 = CARTESIAN_POINT ( 'NONE',  ( 0.000000000000000000, -0.09099999999999999756, 0.000000000000000000 ) ) ;
#8575 = DIRECTION ( 'NONE',  ( 1.000000000000000000, 0.000000000000000000, 0.000000000000000000 ) ) ;
#8576 = ORIENTED_EDGE ( 'NONE', *, *, #5409, .F. ) ;
#8577 = CARTESIAN_POINT ( 'NONE',  ( 0.1870782168961001024, 0.1899449464299999835, -0.1408004277260999637 ) ) ;
#8578 = ORIENTED_EDGE ( 'NONE', *, *, #3824, .T. ) ;
#8579 = CARTESIAN_POINT ( 'NONE',  ( 0.2177867369762999106, 0.1889420390996001120, 0.1257392312191999151 ) ) ;
#8580 = DIRECTION ( 'NONE',  ( 0.000000000000000000, 1.000000000000000000, 0.000000000000000000 ) ) ;
#8581 = VERTEX_POINT ( 'NONE', #335 ) ;
#8582 = COLOUR_RGB ( '',0.2509803921568627416, 0.2509803921568627416, 0.2509803921568627416 ) ;
#8583 = AXIS2_PLACEMENT_3D ( 'NONE', #6842, #7461, #1229 ) ;
#8584 = CARTESIAN_POINT ( 'NONE',  ( 0.000000000000000000, -0.2650000000000000133, 0.000000000000000000 ) ) ;
#8585 = ORIENTED_EDGE ( 'NONE', *, *, #9175, .T. ) ;
#8586 = CARTESIAN_POINT ( 'NONE',  ( 0.2177009469872616121, 0.1308226584375327406, 0.1122302389357896640 ) ) ;
#8587 = DIRECTION ( 'NONE',  ( 1.000000000000000000, 0.000000000000000000, 0.000000000000000000 ) ) ;
#8588 =( NAMED_UNIT ( * ) SI_UNIT ( $, .STERADIAN. ) SOLID_ANGLE_UNIT ( ) );
#8589 = CARTESIAN_POINT ( 'NONE',  ( -0.08550503583142009256, -0.007000000000000001013, -0.2349231551965000053 ) ) ;
#8590 = EDGE_LOOP ( 'NONE', ( #4724, #9673, #8508, #6124 ) ) ;
#8591 = ORIENTED_EDGE ( 'NONE', *, *, #2964, .F. ) ;
#8592 = VECTOR ( 'NONE', #2493, 39.37007874015748854 ) ;
#8593 = UNCERTAINTY_MEASURE_WITH_UNIT (LENGTH_MEASURE( 1.000000000000000082E-05 ), #2722, 'distance_accuracy_value', 'NONE');
#8594 = ORIENTED_EDGE ( 'NONE', *, *, #1787, .T. ) ;
#8595 = DIRECTION ( 'NONE',  ( -1.623321528719999964E-10, 1.000000000000000000, 4.015287465028000245E-10 ) ) ;
#8596 = DIRECTION ( 'NONE',  ( 0.3407781525734074890, -0.8660254037844200559, 0.3658828374339079814 ) ) ;
#8597 = CARTESIAN_POINT ( 'NONE',  ( 0.2247232903770061407, 0.1058929262956928713, 0.01118480547346018157 ) ) ;
#8598 = CARTESIAN_POINT ( 'NONE',  ( 0.2275727457494717276, 0.1316792804182208565, -0.1187412320811405408 ) ) ;
#8599 = CIRCLE ( 'NONE', #2206, 0.1150000011082000090 ) ;
#8600 = CIRCLE ( 'NONE', #390, 0.2360000000000000708 ) ;
#8601 = SURFACE_SIDE_STYLE ('',( #625 ) ) ;
#8602 = ORIENTED_EDGE ( 'NONE', *, *, #4646, .F. ) ;
#8603 = PRESENTATION_STYLE_ASSIGNMENT (( #3932 ) ) ;
#8604 = EDGE_CURVE ( 'NONE', #7017, #1799, #894, .T. ) ;
#8605 = MECHANICAL_DESIGN_GEOMETRIC_PRESENTATION_REPRESENTATION (  '', ( #5979 ), #2374 ) ;
#8606 = PRESENTATION_LAYER_ASSIGNMENT (  '', '', ( #9588 ) ) ;
#8607 =( NAMED_UNIT ( * ) PLANE_ANGLE_UNIT ( ) SI_UNIT ( $, .RADIAN. ) );
#8608 = AXIS2_PLACEMENT_3D ( 'NONE', #2302, #6109, #2201 ) ;
#8609 = DIRECTION ( 'NONE',  ( 0.5000000000000175415, -0.8660254037844283825, 0.000000000000000000 ) ) ;
#8610 = FACE_OUTER_BOUND ( 'NONE', #6136, .T. ) ;
#8611 = DIRECTION ( 'NONE',  ( 0.4014783638161080193, 0.7999999999991157518, -0.4458868952873089042 ) ) ;
#8612 = EDGE_CURVE ( 'NONE', #3669, #7663, #8065, .T. ) ;
#8613 = CARTESIAN_POINT ( 'NONE',  ( 0.2519072560650615911, 0.1794441129756325914, -0.03101722910323078189 ) ) ;
#8614 = PRESENTATION_LAYER_ASSIGNMENT (  '', '', ( #239 ) ) ;
#8615 = CARTESIAN_POINT ( 'NONE',  ( 0.2256283501837803851, 0.1322815216231842117, -0.01016986348484801017 ) ) ;
#8616 = ORIENTED_EDGE ( 'NONE', *, *, #2282, .F. ) ;
#8617 = CARTESIAN_POINT ( 'NONE',  ( 0.1978442339848177911, 0.1877436586959867482, -0.1411026193769373271 ) ) ;
#8618 = ORIENTED_EDGE ( 'NONE', *, *, #8246, .T. ) ;
#8620 = ORIENTED_EDGE ( 'NONE', *, *, #2963, .F. ) ;
#8619 = B_SPLINE_CURVE_WITH_KNOTS ( 'NONE', 3,
 ( #93, #9396, #7152, #4066, #9555, #7817, #2468, #5552, #2365, #7874, #752, #5499, #38, #150, #2515, #7205, #1747, #3330, #4885, #3183, #7920, #8027, #861, #10176, #4116, #6473, #6379, #3908, #1588, #4728, #8987, #1905, #5180, #6631 ),
 .UNSPECIFIED., .F., .F.,
 ( 4, 2, 1, 2, 2, 2, 2, 2, 2, 2, 2, 2, 1, 2, 2, 2, 2, 4 ),
 ( 0.000000000000000000, 0.06249999999999414357, 0.09374999999999188149, 0.1093749999999909239, 0.1249999999999899802, 0.1874999999999890921, 0.2499999999999882316, 0.3749999999999860667, 0.4374999999999860112, 0.4999999999999860112, 0.6249999999999855671, 0.6874999999999834577, 0.7187499999999840128, 0.7343749999999827915, 0.7499999999999815703, 0.8124999999999865663, 0.8749999999999915623, 1.000000000000000000 ),
 .UNSPECIFIED. ) ;
#8621 = CARTESIAN_POINT ( 'NONE',  ( -0.05600000000000000810, 0.1890000000000000291, -0.2179197099850999908 ) ) ;
#8622 = DIRECTION ( 'NONE',  ( 1.000000000000000000, 0.000000000000000000, 0.000000000000000000 ) ) ;
#8623 = PLANE ( 'NONE',  #7255 ) ;
#8624 = ADVANCED_FACE ( 'NONE', ( #380 ), #9747, .F. ) ;
#8625 = EDGE_CURVE ( 'NONE', #3941, #5597, #4300, .T. ) ;
#8626 = CARTESIAN_POINT ( 'NONE',  ( 0.2037466348165999919, 0.05700000000000000205, 0.1549945444230000080 ) ) ;
#8627 = SURFACE_STYLE_FILL_AREA ( #8331 ) ;
#8628 = ORIENTED_EDGE ( 'NONE', *, *, #4288, .T. ) ;
#8629 = CARTESIAN_POINT ( 'NONE',  ( 0.2249892559134002157, 0.1806233514719000066, -0.1581967602901999392 ) ) ;
#8630 = ORIENTED_EDGE ( 'NONE', *, *, #203, .F. ) ;
#8631 = FACE_OUTER_BOUND ( 'NONE', #1037, .T. ) ;
#8632 = ORIENTED_EDGE ( 'NONE', *, *, #1125, .T. ) ;
#8633 = AXIS2_PLACEMENT_3D ( 'NONE', #3717, #1504, #4487 ) ;
#8634 = CARTESIAN_POINT ( 'NONE',  ( 0.05127699295793999162, -0.2650000000000000133, 0.04617001183875999587 ) ) ;
#8635 = ORIENTED_EDGE ( 'NONE', *, *, #5165, .F. ) ;
#8636 = CARTESIAN_POINT ( 'NONE',  ( 0.04199999999999999567, 0.1740000000000000158, 0.2290000000000000091 ) ) ;
#8637 = DIRECTION ( 'NONE',  ( -0.5000000000000170974, 0.000000000000000000, -0.8660254037844288266 ) ) ;
#8638 = STYLED_ITEM ( 'NONE', ( #10163 ), #5397 ) ;
#8639 = CARTESIAN_POINT ( 'NONE',  ( 0.2646230749038001595, 0.1899449431641999086, -0.01848707375888998528 ) ) ;
#8640 = DIRECTION ( 'NONE',  ( 0.6819983600639851762, 6.702440559103850543E-14, -0.7313537016177841243 ) ) ;
#8641 = ORIENTED_EDGE ( 'NONE', *, *, #5590, .F. ) ;
#8642 = EDGE_LOOP ( 'NONE', ( #3720, #458, #8038, #9501 ) ) ;
#8643 = ORIENTED_EDGE ( 'NONE', *, *, #2879, .F. ) ;
#8644 = CARTESIAN_POINT ( 'NONE',  ( 0.1915132753340000049, 0.09299999999999999933, 0.1195544567718000162 ) ) ;
#8645 = COLOUR_RGB ( '',0.2509803921568627416, 0.2509803921568627416, 0.2509803921568627416 ) ;
#8646 = CARTESIAN_POINT ( 'NONE',  ( 0.2561710437173556065, 0.1307514531945367375, -0.01185010216975874477 ) ) ;
#8647 = CARTESIAN_POINT ( 'NONE',  ( 0.2248139841924115812, 0.1010556652485055523, 0.009233049683468948221 ) ) ;
#8648 = CARTESIAN_POINT ( 'NONE',  ( 0.2242329480462393887, 0.1359836711150575195, -0.1276069389542910659 ) ) ;
#8649 = DIRECTION ( 'NONE',  ( 0.000000000000000000, 0.000000000000000000, 1.000000000000000000 ) ) ;
#8650 = DIRECTION ( 'NONE',  ( 0.6691306063587182384, 0.000000000000000000, 0.7431448254775202544 ) ) ;
#8651 = VERTEX_POINT ( 'NONE', #5841 ) ;
#8652 = CARTESIAN_POINT ( 'NONE',  ( 0.000000000000000000, -0.5879999999999999671, 0.000000000000000000 ) ) ;
#8653 = AXIS2_PLACEMENT_3D ( 'NONE', #7752, #10056, #4609 ) ;
#8654 = CIRCLE ( 'NONE', #435, 0.01000000000000000368 ) ;
#8655 = AXIS2_PLACEMENT_3D ( 'NONE', #7351, #85, #7298 ) ;
#8656 = CARTESIAN_POINT ( 'NONE',  ( 0.1956979891568999819, 0.1131885636416000013, -0.1110286560228000013 ) ) ;
#8657 = FILL_AREA_STYLE ('',( #4803 ) ) ;
#8658 = CARTESIAN_POINT ( 'NONE',  ( 0.000000000000000000, 0.000000000000000000, 0.000000000000000000 ) ) ;
#8659 = AXIS2_PLACEMENT_3D ( 'NONE', #243, #3437, #1684 ) ;
#8660 = LENGTH_MEASURE_WITH_UNIT ( LENGTH_MEASURE( 0.02539999999999999897 ), #4096 );
#8661 = VECTOR ( 'NONE', #7339, 39.37007874015748143 ) ;
#8662 = CARTESIAN_POINT ( 'NONE',  ( 0.2248109110168999836, 0.1330108282678000020, -0.009222488152840000245 ) ) ;
#8663 = EDGE_CURVE ( 'NONE', #425, #7131, #244, .T. ) ;
#8664 = CARTESIAN_POINT ( 'NONE',  ( -0.04400000000000000439, 0.1740000000000000158, 0.2206558406205999801 ) ) ;
#8665 = DIRECTION ( 'NONE',  ( 0.000000000000000000, -1.000000000000000000, 0.000000000000000000 ) ) ;
#8666 = ORIENTED_EDGE ( 'NONE', *, *, #1392, .T. ) ;
#8667 = AXIS2_PLACEMENT_3D ( 'NONE', #1393, #6851, #502 ) ;
#8668 = ADVANCED_FACE ( 'NONE', ( #8266 ), #5795, .F. ) ;
#8669 = VERTEX_POINT ( 'NONE', #7490 ) ;
#8670 = CARTESIAN_POINT ( 'NONE',  ( 0.000000000000000000, 0.05700000000000000205, 0.000000000000000000 ) ) ;
#8671 = CIRCLE ( 'NONE', #8197, 0.2249999999999998668 ) ;
#8672 = FACE_OUTER_BOUND ( 'NONE', #6389, .T. ) ;
#8673 = CARTESIAN_POINT ( 'NONE',  ( -2.338355432896000156E-09, 0.1849999999999999978, 5.781357068225000228E-09 ) ) ;
#8674 = DIRECTION ( 'NONE',  ( 0.000000000000000000, 0.000000000000000000, -1.000000000000000000 ) ) ;
#8676 = LINE ( 'NONE', #6888, #1938 ) ;
#8675 = CARTESIAN_POINT ( 'NONE',  ( 0.000000000000000000, 0.09299999999999999933, 0.000000000000000000 ) ) ;
#8677 = EDGE_CURVE ( 'NONE', #4542, #9212, #2362, .T. ) ;
#8678 = ORIENTED_EDGE ( 'NONE', *, *, #3697, .T. ) ;
#8679 = CARTESIAN_POINT ( 'NONE',  ( 0.1711266675210000032, 0.000000000000000000, 0.1900554185698999921 ) ) ;
#8680 = VERTEX_POINT ( 'NONE', #2800 ) ;
#8681 = DIRECTION ( 'NONE',  ( 1.000000000000000000, 0.000000000000000000, 0.000000000000000000 ) ) ;
#8682 = CARTESIAN_POINT ( 'NONE',  ( 0.2043819952930999995, 0.1689999999999999836, -0.1180000000000000077 ) ) ;
#8683 = ORIENTED_EDGE ( 'NONE', *, *, #494, .F. ) ;
#8684 = EDGE_CURVE ( 'NONE', #5874, #9766, #4154, .T. ) ;
#8685 = EDGE_CURVE ( 'NONE', #235, #6353, #4927, .T. ) ;
#8686 = DIRECTION ( 'NONE',  ( 0.000000000000000000, -1.000000000000000000, 0.000000000000000000 ) ) ;
#8687 = EDGE_LOOP ( 'NONE', ( #2551, #5582, #3379, #6883, #5013 ) ) ;
#8688 = CARTESIAN_POINT ( 'NONE',  ( 0.2004377823941145831, 0.1323165158233134131, 0.1040273927959989020 ) ) ;
#8689 = LENGTH_MEASURE_WITH_UNIT ( LENGTH_MEASURE( 0.02539999999999999897 ), #6946 );
#8690 = EDGE_LOOP ( 'NONE', ( #1551, #1128, #342, #2514, #3957, #2498, #8628, #6955, #3517, #5299, #9421, #5056 ) ) ;
#8691 = ORIENTED_EDGE ( 'NONE', *, *, #4920, .F. ) ;
#8692 = ORIENTED_EDGE ( 'NONE', *, *, #9506, .T. ) ;
#8693 = UNCERTAINTY_MEASURE_WITH_UNIT (LENGTH_MEASURE( 1.000000000000000082E-05 ), #7227, 'distance_accuracy_value', 'NONE');
#8694 = VERTEX_POINT ( 'NONE', #8165 ) ;
#8695 = DIRECTION ( 'NONE',  ( 0.000000000000000000, 1.000000000000000000, 0.000000000000000000 ) ) ;
#8696 = CARTESIAN_POINT ( 'NONE',  ( 0.1942926439424000062, 0.1890000000000000291, -0.1134696810160000097 ) ) ;
#8697 = FACE_OUTER_BOUND ( 'NONE', #9117, .T. ) ;
#8698 = DIRECTION ( 'NONE',  ( -1.000000000000000000, 0.000000000000000000, 0.000000000000000000 ) ) ;
#8699 = AXIS2_PLACEMENT_3D ( 'NONE', #4784, #7926, #3758 ) ;
#8700 = CARTESIAN_POINT ( 'NONE',  ( 0.2213546112140055144, 0.1355439868545538495, -0.1322477985305656745 ) ) ;
#8701 = CARTESIAN_POINT ( 'NONE',  ( 0.1888475316785144242, 0.1313428841358397769, -0.1223393695870051701 ) ) ;
#8702 =( NAMED_UNIT ( * ) PLANE_ANGLE_UNIT ( ) SI_UNIT ( $, .RADIAN. ) );
#8703 = ORIENTED_EDGE ( 'NONE', *, *, #3787, .F. ) ;
#8704 =( NAMED_UNIT ( * ) SI_UNIT ( $, .STERADIAN. ) SOLID_ANGLE_UNIT ( ) );
#8705 = CARTESIAN_POINT ( 'NONE',  ( -0.04124453781399000513, -0.2550000000000000044, -0.03713674865291999999 ) ) ;
#8706 = AXIS2_PLACEMENT_3D ( 'NONE', #9061, #5312, #5980 ) ;
#8707 = FILL_AREA_STYLE_COLOUR ( '', #1062 ) ;
#8708 = CARTESIAN_POINT ( 'NONE',  ( 0.000000000000000000, 0.000000000000000000, 0.000000000000000000 ) ) ;
#8709 = CARTESIAN_POINT ( 'NONE',  ( 0.000000000000000000, 0.08900000000000000966, 0.000000000000000000 ) ) ;
#8710 = CARTESIAN_POINT ( 'NONE',  ( -0.04400000000000000439, 0.1290000000000000036, 0.2206558406205999801 ) ) ;
#8711 = ORIENTED_EDGE ( 'NONE', *, *, #4286, .T. ) ;
#8712 = STYLED_ITEM ( 'NONE', ( #1942 ), #1771 ) ;
#8713 = ORIENTED_EDGE ( 'NONE', *, *, #5990, .F. ) ;
#8714 = AXIS2_PLACEMENT_3D ( 'NONE', #4614, #6985, #8478 ) ;
#8715 = ORIENTED_EDGE ( 'NONE', *, *, #4765, .F. ) ;
#8716 = DIRECTION ( 'NONE',  ( -3.466846661830981788E-08, -0.9999999999999976685, -5.773521659706976899E-08 ) ) ;
#8717 = CARTESIAN_POINT ( 'NONE',  ( 0.09170111233392992667, 0.000000000000000000, -0.2269682175813000080 ) ) ;
#8718 = DIRECTION ( 'NONE',  ( -0.3420201433256991330, 0.000000000000000000, 0.9396926207858972147 ) ) ;
#8719 = CARTESIAN_POINT ( 'NONE',  ( 0.000000000000000000, -0.007000000000000001013, 0.000000000000000000 ) ) ;
#8720 = MECHANICAL_DESIGN_GEOMETRIC_PRESENTATION_REPRESENTATION (  '', ( #5434 ), #8077 ) ;
#8722 = CARTESIAN_POINT ( 'NONE',  ( -0.04600204222479000599, -0.5929999999999999716, 0.02529944883092000163 ) ) ;
#8721 = CARTESIAN_POINT ( 'NONE',  ( 0.1505543864307000157, 0.09299999999999999933, 0.1672075857323999937 ) ) ;
#8723 = LINE ( 'NONE', #5704, #4553 ) ;
#8724 = ADVANCED_FACE ( 'NONE', ( #8114 ), #1112, .T. ) ;
#8725 = ORIENTED_EDGE ( 'NONE', *, *, #3919, .F. ) ;
#8726 = CARTESIAN_POINT ( 'NONE',  ( 0.2183981895816710372, 0.1357538756758639165, 0.1221902837217660187 ) ) ;
#8727 = ORIENTED_EDGE ( 'NONE', *, *, #5341, .T. ) ;
#8728 =( CONVERSION_BASED_UNIT ( 'INCH', #5547 ) LENGTH_UNIT ( ) NAMED_UNIT ( #8222 ) );
#8729 = DIRECTION ( 'NONE',  ( 1.000000000000000000, 0.000000000000000000, 0.000000000000000000 ) ) ;
#8730 = ORIENTED_EDGE ( 'NONE', *, *, #7259, .T. ) ;
#8731 = AXIS2_PLACEMENT_3D ( 'NONE', #6767, #1460, #6184 ) ;
#8732 = EDGE_CURVE ( 'NONE', #863, #4507, #696, .T. ) ;
#8733 = FACE_OUTER_BOUND ( 'NONE', #2730, .T. ) ;
#8734 = ADVANCED_FACE ( 'NONE', ( #9277 ), #2246, .T. ) ;
#8735 = ORIENTED_EDGE ( 'NONE', *, *, #3269, .F. ) ;
#8736 = DIRECTION ( 'NONE',  ( -0.8660254037844212771, 0.000000000000000000, 0.5000000000000300870 ) ) ;
#8737 = FACE_OUTER_BOUND ( 'NONE', #6904, .T. ) ;
#8738 = EDGE_CURVE ( 'NONE', #4366, #5410, #6878, .T. ) ;
#8739 = ORIENTED_EDGE ( 'NONE', *, *, #10138, .T. ) ;
#8740 = CARTESIAN_POINT ( 'NONE',  ( 0.2270000000000000073, 0.03950000000000000039, 0.09162240880552008360 ) ) ;
#8741 = CARTESIAN_POINT ( 'NONE',  ( -0.04950000000000000233, -0.09099999999999999756, -0.2169999999999999984 ) ) ;
#8742 = ORIENTED_EDGE ( 'NONE', *, *, #8938, .T. ) ;
#8743 = EDGE_LOOP ( 'NONE', ( #6869, #1948, #7367, #2218 ) ) ;
#8744 = ORIENTED_EDGE ( 'NONE', *, *, #1267, .F. ) ;
#8745 = CARTESIAN_POINT ( 'NONE',  ( 0.2081582226488497833, 0.1322109120148348971, -0.1320000980377224187 ) ) ;
#8746 = CARTESIAN_POINT ( 'NONE',  ( -0.08550503583141004504, 0.000000000000000000, 0.2349231551965000053 ) ) ;
#8747 =( CONVERSION_BASED_UNIT ( 'INCH', #7070 ) LENGTH_UNIT ( ) NAMED_UNIT ( #4141 ) );
#8748 = ADVANCED_FACE ( 'NONE', ( #6144 ), #1210, .F. ) ;
#8749 = CYLINDRICAL_SURFACE ( 'NONE', #5322, 0.06899999999999997802 ) ;
#8750 = EDGE_CURVE ( 'NONE', #1399, #182, #1261, .T. ) ;
#8751 = DIRECTION ( 'NONE',  ( -0.000000000000000000, 1.000000000000000000, 0.000000000000000000 ) ) ;
#8752 = FACE_OUTER_BOUND ( 'NONE', #4810, .T. ) ;
#8753 = ORIENTED_EDGE ( 'NONE', *, *, #9564, .F. ) ;
#8754 = PRESENTATION_STYLE_ASSIGNMENT (( #9472 ) ) ;
#8755 = DIRECTION ( 'NONE',  ( 0.000000000000000000, -1.000000000000000000, 0.000000000000000000 ) ) ;
#8756 = DIRECTION ( 'NONE',  ( 0.8660254037844289376, 0.5000000000000169864, 0.000000000000000000 ) ) ;
#8757 = SURFACE_STYLE_USAGE ( .BOTH. , #69 ) ;
#8758 = FILL_AREA_STYLE_COLOUR ( '', #9406 ) ;
#8759 =( GEOMETRIC_REPRESENTATION_CONTEXT ( 3 ) GLOBAL_UNCERTAINTY_ASSIGNED_CONTEXT ( ( #1056 ) ) GLOBAL_UNIT_ASSIGNED_CONTEXT ( ( #388, #479, #9705 ) ) REPRESENTATION_CONTEXT ( 'NONE', 'WORKASPACE' ) );
#8760 = UNCERTAINTY_MEASURE_WITH_UNIT (LENGTH_MEASURE( 1.000000000000000082E-05 ), #4427, 'distance_accuracy_value', 'NONE');
#8761 = FACE_OUTER_BOUND ( 'NONE', #8690, .T. ) ;
#8762 = FACE_OUTER_BOUND ( 'NONE', #8072, .T. ) ;
#8763 = CARTESIAN_POINT ( 'NONE',  ( 0.1906471184636999994, 0.09474985947455001611, 0.1194934149712000016 ) ) ;
#8764 = FACE_OUTER_BOUND ( 'NONE', #2189, .T. ) ;
#8765 = EDGE_LOOP ( 'NONE', ( #6890, #9291 ) ) ;
#8766 = CIRCLE ( 'NONE', #9092, 0.2500000000000001110 ) ;
#8767 = AXIS2_PLACEMENT_3D ( 'NONE', #6832, #5282, #1476 ) ;
#8768 = CIRCLE ( 'NONE', #8935, 0.06899999999999997802 ) ;
#8769 = EDGE_LOOP ( 'NONE', ( #2437, #7866, #2296, #3854, #4968 ) ) ;
#8770 = LINE ( 'NONE', #793, #7003 ) ;
#8771 = FACE_BOUND ( 'NONE', #1090, .T. ) ;
#8772 = DIRECTION ( 'NONE',  ( -4.950994569274000038E-13, -1.000000000000000000, 0.000000000000000000 ) ) ;
#8773 = VECTOR ( 'NONE', #3476, 39.37007874015748854 ) ;
#8774 = CARTESIAN_POINT ( 'NONE',  ( 0.000000000000000000, -0.09099999999999999756, 0.000000000000000000 ) ) ;
#8775 = FACE_OUTER_BOUND ( 'NONE', #9231, .T. ) ;
#8776 = CARTESIAN_POINT ( 'NONE',  ( -0.07949999999998995370, -0.2880000000000000338, 0.000000000000000000 ) ) ;
#8777 = AXIS2_PLACEMENT_3D ( 'NONE', #113, #7944, #4137 ) ;
#8778 = CIRCLE ( 'NONE', #8608, 0.01450000000000000941 ) ;
#8779 = DIRECTION ( 'NONE',  ( 0.6819983600624849318, 0.000000000000000000, 0.7313537016191830054 ) ) ;
#8780 = ORIENTED_EDGE ( 'NONE', *, *, #8499, .T. ) ;
#8781 = CARTESIAN_POINT ( 'NONE',  ( 0.2040991356267988222, 0.1295527514228674570, 0.1325037544282071933 ) ) ;
#8782 = ORIENTED_EDGE ( 'NONE', *, *, #1893, .F. ) ;
#8783 = PRESENTATION_STYLE_ASSIGNMENT (( #9602 ) ) ;
#8784 = ORIENTED_EDGE ( 'NONE', *, *, #9940, .F. ) ;
#8785 = DIRECTION ( 'NONE',  ( 0.7431448254773762585, 0.000000000000000000, 0.6691306063588782216 ) ) ;
#8786 = ORIENTED_EDGE ( 'NONE', *, *, #5522, .F. ) ;
#8787 = DIRECTION ( 'NONE',  ( 0.1736481776669324684, -4.072534410398674768E-14, -0.9848077530122077983 ) ) ;
#8788 = LENGTH_MEASURE_WITH_UNIT ( LENGTH_MEASURE( 0.02539999999999999897 ), #3289 );
#8789 = TOROIDAL_SURFACE ( 'NONE', #10097, 0.02000000000000000042, 0.01149999999999999981 ) ;
#8790 = ORIENTED_EDGE ( 'NONE', *, *, #1653, .F. ) ;
#8791 = CYLINDRICAL_SURFACE ( 'NONE', #3610, 0.06249999999999997918 ) ;
#8792 = CARTESIAN_POINT ( 'NONE',  ( 0.2230491192368999898, 0.09299999999999999933, 0.1008600823071000158 ) ) ;
#8793 = CARTESIAN_POINT ( 'NONE',  ( 0.2360000000000000153, 0.1890000000000000291, 0.000000000000000000 ) ) ;
#8794 = EDGE_CURVE ( 'NONE', #1397, #2177, #154, .T. ) ;
#8795 = EDGE_LOOP ( 'NONE', ( #9038, #4342, #9104, #8348 ) ) ;
#8796 = ORIENTED_EDGE ( 'NONE', *, *, #274, .F. ) ;
#8797 = VECTOR ( 'NONE', #3791, 39.37007874015748143 ) ;
#8798 = DIMENSIONAL_EXPONENTS ( 1.000000000000000000, 0.000000000000000000, 0.000000000000000000, 0.000000000000000000, 0.000000000000000000, 0.000000000000000000, 0.000000000000000000 ) ;
#8799 = EDGE_CURVE ( 'NONE', #6543, #1166, #3676, .T. ) ;
#8800 = ORIENTED_EDGE ( 'NONE', *, *, #4454, .T. ) ;
#8801 = DIRECTION ( 'NONE',  ( 0.1736481776669025201, 0.000000000000000000, -0.9848077530122130163 ) ) ;
#8802 = CARTESIAN_POINT ( 'NONE',  ( 0.1829245375482000113, 0.03770513426900999610, -0.1627020484388999877 ) ) ;
#8803 = CARTESIAN_POINT ( 'NONE',  ( 0.1948723322835999860, 0.05700000000000000205, -0.1481500587434000094 ) ) ;
#8804 = CARTESIAN_POINT ( 'NONE',  ( 3.135095805817224664E-17, -0.007000000000000001013, 0.2560000000000000053 ) ) ;
#8805 =( CONVERSION_BASED_UNIT ( 'INCH', #2486 ) LENGTH_UNIT ( ) NAMED_UNIT ( #7915 ) );
#8806 = ADVANCED_FACE ( 'NONE', ( #6920, #9999 ), #5275, .T. ) ;
#8807 = EDGE_LOOP ( 'NONE', ( #669, #1483, #1117, #301, #4895, #9314, #9914, #8281 ) ) ;
#8808 = DIRECTION ( 'NONE',  ( 0.000000000000000000, 0.000000000000000000, 1.000000000000000000 ) ) ;
#8809 = AXIS2_PLACEMENT_3D ( 'NONE', #1273, #6929, #6153 ) ;
#8810 = VECTOR ( 'NONE', #9214, 39.37007874015748854 ) ;
#8811 = EDGE_CURVE ( 'NONE', #3549, #5874, #6775, .T. ) ;
#8812 = EDGE_CURVE ( 'NONE', #5572, #2397, #1047, .T. ) ;
#8813 = DIRECTION ( 'NONE',  ( -0.01364846422989027599, 0.9993360567812197282, 0.03378113439670069745 ) ) ;
#8814 = SURFACE_STYLE_FILL_AREA ( #4857 ) ;
#8815 = AXIS2_PLACEMENT_3D ( 'NONE', #4630, #713, #1499 ) ;
#8816 = CARTESIAN_POINT ( 'NONE',  ( 0.000000000000000000, 0.000000000000000000, 0.000000000000000000 ) ) ;
#8817 = VECTOR ( 'NONE', #9568, 39.37007874015748143 ) ;
#8818 = ORIENTED_EDGE ( 'NONE', *, *, #9476, .F. ) ;
#8819 = LINE ( 'NONE', #8006, #9755 ) ;
#8820 = VERTEX_POINT ( 'NONE', #5325 ) ;
#8821 = EDGE_LOOP ( 'NONE', ( #10078, #9508, #6789 ) ) ;
#8822 = CARTESIAN_POINT ( 'NONE',  ( 0.2522984777927850808, 0.1025895611069361224, 0.02142740371381655559 ) ) ;
#8823 = AXIS2_PLACEMENT_3D ( 'NONE', #1173, #7555, #1999 ) ;
#8824 = DIRECTION ( 'NONE',  ( 0.000000000000000000, -1.000000000000000000, 0.000000000000000000 ) ) ;
#8825 = FACE_OUTER_BOUND ( 'NONE', #3089, .T. ) ;
#8826 = DIRECTION ( 'NONE',  ( -2.999640707398000203E-13, 1.000000000000000000, -1.653686386000999823E-13 ) ) ;
#8827 = LINE ( 'NONE', #3319, #2647 ) ;
#8828 = AXIS2_PLACEMENT_3D ( 'NONE', #8170, #1740, #6524 ) ;
#8830 = SURFACE_SIDE_STYLE ('',( #4109 ) ) ;
#8829 = CYLINDRICAL_SURFACE ( 'NONE', #9535, 0.2447931081450999968 ) ;
#8831 = CARTESIAN_POINT ( 'NONE',  ( 0.000000000000000000, -0.09099999999999999756, -0.2560000000000000053 ) ) ;
#8832 = ORIENTED_EDGE ( 'NONE', *, *, #9296, .F. ) ;
#8833 = CARTESIAN_POINT ( 'NONE',  ( 0.1948723322835999860, 0.05700000000000000205, 0.1481500587434000094 ) ) ;
#8834 = PRESENTATION_LAYER_ASSIGNMENT (  '', '', ( #8022 ) ) ;
#8835 = CARTESIAN_POINT ( 'NONE',  ( 0.2022273737319000009, 0.09299999999999999933, 0.09863614607992993166 ) ) ;
#8836 = VECTOR ( 'NONE', #1072, 39.37007874015748143 ) ;
#8837 = ORIENTED_EDGE ( 'NONE', *, *, #1372, .F. ) ;
#8838 = CARTESIAN_POINT ( 'NONE',  ( 0.02200000000000000219, 0.4210000000000000409, 0.2290000000000000091 ) ) ;
#8839 = AXIS2_PLACEMENT_3D ( 'NONE', #6009, #9959, #8992 ) ;
#8840 = EDGE_LOOP ( 'NONE', ( #9656, #6148, #4176, #4482 ) ) ;
#8841 = CARTESIAN_POINT ( 'NONE',  ( -0.05600000000000000810, 0.1883563230176862613, 0.2345979800431032825 ) ) ;
#8842 = CARTESIAN_POINT ( 'NONE',  ( 0.1936690067130349691, 0.1122501733710823124, -0.1145313506869612280 ) ) ;
#8843 = VECTOR ( 'NONE', #360, 39.37007874015748143 ) ;
#8844 = VERTEX_POINT ( 'NONE', #7643 ) ;
#8845 = SURFACE_SIDE_STYLE ('',( #5717 ) ) ;
#8846 = LENGTH_MEASURE_WITH_UNIT ( LENGTH_MEASURE( 0.02539999999999999897 ), #9460 );
#8847 = ORIENTED_EDGE ( 'NONE', *, *, #3588, .F. ) ;
#8848 = EDGE_LOOP ( 'NONE', ( #9489, #6080, #42, #9924 ) ) ;
#8849 = ORIENTED_EDGE ( 'NONE', *, *, #440, .T. ) ;
#8850 = CARTESIAN_POINT ( 'NONE',  ( 0.1908907148530000208, 0.09299999999999999933, 0.1191038831563999978 ) ) ;
#8851 = EDGE_CURVE ( 'NONE', #9662, #9078, #2519, .T. ) ;
#8852 = DIRECTION ( 'NONE',  ( 0.000000000000000000, 0.000000000000000000, -1.000000000000000000 ) ) ;
#8853 = CARTESIAN_POINT ( 'NONE',  ( 0.000000000000000000, -0.2849999999999999756, 0.000000000000000000 ) ) ;
#8854 = CYLINDRICAL_SURFACE ( 'NONE', #9981, 0.06950000000000000622 ) ;
#8855 = EDGE_CURVE ( 'NONE', #5429, #2298, #8272, .T. ) ;
#8856 = ORIENTED_EDGE ( 'NONE', *, *, #47, .T. ) ;
#8857 = CARTESIAN_POINT ( 'NONE',  ( -0.009350458488202992649, -0.5913985975665000394, -0.05330012613983999697 ) ) ;
#8858 = VERTEX_POINT ( 'NONE', #3211 ) ;
#8859 = EDGE_CURVE ( 'NONE', #414, #927, #3881, .T. ) ;
#8860 = CARTESIAN_POINT ( 'NONE',  ( 0.2270000000000000073, 0.03950000000000000039, -0.1448810599014000167 ) ) ;
#8862 = EDGE_CURVE ( 'NONE', #6543, #6706, #378, .T. ) ;
#8861 = CARTESIAN_POINT ( 'NONE',  ( -0.08755715669137008328, -0.007000000000000001013, 0.2405613109212000056 ) ) ;
#8863 = DIMENSIONAL_EXPONENTS ( 1.000000000000000000, 0.000000000000000000, 0.000000000000000000, 0.000000000000000000, 0.000000000000000000, 0.000000000000000000, 0.000000000000000000 ) ;
#8864 = AXIS2_PLACEMENT_3D ( 'NONE', #1228, #7609, #449 ) ;
#8865 = CARTESIAN_POINT ( 'NONE',  ( 0.000000000000000000, -0.007000000000000001013, 0.000000000000000000 ) ) ;
#8866 = DIMENSIONAL_EXPONENTS ( 1.000000000000000000, 0.000000000000000000, 0.000000000000000000, 0.000000000000000000, 0.000000000000000000, 0.000000000000000000, 0.000000000000000000 ) ;
#8867 = UNCERTAINTY_MEASURE_WITH_UNIT (LENGTH_MEASURE( 1.000000000000000082E-05 ), #10075, 'distance_accuracy_value', 'NONE');
#8868 = SURFACE_STYLE_FILL_AREA ( #230 ) ;
#8869 = DIRECTION ( 'NONE',  ( 0.000000000000000000, 1.000000000000000000, 0.000000000000000000 ) ) ;
#8870 = EDGE_CURVE ( 'NONE', #3451, #7586, #785, .T. ) ;
#8871 = LINE ( 'NONE', #8443, #5581 ) ;
#8872 = EDGE_CURVE ( 'NONE', #3220, #176, #9576, .T. ) ;
#8873 = DIRECTION ( 'NONE',  ( 0.000000000000000000, 0.000000000000000000, -1.000000000000000000 ) ) ;
#8874 = EDGE_LOOP ( 'NONE', ( #7102, #6161, #3295, #2322 ) ) ;
#8875 = PRESENTATION_STYLE_ASSIGNMENT (( #7239 ) ) ;
#8876 = CARTESIAN_POINT ( 'NONE',  ( 0.000000000000000000, 0.1890000000000000291, 0.000000000000000000 ) ) ;
#8877 = FILL_AREA_STYLE_COLOUR ( '', #6954 ) ;
#8878 = DIRECTION ( 'NONE',  ( -0.1822355254920934309, 0.000000000000000000, -0.9832549075639646086 ) ) ;
#8880 = CARTESIAN_POINT ( 'NONE',  ( 0.2077831892478476661, 0.1025895611069747582, 0.1447059148497215342 ) ) ;
#8879 = DIRECTION ( 'NONE',  ( 0.000000000000000000, 1.000000000000000000, 0.000000000000000000 ) ) ;
#8881 = CARTESIAN_POINT ( 'NONE',  ( 0.03200000000000000067, 0.1290000000000000036, -0.2227128195682000211 ) ) ;
#8882 = MECHANICAL_DESIGN_GEOMETRIC_PRESENTATION_REPRESENTATION (  '', ( #2312 ), #5271 ) ;
#8883 = EDGE_CURVE ( 'NONE', #4296, #8121, #3665, .T. ) ;
#8884 = ORIENTED_EDGE ( 'NONE', *, *, #6915, .T. ) ;
#8885 = ADVANCED_FACE ( 'NONE', ( #9375 ), #2027, .T. ) ;
#8886 = CARTESIAN_POINT ( 'NONE',  ( 0.2111474956186538410, 0.1339710284168278698, 0.1308367462047933805 ) ) ;
#8887 = CARTESIAN_POINT ( 'NONE',  ( -0.06480740657467991273, -0.2880000001265000109, 0.09499999996562991100 ) ) ;
#8888 = ORIENTED_EDGE ( 'NONE', *, *, #1571, .F. ) ;
#8889 = CARTESIAN_POINT ( 'NONE',  ( 0.1997466651892143841, 0.1058100887368331883, -0.1035723037424547827 ) ) ;
#8890 = DIRECTION ( 'NONE',  ( 0.000000000000000000, 1.000000000000000000, 0.000000000000000000 ) ) ;
#8891 = CARTESIAN_POINT ( 'NONE',  ( -0.01694845125667999997, -0.1110000000000000014, 0.09500000000000001499 ) ) ;
#8892 = DIRECTION ( 'NONE',  ( 0.9222755090883838491, 0.000000000000000000, -0.3865331620129929258 ) ) ;
#8893 = DIRECTION ( 'NONE',  ( 0.000000000000000000, 1.000000000000000000, 0.000000000000000000 ) ) ;
#8894 = ORIENTED_EDGE ( 'NONE', *, *, #5958, .F. ) ;
#8895 = PLANE ( 'NONE',  #1977 ) ;
#8896 =( CONVERSION_BASED_UNIT ( 'INCH', #868 ) LENGTH_UNIT ( ) NAMED_UNIT ( #1844 ) );
#8897 = AXIS2_PLACEMENT_3D ( 'NONE', #8258, #4192, #3425 ) ;
#8898 = ORIENTED_EDGE ( 'NONE', *, *, #2033, .F. ) ;
#8899 = EDGE_LOOP ( 'NONE', ( #3341, #3110, #3385, #3550 ) ) ;
#8900 = EDGE_LOOP ( 'NONE', ( #4125, #2525, #4270, #5969, #5348 ) ) ;
#8901 = CARTESIAN_POINT ( 'NONE',  ( 0.2171142156965147618, 0.1364743097085797940, -0.1259876808129178349 ) ) ;
#8902 = DIRECTION ( 'NONE',  ( 1.000000000000000000, 0.000000000000000000, 0.000000000000000000 ) ) ;
#8903 = DIRECTION ( 'NONE',  ( -0.9832549075639646086, 0.000000000000000000, 0.1822355254920934309 ) ) ;
#8904 = VECTOR ( 'NONE', #8129, 39.37007874015748143 ) ;
#8905 =( LENGTH_UNIT ( ) NAMED_UNIT ( * ) SI_UNIT ( $, .METRE. ) );
#8906 = DIRECTION ( 'NONE',  ( -0.9585943257184814659, 0.000000000000000000, -0.2847752073132946982 ) ) ;
#8907 = ORIENTED_EDGE ( 'NONE', *, *, #6975, .F. ) ;
#8908 =( LENGTH_UNIT ( ) NAMED_UNIT ( * ) SI_UNIT ( $, .METRE. ) );
#8909 = ORIENTED_EDGE ( 'NONE', *, *, #606, .T. ) ;
#8910 = AXIS2_PLACEMENT_3D ( 'NONE', #8035, #4996, #980 ) ;
#8911 = MECHANICAL_DESIGN_GEOMETRIC_PRESENTATION_REPRESENTATION (  '', ( #6277 ), #3162 ) ;
#8912 = DIRECTION ( 'NONE',  ( 1.000000000000000000, 0.000000000000000000, 0.000000000000000000 ) ) ;
#8913 = FILL_AREA_STYLE_COLOUR ( '', #9633 ) ;
#8914 =( NAMED_UNIT ( * ) PLANE_ANGLE_UNIT ( ) SI_UNIT ( $, .RADIAN. ) );
#8915 = CARTESIAN_POINT ( 'NONE',  ( 0.2257378805857000181, 0.06967483934667992318, -0.09468936088066003121 ) ) ;
#8916 = CARTESIAN_POINT ( 'NONE',  ( -0.006000000000000000125, 0.1822200901519686889, 0.2509841048815796838 ) ) ;
#8917 = ORIENTED_EDGE ( 'NONE', *, *, #5456, .F. ) ;
#8918 = EDGE_CURVE ( 'NONE', #422, #4622, #15, .T. ) ;
#8919 = FACE_OUTER_BOUND ( 'NONE', #448, .T. ) ;
#8920 = MECHANICAL_DESIGN_GEOMETRIC_PRESENTATION_REPRESENTATION (  '', ( #6471 ), #8759 ) ;
#8921 = AXIS2_PLACEMENT_3D ( 'NONE', #2039, #2849, #4549 ) ;
#8922 = EDGE_CURVE ( 'NONE', #5866, #8039, #222, .T. ) ;
#8923 = CARTESIAN_POINT ( 'NONE',  ( 0.1911340067463000170, 0.1143371685741000066, 0.1035858910738000072 ) ) ;
#8924 = DIRECTION ( 'NONE',  ( 0.000000000000000000, -1.000000000000000000, 0.000000000000000000 ) ) ;
#8925 = CARTESIAN_POINT ( 'NONE',  ( 0.07935891988285001530, -0.2792228069957999881, -0.09499999998112007571 ) ) ;
#8927 = CARTESIAN_POINT ( 'NONE',  ( 0.08428648351857992438, 0.09299999999999999933, -0.2086163672774999922 ) ) ;
#8926 = CARTESIAN_POINT ( 'NONE',  ( 0.2047651328491999767, 0.1143371685741000066, -0.1182212045712000004 ) ) ;
#8928 = FACE_OUTER_BOUND ( 'NONE', #9534, .T. ) ;
#8929 = ORIENTED_EDGE ( 'NONE', *, *, #7108, .F. ) ;
#8930 = DIMENSIONAL_EXPONENTS ( 1.000000000000000000, 0.000000000000000000, 0.000000000000000000, 0.000000000000000000, 0.000000000000000000, 0.000000000000000000, 0.000000000000000000 ) ;
#8931 = DIRECTION ( 'NONE',  ( -0.9271838545667933085, 0.000000000000000000, 0.3746065934158975819 ) ) ;
#8932 = AXIS2_PLACEMENT_3D ( 'NONE', #8164, #4350, #1111 ) ;
#8933 = CARTESIAN_POINT ( 'NONE',  ( 0.1896595634288000265, 0.05700000000000000205, 0.1095000000000000001 ) ) ;
#8934 = STYLED_ITEM ( 'NONE', ( #6512 ), #2768 ) ;
#8935 = AXIS2_PLACEMENT_3D ( 'NONE', #8584, #8686, #8785 ) ;
#8936 = EDGE_CURVE ( 'NONE', #4778, #5164, #4805, .T. ) ;
#8937 = EDGE_LOOP ( 'NONE', ( #9397, #3327, #5746, #2072, #3484 ) ) ;
#8938 = EDGE_CURVE ( 'NONE', #9183, #2127, #892, .T. ) ;
#8939 = CARTESIAN_POINT ( 'NONE',  ( 0.02506072624646000016, 0.1890000000000000291, -0.2235999999999999932 ) ) ;
#8940 = EDGE_CURVE ( 'NONE', #545, #1799, #7178, .T. ) ;
#8941 = VECTOR ( 'NONE', #9527, 39.37007874015748854 ) ;
#8942 = CARTESIAN_POINT ( 'NONE',  ( 0.000000000000000000, 0.1890000000000000291, 0.000000000000000000 ) ) ;
#8943 = CARTESIAN_POINT ( 'NONE',  ( -0.05600000000000000810, 0.1888712646035372034, 0.2319561826398831850 ) ) ;
#8944 = AXIS2_PLACEMENT_3D ( 'NONE', #3822, #1409, #9369 ) ;
#8945 = AXIS2_PLACEMENT_3D ( 'NONE', #1081, #5127, #4217 ) ;
#8946 = DIRECTION ( 'NONE',  ( 0.000000000000000000, -1.000000000000000000, 0.000000000000000000 ) ) ;
#8947 = CARTESIAN_POINT ( 'NONE',  ( 0.2142814370740461216, 0.1276676408435740151, -0.1397482808942400734 ) ) ;
#8948 = ORIENTED_EDGE ( 'NONE', *, *, #8922, .F. ) ;
#8949 = DIRECTION ( 'NONE',  ( -0.3420201433256991330, 0.000000000000000000, 0.9396926207858973257 ) ) ;
#8950 = ORIENTED_EDGE ( 'NONE', *, *, #6038, .T. ) ;
#8951 = ORIENTED_EDGE ( 'NONE', *, *, #7304, .T. ) ;
#8952 = CIRCLE ( 'NONE', #8699, 0.005000000000000014849 ) ;
#8953 = CARTESIAN_POINT ( 'NONE',  ( 0.1991837659452613818, 0.1267436570999027345, -0.1315476393001584476 ) ) ;
#8954 = PLANE ( 'NONE',  #5202 ) ;
#8955 = DIRECTION ( 'NONE',  ( -0.1822355254920934309, 0.000000000000000000, -0.9832549075639646086 ) ) ;
#8956 = FACE_OUTER_BOUND ( 'NONE', #2464, .T. ) ;
#8957 = AXIS2_PLACEMENT_3D ( 'NONE', #6461, #1012, #1629 ) ;
#8958 = ORIENTED_EDGE ( 'NONE', *, *, #7999, .F. ) ;
#8959 = VERTEX_POINT ( 'NONE', #3260 ) ;
#8960 = CIRCLE ( 'NONE', #8653, 0.03499999999999999639 ) ;
#8961 = DIRECTION ( 'NONE',  ( 1.000000000000000000, 0.000000000000000000, 0.000000000000000000 ) ) ;
#8962 = SURFACE_SIDE_STYLE ('',( #999 ) ) ;
#8963 = FACE_OUTER_BOUND ( 'NONE', #7798, .T. ) ;
#8964 = CARTESIAN_POINT ( 'NONE',  ( -4.251460863913000040E-09, 0.1824999999596000066, -4.562579569566000381E-09 ) ) ;
#8965 = CARTESIAN_POINT ( 'NONE',  ( -0.006000000000000000125, 0.1689999999999999836, 0.2559296778414000273 ) ) ;
#8966 = ORIENTED_EDGE ( 'NONE', *, *, #2155, .T. ) ;
#8967 = CARTESIAN_POINT ( 'NONE',  ( -0.04400000000000000439, 0.1740000000000000158, 0.2290000000000000091 ) ) ;
#8968 = AXIS2_PLACEMENT_3D ( 'NONE', #8570, #1628, #10108 ) ;
#8969 = ORIENTED_EDGE ( 'NONE', *, *, #5975, .T. ) ;
#8970 = DIRECTION ( 'NONE',  ( 1.000000000000000000, 0.000000000000000000, 0.000000000000000000 ) ) ;
#8971 = SURFACE_STYLE_USAGE ( .BOTH. , #8214 ) ;
#8972 = CARTESIAN_POINT ( 'NONE',  ( 0.000000000000000000, -0.2793397459622000145, 0.000000000000000000 ) ) ;
#8973 = DIRECTION ( 'NONE',  ( 0.000000000000000000, -1.000000000000000000, 0.000000000000000000 ) ) ;
#8974 = FACE_OUTER_BOUND ( 'NONE', #6437, .T. ) ;
#8975 = PRESENTATION_LAYER_ASSIGNMENT (  '', '', ( #1100 ) ) ;
#8976 = EDGE_CURVE ( 'NONE', #9012, #4409, #1826, .T. ) ;
#8978 =( LENGTH_UNIT ( ) NAMED_UNIT ( * ) SI_UNIT ( $, .METRE. ) );
#8977 = DIRECTION ( 'NONE',  ( -0.9106512093014843545, 0.000000000000000000, -0.4131759613018938793 ) ) ;
#8979 = DIRECTION ( 'NONE',  ( 0.7313537016192336315, 3.388131789017198398E-16, 0.6819983600624306419 ) ) ;
#8980 = ORIENTED_EDGE ( 'NONE', *, *, #7487, .T. ) ;
#8981 = CARTESIAN_POINT ( 'NONE',  ( 0.2047651328491999767, 0.1143371685741000066, 0.1182212045712000004 ) ) ;
#8982 = ADVANCED_FACE ( 'NONE', ( #226, #6606, #9737, #8963 ), #8257, .T. ) ;
#8983 = ORIENTED_EDGE ( 'NONE', *, *, #8936, .F. ) ;
#8984 = CIRCLE ( 'NONE', #9474, 0.01250000000000000243 ) ;
#8985 = CARTESIAN_POINT ( 'NONE',  ( 0.1965890801217000383, 0.1114756290013000084, -0.1094428326095000098 ) ) ;
#8986 = DIRECTION ( 'NONE',  ( 0.000000000000000000, 1.000000000000000000, 0.000000000000000000 ) ) ;
#8987 = CARTESIAN_POINT ( 'NONE',  ( 0.2045120213797213815, 0.1296510513220358041, -0.1034717825485342857 ) ) ;
#8988 = CARTESIAN_POINT ( 'NONE',  ( 0.1939498165704273691, 0.1129483017351489149, 0.1140546762060999919 ) ) ;
#8989 = ADVANCED_FACE ( 'NONE', ( #3467 ), #7388, .F. ) ;
#8990 = CARTESIAN_POINT ( 'NONE',  ( -0.05600000000000000810, 0.1890000000000000291, 0.2350000000000000144 ) ) ;
#8991 = AXIS2_PLACEMENT_3D ( 'NONE', #9510, #3389, #2573 ) ;
#8992 = DIRECTION ( 'NONE',  ( 0.6819983600623277242, 0.000000000000000000, -0.7313537016193296658 ) ) ;
#8993 = CIRCLE ( 'NONE', #4557, 0.02000000000000000042 ) ;
#8994 = ORIENTED_EDGE ( 'NONE', *, *, #729, .T. ) ;
#8995 = VECTOR ( 'NONE', #6284, 39.37007874015748143 ) ;
#8996 = EDGE_CURVE ( 'NONE', #4117, #764, #8052, .T. ) ;
#8997 = EDGE_CURVE ( 'NONE', #7131, #4949, #993, .T. ) ;
#8998 = EDGE_LOOP ( 'NONE', ( #1023, #1815, #3279, #7476, #7187, #391, #7497 ) ) ;
#8999 = DIMENSIONAL_EXPONENTS ( 1.000000000000000000, 0.000000000000000000, 0.000000000000000000, 0.000000000000000000, 0.000000000000000000, 0.000000000000000000, 0.000000000000000000 ) ;
#9000 = TOROIDAL_SURFACE ( 'NONE', #4076, 0.05550000000000000072, 0.005000000000000000104 ) ;
#9001 = UNCERTAINTY_MEASURE_WITH_UNIT (LENGTH_MEASURE( 1.000000000000000082E-05 ), #854, 'distance_accuracy_value', 'NONE');
#9002 = ORIENTED_EDGE ( 'NONE', *, *, #3601, .T. ) ;
#9003 = FACE_OUTER_BOUND ( 'NONE', #8899, .T. ) ;
#9004 = AXIS2_PLACEMENT_3D ( 'NONE', #5144, #275, #411 ) ;
#9005 = DIRECTION ( 'NONE',  ( 0.2440591353669021302, 0.7586418947944073565, 0.6040675574029047423 ) ) ;
#9006 = CARTESIAN_POINT ( 'NONE',  ( 0.1698381586472000326, 0.1841728378957999956, 0.1821291271015000324 ) ) ;
#9007 = VERTEX_POINT ( 'NONE', #9164 ) ;
#9008 = VERTEX_POINT ( 'NONE', #9885 ) ;
#9009 = SURFACE_STYLE_FILL_AREA ( #6707 ) ;
#9010 = EDGE_LOOP ( 'NONE', ( #1465, #3970, #2175, #4371, #4899, #2123, #8641, #22 ) ) ;
#9011 = DIMENSIONAL_EXPONENTS ( 1.000000000000000000, 0.000000000000000000, 0.000000000000000000, 0.000000000000000000, 0.000000000000000000, 0.000000000000000000, 0.000000000000000000 ) ;
#9012 = VERTEX_POINT ( 'NONE', #6130 ) ;
#9013 = DIRECTION ( 'NONE',  ( 0.000000000000000000, 0.000000000000000000, -1.000000000000000000 ) ) ;
#9014 = PRESENTATION_STYLE_ASSIGNMENT (( #5060 ) ) ;
#9015 = CARTESIAN_POINT ( 'NONE',  ( 0.1954139482901000036, 0.1890000000000000291, -0.1115275249149999953 ) ) ;
#9016 = CARTESIAN_POINT ( 'NONE',  ( 0.2017170746868291176, 0.09940712963700094884, 0.09967619303036860667 ) ) ;
#9017 = VERTEX_POINT ( 'NONE', #10032 ) ;
#9018 = CARTESIAN_POINT ( 'NONE',  ( 0.1745915801759999886, -0.007000000000000001013, 0.1872265476144999996 ) ) ;
#9019 = VERTEX_POINT ( 'NONE', #3767 ) ;
#9020 = B_SPLINE_CURVE_WITH_KNOTS ( 'NONE', 3,
 ( #5349, #4814, #4053, #962, #8436, #7959, #2267, #8486, #9299, #3754, #4572, #5399, #9541, #7242, #138, #3271, #1387 ),
 .UNSPECIFIED., .F., .F.,
 ( 4, 2, 2, 2, 1, 2, 2, 2, 4 ),
 ( 0.000000000000000000, 0.2499999999999951150, 0.3749999999999928946, 0.4374999999999927280, 0.4687499999999930611, 0.4843749999999938938, 0.4999999999999947820, 0.7499999999999973355, 1.000000000000000000 ),
 .UNSPECIFIED. ) ;
#9021 = CARTESIAN_POINT ( 'NONE',  ( 0.1969272353400999820, 0.4385000000000000009, -0.1098058993102000030 ) ) ;
#9022 = SURFACE_STYLE_FILL_AREA ( #1985 ) ;
#9023 = DIRECTION ( 'NONE',  ( 0.9902680687415228444, 0.000000000000000000, -0.1391731009604032232 ) ) ;
#9024 = FACE_OUTER_BOUND ( 'NONE', #7215, .T. ) ;
#9025 = DIRECTION ( 'NONE',  ( -1.000000000000000000, 0.000000000000000000, 0.000000000000000000 ) ) ;
#9026 = PRESENTATION_LAYER_ASSIGNMENT (  '', '', ( #6380 ) ) ;
#9027 = CARTESIAN_POINT ( 'NONE',  ( 0.2413819952931000046, 0.000000000000000000, 0.1180000000000000077 ) ) ;
#9028 = ORIENTED_EDGE ( 'NONE', *, *, #7368, .T. ) ;
#9029 =( GEOMETRIC_REPRESENTATION_CONTEXT ( 3 ) GLOBAL_UNCERTAINTY_ASSIGNED_CONTEXT ( ( #1781 ) ) GLOBAL_UNIT_ASSIGNED_CONTEXT ( ( #6386, #3392, #979 ) ) REPRESENTATION_CONTEXT ( 'NONE', 'WORKASPACE' ) );
#9030 = LINE ( 'NONE', #9077, #227 ) ;
#9031 = LINE ( 'NONE', #9710, #5994 ) ;
#9032 = DIRECTION ( 'NONE',  ( 0.9942100494835204305, 0.000000000000000000, 0.1074540716119022493 ) ) ;
#9033 = CARTESIAN_POINT ( 'NONE',  ( -0.006000000000000000125, 0.1640000000000000069, 0.2350000000000000144 ) ) ;
#9034 = EDGE_CURVE ( 'NONE', #9454, #5556, #4280, .T. ) ;
#9035 = AXIS2_PLACEMENT_3D ( 'NONE', #3093, #6182, #9318 ) ;
#9036 = DIRECTION ( 'NONE',  ( 0.8685064368448802696, 0.000000000000000000, -0.4956778885112891331 ) ) ;
#9037 = LINE ( 'NONE', #6788, #1936 ) ;
#9038 = ORIENTED_EDGE ( 'NONE', *, *, #4535, .F. ) ;
#9039 =( CONVERSION_BASED_UNIT ( 'INCH', #5906 ) LENGTH_UNIT ( ) NAMED_UNIT ( #1118 ) );
#9040 = AXIS2_PLACEMENT_3D ( 'NONE', #3373, #9792, #3528 ) ;
#9041 = VERTEX_POINT ( 'NONE', #2025 ) ;
#9042 = VECTOR ( 'NONE', #6207, 39.37007874015748143 ) ;
#9043 = EDGE_CURVE ( 'NONE', #7392, #9044, #332, .T. ) ;
#9044 = VERTEX_POINT ( 'NONE', #2130 ) ;
#9045 = CARTESIAN_POINT ( 'NONE',  ( 0.2483251220303297757, 0.1340167912361995284, 0.007652082712218541242 ) ) ;
#9046 = DIRECTION ( 'NONE',  ( 0.000000000000000000, 0.000000000000000000, 1.000000000000000000 ) ) ;
#9047 = EDGE_CURVE ( 'NONE', #3801, #2378, #4538, .T. ) ;
#9048 = CARTESIAN_POINT ( 'NONE',  ( 0.01112297711786000044, 0.1740000000000000158, -0.05399999999999999939 ) ) ;
#9049 = VECTOR ( 'NONE', #584, 39.37007874015748854 ) ;
#9050 = DIRECTION ( 'NONE',  ( 0.7431448254773761475, 0.000000000000000000, 0.6691306063588782216 ) ) ;
#9051 = CARTESIAN_POINT ( 'NONE',  ( 0.1980074089933287762, 0.1090733915739999921, 0.1068778716152667535 ) ) ;
#9052 = ORIENTED_EDGE ( 'NONE', *, *, #4327, .F. ) ;
#9053 = ORIENTED_EDGE ( 'NONE', *, *, #7475, .F. ) ;
#9054 = ORIENTED_EDGE ( 'NONE', *, *, #5095, .T. ) ;
#9055 = EDGE_CURVE ( 'NONE', #1287, #158, #8385, .T. ) ;
#9056 = AXIS2_PLACEMENT_3D ( 'NONE', #8202, #8145, #6596 ) ;
#9057 = ORIENTED_EDGE ( 'NONE', *, *, #5347, .T. ) ;
#9058 = EDGE_CURVE ( 'NONE', #792, #8046, #3614, .T. ) ;
#9059 = EDGE_CURVE ( 'NONE', #276, #8297, #4077, .T. ) ;
#9060 =( LENGTH_UNIT ( ) NAMED_UNIT ( * ) SI_UNIT ( $, .METRE. ) );
#9061 = CARTESIAN_POINT ( 'NONE',  ( 0.000000000000000000, 0.1849999999999999978, 0.000000000000000000 ) ) ;
#9062 = CARTESIAN_POINT ( 'NONE',  ( 0.2249754592167000078, 0.1263818468815000040, -0.003324167345947000047 ) ) ;
#9063 = CARTESIAN_POINT ( 'NONE',  ( -0.006000000000000000992, 0.1890000000000000568, 0.2386005187978477438 ) ) ;
#9064 = EDGE_LOOP ( 'NONE', ( #896, #8345, #6613, #4050 ) ) ;
#9065 = CARTESIAN_POINT ( 'NONE',  ( 0.08840715604615000112, 0.1689999999999999836, -0.2188153896778000096 ) ) ;
#9066 = ORIENTED_EDGE ( 'NONE', *, *, #8048, .T. ) ;
#9067 = VECTOR ( 'NONE', #9855, 39.37007874015747433 ) ;
#9068 = CARTESIAN_POINT ( 'NONE',  ( 0.2513250414875425331, 0.1012219864336424413, -0.02182079961898414355 ) ) ;
#9069 = CARTESIAN_POINT ( 'NONE',  ( 0.08578490991982992697, 0.1799999998257000022, 0.2123251027854999862 ) ) ;
#9070 = DIRECTION ( 'NONE',  ( 0.000000000000000000, 1.000000000000000000, 0.000000000000000000 ) ) ;
#9071 =( LENGTH_UNIT ( ) NAMED_UNIT ( * ) SI_UNIT ( $, .METRE. ) );
#9072 = CARTESIAN_POINT ( 'NONE',  ( 0.07563368895903996303, -0.2815948186584000257, -0.09500000000422993696 ) ) ;
#9073 = DIMENSIONAL_EXPONENTS ( 1.000000000000000000, 0.000000000000000000, 0.000000000000000000, 0.000000000000000000, 0.000000000000000000, 0.000000000000000000, 0.000000000000000000 ) ;
#9074 = CARTESIAN_POINT ( 'NONE',  ( 0.1957319595774000276, 0.05700000000000000205, 0.1650000000000000078 ) ) ;
#9075 = CARTESIAN_POINT ( 'NONE',  ( 0.2260000000000000064, 0.1097183664205999970, 0.000000000000000000 ) ) ;
#9076 = EDGE_LOOP ( 'NONE', ( #9704, #2773, #8643, #7473 ) ) ;
#9077 = CARTESIAN_POINT ( 'NONE',  ( -0.08133980031493996676, 0.1290000000000000036, -0.2115782030813999903 ) ) ;
#9078 = VERTEX_POINT ( 'NONE', #4436 ) ;
#9079 = STYLED_ITEM ( 'NONE', ( #429 ), #8668 ) ;
#9080 = DIRECTION ( 'NONE',  ( 0.8660254037847204822, 0.000000000000000000, -0.4999999999995117239 ) ) ;
#9081 = CARTESIAN_POINT ( 'NONE',  ( 0.1920196728871353953, 0.1078279205126519147, 0.1172752017114290085 ) ) ;
#9082 = DIRECTION ( 'NONE',  ( 1.000000000000000000, 0.000000000000000000, 0.000000000000000000 ) ) ;
#9083 = VECTOR ( 'NONE', #6617, 39.37007874015748143 ) ;
#9084 = VECTOR ( 'NONE', #5850, 39.37007874015748143 ) ;
#9085 = CIRCLE ( 'NONE', #8287, 0.1150000011081999951 ) ;
#9086 = FACE_OUTER_BOUND ( 'NONE', #5655, .T. ) ;
#9087 = ORIENTED_EDGE ( 'NONE', *, *, #4167, .F. ) ;
#9088 = CARTESIAN_POINT ( 'NONE',  ( 0.1808277240783000284, 0.02805275571417000305, -0.1650000000000000078 ) ) ;
#9089 = FILL_AREA_STYLE ('',( #4368 ) ) ;
#9090 = ORIENTED_EDGE ( 'NONE', *, *, #8872, .F. ) ;
#9091 = ADVANCED_FACE ( 'NONE', ( #9267, #2182 ), #2934, .F. ) ;
#9092 = AXIS2_PLACEMENT_3D ( 'NONE', #4129, #7272, #215 ) ;
#9093 = MECHANICAL_DESIGN_GEOMETRIC_PRESENTATION_REPRESENTATION (  '', ( #9588 ), #4186 ) ;
#9094 = CIRCLE ( 'NONE', #9912, 0.2250000000000000333 ) ;
#9095 = ORIENTED_EDGE ( 'NONE', *, *, #5044, .F. ) ;
#9096 =( LENGTH_UNIT ( ) NAMED_UNIT ( * ) SI_UNIT ( $, .METRE. ) );
#9097 = DIRECTION ( 'NONE',  ( 0.000000000000000000, 0.000000000000000000, 1.000000000000000000 ) ) ;
#9098 = PRESENTATION_STYLE_ASSIGNMENT (( #2824 ) ) ;
#9099 = EDGE_CURVE ( 'NONE', #3219, #2022, #5156, .T. ) ;
#9100 = DIRECTION ( 'NONE',  ( 0.000000000000000000, 0.000000000000000000, -1.000000000000000000 ) ) ;
#9101 = CIRCLE ( 'NONE', #1555, 0.03700000000000000511 ) ;
#9102 = CARTESIAN_POINT ( 'NONE',  ( 0.1964574488366000182, 0.1117086476621999974, 0.1096792784014000016 ) ) ;
#9103 = VERTEX_POINT ( 'NONE', #6083 ) ;
#9104 = ORIENTED_EDGE ( 'NONE', *, *, #373, .F. ) ;
#9105 = PLANE ( 'NONE',  #299 ) ;
#9106 = ORIENTED_EDGE ( 'NONE', *, *, #5421, .F. ) ;
#9107 = ADVANCED_FACE ( 'NONE', ( #6032 ), #7682, .T. ) ;
#9108 = ORIENTED_EDGE ( 'NONE', *, *, #6811, .T. ) ;
#9109 = FACE_OUTER_BOUND ( 'NONE', #1644, .T. ) ;
#9110 = FACE_OUTER_BOUND ( 'NONE', #8590, .T. ) ;
#9111 = CARTESIAN_POINT ( 'NONE',  ( 0.000000000000000000, -0.09099999999999999756, 0.000000000000000000 ) ) ;
#9112 = ADVANCED_FACE ( 'NONE', ( #8501 ), #1458, .F. ) ;
#9113 = CARTESIAN_POINT ( 'NONE',  ( 0.03950000000000000039, -0.1260000000000000009, -0.2169999999999999984 ) ) ;
#9114 = DIRECTION ( 'NONE',  ( 0.1391731009600952473, 0.000000000000000000, 0.9902680687415661431 ) ) ;
#9115 = ORIENTED_EDGE ( 'NONE', *, *, #1336, .T. ) ;
#9116 = DIRECTION ( 'NONE',  ( 0.000000000000000000, 0.000000000000000000, 1.000000000000000000 ) ) ;
#9117 = EDGE_LOOP ( 'NONE', ( #7161, #4787, #8888, #5790, #6747, #7484, #2940 ) ) ;
#9118 = EDGE_CURVE ( 'NONE', #7097, #3335, #3458, .T. ) ;
#9119 = EDGE_CURVE ( 'NONE', #3024, #5959, #1655, .T. ) ;
#9120 = AXIS2_PLACEMENT_3D ( 'NONE', #5234, #4412, #1323 ) ;
#9121 = AXIS2_PLACEMENT_3D ( 'NONE', #9352, #2171, #1492 ) ;
#9122 = CARTESIAN_POINT ( 'NONE',  ( 0.2426432573335773335, 0.1874584182288367984, 0.02392694427835512574 ) ) ;
#9123 = LENGTH_MEASURE_WITH_UNIT ( LENGTH_MEASURE( 0.02539999999999999897 ), #4348 );
#9124 = LINE ( 'NONE', #6970, #9910 ) ;
#9125 = PRESENTATION_STYLE_ASSIGNMENT (( #6048 ) ) ;
#9126 = SURFACE_STYLE_USAGE ( .BOTH. , #2755 ) ;
#9127 = DIRECTION ( 'NONE',  ( -3.011591467188000007E-13, 1.000000000000000000, 1.828466247936000032E-13 ) ) ;
#9128 = COLOUR_RGB ( '',0.9686274509803921573, 0.8784313725490195957, 0.5999999999999999778 ) ;
#9129 = DIRECTION ( 'NONE',  ( 0.3746065934158975819, 0.000000000000000000, -0.9271838545667931974 ) ) ;
#9130 = ORIENTED_EDGE ( 'NONE', *, *, #8557, .T. ) ;
#9131 = LINE ( 'NONE', #532, #3178 ) ;
#9132 = ORIENTED_EDGE ( 'NONE', *, *, #2719, .F. ) ;
#9133 =( GEOMETRIC_REPRESENTATION_CONTEXT ( 3 ) GLOBAL_UNCERTAINTY_ASSIGNED_CONTEXT ( ( #7270 ) ) GLOBAL_UNIT_ASSIGNED_CONTEXT ( ( #5927, #9884, #6031 ) ) REPRESENTATION_CONTEXT ( 'NONE', 'WORKASPACE' ) );
#9134 = CARTESIAN_POINT ( 'NONE',  ( 0.2013086970697032796, 0.1013801996696754304, -0.1004986246091657820 ) ) ;
#9135 = DIRECTION ( 'NONE',  ( 0.000000000000000000, -1.000000000000000000, 0.000000000000000000 ) ) ;
#9136 = FACE_BOUND ( 'NONE', #8567, .T. ) ;
#9138 = CARTESIAN_POINT ( 'NONE',  ( 0.000000000000000000, -0.2249999999999999778, 0.000000000000000000 ) ) ;
#9137 = SURFACE_SIDE_STYLE ('',( #933 ) ) ;
#9139 = DIRECTION ( 'NONE',  ( 0.000000000000000000, -1.000000000000000000, 0.000000000000000000 ) ) ;
#9140 = ORIENTED_EDGE ( 'NONE', *, *, #6280, .T. ) ;
#9141 = CARTESIAN_POINT ( 'NONE',  ( -0.006000000000000000125, 0.1640000000000000069, 0.2350000000000000144 ) ) ;
#9142 =( NAMED_UNIT ( * ) SI_UNIT ( $, .STERADIAN. ) SOLID_ANGLE_UNIT ( ) );
#9143 = PRESENTATION_LAYER_ASSIGNMENT (  '', '', ( #7509 ) ) ;
#9144 = CIRCLE ( 'NONE', #597, 0.2447931081450999136 ) ;
#9145 = ORIENTED_EDGE ( 'NONE', *, *, #6094, .T. ) ;
#9146 = AXIS2_PLACEMENT_3D ( 'NONE', #8070, #8119, #1073 ) ;
#9147 = EDGE_LOOP ( 'NONE', ( #1318, #4294, #6274, #3397 ) ) ;
#9148 = CARTESIAN_POINT ( 'NONE',  ( 0.2479440207748518366, 0.1336759965703390174, 0.008245754929302937658 ) ) ;
#9149 = DIRECTION ( 'NONE',  ( -0.6815563051452705468, 0.000000000000000000, 0.7317656748691666602 ) ) ;
#9150 = AXIS2_PLACEMENT_3D ( 'NONE', #2813, #1280, #9958 ) ;
#9151 = MECHANICAL_DESIGN_GEOMETRIC_PRESENTATION_REPRESENTATION (  '', ( #603 ), #6376 ) ;
#9152 = DIRECTION ( 'NONE',  ( 0.000000000000000000, 0.000000000000000000, -1.000000000000000000 ) ) ;
#9153 = AXIS2_PLACEMENT_3D ( 'NONE', #3771, #5266, #6135 ) ;
#9154 =( CONVERSION_BASED_UNIT ( 'INCH', #6073 ) LENGTH_UNIT ( ) NAMED_UNIT ( #2643 ) );
#9155 = CYLINDRICAL_SURFACE ( 'NONE', #8350, 0.2500000000000000000 ) ;
#9156 = ORIENTED_EDGE ( 'NONE', *, *, #3826, .T. ) ;
#9157 = VERTEX_POINT ( 'NONE', #8455 ) ;
#9158 = AXIS2_PLACEMENT_3D ( 'NONE', #1689, #4825, #7973 ) ;
#9159 = EDGE_LOOP ( 'NONE', ( #1664, #3736, #9108, #9066 ) ) ;
#9160 = ORIENTED_EDGE ( 'NONE', *, *, #3152, .F. ) ;
#9161 = SURFACE_STYLE_FILL_AREA ( #8352 ) ;
#9162 = CARTESIAN_POINT ( 'NONE',  ( 0.000000000000000000, -0.08700000000000000788, -0.06950000000000000622 ) ) ;
#9163 = AXIS2_PLACEMENT_3D ( 'NONE', #4219, #308, #3747 ) ;
#9164 = CARTESIAN_POINT ( 'NONE',  ( -0.005999999999981004903, 0.1890000000000000291, 0.2359227369061000223 ) ) ;
#9165 = EDGE_CURVE ( 'NONE', #5087, #9839, #10018, .T. ) ;
#9166 = LINE ( 'NONE', #8927, #2368 ) ;
#9167 = DIRECTION ( 'NONE',  ( 0.000000000000000000, 0.000000000000000000, -1.000000000000000000 ) ) ;
#9168 = CARTESIAN_POINT ( 'NONE',  ( 0.2017505347826581974, 0.1263819054482243631, 0.09963039541737975235 ) ) ;
#9169 = AXIS2_PLACEMENT_3D ( 'NONE', #7159, #9514, #210 ) ;
#9170 = DIRECTION ( 'NONE',  ( 0.5902450743664918731, 0.5000000000000328626, -0.6337276640529919680 ) ) ;
#9171 = ORIENTED_EDGE ( 'NONE', *, *, #8535, .T. ) ;
#9172 = CARTESIAN_POINT ( 'NONE',  ( -0.08755715669137008328, 0.1689999999999999836, -0.2405613109212000056 ) ) ;
#9173 = VERTEX_POINT ( 'NONE', #1249 ) ;
#9174 = ADVANCED_FACE ( 'NONE', ( #4389 ), #465, .F. ) ;
#9175 = EDGE_CURVE ( 'NONE', #6272, #10116, #5901, .T. ) ;
#9176 = CARTESIAN_POINT ( 'NONE',  ( 0.2463633949545555035, 0.1851507277959705822, 0.02690168432817869465 ) ) ;
#9177 = LINE ( 'NONE', #582, #2853 ) ;
#9178 = CARTESIAN_POINT ( 'NONE',  ( -0.06300000000000000044, 0.1740000000000000158, -0.2036000000000000032 ) ) ;
#9179 = CARTESIAN_POINT ( 'NONE',  ( -0.006000000000000000125, 0.1689999999999999836, -0.2559296778414000273 ) ) ;
#9180 = ADVANCED_FACE ( 'NONE', ( #3199 ), #6336, .T. ) ;
#9181 = ADVANCED_FACE ( 'NONE', ( #8697 ), #3038, .F. ) ;
#9182 = CARTESIAN_POINT ( 'NONE',  ( 0.1744175285111000395, 0.000000000000000000, -0.1870399000553000235 ) ) ;
#9183 = VERTEX_POINT ( 'NONE', #3144 ) ;
#9184 = FILL_AREA_STYLE_COLOUR ( '', #6642 ) ;
#9185 = VERTEX_POINT ( 'NONE', #4794 ) ;
#9186 = CYLINDRICAL_SURFACE ( 'NONE', #6677, 0.1250000000000000000 ) ;
#9187 = PLANE ( 'NONE',  #908 ) ;
#9188 = CARTESIAN_POINT ( 'NONE',  ( -0.08124038382037007677, -0.2780000001801000153, 0.09499999998112007571 ) ) ;
#9189 = DIRECTION ( 'NONE',  ( 0.000000000000000000, 0.000000000000000000, -1.000000000000000000 ) ) ;
#9190 = ADVANCED_FACE ( 'NONE', ( #4633 ), #2285, .T. ) ;
#9191 = STYLED_ITEM ( 'NONE', ( #8135 ), #2264 ) ;
#9192 = ADVANCED_FACE ( 'NONE', ( #6230 ), #10187, .T. ) ;
#9193 = DIRECTION ( 'NONE',  ( 0.000000000000000000, -1.000000000000000000, 0.000000000000000000 ) ) ;
#9194 = DIRECTION ( 'NONE',  ( 0.000000000000000000, 0.000000000000000000, 1.000000000000000000 ) ) ;
#9195 = ORIENTED_EDGE ( 'NONE', *, *, #3083, .T. ) ;
#9196 = CARTESIAN_POINT ( 'NONE',  ( 0.1900807159121999934, 0.1330108282678000020, -0.1203923645349000010 ) ) ;
#9197 = ORIENTED_EDGE ( 'NONE', *, *, #9821, .T. ) ;
#9198 = STYLED_ITEM ( 'NONE', ( #5015 ), #8982 ) ;
#9199 = ORIENTED_EDGE ( 'NONE', *, *, #6935, .T. ) ;
#9200 = CARTESIAN_POINT ( 'NONE',  ( 0.2397431270763289990, 0.1274123158738589556, 0.01401145502624178731 ) ) ;
#9201 = DIRECTION ( 'NONE',  ( 1.000000000000000000, 0.000000000000000000, 0.000000000000000000 ) ) ;
#9202 = CARTESIAN_POINT ( 'NONE',  ( -0.04950000000000000233, -0.1009999999999999926, 0.9235321979946004012 ) ) ;
#9203 = VECTOR ( 'NONE', #5485, 39.37007874015748143 ) ;
#9204 = CARTESIAN_POINT ( 'NONE',  ( 0.2230491192368999898, 0.09299999999997993205, -0.1008600823071000158 ) ) ;
#9205 = LINE ( 'NONE', #9828, #1776 ) ;
#9206 = PRESENTATION_STYLE_ASSIGNMENT (( #4147 ) ) ;
#9207 = CARTESIAN_POINT ( 'NONE',  ( 0.04124453781381999529, -0.2350000000000000144, 0.03713674865311000078 ) ) ;
#9208 = COLOUR_RGB ( '',0.2509803921568627416, 0.2509803921568627416, 0.2509803921568627416 ) ;
#9209 = ORIENTED_EDGE ( 'NONE', *, *, #1250, .T. ) ;
#9210 = VERTEX_POINT ( 'NONE', #877 ) ;
#9211 = ORIENTED_EDGE ( 'NONE', *, *, #6176, .F. ) ;
#9212 = VERTEX_POINT ( 'NONE', #2585 ) ;
#9213 = CIRCLE ( 'NONE', #1665, 0.2447931081450998581 ) ;
#9214 = DIRECTION ( 'NONE',  ( -0.6691306063621927924, 0.000000000000000000, 0.7431448254743917570 ) ) ;
#9215 = DIRECTION ( 'NONE',  ( 0.000000000000000000, -1.000000000000000000, 0.000000000000000000 ) ) ;
#9216 = LINE ( 'NONE', #4539, #10082 ) ;
#9217 = PRESENTATION_STYLE_ASSIGNMENT (( #6233 ) ) ;
#9218 = CARTESIAN_POINT ( 'NONE',  ( 0.2247479215770000205, 0.1141645789340999945, -0.01065541487701000128 ) ) ;
#9219 = FACE_OUTER_BOUND ( 'NONE', #6236, .T. ) ;
#9220 = ORIENTED_EDGE ( 'NONE', *, *, #6287, .T. ) ;
#9221 = ORIENTED_EDGE ( 'NONE', *, *, #10180, .T. ) ;
#9222 =( GEOMETRIC_REPRESENTATION_CONTEXT ( 3 ) GLOBAL_UNCERTAINTY_ASSIGNED_CONTEXT ( ( #160 ) ) GLOBAL_UNIT_ASSIGNED_CONTEXT ( ( #4339, #1001, #9638 ) ) REPRESENTATION_CONTEXT ( 'NONE', 'WORKASPACE' ) );
#9223 = CARTESIAN_POINT ( 'NONE',  ( 0.2126030303585000336, 0.4385000000000000009, 0.1266365098322000116 ) ) ;
#9224 = FACE_BOUND ( 'NONE', #1688, .T. ) ;
#9225 = LINE ( 'NONE', #4601, #6650 ) ;
#9226 = CARTESIAN_POINT ( 'NONE',  ( 0.000000000000000000, 0.000000000000000000, 0.000000000000000000 ) ) ;
#9227 = CARTESIAN_POINT ( 'NONE',  ( 0.1579148231006999858, 0.1890000000000000291, 0.1753821788126999903 ) ) ;
#9228 = CARTESIAN_POINT ( 'NONE',  ( 0.1993032040650000170, 0.1330108282678000020, -0.1044185464819999964 ) ) ;
#9229 = CARTESIAN_POINT ( 'NONE',  ( 0.2454737417288782308, 0.1315363461314839333, -0.01101537609451429603 ) ) ;
#9230 = EDGE_CURVE ( 'NONE', #9860, #1175, #1765, .T. ) ;
#9231 = EDGE_LOOP ( 'NONE', ( #6318, #194, #4075 ) ) ;
#9232 = AXIS2_PLACEMENT_3D ( 'NONE', #7208, #2572, #1852 ) ;
#9233 = CARTESIAN_POINT ( 'NONE',  ( 0.000000000000000000, 0.000000000000000000, 0.000000000000000000 ) ) ;
#9234 = EDGE_CURVE ( 'NONE', #9831, #10051, #5, .T. ) ;
#9235 = LINE ( 'NONE', #2856, #6834 ) ;
#9236 = CARTESIAN_POINT ( 'NONE',  ( 0.000000000000000000, 0.000000000000000000, 0.000000000000000000 ) ) ;
#9237 = CIRCLE ( 'NONE', #1361, 0.01250000000000000243 ) ;
#9238 = DIRECTION ( 'NONE',  ( 0.000000000000000000, -1.000000000000000000, 0.000000000000000000 ) ) ;
#9239 = DIRECTION ( 'NONE',  ( 0.000000000000000000, 1.000000000000000000, 0.000000000000000000 ) ) ;
#9241 = CARTESIAN_POINT ( 'NONE',  ( 0.000000000000000000, 0.000000000000000000, 0.000000000000000000 ) ) ;
#9240 =( CONVERSION_BASED_UNIT ( 'INCH', #7708 ) LENGTH_UNIT ( ) NAMED_UNIT ( #7301 ) );
#9242 = PRESENTATION_STYLE_ASSIGNMENT (( #3066 ) ) ;
#9243 = EDGE_CURVE ( 'NONE', #6024, #2552, #4198, .T. ) ;
#9244 = ORIENTED_EDGE ( 'NONE', *, *, #6994, .T. ) ;
#9245 = CARTESIAN_POINT ( 'NONE',  ( 0.2018045592092000962, 0.1899449464300000390, -0.1519765936755000102 ) ) ;
#9246 = ORIENTED_EDGE ( 'NONE', *, *, #6300, .T. ) ;
#9247 = EDGE_CURVE ( 'NONE', #545, #4409, #9345, .T. ) ;
#9248 = ADVANCED_FACE ( 'NONE', ( #2108 ), #4955, .T. ) ;
#9249 = VERTEX_POINT ( 'NONE', #8803 ) ;
#9250 = CARTESIAN_POINT ( 'NONE',  ( -0.2265057831927999865, 0.1689999999999999836, -0.03993908086339000713 ) ) ;
#9251 = CARTESIAN_POINT ( 'NONE',  ( 0.2044477576534388941, 0.1296938326659314578, 0.1034756043821372096 ) ) ;
#9252 = CIRCLE ( 'NONE', #4823, 0.06899999999999997802 ) ;
#9253 = VECTOR ( 'NONE', #70, 39.37007874015748143 ) ;
#9254 = DIRECTION ( 'NONE',  ( -0.6819983600624850428, 0.000000000000000000, 0.7313537016191830054 ) ) ;
#9255 = DIRECTION ( 'NONE',  ( 1.000000000000000000, 0.000000000000000000, 0.000000000000000000 ) ) ;
#9256 = SURFACE_STYLE_USAGE ( .BOTH. , #1596 ) ;
#9257 =( NAMED_UNIT ( * ) PLANE_ANGLE_UNIT ( ) SI_UNIT ( $, .RADIAN. ) );
#9258 = CYLINDRICAL_SURFACE ( 'NONE', #2605, 0.02000000000000000042 ) ;
#9259 = ORIENTED_EDGE ( 'NONE', *, *, #5865, .F. ) ;
#9260 = AXIS2_PLACEMENT_3D ( 'NONE', #9276, #6143, #7539 ) ;
#9261 = ORIENTED_EDGE ( 'NONE', *, *, #3081, .T. ) ;
#9262 = AXIS2_PLACEMENT_3D ( 'NONE', #731, #7852, #8519 ) ;
#9263 = AXIS2_PLACEMENT_3D ( 'NONE', #9725, #8093, #2686 ) ;
#9264 = EDGE_LOOP ( 'NONE', ( #2358, #820, #7702, #636, #5615, #562, #995, #4651, #5077 ) ) ;
#9265 = VECTOR ( 'NONE', #2037, 39.37007874015748143 ) ;
#9266 = DIRECTION ( 'NONE',  ( 0.000000000000000000, 0.000000000000000000, -1.000000000000000000 ) ) ;
#9267 = FACE_BOUND ( 'NONE', #5635, .T. ) ;
#9268 = AXIS2_PLACEMENT_3D ( 'NONE', #6286, #7998, #9422 ) ;
#9269 = VECTOR ( 'NONE', #5699, 39.37007874015748143 ) ;
#9270 = LINE ( 'NONE', #2237, #6930 ) ;
#9271 = DIRECTION ( 'NONE',  ( -0.4226182617406808451, 0.000000000000000000, 0.9063077870366585964 ) ) ;
#9272 = ORIENTED_EDGE ( 'NONE', *, *, #2330, .F. ) ;
#9273 =( CONVERSION_BASED_UNIT ( 'INCH', #577 ) LENGTH_UNIT ( ) NAMED_UNIT ( #195 ) );
#9274 = ORIENTED_EDGE ( 'NONE', *, *, #4659, .T. ) ;
#9275 = CARTESIAN_POINT ( 'NONE',  ( 0.2534354471715482560, 0.1743099074732122056, 0.03202144182362320901 ) ) ;
#9276 = CARTESIAN_POINT ( 'NONE',  ( -2.338355432896000156E-09, 0.1824999999695000041, 5.781357068225000228E-09 ) ) ;
#9277 = FACE_OUTER_BOUND ( 'NONE', #6854, .T. ) ;
#9278 = CARTESIAN_POINT ( 'NONE',  ( -0.05600000000000000810, 0.1740000000000000158, -0.2350000000000000144 ) ) ;
#9279 =( LENGTH_UNIT ( ) NAMED_UNIT ( * ) SI_UNIT ( $, .METRE. ) );
#9280 = CARTESIAN_POINT ( 'NONE',  ( 0.2251573650656952807, 0.1327063702906922105, -0.009642819967398047476 ) ) ;
#9281 = VERTEX_POINT ( 'NONE', #2053 ) ;
#9282 =( GEOMETRIC_REPRESENTATION_CONTEXT ( 3 ) GLOBAL_UNCERTAINTY_ASSIGNED_CONTEXT ( ( #4042 ) ) GLOBAL_UNIT_ASSIGNED_CONTEXT ( ( #8571, #8521, #6250 ) ) REPRESENTATION_CONTEXT ( 'NONE', 'WORKASPACE' ) );
#9283 = CARTESIAN_POINT ( 'NONE',  ( 0.000000000000000000, -0.09099999999999999756, 0.000000000000000000 ) ) ;
#9284 = ADVANCED_FACE ( 'NONE', ( #2532 ), #5677, .T. ) ;
#9285 = DIRECTION ( 'NONE',  ( 0.000000000000000000, -1.000000000000000000, 0.000000000000000000 ) ) ;
#9286 =( NAMED_UNIT ( * ) SI_UNIT ( $, .STERADIAN. ) SOLID_ANGLE_UNIT ( ) );
#9288 = CARTESIAN_POINT ( 'NONE',  ( 0.2248795811913025799, 0.09893921593662910463, -0.007480235745309322948 ) ) ;
#9287 = LINE ( 'NONE', #3895, #6428 ) ;
#9289 = CARTESIAN_POINT ( 'NONE',  ( 0.1900807159121999934, 0.1890000000000000291, -0.1203923645349000010 ) ) ;
#9290 = EDGE_CURVE ( 'NONE', #6636, #8007, #2962, .T. ) ;
#9291 = ORIENTED_EDGE ( 'NONE', *, *, #1207, .F. ) ;
#9292 = CARTESIAN_POINT ( 'NONE',  ( 0.2325178705083000841, 0.1899449464300000390, -0.09877957803695013028 ) ) ;
#9293 = CARTESIAN_POINT ( 'NONE',  ( 0.2103812081621000141, 0.1889420390996001120, 0.1037314245838000248 ) ) ;
#9294 =( GEOMETRIC_REPRESENTATION_CONTEXT ( 3 ) GLOBAL_UNCERTAINTY_ASSIGNED_CONTEXT ( ( #2528 ) ) GLOBAL_UNIT_ASSIGNED_CONTEXT ( ( #4251, #4971, #4152 ) ) REPRESENTATION_CONTEXT ( 'NONE', 'WORKASPACE' ) );
#9295 = ORIENTED_EDGE ( 'NONE', *, *, #5799, .F. ) ;
#9296 = EDGE_CURVE ( 'NONE', #4061, #7235, #10166, .T. ) ;
#9297 = EDGE_CURVE ( 'NONE', #6040, #182, #8071, .T. ) ;
#9298 = EDGE_LOOP ( 'NONE', ( #9511, #7064, #956, #1531 ) ) ;
#9299 = CARTESIAN_POINT ( 'NONE',  ( 0.2005697780659969065, 0.1839512573859578282, 0.1480563596254307335 ) ) ;
#9300 = DIRECTION ( 'NONE',  ( 0.000000000000000000, 1.000000000000000000, 0.000000000000000000 ) ) ;
#9301 = CARTESIAN_POINT ( 'NONE',  ( 0.09580368519011003836, 0.000000000000000000, -0.2371224417229000347 ) ) ;
#9302 = CIRCLE ( 'NONE', #756, 0.02000000000000001776 ) ;
#9303 = PRESENTATION_LAYER_ASSIGNMENT (  '', '', ( #6695 ) ) ;
#9304 = ADVANCED_FACE ( 'NONE', ( #9386 ), #5338, .T. ) ;
#9305 = SURFACE_STYLE_USAGE ( .BOTH. , #7719 ) ;
#9306 = EDGE_CURVE ( 'NONE', #10178, #6964, #9287, .T. ) ;
#9307 = SURFACE_SIDE_STYLE ('',( #7824 ) ) ;
#9308 = FACE_OUTER_BOUND ( 'NONE', #822, .T. ) ;
#9309 = ORIENTED_EDGE ( 'NONE', *, *, #7882, .T. ) ;
#9310 = VERTEX_POINT ( 'NONE', #539 ) ;
#9311 = UNCERTAINTY_MEASURE_WITH_UNIT (LENGTH_MEASURE( 1.000000000000000082E-05 ), #6205, 'distance_accuracy_value', 'NONE');
#9312 = AXIS2_PLACEMENT_3D ( 'NONE', #7822, #2221, #5351 ) ;
#9313 = EDGE_CURVE ( 'NONE', #8047, #2568, #5288, .T. ) ;
#9314 = ORIENTED_EDGE ( 'NONE', *, *, #678, .T. ) ;
#9315 = CARTESIAN_POINT ( 'NONE',  ( 0.2360000000000000153, 0.1270388744963000249, 0.000000000000000000 ) ) ;
#9316 = AXIS2_PLACEMENT_3D ( 'NONE', #10168, #1482, #3950 ) ;
#9317 = CARTESIAN_POINT ( 'NONE',  ( 0.2579934283673075979, 0.1359735539155055017, 0.001693365715109981058 ) ) ;
#9318 = DIRECTION ( 'NONE',  ( -0.4806308479691856483, 0.2756373558169941673, 0.8324770483674834853 ) ) ;
#9319 = DIRECTION ( 'NONE',  ( 0.000000000000000000, -1.000000000000000000, 0.000000000000000000 ) ) ;
#9320 = EDGE_CURVE ( 'NONE', #5712, #35, #7043, .T. ) ;
#9321 = CARTESIAN_POINT ( 'NONE',  ( 0.2009977641235068391, 0.1294278841087345977, 0.1011469131455043219 ) ) ;
#9322 =( GEOMETRIC_REPRESENTATION_CONTEXT ( 3 ) GLOBAL_UNCERTAINTY_ASSIGNED_CONTEXT ( ( #6333 ) ) GLOBAL_UNIT_ASSIGNED_CONTEXT ( ( #5055, #6656, #5012 ) ) REPRESENTATION_CONTEXT ( 'NONE', 'WORKASPACE' ) );
#9323 =( CONVERSION_BASED_UNIT ( 'INCH', #2989 ) LENGTH_UNIT ( ) NAMED_UNIT ( #3180 ) );
#9324 = ORIENTED_EDGE ( 'NONE', *, *, #9922, .T. ) ;
#9325 = FILL_AREA_STYLE_COLOUR ( '', #1063 ) ;
#9326 = AXIS2_PLACEMENT_3D ( 'NONE', #9858, #9812, #1226 ) ;
#9327 = CARTESIAN_POINT ( 'NONE',  ( 0.000000000000000000, -0.2600000000000000089, 0.000000000000000000 ) ) ;
#9328 = DIRECTION ( 'NONE',  ( 0.000000000000000000, 0.000000000000000000, 1.000000000000000000 ) ) ;
#9329 = CARTESIAN_POINT ( 'NONE',  ( 0.2230491192368999898, 0.09299999999999999933, 0.1008600823071000158 ) ) ;
#9330 = AXIS2_PLACEMENT_3D ( 'NONE', #8793, #4016, #924 ) ;
#9331 = DIRECTION ( 'NONE',  ( -1.000000000000000000, 0.000000000000000000, 0.000000000000000000 ) ) ;
#9332 = CARTESIAN_POINT ( 'NONE',  ( 0.2412901945870206122, 0.1282779959453070329, -0.01359544495467264642 ) ) ;
#9333 = ORIENTED_EDGE ( 'NONE', *, *, #6021, .T. ) ;
#9334 = CARTESIAN_POINT ( 'NONE',  ( 0.1970398972371028012, 0.1883849757436284744, -0.1387136125400021125 ) ) ;
#9335 = EDGE_LOOP ( 'NONE', ( #9259, #6200, #7883 ) ) ;
#9336 = ORIENTED_EDGE ( 'NONE', *, *, #4913, .T. ) ;
#9337 = CARTESIAN_POINT ( 'NONE',  ( 0.2001921211085999908, 0.1047618926469000011, 0.1027040147514000079 ) ) ;
#9338 = CARTESIAN_POINT ( 'NONE',  ( -0.08755715669137008328, -0.09099999999999999756, -0.2405613109212000056 ) ) ;
#9339 = FILL_AREA_STYLE_COLOUR ( '', #1351 ) ;
#9340 = DIRECTION ( 'NONE',  ( -0.7431448254773762585, 0.000000000000000000, -0.6691306063588782216 ) ) ;
#9341 = CARTESIAN_POINT ( 'NONE',  ( 0.000000000000000000, -0.5929999999999999716, 0.000000000000000000 ) ) ;
#9342 = ORIENTED_EDGE ( 'NONE', *, *, #6419, .T. ) ;
#9343 =( NAMED_UNIT ( * ) PLANE_ANGLE_UNIT ( ) SI_UNIT ( $, .RADIAN. ) );
#9344 = SURFACE_STYLE_USAGE ( .BOTH. , #6114 ) ;
#9345 = B_SPLINE_CURVE_WITH_KNOTS ( 'NONE', 3,
 ( #4418, #5729, #4364, #487 ),
 .UNSPECIFIED., .F., .F.,
 ( 4, 4 ),
 ( 0.000000000000000000, 1.000000000000000000 ),
 .UNSPECIFIED. ) ;
#9346 = CARTESIAN_POINT ( 'NONE',  ( 0.2047651328492999800, 0.1143371685741000066, -0.1182212045712000004 ) ) ;
#9347 = ORIENTED_EDGE ( 'NONE', *, *, #7304, .F. ) ;
#9348 = VECTOR ( 'NONE', #8282, 39.37007874015748143 ) ;
#9349 = VERTEX_POINT ( 'NONE', #691 ) ;
#9350 = CARTESIAN_POINT ( 'NONE',  ( 0.2027621161469550237, 0.1308156809243748997, 0.1035660683005594634 ) ) ;
#9351 = CARTESIAN_POINT ( 'NONE',  ( -0.04644655159233999908, -0.2849999999999999756, -0.04182066289742999987 ) ) ;
#9352 = CARTESIAN_POINT ( 'NONE',  ( 0.000000000000000000, 0.03950000000000000039, 0.000000000000000000 ) ) ;
#9353 = FACE_OUTER_BOUND ( 'NONE', #7254, .T. ) ;
#9354 = CARTESIAN_POINT ( 'NONE',  ( 0.2729420593992997190, 0.1674787285195999675, 0.000000000000000000 ) ) ;
#9355 = CARTESIAN_POINT ( 'NONE',  ( -0.04950000000000000233, -0.09099999999999999756, -0.2290000000000000091 ) ) ;
#9356 = EDGE_CURVE ( 'NONE', #6024, #2582, #1480, .T. ) ;
#9357 = VERTEX_POINT ( 'NONE', #4460 ) ;
#9358 = ORIENTED_EDGE ( 'NONE', *, *, #9733, .T. ) ;
#9359 = ADVANCED_FACE ( 'NONE', ( #8427 ), #5388, .T. ) ;
#9360 = VERTEX_POINT ( 'NONE', #6837 ) ;
#9361 = FILL_AREA_STYLE_COLOUR ( '', #5370 ) ;
#9362 = CARTESIAN_POINT ( 'NONE',  ( 0.08578490989223996888, 0.09299999999999999933, -0.2123251026958000165 ) ) ;
#9363 = FILL_AREA_STYLE ('',( #4025 ) ) ;
#9364 = CIRCLE ( 'NONE', #6756, 0.01149999999999998766 ) ;
#9365 = CARTESIAN_POINT ( 'NONE',  ( 0.1969272353400999820, 0.1143371685741000066, -0.1098058993102000030 ) ) ;
#9366 = CARTESIAN_POINT ( 'NONE',  ( 0.000000000000000000, 0.09299999999999999933, 0.000000000000000000 ) ) ;
#9367 = EDGE_CURVE ( 'NONE', #2307, #9281, #3688, .T. ) ;
#9368 = ORIENTED_EDGE ( 'NONE', *, *, #10057, .F. ) ;
#9369 = DIRECTION ( 'NONE',  ( 0.000000000000000000, 1.000000000000000000, 0.000000000000000000 ) ) ;
#9370 = AXIS2_PLACEMENT_3D ( 'NONE', #1566, #4862, #4043 ) ;
#9371 = ADVANCED_FACE ( 'NONE', ( #2255 ), #10113, .T. ) ;
#9372 = ADVANCED_FACE ( 'NONE', ( #741 ), #592, .T. ) ;
#9373 = PRESENTATION_STYLE_ASSIGNMENT (( #117 ) ) ;
#9374 = CARTESIAN_POINT ( 'NONE',  ( 0.000000000000000000, -0.08700000000000000788, 0.000000000000000000 ) ) ;
#9375 = FACE_OUTER_BOUND ( 'NONE', #6202, .T. ) ;
#9376 = CARTESIAN_POINT ( 'NONE',  ( -0.006000000000000000992, 0.1840533718129674090, -0.2491506575120092382 ) ) ;
#9377 = CARTESIAN_POINT ( 'NONE',  ( 0.2430672769885740825, 0.1295955813285204483, -0.01266745292509608746 ) ) ;
#9378 = AXIS2_PLACEMENT_3D ( 'NONE', #6445, #8, #8649 ) ;
#9379 = EDGE_LOOP ( 'NONE', ( #2187, #7111, #5708 ) ) ;
#9380 = CARTESIAN_POINT ( 'NONE',  ( 0.1990799852404709636, 0.1863950378066503710, -0.1444432920234038076 ) ) ;
#9381 = VERTEX_POINT ( 'NONE', #6415 ) ;
#9382 = ORIENTED_EDGE ( 'NONE', *, *, #9622, .T. ) ;
#9383 = LINE ( 'NONE', #9595, #9269 ) ;
#9384 = CARTESIAN_POINT ( 'NONE',  ( 0.1868593687315000251, 0.1246118225996999951, 0.1253338594206000189 ) ) ;
#9385 = AXIS2_PLACEMENT_3D ( 'NONE', #6785, #9903, #2859 ) ;
#9387 = CARTESIAN_POINT ( 'NONE',  ( 0.2247224630381287058, 0.1059073180226584726, -0.01119173536085892907 ) ) ;
#9386 = FACE_OUTER_BOUND ( 'NONE', #3656, .T. ) ;
#9388 = LINE ( 'NONE', #4566, #1772 ) ;
#9389 = VERTEX_POINT ( 'NONE', #8626 ) ;
#9390 = LINE ( 'NONE', #3899, #7779 ) ;
#9391 = ORIENTED_EDGE ( 'NONE', *, *, #7123, .T. ) ;
#9392 =( NAMED_UNIT ( * ) SI_UNIT ( $, .STERADIAN. ) SOLID_ANGLE_UNIT ( ) );
#9393 = SURFACE_STYLE_FILL_AREA ( #3181 ) ;
#9394 = ORIENTED_EDGE ( 'NONE', *, *, #9693, .T. ) ;
#9395 = MECHANICAL_DESIGN_GEOMETRIC_PRESENTATION_REPRESENTATION (  '', ( #3651 ), #6122 ) ;
#9396 = CARTESIAN_POINT ( 'NONE',  ( 0.2188819952930999568, 0.1339190816495078040, -0.1173122439329775391 ) ) ;
#9397 = ORIENTED_EDGE ( 'NONE', *, *, #3522, .F. ) ;
#9398 = CARTESIAN_POINT ( 'NONE',  ( 0.2428394196241000225, 0.06967483934666003631, -0.03086554830210999981 ) ) ;
#9399 = CARTESIAN_POINT ( 'NONE',  ( -0.05127699295793999162, -0.08700000000000000788, -0.04617001183875999587 ) ) ;
#9400 = CARTESIAN_POINT ( 'NONE',  ( 0.2249761652542000001, 0.1890000000000000291, 0.003274914884100000104 ) ) ;
#9401 = SURFACE_STYLE_USAGE ( .BOTH. , #9307 ) ;
#9402 =( NAMED_UNIT ( * ) SI_UNIT ( $, .STERADIAN. ) SOLID_ANGLE_UNIT ( ) );
#9403 = EDGE_LOOP ( 'NONE', ( #1299, #5617, #6610, #4708 ) ) ;
#9404 = ORIENTED_EDGE ( 'NONE', *, *, #3328, .F. ) ;
#9405 = AXIS2_PLACEMENT_3D ( 'NONE', #9850, #8931, #9801 ) ;
#9406 = COLOUR_RGB ( '',0.2509803921568627416, 0.2509803921568627416, 0.2509803921568627416 ) ;
#9407 = UNCERTAINTY_MEASURE_WITH_UNIT (LENGTH_MEASURE( 1.000000000000000082E-05 ), #9273, 'distance_accuracy_value', 'NONE');
#9408 = VERTEX_POINT ( 'NONE', #905 ) ;
#9409 =( NAMED_UNIT ( * ) SI_UNIT ( $, .STERADIAN. ) SOLID_ANGLE_UNIT ( ) );
#9410 = EDGE_CURVE ( 'NONE', #4423, #1656, #4776, .T. ) ;
#9411 = CARTESIAN_POINT ( 'NONE',  ( 0.04779079981520999859, 0.1290000000000000036, 0.2198659579221000082 ) ) ;
#9412 =( NAMED_UNIT ( * ) PLANE_ANGLE_UNIT ( ) SI_UNIT ( $, .RADIAN. ) );
#9413 = CARTESIAN_POINT ( 'NONE',  ( 0.2247956965830824050, 0.1018052677971550829, 0.009694847609287137596 ) ) ;
#9414 = DIRECTION ( 'NONE',  ( -0.000000000000000000, 1.000000000000000000, 0.000000000000000000 ) ) ;
#9415 = CARTESIAN_POINT ( 'NONE',  ( 0.2361025342095000035, 0.1689999999999999836, -0.09895249594164998164 ) ) ;
#9416 = AXIS2_PLACEMENT_3D ( 'NONE', #5891, #9791, #8265 ) ;
#9417 = VECTOR ( 'NONE', #7690, 39.37007874015748143 ) ;
#9418 = PRESENTATION_LAYER_ASSIGNMENT (  '', '', ( #6643 ) ) ;
#9419 = DIRECTION ( 'NONE',  ( -1.000000000000000000, 0.000000000000000000, 0.000000000000000000 ) ) ;
#9420 = ADVANCED_FACE ( 'NONE', ( #7195, #7296, #6522 ), #8829, .T. ) ;
#9421 = ORIENTED_EDGE ( 'NONE', *, *, #4220, .T. ) ;
#9422 = DIRECTION ( 'NONE',  ( 0.2266666666667088714, 0.000000000000000000, -0.9739723929466395091 ) ) ;
#9423 = CIRCLE ( 'NONE', #2215, 0.2559999999999999498 ) ;
#9424 = VECTOR ( 'NONE', #2488, 39.37007874015748143 ) ;
#9425 = CARTESIAN_POINT ( 'NONE',  ( 0.000000000000000000, -0.007000000000000001013, 0.000000000000000000 ) ) ;
#9427 = EDGE_CURVE ( 'NONE', #3669, #4757, #2796, .T. ) ;
#9426 = CARTESIAN_POINT ( 'NONE',  ( 0.000000000000000000, 0.000000000000000000, 0.000000000000000000 ) ) ;
#9428 = DIRECTION ( 'NONE',  ( 0.7313537016191831164, 0.000000000000000000, -0.6819983600624851539 ) ) ;
#9429 = DIRECTION ( 'NONE',  ( -0.3420201433256991330, 0.000000000000000000, 0.9396926207858972147 ) ) ;
#9430 = SURFACE_STYLE_FILL_AREA ( #7949 ) ;
#9431 = CARTESIAN_POINT ( 'NONE',  ( 0.2217515678871975482, 0.1357691082652031644, 0.1316974787686186199 ) ) ;
#9432 = EDGE_CURVE ( 'NONE', #8078, #2671, #3575, .T. ) ;
#9433 = LINE ( 'NONE', #8664, #1450 ) ;
#9434 = EDGE_CURVE ( 'NONE', #8518, #3812, #1497, .T. ) ;
#9435 = CARTESIAN_POINT ( 'NONE',  ( 0.000000000000000000, -0.09099999999999999756, 0.000000000000000000 ) ) ;
#9436 = ORIENTED_EDGE ( 'NONE', *, *, #1500, .F. ) ;
#9437 = VECTOR ( 'NONE', #5235, 39.37007874015748143 ) ;
#9438 = ORIENTED_EDGE ( 'NONE', *, *, #8684, .F. ) ;
#9439 = LENGTH_MEASURE_WITH_UNIT ( LENGTH_MEASURE( 0.02539999999999999897 ), #5637 );
#9440 = CARTESIAN_POINT ( 'NONE',  ( 0.000000000000000000, 0.1689999999999999836, 0.000000000000000000 ) ) ;
#9441 = CARTESIAN_POINT ( 'NONE',  ( 0.1918295665377000025, 0.09299999999998996569, -0.1197727077903999876 ) ) ;
#9442 = DIRECTION ( 'NONE',  ( 0.000000000000000000, -1.000000000000000000, 0.000000000000000000 ) ) ;
#9444 = CARTESIAN_POINT ( 'NONE',  ( 0.002000000000000000042, 0.1890000000000000291, 0.2190000000000000002 ) ) ;
#9443 = LENGTH_MEASURE_WITH_UNIT ( LENGTH_MEASURE( 0.02539999999999999897 ), #4763 );
#9445 = CARTESIAN_POINT ( 'NONE',  ( 0.03099999999999999978, 0.1740000000000000158, 0.2290000000000000091 ) ) ;
#9446 =( GEOMETRIC_REPRESENTATION_CONTEXT ( 3 ) GLOBAL_UNCERTAINTY_ASSIGNED_CONTEXT ( ( #124 ) ) GLOBAL_UNIT_ASSIGNED_CONTEXT ( ( #2274, #5402, #3861 ) ) REPRESENTATION_CONTEXT ( 'NONE', 'WORKASPACE' ) );
#9447 = EDGE_LOOP ( 'NONE', ( #6117, #9382, #5101, #2462, #9815 ) ) ;
#9448 = CARTESIAN_POINT ( 'NONE',  ( 0.2010554551902999643, 0.1674787285197001652, -0.1618515244379000462 ) ) ;
#9449 = ORIENTED_EDGE ( 'NONE', *, *, #6030, .T. ) ;
#9450 = SURFACE_SIDE_STYLE ('',( #9502 ) ) ;
#9451 = VERTEX_POINT ( 'NONE', #8721 ) ;
#9452 = AXIS2_PLACEMENT_3D ( 'NONE', #2957, #7650, #2200 ) ;
#9453 = DIRECTION ( 'NONE',  ( 0.000000000000000000, -1.000000000000000000, 0.000000000000000000 ) ) ;
#9454 = VERTEX_POINT ( 'NONE', #5752 ) ;
#9455 = CARTESIAN_POINT ( 'NONE',  ( 0.2066449409954605465, 0.1282793420976987564, 0.1036772099889759352 ) ) ;
#9456 = ORIENTED_EDGE ( 'NONE', *, *, #1833, .F. ) ;
#9457 = CARTESIAN_POINT ( 'NONE',  ( 0.1948723322835999860, 0.06967483934665000267, -0.1481500587434000094 ) ) ;
#9458 = VECTOR ( 'NONE', #525, 39.37007874015748143 ) ;
#9459 = CARTESIAN_POINT ( 'NONE',  ( 0.2729420593992999966, 0.1674787285196001618, 0.02386014008679000764 ) ) ;
#9460 =( LENGTH_UNIT ( ) NAMED_UNIT ( * ) SI_UNIT ( $, .METRE. ) );
#9461 = VERTEX_POINT ( 'NONE', #9847 ) ;
#9462 = ORIENTED_EDGE ( 'NONE', *, *, #7253, .T. ) ;
#9463 = VERTEX_POINT ( 'NONE', #9751 ) ;
#9464 =( NAMED_UNIT ( * ) SI_UNIT ( $, .STERADIAN. ) SOLID_ANGLE_UNIT ( ) );
#9465 = MECHANICAL_DESIGN_GEOMETRIC_PRESENTATION_REPRESENTATION (  '', ( #2251 ), #106 ) ;
#9466 = CARTESIAN_POINT ( 'NONE',  ( 0.2580077251317377529, 0.1360098356132304620, -0.0004469873896299389709 ) ) ;
#9467 = CARTESIAN_POINT ( 'NONE',  ( 0.000000000000000000, 0.03950000000000000039, 0.000000000000000000 ) ) ;
#9468 = CARTESIAN_POINT ( 'NONE',  ( 0.2247237698669519446, 0.1058236739557042727, 0.01117010807920750144 ) ) ;
#9469 = CARTESIAN_POINT ( 'NONE',  ( 0.2258817353747830659, 0.1349910709175915768, -0.1239394782324734906 ) ) ;
#9470 = CARTESIAN_POINT ( 'NONE',  ( 0.1871577208122706670, 0.1263819054498451500, -0.1249058906396185581 ) ) ;
#9471 = ORIENTED_EDGE ( 'NONE', *, *, #7562, .T. ) ;
#9472 = SURFACE_STYLE_USAGE ( .BOTH. , #4748 ) ;
#9473 = B_SPLINE_CURVE_WITH_KNOTS ( 'NONE', 3,
 ( #186, #6463, #7192, #81, #7041, #6308, #2505, #3223, #1680, #25, #3318, #9441 ),
 .UNSPECIFIED., .F., .F.,
 ( 4, 1, 1, 1, 1, 1, 1, 1, 1, 4 ),
 ( 0.000000000000000000, 0.1111111111111000027, 0.2222222222222000054, 0.3333333333333000081, 0.4444444444444000109, 0.5555555555555999891, 0.6666666666667000474, 0.7777777777777999946, 0.8888888888888999418, 1.000000000000000000 ),
 .UNSPECIFIED. ) ;
#9474 = AXIS2_PLACEMENT_3D ( 'NONE', #7001, #10073, #8534 ) ;
#9475 = DIRECTION ( 'NONE',  ( 0.000000000000000000, 0.000000000000000000, -1.000000000000000000 ) ) ;
#9476 = EDGE_CURVE ( 'NONE', #1748, #576, #9364, .T. ) ;
#9477 =( NAMED_UNIT ( * ) SI_UNIT ( $, .STERADIAN. ) SOLID_ANGLE_UNIT ( ) );
#9478 = CARTESIAN_POINT ( 'NONE',  ( 0.000000000000000000, -0.007000000000000001013, 0.000000000000000000 ) ) ;
#9479 = MECHANICAL_DESIGN_GEOMETRIC_PRESENTATION_REPRESENTATION (  '', ( #5715 ), #4898 ) ;
#9480 = VECTOR ( 'NONE', #7843, 39.37007874015748143 ) ;
#9481 = DIRECTION ( 'NONE',  ( -1.000000000000000000, 0.000000000000000000, 0.000000000000000000 ) ) ;
#9482 = AXIS2_PLACEMENT_3D ( 'NONE', #8259, #9114, #1104 ) ;
#9483 = CARTESIAN_POINT ( 'NONE',  ( -0.08071675382484998218, 0.1689999999999999836, 0.2217674585055000036 ) ) ;
#9484 = ADVANCED_FACE ( 'NONE', ( #382 ), #9856, .T. ) ;
#9485 = ORIENTED_EDGE ( 'NONE', *, *, #1206, .T. ) ;
#9486 = EDGE_CURVE ( 'NONE', #1086, #4261, #4127, .T. ) ;
#9487 = CIRCLE ( 'NONE', #610, 0.01999999999999999001 ) ;
#9488 =( GEOMETRIC_REPRESENTATION_CONTEXT ( 3 ) GLOBAL_UNCERTAINTY_ASSIGNED_CONTEXT ( ( #6644 ) ) GLOBAL_UNIT_ASSIGNED_CONTEXT ( ( #5778, #6600, #5875 ) ) REPRESENTATION_CONTEXT ( 'NONE', 'WORKASPACE' ) );
#9489 = ORIENTED_EDGE ( 'NONE', *, *, #8936, .T. ) ;
#9490 = VECTOR ( 'NONE', #6387, 39.37007874015748143 ) ;
#9491 = ADVANCED_FACE ( 'NONE', ( #6571 ), #5172, .T. ) ;
#9492 = CARTESIAN_POINT ( 'NONE',  ( 0.04756126883046000314, -0.2300000000000000100, 0.04282435880707000098 ) ) ;
#9493 = EDGE_CURVE ( 'NONE', #417, #9185, #8318, .T. ) ;
#9494 = CARTESIAN_POINT ( 'NONE',  ( 0.000000000000000000, 0.1849999999999999978, 0.000000000000000000 ) ) ;
#9495 = DIRECTION ( 'NONE',  ( 0.000000000000000000, 1.000000000000000000, 0.000000000000000000 ) ) ;
#9496 = CARTESIAN_POINT ( 'NONE',  ( 0.000000000000000000, -0.2880000000000000338, 0.000000000000000000 ) ) ;
#9497 = CARTESIAN_POINT ( 'NONE',  ( 0.2249761652542000001, 0.1268248539303000189, 0.003274914884095000197 ) ) ;
#9498 = CARTESIAN_POINT ( 'NONE',  ( 0.2047651328492999800, 0.4385000000000000009, -0.1182212045712000004 ) ) ;
#9499 = VERTEX_POINT ( 'NONE', #337 ) ;
#9500 = LINE ( 'NONE', #8679, #2035 ) ;
#9501 = ORIENTED_EDGE ( 'NONE', *, *, #8432, .F. ) ;
#9502 = SURFACE_STYLE_FILL_AREA ( #7914 ) ;
#9503 = ADVANCED_FACE ( 'NONE', ( #5892 ), #8169, .T. ) ;
#9504 = ORIENTED_EDGE ( 'NONE', *, *, #5346, .F. ) ;
#9505 = CARTESIAN_POINT ( 'NONE',  ( 0.000000000000000000, -0.2300000000000000100, 0.000000000000000000 ) ) ;
#9506 = EDGE_CURVE ( 'NONE', #3630, #2397, #5941, .T. ) ;
#9507 = EDGE_CURVE ( 'NONE', #7795, #3630, #432, .T. ) ;
#9508 = ORIENTED_EDGE ( 'NONE', *, *, #4049, .T. ) ;
#9509 = FACE_OUTER_BOUND ( 'NONE', #9562, .T. ) ;
#9510 = CARTESIAN_POINT ( 'NONE',  ( 0.000000000000000000, 0.1689999999999999836, 0.000000000000000000 ) ) ;
#9511 = ORIENTED_EDGE ( 'NONE', *, *, #9820, .T. ) ;
#9512 = DIRECTION ( 'NONE',  ( 0.000000000000000000, 1.000000000000000000, 0.000000000000000000 ) ) ;
#9513 = FACE_OUTER_BOUND ( 'NONE', #6321, .T. ) ;
#9514 = DIRECTION ( 'NONE',  ( 0.9063077870366585964, 0.000000000000000000, 0.4226182617406809006 ) ) ;
#9515 = ORIENTED_EDGE ( 'NONE', *, *, #5798, .T. ) ;
#9516 = ORIENTED_EDGE ( 'NONE', *, *, #213, .F. ) ;
#9517 = ORIENTED_EDGE ( 'NONE', *, *, #7376, .T. ) ;
#9518 = CARTESIAN_POINT ( 'NONE',  ( 0.1933478874731706376, 0.1280156225627036015, -0.1274379640675860625 ) ) ;
#9519 = CARTESIAN_POINT ( 'NONE',  ( 0.2551542619423351477, 0.1260885474402353157, -0.01463511435565402127 ) ) ;
#9520 =( GEOMETRIC_REPRESENTATION_CONTEXT ( 3 ) GLOBAL_UNCERTAINTY_ASSIGNED_CONTEXT ( ( #8760 ) ) GLOBAL_UNIT_ASSIGNED_CONTEXT ( ( #4427, #2173, #5305 ) ) REPRESENTATION_CONTEXT ( 'NONE', 'WORKASPACE' ) );
#9521 = CARTESIAN_POINT ( 'NONE',  ( 0.2247209441402829577, 0.1072224573949937948, 0.01140777062437481164 ) ) ;
#9522 = STYLED_ITEM ( 'NONE', ( #3862 ), #2198 ) ;
#9523 = CARTESIAN_POINT ( 'NONE',  ( -0.08133980031492991924, 0.1290000000000000036, -0.2115782030813999903 ) ) ;
#9524 = ORIENTED_EDGE ( 'NONE', *, *, #7258, .F. ) ;
#9525 =( CONVERSION_BASED_UNIT ( 'INCH', #6399 ) LENGTH_UNIT ( ) NAMED_UNIT ( #7511 ) );
#9526 = AXIS2_PLACEMENT_3D ( 'NONE', #9467, #2432, #771 ) ;
#9527 = DIRECTION ( 'NONE',  ( -6.781564073555798472E-07, -0.9999999999997698508, 1.589866395663949774E-08 ) ) ;
#9528 = CARTESIAN_POINT ( 'NONE',  ( 0.000000000000000000, 0.1689999999999999836, 0.000000000000000000 ) ) ;
#9529 = SURFACE_SIDE_STYLE ('',( #9430 ) ) ;
#9530 = CARTESIAN_POINT ( 'NONE',  ( 0.03200000000000000067, 0.1740000000000000158, -0.2136000000000000121 ) ) ;
#9531 = ORIENTED_EDGE ( 'NONE', *, *, #8794, .F. ) ;
#9532 = AXIS2_PLACEMENT_3D ( 'NONE', #9846, #2801, #5939 ) ;
#9533 = CARTESIAN_POINT ( 'NONE',  ( 0.001999945446501000170, 0.1890000000000000291, 0.2249911114204999896 ) ) ;
#9534 = EDGE_LOOP ( 'NONE', ( #7735, #4530, #3602, #8371, #1636, #628 ) ) ;
#9535 = AXIS2_PLACEMENT_3D ( 'NONE', #1683, #1017, #1738 ) ;
#9536 = CIRCLE ( 'NONE', #2504, 0.2289999999999999536 ) ;
#9537 = ORIENTED_EDGE ( 'NONE', *, *, #7750, .T. ) ;
#9538 = DIRECTION ( 'NONE',  ( 1.000000000000000000, 0.000000000000000000, 0.000000000000000000 ) ) ;
#9539 =( BOUNDED_SURFACE ( )  B_SPLINE_SURFACE ( 3, 3, ( 
 ( #2359, #5293, #2306, #10170 ),
 ( #3018, #2259, #9292, #5439 ),
 ( #8431, #4515, #1532, #647 ),
 ( #802, #5343, #3121, #744 ),
 ( #3953, #8629, #7049, #8528 ),
 ( #9448, #3069, #9245, #6990 ),
 ( #5493, #7659, #8577, #6257 ) ),
 .UNSPECIFIED., .F., .F., .F. ) 
 B_SPLINE_SURFACE_WITH_KNOTS ( ( 4, 3, 4 ),
 ( 4, 4 ),
 ( 0.000000000000000000, 1.000000000000000000, 2.000000000000000000 ),
 ( 0.000000000000000000, 1.000000000000000000 ),
 .UNSPECIFIED. ) 
 GEOMETRIC_REPRESENTATION_ITEM ( )  RATIONAL_B_SPLINE_SURFACE ( (
 ( 1.458088512580000051, 1.119100566633000060, 1.119100566633000060, 1.458088512580000051),
 ( 1.128890932979000006, 0.8664374431758999906, 0.8664374431758999906, 1.128890932979000006),
 ( 1.128890932979000006, 0.8664374431758999906, 0.8664374431758999906, 1.128890932979000006),
 ( 1.458088512580000051, 1.119100566633000060, 1.119100566633000060, 1.458088512580000051),
 ( 1.128890932979000006, 0.8664374431758999906, 0.8664374431758999906, 1.128890932979000006),
 ( 1.128890932979000006, 0.8664374431758999906, 0.8664374431758999906, 1.128890932979000006),
 ( 1.458088512580000051, 1.119100566633000060, 1.119100566633000060, 1.458088512580000051) ) ) 
 REPRESENTATION_ITEM ( '' )  SURFACE ( )  );
#9540 = CARTESIAN_POINT ( 'NONE',  ( -0.2215817444276999837, 0.1890000000000000291, -0.03907083997506000800 ) ) ;
#9541 = CARTESIAN_POINT ( 'NONE',  ( 0.2018190282308306993, 0.1812140023271573974, 0.1509195150729110424 ) ) ;
#9542 = PLANE ( 'NONE',  #3856 ) ;
#9543 = DIRECTION ( 'NONE',  ( 1.000000000000000000, 0.000000000000000000, 0.000000000000000000 ) ) ;
#9544 = CONICAL_SURFACE ( 'NONE', #12, 0.2465000000000001079, 0.03644219260941965882 ) ;
#9545 = EDGE_CURVE ( 'NONE', #3335, #1572, #5073, .T. ) ;
#9546 = FACE_OUTER_BOUND ( 'NONE', #4617, .T. ) ;
#9547 = CARTESIAN_POINT ( 'NONE',  ( 0.2316096480957423875, 0.1812140023267034550, -0.09932064787841664300 ) ) ;
#9548 = VERTEX_POINT ( 'NONE', #9653 ) ;
#9549 = DIRECTION ( 'NONE',  ( 0.000000000000000000, 1.000000000000000000, 0.000000000000000000 ) ) ;
#9550 = ORIENTED_EDGE ( 'NONE', *, *, #7544, .T. ) ;
#9551 = EDGE_CURVE ( 'NONE', #7086, #7674, #5279, .T. ) ;
#9552 = ORIENTED_EDGE ( 'NONE', *, *, #1513, .F. ) ;
#9553 = MECHANICAL_DESIGN_GEOMETRIC_PRESENTATION_REPRESENTATION (  '', ( #2170 ), #5119 ) ;
#9554 = PRESENTATION_LAYER_ASSIGNMENT (  '', '', ( #3809 ) ) ;
#9555 = CARTESIAN_POINT ( 'NONE',  ( 0.2185473563737747038, 0.1325760418507687943, -0.1148562296390749637 ) ) ;
#9556 = ORIENTED_EDGE ( 'NONE', *, *, #4934, .F. ) ;
#9557 = CARTESIAN_POINT ( 'NONE',  ( -0.04950000000000000233, -0.09099999999999999756, -0.2290000000000000091 ) ) ;
#9558 = EDGE_CURVE ( 'NONE', #2842, #8039, #294, .T. ) ;
#9559 = EDGE_LOOP ( 'NONE', ( #6165, #2667, #10107, #5132, #4747, #6544 ) ) ;
#9560 = CARTESIAN_POINT ( 'NONE',  ( 0.2190000000000000002, 0.000000000000000000, 0.000000000000000000 ) ) ;
#9561 = EDGE_CURVE ( 'NONE', #9675, #5877, #9709, .T. ) ;
#9562 = EDGE_LOOP ( 'NONE', ( #5033, #8419, #7689, #5477, #3534 ) ) ;
#9563 =( GEOMETRIC_REPRESENTATION_CONTEXT ( 3 ) GLOBAL_UNCERTAINTY_ASSIGNED_CONTEXT ( ( #3309 ) ) GLOBAL_UNIT_ASSIGNED_CONTEXT ( ( #8477, #2303, #9286 ) ) REPRESENTATION_CONTEXT ( 'NONE', 'WORKASPACE' ) );
#9564 = EDGE_CURVE ( 'NONE', #7658, #833, #4405, .T. ) ;
#9565 = VERTEX_POINT ( 'NONE', #2803 ) ;
#9566 = VERTEX_POINT ( 'NONE', #9074 ) ;
#9567 = CARTESIAN_POINT ( 'NONE',  ( 0.1928136717837171943, 0.1285231123262796094, -0.1267897363569995550 ) ) ;
#9568 = DIRECTION ( 'NONE',  ( 1.000000000000000000, 0.000000000000000000, 0.000000000000000000 ) ) ;
#9569 =( CONVERSION_BASED_UNIT ( 'INCH', #8042 ) LENGTH_UNIT ( ) NAMED_UNIT ( #6506 ) );
#9570 = DIRECTION ( 'NONE',  ( -0.9396926207858973257, 0.000000000000000000, -0.3420201433256991330 ) ) ;
#9571 = B_SPLINE_CURVE_WITH_KNOTS ( 'NONE', 3,
 ( #4084, #8802, #9724, #6492 ),
 .UNSPECIFIED., .F., .F.,
 ( 4, 4 ),
 ( 0.000000000000000000, 1.000000000000000000 ),
 .UNSPECIFIED. ) ;
#9572 = CARTESIAN_POINT ( 'NONE',  ( 0.1925000000000000044, 0.05700000000000000205, -0.1650000000000000078 ) ) ;
#9573 = DIRECTION ( 'NONE',  ( 0.000000000000000000, 0.000000000000000000, -1.000000000000000000 ) ) ;
#9574 = ORIENTED_EDGE ( 'NONE', *, *, #2648, .T. ) ;
#9575 = DIRECTION ( 'NONE',  ( 0.000000000000000000, 1.000000000000000000, 0.000000000000000000 ) ) ;
#9576 = CIRCLE ( 'NONE', #6797, 0.2560000000000000053 ) ;
#9577 = DIRECTION ( 'NONE',  ( 0.000000000000000000, 1.000000000000000000, 0.000000000000000000 ) ) ;
#9578 = FILL_AREA_STYLE ('',( #8913 ) ) ;
#9579 = DIMENSIONAL_EXPONENTS ( 1.000000000000000000, 0.000000000000000000, 0.000000000000000000, 0.000000000000000000, 0.000000000000000000, 0.000000000000000000, 0.000000000000000000 ) ;
#9580 = AXIS2_PLACEMENT_3D ( 'NONE', #9679, #5824, #1767 ) ;
#9581 = UNCERTAINTY_MEASURE_WITH_UNIT (LENGTH_MEASURE( 1.000000000000000082E-05 ), #2869, 'distance_accuracy_value', 'NONE');
#9582 = FACE_OUTER_BOUND ( 'NONE', #10027, .T. ) ;
#9583 =( NAMED_UNIT ( * ) PLANE_ANGLE_UNIT ( ) SI_UNIT ( $, .RADIAN. ) );
#9584 = ORIENTED_EDGE ( 'NONE', *, *, #9558, .T. ) ;
#9585 = DIRECTION ( 'NONE',  ( 0.6112671698478215898, 0.000000000000000000, -0.7914243154378278744 ) ) ;
#9586 = ORIENTED_EDGE ( 'NONE', *, *, #8996, .T. ) ;
#9587 = CIRCLE ( 'NONE', #7133, 0.03700000000000000511 ) ;
#9588 = STYLED_ITEM ( 'NONE', ( #7796 ), #2703 ) ;
#9589 = AXIS2_PLACEMENT_3D ( 'NONE', #9505, #9453, #6262 ) ;
#9590 = ORIENTED_EDGE ( 'NONE', *, *, #6979, .T. ) ;
#9591 = CYLINDRICAL_SURFACE ( 'NONE', #3383, 0.01149999999999999981 ) ;
#9592 = CARTESIAN_POINT ( 'NONE',  ( 0.000000000000000000, -0.5929999999999999716, 0.000000000000000000 ) ) ;
#9593 = LINE ( 'NONE', #3804, #1716 ) ;
#9594 = VECTOR ( 'NONE', #7190, 39.37007874015748143 ) ;
#9595 = CARTESIAN_POINT ( 'NONE',  ( -0.008000000000000000167, 0.4210000000000000409, -0.2136000000000000121 ) ) ;
#9596 = DIRECTION ( 'NONE',  ( 0.000000000000000000, 0.000000000000000000, -1.000000000000000000 ) ) ;
#9598 = DIRECTION ( 'NONE',  ( 0.000000000000000000, 0.000000000000000000, 1.000000000000000000 ) ) ;
#9597 = PRESENTATION_STYLE_ASSIGNMENT (( #3274 ) ) ;
#9599 = CARTESIAN_POINT ( 'NONE',  ( 0.2332383182665299093, 0.1791079393090835858, -0.09917022751200123276 ) ) ;
#9600 = ORIENTED_EDGE ( 'NONE', *, *, #484, .T. ) ;
#9601 = CARTESIAN_POINT ( 'NONE',  ( 0.2098500811196022386, 0.1332393745538462682, 0.1314325325121374066 ) ) ;
#9602 = SURFACE_STYLE_USAGE ( .BOTH. , #9450 ) ;
#9603 = VERTEX_POINT ( 'NONE', #7398 ) ;
#9604 = ADVANCED_FACE ( 'NONE', ( #3481 ), #6100, .T. ) ;
#9605 = DIRECTION ( 'NONE',  ( 1.000000000000000000, 0.000000000000000000, -2.756146191708000299E-13 ) ) ;
#9606 = VERTEX_POINT ( 'NONE', #4204 ) ;
#9607 = DIRECTION ( 'NONE',  ( -0.4731467872537101216, -0.7071067842973152162, -0.5254827431155111306 ) ) ;
#9608 = EDGE_CURVE ( 'NONE', #10159, #7149, #7542, .T. ) ;
#9609 = CARTESIAN_POINT ( 'NONE',  ( 0.1904477016662441957, 0.09791821864578376111, -0.1198167694961473351 ) ) ;
#9610 = VERTEX_POINT ( 'NONE', #4354 ) ;
#9611 = PRESENTATION_STYLE_ASSIGNMENT (( #258 ) ) ;
#9612 = CARTESIAN_POINT ( 'NONE',  ( 0.01200000000000000025, 0.4085000000000000298, -0.2235999999999999932 ) ) ;
#9613 = FILL_AREA_STYLE_COLOUR ( '', #3255 ) ;
#9614 = ORIENTED_EDGE ( 'NONE', *, *, #6979, .F. ) ;
#9615 = ORIENTED_EDGE ( 'NONE', *, *, #7385, .T. ) ;
#9616 = EDGE_CURVE ( 'NONE', #10019, #1334, #7494, .T. ) ;
#9617 = EDGE_CURVE ( 'NONE', #4074, #9839, #6881, .T. ) ;
#9618 = UNCERTAINTY_MEASURE_WITH_UNIT (LENGTH_MEASURE( 1.000000000000000082E-05 ), #4740, 'distance_accuracy_value', 'NONE');
#9619 = CIRCLE ( 'NONE', #5184, 0.05249999999999999806 ) ;
#9620 = ORIENTED_EDGE ( 'NONE', *, *, #2404, .T. ) ;
#9621 = CARTESIAN_POINT ( 'NONE',  ( 0.2244918899669000323, 0.1246118225996999951, 0.01511262184679000066 ) ) ;
#9622 = EDGE_CURVE ( 'NONE', #3076, #595, #5773, .T. ) ;
#9623 = ADVANCED_FACE ( 'NONE', ( #7792 ), #1517, .T. ) ;
#9624 = DIRECTION ( 'NONE',  ( 0.000000000000000000, -1.000000000000000000, 0.000000000000000000 ) ) ;
#9625 = CIRCLE ( 'NONE', #1753, 0.2447931081450998581 ) ;
#9626 =( LENGTH_UNIT ( ) NAMED_UNIT ( * ) SI_UNIT ( $, .METRE. ) );
#9627 = CYLINDRICAL_SURFACE ( 'NONE', #5659, 0.2249999999999999778 ) ;
#9628 = DIRECTION ( 'NONE',  ( 0.000000000000000000, 1.000000000000000000, 0.000000000000000000 ) ) ;
#9629 = ORIENTED_EDGE ( 'NONE', *, *, #2535, .T. ) ;
#9630 = CARTESIAN_POINT ( 'NONE',  ( 0.2475000000000000255, 0.1270388744963000249, 0.000000000000000000 ) ) ;
#9631 = ORIENTED_EDGE ( 'NONE', *, *, #3530, .T. ) ;
#9632 = AXIS2_PLACEMENT_3D ( 'NONE', #7787, #836, #5574 ) ;
#9633 = COLOUR_RGB ( '',0.2509803921568627416, 0.2509803921568627416, 0.2509803921568627416 ) ;
#9634 = CARTESIAN_POINT ( 'NONE',  ( 0.1565765618541000159, 0.1849999999999999978, 0.1738958891234999860 ) ) ;
#9635 = DIRECTION ( 'NONE',  ( -1.000000000000000000, 0.000000000000000000, 0.000000000000000000 ) ) ;
#9636 = EDGE_CURVE ( 'NONE', #5821, #4100, #2145, .T. ) ;
#9637 = DIRECTION ( 'NONE',  ( 0.000000000000000000, 1.000000000000000000, 0.000000000000000000 ) ) ;
#9638 =( NAMED_UNIT ( * ) SI_UNIT ( $, .STERADIAN. ) SOLID_ANGLE_UNIT ( ) );
#9639 = VECTOR ( 'NONE', #3155, 39.37007874015748143 ) ;
#9640 =( CONVERSION_BASED_UNIT ( 'INCH', #8105 ) LENGTH_UNIT ( ) NAMED_UNIT ( #9729 ) );
#9641 = VECTOR ( 'NONE', #4131, 39.37007874015748143 ) ;
#9642 = LENGTH_MEASURE_WITH_UNIT ( LENGTH_MEASURE( 0.02539999999999999897 ), #6511 );
#9643 = ORIENTED_EDGE ( 'NONE', *, *, #7310, .F. ) ;
#9644 = AXIS2_PLACEMENT_3D ( 'NONE', #3016, #2208, #6160 ) ;
#9645 = ORIENTED_EDGE ( 'NONE', *, *, #9545, .F. ) ;
#9646 = LENGTH_MEASURE_WITH_UNIT ( LENGTH_MEASURE( 0.02539999999999999897 ), #4199 );
#9647 = STYLED_ITEM ( 'NONE', ( #4832 ), #7429 ) ;
#9648 = AXIS2_PLACEMENT_3D ( 'NONE', #3258, #9577, #224 ) ;
#9649 = LINE ( 'NONE', #3222, #3875 ) ;
#9650 = LINE ( 'NONE', #3477, #9083 ) ;
#9651 = DIRECTION ( 'NONE',  ( -3.596728437763999655E-14, -1.000000000000000000, -3.711692360432000012E-14 ) ) ;
#9652 = PRESENTATION_LAYER_ASSIGNMENT (  '', '', ( #3907 ) ) ;
#9654 = CARTESIAN_POINT ( 'NONE',  ( 0.02200000000000000219, 0.4210000000000000409, 0.2290000000000000091 ) ) ;
#9653 = CARTESIAN_POINT ( 'NONE',  ( 0.03200000000000000067, 0.1890000000000000291, -0.2136000000000000121 ) ) ;
#9655 = DIRECTION ( 'NONE',  ( 0.000000000000000000, -1.000000000000000000, 0.000000000000000000 ) ) ;
#9656 = ORIENTED_EDGE ( 'NONE', *, *, #7485, .F. ) ;
#9657 = DIMENSIONAL_EXPONENTS ( 1.000000000000000000, 0.000000000000000000, 0.000000000000000000, 0.000000000000000000, 0.000000000000000000, 0.000000000000000000, 0.000000000000000000 ) ;
#9658 = FACE_OUTER_BOUND ( 'NONE', #5999, .T. ) ;
#9659 = DIMENSIONAL_EXPONENTS ( 1.000000000000000000, 0.000000000000000000, 0.000000000000000000, 0.000000000000000000, 0.000000000000000000, 0.000000000000000000, 0.000000000000000000 ) ;
#9660 = CARTESIAN_POINT ( 'NONE',  ( 0.09170111233392992667, -0.007000000000000001013, -0.2269682175813000080 ) ) ;
#9661 = VECTOR ( 'NONE', #5644, 39.37007874015748143 ) ;
#9662 = VERTEX_POINT ( 'NONE', #6195 ) ;
#9663 = AXIS2_PLACEMENT_3D ( 'NONE', #505, #4579, #1395 ) ;
#9664 = FACE_OUTER_BOUND ( 'NONE', #9076, .T. ) ;
#9665 = CIRCLE ( 'NONE', #4408, 0.01000000000000000368 ) ;
#9666 = FILL_AREA_STYLE ('',( #7551 ) ) ;
#9667 = LINE ( 'NONE', #1805, #5297 ) ;
#9668 = CARTESIAN_POINT ( 'NONE',  ( 0.1938415197908535947, 0.1126435187016323614, -0.1142383090942689361 ) ) ;
#9669 = COLOUR_RGB ( '',0.2509803921568627416, 0.2509803921568627416, 0.2509803921568627416 ) ;
#9670 = CARTESIAN_POINT ( 'NONE',  ( 0.000000000000000000, 0.1689999999999999836, 0.000000000000000000 ) ) ;
#9671 = ORIENTED_EDGE ( 'NONE', *, *, #1901, .F. ) ;
#9672 = FACE_OUTER_BOUND ( 'NONE', #4919, .T. ) ;
#9673 = ORIENTED_EDGE ( 'NONE', *, *, #1336, .F. ) ;
#9674 = ORIENTED_EDGE ( 'NONE', *, *, #4458, .F. ) ;
#9675 = VERTEX_POINT ( 'NONE', #6098 ) ;
#9676 = CARTESIAN_POINT ( 'NONE',  ( 0.1981599965208895031, 0.1264427045274496564, -0.1311090369683871326 ) ) ;
#9677 = DIRECTION ( 'NONE',  ( 0.000000000000000000, 1.000000000000000000, 0.000000000000000000 ) ) ;
#9678 = EDGE_CURVE ( 'NONE', #3137, #3753, #7645, .T. ) ;
#9679 = CARTESIAN_POINT ( 'NONE',  ( 0.000000000000000000, -0.2249999999999999778, 0.000000000000000000 ) ) ;
#9680 = CARTESIAN_POINT ( 'NONE',  ( 0.1993032040650000170, 0.1330108282678000020, 0.1044185464819999964 ) ) ;
#9681 = ORIENTED_EDGE ( 'NONE', *, *, #8240, .T. ) ;
#9682 = CARTESIAN_POINT ( 'NONE',  ( 0.1712974352279000023, 0.000000000000000000, 0.1902450753222000301 ) ) ;
#9683 = ORIENTED_EDGE ( 'NONE', *, *, #4902, .T. ) ;
#9684 = EDGE_CURVE ( 'NONE', #3533, #4275, #8414, .T. ) ;
#9685 = FILL_AREA_STYLE ('',( #5627 ) ) ;
#9686 = CIRCLE ( 'NONE', #5255, 0.06950000000000000622 ) ;
#9687 = CARTESIAN_POINT ( 'NONE',  ( -0.04800000000000000100, 0.09299999999999999933, -0.2009265499252000098 ) ) ;
#9688 = EDGE_CURVE ( 'NONE', #9499, #3243, #727, .T. ) ;
#9689 = UNCERTAINTY_MEASURE_WITH_UNIT (LENGTH_MEASURE( 1.000000000000000082E-05 ), #2347, 'distance_accuracy_value', 'NONE');
#9690 = CARTESIAN_POINT ( 'NONE',  ( -0.08550503583142009256, -0.007000000000000001013, 0.2349231551965000053 ) ) ;
#9691 = CARTESIAN_POINT ( 'NONE',  ( 0.2505000008280999779, 0.1360000007284999923, 4.762032781991000445E-14 ) ) ;
#9692 = VERTEX_POINT ( 'NONE', #6923 ) ;
#9693 = EDGE_CURVE ( 'NONE', #7624, #10174, #5378, .T. ) ;
#9694 = EDGE_CURVE ( 'NONE', #5308, #6316, #6828, .T. ) ;
#9695 = COLOUR_RGB ( '',0.2509803921568627416, 0.2509803921568627416, 0.2509803921568627416 ) ;
#9696 = DIRECTION ( 'NONE',  ( 1.000000000000000000, 0.000000000000000000, 0.000000000000000000 ) ) ;
#9697 = CARTESIAN_POINT ( 'NONE',  ( 0.02200000000000000219, 0.4335000000000000520, 0.2190000000000000002 ) ) ;
#9698 = CARTESIAN_POINT ( 'NONE',  ( 0.1871577208140390580, 0.1263819054577562939, 0.1249058906368153005 ) ) ;
#9699 = LENGTH_MEASURE_WITH_UNIT ( LENGTH_MEASURE( 0.02539999999999999897 ), #9071 );
#9700 = CYLINDRICAL_SURFACE ( 'NONE', #2154, 0.03700000000000000511 ) ;
#9702 = DIRECTION ( 'NONE',  ( 0.000000000000000000, 0.000000000000000000, 1.000000000000000000 ) ) ;
#9701 = DIRECTION ( 'NONE',  ( 0.000000000000000000, 1.000000000000000000, 0.000000000000000000 ) ) ;
#9703 = CARTESIAN_POINT ( 'NONE',  ( 0.2268078008345480734, 0.1851507277475258895, -0.09988415543689252440 ) ) ;
#9704 = ORIENTED_EDGE ( 'NONE', *, *, #1455, .F. ) ;
#9705 =( NAMED_UNIT ( * ) SI_UNIT ( $, .STERADIAN. ) SOLID_ANGLE_UNIT ( ) );
#9706 = CARTESIAN_POINT ( 'NONE',  ( 0.2435962447044000001, 0.09299999999999999933, -0.02417716611268000415 ) ) ;
#9707 = ORIENTED_EDGE ( 'NONE', *, *, #10055, .T. ) ;
#9708 = CARTESIAN_POINT ( 'NONE',  ( 0.1973180322978896895, 0.1101852153626302483, -0.1081334364965109984 ) ) ;
#9709 = CIRCLE ( 'NONE', #4297, 0.01149999999999998246 ) ;
#9710 = CARTESIAN_POINT ( 'NONE',  ( 0.2379441442761999759, 0.000000000000000000, -0.05750000000000000250 ) ) ;
#9711 = CARTESIAN_POINT ( 'NONE',  ( 0.03752881368660999917, -0.2550000000000000044, 0.03379109562112000281 ) ) ;
#9712 = LINE ( 'NONE', #9557, #8904 ) ;
#9713 = CARTESIAN_POINT ( 'NONE',  ( 0.1904759984678038587, 0.09633568938222894507, -0.1197664303013603326 ) ) ;
#9714 = CARTESIAN_POINT ( 'NONE',  ( 0.000000000000000000, 0.05700000000000000205, 0.000000000000000000 ) ) ;
#9715 = VERTEX_POINT ( 'NONE', #6777 ) ;
#9716 = CARTESIAN_POINT ( 'NONE',  ( -0.03950000000000000039, -0.1009999999999999926, -0.2169999999999999984 ) ) ;
#9717 = CARTESIAN_POINT ( 'NONE',  ( 0.000000000000000000, -0.2300000000000000100, 0.000000000000000000 ) ) ;
#9718 = AXIS2_PLACEMENT_3D ( 'NONE', #2936, #7685, #9886 ) ;
#9719 = EDGE_LOOP ( 'NONE', ( #7749, #7715, #5716, #211, #6246, #3520, #8212, #3954 ) ) ;
#9720 = DIMENSIONAL_EXPONENTS ( 1.000000000000000000, 0.000000000000000000, 0.000000000000000000, 0.000000000000000000, 0.000000000000000000, 0.000000000000000000, 0.000000000000000000 ) ;
#9721 = UNCERTAINTY_MEASURE_WITH_UNIT (LENGTH_MEASURE( 1.000000000000000082E-05 ), #8805, 'distance_accuracy_value', 'NONE');
#9722 = ORIENTED_EDGE ( 'NONE', *, *, #9432, .F. ) ;
#9723 = CARTESIAN_POINT ( 'NONE',  ( 0.1901587915980619548, 0.1327463327753717059, -0.1208590919841977529 ) ) ;
#9724 = CARTESIAN_POINT ( 'NONE',  ( 0.1849836275043000022, 0.04735423737649999826, -0.1603575013337000255 ) ) ;
#9725 = CARTESIAN_POINT ( 'NONE',  ( -9.445048562706005121E-10, -0.2830000001444999969, 9.299847411888996111E-10 ) ) ;
#9726 = STYLED_ITEM ( 'NONE', ( #7707 ), #1562 ) ;
#9727 = PRODUCT_CONTEXT ( 'NONE', #7323, 'mechanical' ) ;
#9728 = CARTESIAN_POINT ( 'NONE',  ( 0.1997466651246818103, 0.1058100888888108826, 0.1035723038683625391 ) ) ;
#9729 = DIMENSIONAL_EXPONENTS ( 1.000000000000000000, 0.000000000000000000, 0.000000000000000000, 0.000000000000000000, 0.000000000000000000, 0.000000000000000000, 0.000000000000000000 ) ;
#9730 = ORIENTED_EDGE ( 'NONE', *, *, #3600, .T. ) ;
#9731 = PRESENTATION_STYLE_ASSIGNMENT (( #2689 ) ) ;
#9732 = VERTEX_POINT ( 'NONE', #9228 ) ;
#9733 = EDGE_CURVE ( 'NONE', #451, #9499, #9213, .T. ) ;
#9734 = CIRCLE ( 'NONE', #7114, 0.01999999999999999001 ) ;
#9735 = CARTESIAN_POINT ( 'NONE',  ( -0.06300000000000000044, 0.1740000000000000158, -0.2235999999999999932 ) ) ;
#9736 =( NAMED_UNIT ( * ) PLANE_ANGLE_UNIT ( ) SI_UNIT ( $, .RADIAN. ) );
#9737 = FACE_BOUND ( 'NONE', #5565, .T. ) ;
#9738 = ADVANCED_FACE ( 'NONE', ( #3733 ), #2294, .T. ) ;
#9739 = CARTESIAN_POINT ( 'NONE',  ( 0.2505000000000000560, 0.1890000000000000291, 0.000000000000000000 ) ) ;
#9740 = EDGE_LOOP ( 'NONE', ( #5904, #1962, #8059, #1614 ) ) ;
#9741 = DIRECTION ( 'NONE',  ( 0.000000000000000000, 1.000000000000000000, 0.000000000000000000 ) ) ;
#9742 = ORIENTED_EDGE ( 'NONE', *, *, #5798, .F. ) ;
#9743 = ADVANCED_FACE ( 'NONE', ( #9582 ), #7179, .T. ) ;
#9744 = DIRECTION ( 'NONE',  ( 0.000000000000000000, 0.000000000000000000, 1.000000000000000000 ) ) ;
#9745 = DIRECTION ( 'NONE',  ( -3.412643732267999770E-10, 1.000000000000000000, -3.724319704787000317E-10 ) ) ;
#9746 = CARTESIAN_POINT ( 'NONE',  ( 0.1908907148530000208, 0.09299999999999999933, -0.1191038831563999978 ) ) ;
#9747 = PLANE ( 'NONE',  #7322 ) ;
#9748 = CARTESIAN_POINT ( 'NONE',  ( 0.1711266675210000032, 0.000000000000000000, -0.1900554185698999921 ) ) ;
#9749 = ADVANCED_FACE ( 'NONE', ( #950 ), #7848, .F. ) ;
#9750 = ADVANCED_FACE ( 'NONE', ( #3106 ), #4786, .T. ) ;
#9751 = CARTESIAN_POINT ( 'NONE',  ( -0.08755715669137008328, 0.1689999999999999836, -0.2405613109212000056 ) ) ;
#9752 = CARTESIAN_POINT ( 'NONE',  ( 0.2278813951755710165, 0.1300047524065427174, 0.1172707323940514468 ) ) ;
#9753 = ORIENTED_EDGE ( 'NONE', *, *, #4466, .F. ) ;
#9754 = FILL_AREA_STYLE_COLOUR ( '', #4653 ) ;
#9755 = VECTOR ( 'NONE', #955, 39.37007874015748143 ) ;
#9756 = AXIS2_PLACEMENT_3D ( 'NONE', #1714, #4848, #7995 ) ;
#9757 = EDGE_LOOP ( 'NONE', ( #5907, #5500, #3136, #8337 ) ) ;
#9758 = FILL_AREA_STYLE ('',( #5078 ) ) ;
#9759 = LINE ( 'NONE', #2105, #3693 ) ;
#9760 = LENGTH_MEASURE_WITH_UNIT ( LENGTH_MEASURE( 0.02539999999999999897 ), #4989 );
#9761 = CARTESIAN_POINT ( 'NONE',  ( 0.1913971317516474924, 0.1056340691570447077, 0.1182896176667709437 ) ) ;
#9762 = CIRCLE ( 'NONE', #3682, 0.2249999999999999778 ) ;
#9763 = VECTOR ( 'NONE', #4873, 39.37007874015748143 ) ;
#9764 = DIRECTION ( 'NONE',  ( 0.000000000000000000, 1.000000000000000000, 0.000000000000000000 ) ) ;
#9765 = CARTESIAN_POINT ( 'NONE',  ( 0.2132393488517000113, 0.1246118225996999951, -0.1405643480442000104 ) ) ;
#9766 = VERTEX_POINT ( 'NONE', #3937 ) ;
#9767 = DIRECTION ( 'NONE',  ( 0.000000000000000000, 1.000000000000000000, 0.000000000000000000 ) ) ;
#9768 = EDGE_LOOP ( 'NONE', ( #1686, #7109, #9681, #4320 ) ) ;
#9769 = ORIENTED_EDGE ( 'NONE', *, *, #8425, .T. ) ;
#9770 = CIRCLE ( 'NONE', #4679, 0.01149999999999999460 ) ;
#9771 = DIRECTION ( 'NONE',  ( 0.000000000000000000, 1.000000000000000000, 0.000000000000000000 ) ) ;
#9772 = DIRECTION ( 'NONE',  ( 0.7431448254774478679, 3.781155076543194189E-14, -0.6691306063587988406 ) ) ;
#9773 = CARTESIAN_POINT ( 'NONE',  ( 0.2047651328492999800, 0.1890000000000000291, -0.1182212045712000004 ) ) ;
#9774 = CARTESIAN_POINT ( 'NONE',  ( 0.2320000000000000118, 0.000000000000000000, 0.05750000000000000250 ) ) ;
#9775 = CARTESIAN_POINT ( 'NONE',  ( 0.05100000012030999480, 0.1884939906062000070, 0.2349999999974000109 ) ) ;
#9776 = PRESENTATION_LAYER_ASSIGNMENT (  '', '', ( #3378 ) ) ;
#9777 = ORIENTED_EDGE ( 'NONE', *, *, #191, .T. ) ;
#9778 = ORIENTED_EDGE ( 'NONE', *, *, #2226, .F. ) ;
#9779 = DIRECTION ( 'NONE',  ( 0.000000000000000000, 1.000000000000000000, 0.000000000000000000 ) ) ;
#9780 = ORIENTED_EDGE ( 'NONE', *, *, #9230, .F. ) ;
#9781 = FILL_AREA_STYLE_COLOUR ( '', #2092 ) ;
#9782 = DIMENSIONAL_EXPONENTS ( 1.000000000000000000, 0.000000000000000000, 0.000000000000000000, 0.000000000000000000, 0.000000000000000000, 0.000000000000000000, 0.000000000000000000 ) ;
#9783 = CARTESIAN_POINT ( 'NONE',  ( 0.000000000000000000, 0.1841728378957999956, 0.000000000000000000 ) ) ;
#9784 = CARTESIAN_POINT ( 'NONE',  ( 0.2012000945147356112, 0.1017735308941201955, 0.1007152803244416306 ) ) ;
#9785 = ORIENTED_EDGE ( 'NONE', *, *, #5227, .F. ) ;
#9786 = VECTOR ( 'NONE', #1984, 39.37007874015748143 ) ;
#9787 = ORIENTED_EDGE ( 'NONE', *, *, #8128, .T. ) ;
#9788 = EDGE_CURVE ( 'NONE', #3076, #4169, #6641, .T. ) ;
#9789 = CARTESIAN_POINT ( 'NONE',  ( -0.2389309425380000129, 0.1849999999999999978, -0.04428323269459000233 ) ) ;
#9790 = DIRECTION ( 'NONE',  ( 1.000000000000000000, 0.000000000000000000, 0.000000000000000000 ) ) ;
#9791 = DIRECTION ( 'NONE',  ( -0.000000000000000000, 1.000000000000000000, 0.000000000000000000 ) ) ;
#9792 = DIRECTION ( 'NONE',  ( -0.9271838545667933085, 0.000000000000000000, -0.3746065934158975819 ) ) ;
#9793 = VECTOR ( 'NONE', #7009, 39.37007874015748143 ) ;
#9794 = MECHANICAL_DESIGN_GEOMETRIC_PRESENTATION_REPRESENTATION (  '', ( #6695 ), #9133 ) ;
#9795 = DIMENSIONAL_EXPONENTS ( 1.000000000000000000, 0.000000000000000000, 0.000000000000000000, 0.000000000000000000, 0.000000000000000000, 0.000000000000000000, 0.000000000000000000 ) ;
#9796 = CARTESIAN_POINT ( 'NONE',  ( 0.000000000000000000, -0.007000000000000001013, 0.000000000000000000 ) ) ;
#9797 = ADVANCED_FACE ( 'NONE', ( #3212 ), #5631, .T. ) ;
#9798 = CARTESIAN_POINT ( 'NONE',  ( -0.2461181643569199384, 0.000000000000000000, -0.04339727281856951141 ) ) ;
#9799 = ADVANCED_FACE ( 'NONE', ( #8761 ), #9544, .T. ) ;
#9800 = ORIENTED_EDGE ( 'NONE', *, *, #3406, .F. ) ;
#9801 = DIRECTION ( 'NONE',  ( 0.000000000000000000, 1.000000000000000000, 0.000000000000000000 ) ) ;
#9802 = CIRCLE ( 'NONE', #939, 0.01450000000000000941 ) ;
#9803 = EDGE_CURVE ( 'NONE', #4718, #3503, #3134, .T. ) ;
#9804 =( LENGTH_UNIT ( ) NAMED_UNIT ( * ) SI_UNIT ( $, .METRE. ) );
#9805 = VECTOR ( 'NONE', #7506, 39.37007874015748854 ) ;
#9806 = FACE_OUTER_BOUND ( 'NONE', #9064, .T. ) ;
#9807 = CARTESIAN_POINT ( 'NONE',  ( -0.2406940249214999938, -0.007000000000000001013, -0.04461000069966999937 ) ) ;
#9809 = FILL_AREA_STYLE ('',( #5130 ) ) ;
#9808 = CARTESIAN_POINT ( 'NONE',  ( 0.2246426264075611634, 0.1294278841102495248, 0.01290308576228673884 ) ) ;
#9810 = AXIS2_PLACEMENT_3D ( 'NONE', #2831, #4722, #1536 ) ;
#9811 = VECTOR ( 'NONE', #540, 39.37007874015748143 ) ;
#9812 = DIRECTION ( 'NONE',  ( 0.000000000000000000, 1.000000000000000000, 0.000000000000000000 ) ) ;
#9813 = AXIS2_PLACEMENT_3D ( 'NONE', #2600, #9635, #9046 ) ;
#9814 = ADVANCED_FACE ( 'NONE', ( #2653 ), #5016, .T. ) ;
#9815 = ORIENTED_EDGE ( 'NONE', *, *, #6104, .F. ) ;
#9816 = LENGTH_MEASURE_WITH_UNIT ( LENGTH_MEASURE( 0.02539999999999999897 ), #7460 );
#9817 = CYLINDRICAL_SURFACE ( 'NONE', #5948, 0.01149999999999999981 ) ;
#9818 = CIRCLE ( 'NONE', #6043, 0.2559999999999999498 ) ;
#9819 = ORIENTED_EDGE ( 'NONE', *, *, #2020, .F. ) ;
#9820 = EDGE_CURVE ( 'NONE', #4386, #158, #6607, .T. ) ;
#9821 = EDGE_CURVE ( 'NONE', #3920, #4409, #2471, .T. ) ;
#9822 = AXIS2_PLACEMENT_3D ( 'NONE', #2916, #8429, #4420 ) ;
#9823 = EDGE_LOOP ( 'NONE', ( #4212, #7299, #7988, #5851 ) ) ;
#9824 = CARTESIAN_POINT ( 'NONE',  ( 0.2289775099829979566, 0.1295642956733141504, 0.01268693289353508072 ) ) ;
#9825 = DIRECTION ( 'NONE',  ( -0.3407781525734079331, 0.8660254037844198338, 0.3658828374339083145 ) ) ;
#9826 = AXIS2_PLACEMENT_3D ( 'NONE', #4072, #3918, #1701 ) ;
#9827 = CARTESIAN_POINT ( 'NONE',  ( 0.1900807159121999934, 0.1330108282678000020, 0.1203923645349000010 ) ) ;
#9828 = CARTESIAN_POINT ( 'NONE',  ( 0.01694845125667999997, -0.09099999999999999756, 0.09500000000000001499 ) ) ;
#9829 = CARTESIAN_POINT ( 'NONE',  ( 0.05100000012030999480, 0.1886060544495999636, 0.2344999466631999818 ) ) ;
#9830 = ORIENTED_EDGE ( 'NONE', *, *, #2391, .F. ) ;
#9831 = VERTEX_POINT ( 'NONE', #9015 ) ;
#9832 = ORIENTED_EDGE ( 'NONE', *, *, #3400, .T. ) ;
#9833 = ORIENTED_EDGE ( 'NONE', *, *, #808, .T. ) ;
#9834 = SURFACE_STYLE_FILL_AREA ( #4387 ) ;
#9835 = LINE ( 'NONE', #7631, #4875 ) ;
#9836 = DIRECTION ( 'NONE',  ( 0.5000000000000172085, 0.000000000000000000, -0.8660254037844288266 ) ) ;
#9837 = PRESENTATION_STYLE_ASSIGNMENT (( #1978 ) ) ;
#9838 = CARTESIAN_POINT ( 'NONE',  ( -0.006000000000000000125, 0.1742433574352061643, 0.2553894329721528300 ) ) ;
#9839 = VERTEX_POINT ( 'NONE', #8104 ) ;
#9840 = LINE ( 'NONE', #2794, #10081 ) ;
#9841 = ORIENTED_EDGE ( 'NONE', *, *, #8420, .F. ) ;
#9842 = CARTESIAN_POINT ( 'NONE',  ( 0.2525417510025365075, 0.1078774029953852437, -0.01991250509692988821 ) ) ;
#9843 = DIRECTION ( 'NONE',  ( -3.171742887462999735E-10, -1.000000000000000000, -1.031506619097999997E-09 ) ) ;
#9844 = CARTESIAN_POINT ( 'NONE',  ( 0.2043819952930999995, 0.1890000000000000291, -0.1180000000000000077 ) ) ;
#9845 = CARTESIAN_POINT ( 'NONE',  ( 0.01112297711786000044, 0.1740000000000000158, -0.05399999999999999939 ) ) ;
#9846 = CARTESIAN_POINT ( 'NONE',  ( 0.05099999999999999672, 0.1890000000000000291, -0.2350000000000000144 ) ) ;
#9847 = CARTESIAN_POINT ( 'NONE',  ( -0.04400000000000000439, 0.1290000000000000036, 0.2206558406205999801 ) ) ;
#9848 = CARTESIAN_POINT ( 'NONE',  ( 0.1609516129747000091, 0.1689999999999999836, -0.1725994735821000103 ) ) ;
#9849 = VERTEX_POINT ( 'NONE', #8156 ) ;
#9850 = CARTESIAN_POINT ( 'NONE',  ( 0.07379749890292992831, 0.1890000000000000291, 0.1826552193497000265 ) ) ;
#9851 = PRESENTATION_LAYER_ASSIGNMENT (  '', '', ( #6748 ) ) ;
#9852 = ADVANCED_FACE ( 'NONE', ( #5929 ), #1878, .F. ) ;
#9853 = DIRECTION ( 'NONE',  ( -0.3420201433256991330, 0.000000000000000000, 0.9396926207858972147 ) ) ;
#9854 = CARTESIAN_POINT ( 'NONE',  ( 0.2188819952931000123, 0.1890000000000000291, -0.1180000000000000077 ) ) ;
#9855 = DIRECTION ( 'NONE',  ( -0.9832549075638896685, 0.000000000000000000, -0.1822355254924979406 ) ) ;
#9856 = CONICAL_SURFACE ( 'NONE', #4950, 0.1200000009759000091, 0.7853981646146668272 ) ;
#9857 = FACE_OUTER_BOUND ( 'NONE', #4332, .T. ) ;
#9858 = CARTESIAN_POINT ( 'NONE',  ( 0.2360000000000000153, 0.1890000000000000291, 0.000000000000000000 ) ) ;
#9859 = EDGE_CURVE ( 'NONE', #1526, #1495, #6563, .T. ) ;
#9860 = VERTEX_POINT ( 'NONE', #4292 ) ;
#9861 = SURFACE_STYLE_FILL_AREA ( #350 ) ;
#9862 = DIMENSIONAL_EXPONENTS ( 1.000000000000000000, 0.000000000000000000, 0.000000000000000000, 0.000000000000000000, 0.000000000000000000, 0.000000000000000000, 0.000000000000000000 ) ;
#9863 = CIRCLE ( 'NONE', #5432, 0.2447931081451000523 ) ;
#9864 = ORIENTED_EDGE ( 'NONE', *, *, #8663, .F. ) ;
#9865 = VECTOR ( 'NONE', #10049, 39.37007874015748143 ) ;
#9866 = ADVANCED_FACE ( 'NONE', ( #3469 ), #4625, .F. ) ;
#9867 = ORIENTED_EDGE ( 'NONE', *, *, #4413, .T. ) ;
#9868 = SURFACE_STYLE_USAGE ( .BOTH. , #454 ) ;
#9869 = CARTESIAN_POINT ( 'NONE',  ( 0.1911340067463000170, 0.1143371685741000066, -0.1035858910738000072 ) ) ;
#9870 = SURFACE_SIDE_STYLE ('',( #5963 ) ) ;
#9871 = VECTOR ( 'NONE', #3302, 39.37007874015748854 ) ;
#9872 = EDGE_CURVE ( 'NONE', #7759, #2635, #132, .T. ) ;
#9873 = EDGE_CURVE ( 'NONE', #5146, #1086, #6132, .T. ) ;
#9874 = CARTESIAN_POINT ( 'NONE',  ( -0.006000000000000000125, 0.1890000000000000291, -0.2350000000000000144 ) ) ;
#9875 = SURFACE_SIDE_STYLE ('',( #1059 ) ) ;
#9876 = CARTESIAN_POINT ( 'NONE',  ( 0.2360000000000000153, 0.1890000000000000291, 0.000000000000000000 ) ) ;
#9877 = B_SPLINE_CURVE_WITH_KNOTS ( 'NONE', 3,
 ( #1, #8644, #6956, #5411 ),
 .UNSPECIFIED., .F., .F.,
 ( 4, 4 ),
 ( 0.000000000000000000, 1.000000000000000000 ),
 .UNSPECIFIED. ) ;
#9878 = ORIENTED_EDGE ( 'NONE', *, *, #3650, .F. ) ;
#9879 = ORIENTED_EDGE ( 'NONE', *, *, #141, .T. ) ;
#9880 = CYLINDRICAL_SURFACE ( 'NONE', #6044, 0.01149999999999999634 ) ;
#9881 = ORIENTED_EDGE ( 'NONE', *, *, #5606, .T. ) ;
#9882 = ORIENTED_EDGE ( 'NONE', *, *, #9313, .F. ) ;
#9883 =( NAMED_UNIT ( * ) PLANE_ANGLE_UNIT ( ) SI_UNIT ( $, .RADIAN. ) );
#9884 =( NAMED_UNIT ( * ) PLANE_ANGLE_UNIT ( ) SI_UNIT ( $, .RADIAN. ) );
#9885 = CARTESIAN_POINT ( 'NONE',  ( -0.006000000000000000125, 0.1890000000000000291, -0.2350000000000000144 ) ) ;
#9886 = DIRECTION ( 'NONE',  ( 0.6815563051467172784, 0.000000000000000000, 0.7317656748678191825 ) ) ;
#9887 = PLANE ( 'NONE',  #9153 ) ;
#9888 = ORIENTED_EDGE ( 'NONE', *, *, #569, .T. ) ;
#9889 = ORIENTED_EDGE ( 'NONE', *, *, #65, .T. ) ;
#9890 = CIRCLE ( 'NONE', #2825, 0.06399999999999998745 ) ;
#9891 = CARTESIAN_POINT ( 'NONE',  ( 0.2502401631364724044, 0.1812140021302346415, 0.02979061999021681562 ) ) ;
#9892 = DIRECTION ( 'NONE',  ( 0.000000000000000000, 1.000000000000000000, 0.000000000000000000 ) ) ;
#9893 = DIRECTION ( 'NONE',  ( 0.000000000000000000, -1.000000000000000000, 0.000000000000000000 ) ) ;
#9894 = CARTESIAN_POINT ( 'NONE',  ( -0.05600000000000000810, 0.09299999999999999933, 0.2179197099850999908 ) ) ;
#9895 = DIRECTION ( 'NONE',  ( 0.9951107143099604535, 0.000000000000000000, -0.09876571401817617335 ) ) ;
#9896 = DIRECTION ( 'NONE',  ( -0.8660254037845416253, -0.4999999999998217537, -9.748084277663855135E-15 ) ) ;
#9897 = ORIENTED_EDGE ( 'NONE', *, *, #6287, .F. ) ;
#9898 = CARTESIAN_POINT ( 'NONE',  ( -0.07949999999997992006, -0.2880000000000000338, 0.000000000000000000 ) ) ;
#9899 = STYLED_ITEM ( 'NONE', ( #9125 ), #8734 ) ;
#9900 = DIRECTION ( 'NONE',  ( 0.000000000000000000, -1.000000000000000000, 0.000000000000000000 ) ) ;
#9901 = DIRECTION ( 'NONE',  ( 0.000000000000000000, 1.000000000000000000, 0.000000000000000000 ) ) ;
#9902 = CARTESIAN_POINT ( 'NONE',  ( 0.000000000000000000, 0.1290000000000000036, 0.000000000000000000 ) ) ;
#9903 = DIRECTION ( 'NONE',  ( -0.9396926207859296332, 0.000000000000000000, -0.3420201433256107038 ) ) ;
#9904 = CARTESIAN_POINT ( 'NONE',  ( 0.000000000000000000, 0.1890000000000000291, 0.2249999999999999778 ) ) ;
#9905 = VECTOR ( 'NONE', #1735, 39.37007874015748143 ) ;
#9906 = DIRECTION ( 'NONE',  ( 0.000000000000000000, 1.000000000000000000, 0.000000000000000000 ) ) ;
#9907 = ORIENTED_EDGE ( 'NONE', *, *, #2994, .T. ) ;
#9908 = CARTESIAN_POINT ( 'NONE',  ( 0.04644655159496000052, -0.5830000000000000737, 0.04182066289451000923 ) ) ;
#9909 = ORIENTED_EDGE ( 'NONE', *, *, #9608, .F. ) ;
#9910 = VECTOR ( 'NONE', #8466, 39.37007874015748143 ) ;
#9911 = AXIS2_PLACEMENT_3D ( 'NONE', #5887, #1981, #5836 ) ;
#9912 = AXIS2_PLACEMENT_3D ( 'NONE', #7243, #903, #7907 ) ;
#9913 = EDGE_CURVE ( 'NONE', #699, #9157, #2078, .T. ) ;
#9914 = ORIENTED_EDGE ( 'NONE', *, *, #440, .F. ) ;
#9915 = CARTESIAN_POINT ( 'NONE',  ( 0.2414970225532924453, 0.1284576350302571446, 0.01343321148593403652 ) ) ;
#9916 = FILL_AREA_STYLE_COLOUR ( '', #4723 ) ;
#9917 = DIRECTION ( 'NONE',  ( 0.000000000000000000, -1.000000000000000000, 0.000000000000000000 ) ) ;
#9918 = VECTOR ( 'NONE', #9843, 39.37007874015748143 ) ;
#9919 = CARTESIAN_POINT ( 'NONE',  ( 0.2037466423580999997, 0.1689999999999999836, 0.1549945445525000021 ) ) ;
#9920 = ADVANCED_FACE ( 'NONE', ( #7532 ), #5315, .F. ) ;
#9921 = CARTESIAN_POINT ( 'NONE',  ( 0.000000000000000000, 0.1290000000000000036, 0.000000000000000000 ) ) ;
#9922 = EDGE_CURVE ( 'NONE', #8820, #3549, #466, .T. ) ;
#9923 = ORIENTED_EDGE ( 'NONE', *, *, #8425, .F. ) ;
#9924 = ORIENTED_EDGE ( 'NONE', *, *, #2088, .T. ) ;
#9925 = DIRECTION ( 'NONE',  ( 0.000000000000000000, -1.000000000000000000, 0.000000000000000000 ) ) ;
#9926 = ORIENTED_EDGE ( 'NONE', *, *, #886, .T. ) ;
#9927 = ADVANCED_FACE ( 'NONE', ( #1355 ), #4590, .F. ) ;
#9928 = EDGE_CURVE ( 'NONE', #3253, #9007, #3615, .T. ) ;
#9929 = ORIENTED_EDGE ( 'NONE', *, *, #3913, .T. ) ;
#9930 = LINE ( 'NONE', #618, #6529 ) ;
#9931 = DIRECTION ( 'NONE',  ( 0.000000000000000000, 1.000000000000000000, 0.000000000000000000 ) ) ;
#9932 = CARTESIAN_POINT ( 'NONE',  ( 0.1896595634288000265, 0.000000000000000000, 0.1095000000000000001 ) ) ;
#9933 = DIRECTION ( 'NONE',  ( 0.9273136883635337835, 0.000000000000000000, -0.3742850830231134740 ) ) ;
#9934 = CARTESIAN_POINT ( 'NONE',  ( 0.002000000000000000042, 0.1740000000000000158, 0.2249911109355000050 ) ) ;
#9935 = DIRECTION ( 'NONE',  ( -0.4806308479691893676, 0.2756373558169937787, 0.8324770483674814869 ) ) ;
#9936 = CARTESIAN_POINT ( 'NONE',  ( 0.2138892161485476950, 0.1889999967021218363, 0.1024768118822527996 ) ) ;
#9937 = ORIENTED_EDGE ( 'NONE', *, *, #6738, .F. ) ;
#9938 = ORIENTED_EDGE ( 'NONE', *, *, #6474, .F. ) ;
#9939 = AXIS2_PLACEMENT_3D ( 'NONE', #3095, #4589, #7731 ) ;
#9940 = EDGE_CURVE ( 'NONE', #595, #1156, #5780, .T. ) ;
#9941 = EDGE_CURVE ( 'NONE', #9157, #8019, #6911, .T. ) ;
#9942 = PLANE ( 'NONE',  #922 ) ;
#9943 = CARTESIAN_POINT ( 'NONE',  ( 0.000000000000000000, 0.09299999999999999933, 0.000000000000000000 ) ) ;
#9944 = CARTESIAN_POINT ( 'NONE',  ( 0.2257378805857000181, 0.05700000000000000205, 0.09468936088067007872 ) ) ;
#9945 = SURFACE_STYLE_FILL_AREA ( #8468 ) ;
#9946 = FILL_AREA_STYLE_COLOUR ( '', #899 ) ;
#9947 = SURFACE_STYLE_FILL_AREA ( #1315 ) ;
#9948 = AXIS2_PLACEMENT_3D ( 'NONE', #471, #5220, #7695 ) ;
#9949 = DIRECTION ( 'NONE',  ( 0.000000000000000000, -1.000000000000000000, 0.000000000000000000 ) ) ;
#9950 = ORIENTED_EDGE ( 'NONE', *, *, #4972, .F. ) ;
#9951 = CARTESIAN_POINT ( 'NONE',  ( 0.1956921304631102920, 0.1889999967021243898, -0.1339950888390846473 ) ) ;
#9952 = LENGTH_MEASURE_WITH_UNIT ( LENGTH_MEASURE( 0.02539999999999999897 ), #4558 );
#9953 = VECTOR ( 'NONE', #5512, 39.37007874015748143 ) ;
#9954 = SURFACE_SIDE_STYLE ('',( #2252 ) ) ;
#9955 = CARTESIAN_POINT ( 'NONE',  ( 0.1318187294527000120, 0.1890000000000000291, -0.1463995306189999901 ) ) ;
#9956 = CARTESIAN_POINT ( 'NONE',  ( 0.1532309088561999988, 0.09299999999999999933, -0.1701801650343000016 ) ) ;
#9958 = DIRECTION ( 'NONE',  ( -1.000000000000000000, 0.000000000000000000, 0.000000000000000000 ) ) ;
#9957 = FILL_AREA_STYLE_COLOUR ( '', #9208 ) ;
#9959 = DIRECTION ( 'NONE',  ( 0.000000000000000000, -1.000000000000000000, 0.000000000000000000 ) ) ;
#9960 = ORIENTED_EDGE ( 'NONE', *, *, #883, .F. ) ;
#9961 = CARTESIAN_POINT ( 'NONE',  ( -0.08755715669137008328, -0.09099999999999999756, 0.2405613109212000056 ) ) ;
#9962 = DIRECTION ( 'NONE',  ( 0.000000000000000000, -1.000000000000000000, 0.000000000000000000 ) ) ;
#9963 = MECHANICAL_DESIGN_GEOMETRIC_PRESENTATION_REPRESENTATION (  '', ( #8476 ), #915 ) ;
#9964 = AXIS2_PLACEMENT_3D ( 'NONE', #3914, #2272, #5401 ) ;
#9965 = ORIENTED_EDGE ( 'NONE', *, *, #3, .T. ) ;
#9966 = AXIS2_PLACEMENT_3D ( 'NONE', #3377, #4258, #245 ) ;
#9967 = ORIENTED_EDGE ( 'NONE', *, *, #10188, .T. ) ;
#9968 = CARTESIAN_POINT ( 'NONE',  ( 0.2254925044257283795, 0.1324118554713419882, 0.01004942435213717830 ) ) ;
#9969 = CARTESIAN_POINT ( 'NONE',  ( 0.000000000000000000, -0.2550000000000000044, 0.000000000000000000 ) ) ;
#9970 = FACE_OUTER_BOUND ( 'NONE', #1559, .T. ) ;
#9971 = VECTOR ( 'NONE', #7130, 39.37007874015748143 ) ;
#9972 = LINE ( 'NONE', #9400, #4687 ) ;
#9973 = DIRECTION ( 'NONE',  ( 0.000000000000000000, -1.000000000000000000, 0.000000000000000000 ) ) ;
#9974 =( LENGTH_UNIT ( ) NAMED_UNIT ( * ) SI_UNIT ( $, .METRE. ) );
#9975 = CARTESIAN_POINT ( 'NONE',  ( 0.01200000000000000025, 0.4210000000000000409, -0.2235999999999999932 ) ) ;
#9976 = EDGE_CURVE ( 'NONE', #4672, #6323, #6668, .T. ) ;
#9977 = ORIENTED_EDGE ( 'NONE', *, *, #4795, .F. ) ;
#9978 = ORIENTED_EDGE ( 'NONE', *, *, #9558, .F. ) ;
#9979 = COLOUR_RGB ( '',0.2509803921568627416, 0.2509803921568627416, 0.2509803921568627416 ) ;
#9980 = ORIENTED_EDGE ( 'NONE', *, *, #5838, .F. ) ;
#9981 = AXIS2_PLACEMENT_3D ( 'NONE', #7942, #7891, #4958 ) ;
#9982 = ORIENTED_EDGE ( 'NONE', *, *, #8811, .F. ) ;
#9983 = PLANE ( 'NONE',  #4545 ) ;
#9984 = ADVANCED_FACE ( 'NONE', ( #1251 ), #8460, .F. ) ;
#9985 = CYLINDRICAL_SURFACE ( 'NONE', #4376, 0.009999999999999995004 ) ;
#9986 = CARTESIAN_POINT ( 'NONE',  ( -0.04400000000000000439, 0.1740000000000000158, 0.2290000000000000091 ) ) ;
#9987 = CARTESIAN_POINT ( 'NONE',  ( 0.2257378805858000215, 0.06967483934667008383, 0.09468936088066003121 ) ) ;
#9988 =( NAMED_UNIT ( * ) PLANE_ANGLE_UNIT ( ) SI_UNIT ( $, .RADIAN. ) );
#9989 = CYLINDRICAL_SURFACE ( 'NONE', #9718, 0.01149999999999999634 ) ;
#9990 = DIRECTION ( 'NONE',  ( 0.9744488845814902600, 0.000000000000000000, 0.2246093749999980571 ) ) ;
#9991 = EDGE_CURVE ( 'NONE', #451, #6721, #6086, .T. ) ;
#9992 = ORIENTED_EDGE ( 'NONE', *, *, #4233, .T. ) ;
#9993 = SURFACE_STYLE_USAGE ( .BOTH. , #7783 ) ;
#9994 = ORIENTED_EDGE ( 'NONE', *, *, #6152, .T. ) ;
#9995 = DIRECTION ( 'NONE',  ( 1.259892141398000064E-09, 1.000000000000000000, -2.761809967129000109E-11 ) ) ;
#9997 = EDGE_CURVE ( 'NONE', #1862, #4811, #6961, .T. ) ;
#9996 = DIRECTION ( 'NONE',  ( 0.000000000000000000, -1.000000000000000000, 0.000000000000000000 ) ) ;
#9998 = DIRECTION ( 'NONE',  ( 0.000000000000000000, 1.000000000000000000, 0.000000000000000000 ) ) ;
#9999 = FACE_OUTER_BOUND ( 'NONE', #5407, .T. ) ;
#10000 = CARTESIAN_POINT ( 'NONE',  ( 0.1948723322835999860, 0.05700000000000000205, -0.1481500587434000094 ) ) ;
#10001 = CARTESIAN_POINT ( 'NONE',  ( -0.2406940249214999938, 0.000000000000000000, 0.04461000069966999937 ) ) ;
#10002 = B_SPLINE_CURVE_WITH_KNOTS ( 'NONE', 3,
 ( #1541, #40, #4068, #4011, #976, #4887 ),
 .UNSPECIFIED., .F., .F.,
 ( 4, 1, 1, 4 ),
 ( 0.000000000000000000, 0.3333333333333000081, 0.6666666666667000474, 1.000000000000000000 ),
 .UNSPECIFIED. ) ;
#10003 = CARTESIAN_POINT ( 'NONE',  ( 0.2321229514349548440, 0.1274816911564761457, -0.01397533943063599196 ) ) ;
#10004 = EDGE_CURVE ( 'NONE', #7211, #9461, #4792, .T. ) ;
#10005 = ORIENTED_EDGE ( 'NONE', *, *, #8372, .F. ) ;
#10006 = ADVANCED_FACE ( 'NONE', ( #3718 ), #9989, .T. ) ;
#10007 = CARTESIAN_POINT ( 'NONE',  ( 0.1953572531899999964, 0.1890000000000000291, -0.1324067355766000154 ) ) ;
#10008 = ORIENTED_EDGE ( 'NONE', *, *, #5159, .T. ) ;
#10009 = B_SPLINE_CURVE_WITH_KNOTS ( 'NONE', 3,
 ( #9457, #6949, #1648, #5449 ),
 .UNSPECIFIED., .F., .F.,
 ( 4, 4 ),
 ( 0.000000000000000000, 1.000000000000000000 ),
 .UNSPECIFIED. ) ;
#10010 =( CONVERSION_BASED_UNIT ( 'INCH', #9952 ) LENGTH_UNIT ( ) NAMED_UNIT ( #6728 ) );
#10011 = DIRECTION ( 'NONE',  ( 0.000000000000000000, 1.000000000000000000, 0.000000000000000000 ) ) ;
#10012 = DIRECTION ( 'NONE',  ( -1.447534912380999791E-13, 1.000000000000000000, 2.503442228603999934E-13 ) ) ;
#10013 = FACE_OUTER_BOUND ( 'NONE', #8494, .T. ) ;
#10014 = CARTESIAN_POINT ( 'NONE',  ( 0.2248536502523794667, 0.09965190539662631408, -0.008156503005277883009 ) ) ;
#10015 = ORIENTED_EDGE ( 'NONE', *, *, #9047, .F. ) ;
#10016 = CARTESIAN_POINT ( 'NONE',  ( -0.05600000000000000810, 0.1740000000000000158, -0.2235999999999999932 ) ) ;
#10017 = ORIENTED_EDGE ( 'NONE', *, *, #6559, .T. ) ;
#10018 = CIRCLE ( 'NONE', #7730, 0.2559999999999999498 ) ;
#10019 = VERTEX_POINT ( 'NONE', #2988 ) ;
#10020 = CARTESIAN_POINT ( 'NONE',  ( 0.02200000000000000219, 0.4335000000000000520, 0.2190000000000000002 ) ) ;
#10021 = CARTESIAN_POINT ( 'NONE',  ( 0.2433749421086999765, 0.08522401768311005377, -0.02640689316178999879 ) ) ;
#10022 = CARTESIAN_POINT ( 'NONE',  ( -0.008000000000000000167, 0.1890000000000000291, -0.2235999999999999932 ) ) ;
#10023 = AXIS2_PLACEMENT_3D ( 'NONE', #5024, #8317, #6674 ) ;
#10024 = CARTESIAN_POINT ( 'NONE',  ( 0.000000000000000000, 0.000000000000000000, 0.000000000000000000 ) ) ;
#10025 = CARTESIAN_POINT ( 'NONE',  ( -0.05600000000000000810, 0.09299999999999999933, 0.2350000000000000144 ) ) ;
#10026 = CARTESIAN_POINT ( 'NONE',  ( 0.1954139482905000169, 0.1141306484410000016, 0.1115275249144000030 ) ) ;
#10027 = EDGE_LOOP ( 'NONE', ( #3128, #9550, #9132, #8361, #5136 ) ) ;
#10028 = ORIENTED_EDGE ( 'NONE', *, *, #6480, .F. ) ;
#10029 = VERTEX_POINT ( 'NONE', #624 ) ;
#10030 = CARTESIAN_POINT ( 'NONE',  ( -0.04853005042311999556, -0.5880932767231000780, 0.03072077990734000189 ) ) ;
#10031 = CYLINDRICAL_SURFACE ( 'NONE', #1756, 0.2560000000000000053 ) ;
#10032 = CARTESIAN_POINT ( 'NONE',  ( 0.05099999999999999672, 0.1890000000000000291, -0.2191437884130000013 ) ) ;
#10033 = CARTESIAN_POINT ( 'NONE',  ( -0.02506072624646000016, 0.1290000000000000036, -0.2235999999999999932 ) ) ;
#10034 = DIRECTION ( 'NONE',  ( 0.8857920180667903098, 0.000000000000000000, 0.4640824288088950533 ) ) ;
#10035 = CARTESIAN_POINT ( 'NONE',  ( 0.000000000000000000, 0.1290000000000000036, 0.000000000000000000 ) ) ;
#10036 = DIRECTION ( 'NONE',  ( 0.7645779670991175170, 0.000000000000000000, -0.6445312500000143219 ) ) ;
#10037 = ORIENTED_EDGE ( 'NONE', *, *, #7919, .F. ) ;
#10038 = DIRECTION ( 'NONE',  ( 0.000000000000000000, -1.000000000000000000, 0.000000000000000000 ) ) ;
#10039 = B_SPLINE_CURVE_WITH_KNOTS ( 'NONE', 3,
 ( #8096, #7330, #3148, #3252 ),
 .UNSPECIFIED., .F., .F.,
 ( 4, 4 ),
 ( 0.000000000000000000, 1.000000000000000000 ),
 .UNSPECIFIED. ) ;
#10040 = VERTEX_POINT ( 'NONE', #5983 ) ;
#10041 = VECTOR ( 'NONE', #4541, 39.37007874015748143 ) ;
#10042 = EDGE_CURVE ( 'NONE', #2631, #561, #9270, .T. ) ;
#10043 = LINE ( 'NONE', #7488, #6843 ) ;
#10044 = EDGE_CURVE ( 'NONE', #8530, #3204, #7837, .T. ) ;
#10045 = DIRECTION ( 'NONE',  ( -0.8131464834100853301, 0.000000000000000000, -0.5820591005368885851 ) ) ;
#10046 = CARTESIAN_POINT ( 'NONE',  ( 0.2413819952931000046, 0.1689999999999738378, -0.1180000000000000077 ) ) ;
#10047 = CARTESIAN_POINT ( 'NONE',  ( 0.1505543864307000157, 0.1890000000000000291, -0.1672075857323999937 ) ) ;
#10048 = CARTESIAN_POINT ( 'NONE',  ( -0.006000000000000000992, 0.1716753011693504527, -0.2559296779209000450 ) ) ;
#10049 = DIRECTION ( 'NONE',  ( 0.02484801491197901821, -0.9993360567820606111, -0.02664623369664896602 ) ) ;
#10050 = CARTESIAN_POINT ( 'NONE',  ( 0.2384375023794349790, 0.1268213294245247036, -0.01429658034203651167 ) ) ;
#10051 = VERTEX_POINT ( 'NONE', #6340 ) ;
#10052 = CIRCLE ( 'NONE', #6448, 0.05549999999999998684 ) ;
#10053 = SURFACE_STYLE_FILL_AREA ( #2954 ) ;
#10054 = EDGE_CURVE ( 'NONE', #4169, #2833, #166, .T. ) ;
#10055 = EDGE_CURVE ( 'NONE', #3832, #9103, #2497, .T. ) ;
#10056 = DIRECTION ( 'NONE',  ( 0.000000000000000000, 1.000000000000000000, 0.000000000000000000 ) ) ;
#10057 = EDGE_CURVE ( 'NONE', #3219, #5254, #201, .T. ) ;
#10058 = CARTESIAN_POINT ( 'NONE',  ( 0.1908579561758999843, 0.09319146203767007808, 0.1191563862915999972 ) ) ;
#10059 = EDGE_CURVE ( 'NONE', #3057, #425, #3807, .T. ) ;
#10060 = PLANE ( 'NONE',  #5332 ) ;
#10061 = SURFACE_STYLE_FILL_AREA ( #10165 ) ;
#10063 =( NAMED_UNIT ( * ) SI_UNIT ( $, .STERADIAN. ) SOLID_ANGLE_UNIT ( ) );
#10062 = DIRECTION ( 'NONE',  ( 0.000000000000000000, 0.000000000000000000, -1.000000000000000000 ) ) ;
#10064 = LENGTH_MEASURE_WITH_UNIT ( LENGTH_MEASURE( 0.02539999999999999897 ), #8479 );
#10065 = ORIENTED_EDGE ( 'NONE', *, *, #5660, .T. ) ;
#10066 = DIRECTION ( 'NONE',  ( 1.744109794801999972E-13, 0.000000000000000000, -1.000000000000000000 ) ) ;
#10067 = CARTESIAN_POINT ( 'NONE',  ( 0.2187001666901000896, 0.1674787285195998843, 0.08394554771394005521 ) ) ;
#10068 = EDGE_LOOP ( 'NONE', ( #7971, #8147, #6514, #2061 ) ) ;
#10069 = ORIENTED_EDGE ( 'NONE', *, *, #5038, .T. ) ;
#10070 = DIRECTION ( 'NONE',  ( 0.6819983600623811260, 0.000000000000000000, 0.7313537016192799278 ) ) ;
#10071 = CARTESIAN_POINT ( 'NONE',  ( 0.2067506101872004787, 0.1282137500146644515, 0.1036944249954585978 ) ) ;
#10072 = AXIS2_PLACEMENT_3D ( 'NONE', #856, #9549, #5757 ) ;
#10073 = DIRECTION ( 'NONE',  ( 0.000000000000000000, 0.000000000000000000, 1.000000000000000000 ) ) ;
#10074 = CARTESIAN_POINT ( 'NONE',  ( 0.2428394196241000225, 0.06967483934666003631, -0.03086554830210999981 ) ) ;
#10075 =( CONVERSION_BASED_UNIT ( 'INCH', #4577 ) LENGTH_UNIT ( ) NAMED_UNIT ( #8930 ) );
#10076 = FACE_OUTER_BOUND ( 'NONE', #7637, .T. ) ;
#10077 = DIRECTION ( 'NONE',  ( -1.000000000000000000, 0.000000000000000000, 0.000000000000000000 ) ) ;
#10078 = ORIENTED_EDGE ( 'NONE', *, *, #5913, .F. ) ;
#10079 = CIRCLE ( 'NONE', #1540, 0.008499999999999998876 ) ;
#10080 = ORIENTED_EDGE ( 'NONE', *, *, #8976, .T. ) ;
#10081 = VECTOR ( 'NONE', #5932, 39.37007874015748143 ) ;
#10082 = VECTOR ( 'NONE', #5313, 39.37007874015748143 ) ;
#10083 = ORIENTED_EDGE ( 'NONE', *, *, #7607, .T. ) ;
#10084 = COLOUR_RGB ( '',0.6666666666666666297, 0.6980392156862744724, 0.7686274509803920907 ) ;
#10085 = PLANE ( 'NONE',  #8815 ) ;
#10086 = CARTESIAN_POINT ( 'NONE',  ( -0.06480740831667992918, -0.2880000001265000109, -0.09500000013037009083 ) ) ;
#10087 = SURFACE_STYLE_FILL_AREA ( #6766 ) ;
#10088 = MECHANICAL_DESIGN_GEOMETRIC_PRESENTATION_REPRESENTATION (  '', ( #552 ), #4508 ) ;
#10089 = DIRECTION ( 'NONE',  ( 0.000000000000000000, -1.000000000000000000, 0.000000000000000000 ) ) ;
#10090 = DIRECTION ( 'NONE',  ( 0.2124035547342101038, 0.000000000000000000, 0.9771820352095464957 ) ) ;
#10091 = DIRECTION ( 'NONE',  ( 0.000000000000000000, -1.000000000000000000, 0.000000000000000000 ) ) ;
#10092 = ORIENTED_EDGE ( 'NONE', *, *, #8542, .T. ) ;
#10093 = CARTESIAN_POINT ( 'NONE',  ( 0.2428394196240000191, 0.06967483934667992318, 0.03086554830210999981 ) ) ;
#10094 = CARTESIAN_POINT ( 'NONE',  ( 0.2494589144528999991, 0.05700000000000000205, 0.05750000000000000250 ) ) ;
#10095 = DIRECTION ( 'NONE',  ( 0.7431448254773763695, 0.000000000000000000, 0.6691306063588782216 ) ) ;
#10096 = CARTESIAN_POINT ( 'NONE',  ( 0.09580368519011003836, 0.000000000000000000, -0.2371224417229000347 ) ) ;
#10097 = AXIS2_PLACEMENT_3D ( 'NONE', #6827, #677, #3829 ) ;
#10098 = CARTESIAN_POINT ( 'NONE',  ( -0.2461185347479945273, 0.000000000000000000, 0.04339733812849425748 ) ) ;
#10099 = PLANE ( 'NONE',  #8142 ) ;
#10100 = CARTESIAN_POINT ( 'NONE',  ( 0.2186806554372743572, 0.1337908183019230202, 0.1355511053324839066 ) ) ;
#10101 = VERTEX_POINT ( 'NONE', #9572 ) ;
#10102 = CARTESIAN_POINT ( 'NONE',  ( -0.2437455421858486793, 0.06139094558024994069, 0.04298392569390388496 ) ) ;
#10103 = ORIENTED_EDGE ( 'NONE', *, *, #2465, .F. ) ;
#10104 = EDGE_CURVE ( 'NONE', #2325, #8297, #4451, .T. ) ;
#10105 = AXIS2_PLACEMENT_3D ( 'NONE', #9236, #10011, #4560 ) ;
#10106 = AXIS2_PLACEMENT_3D ( 'NONE', #9440, #7905, #80 ) ;
#10107 = ORIENTED_EDGE ( 'NONE', *, *, #9616, .T. ) ;
#10108 = DIRECTION ( 'NONE',  ( 0.6499230790836747484, 0.000000000000000000, 0.7599999942594707347 ) ) ;
#10109 = CARTESIAN_POINT ( 'NONE',  ( -0.2462019382530999945, 0.1689999999995999702, 0.04341204441673000153 ) ) ;
#10110 = AXIS2_PLACEMENT_3D ( 'NONE', #2399, #8110, #4298 ) ;
#10111 =( LENGTH_UNIT ( ) NAMED_UNIT ( * ) SI_UNIT ( $, .METRE. ) );
#10112 = EDGE_CURVE ( 'NONE', #10178, #9451, #5444, .T. ) ;
#10114 = CARTESIAN_POINT ( 'NONE',  ( 0.2247204899075999907, 0.1119345429094000116, -0.01121166426958000034 ) ) ;
#10113 = PLANE ( 'NONE',  #7416 ) ;
#10115 = DIRECTION ( 'NONE',  ( 0.000000000000000000, 1.000000000000000000, 0.000000000000000000 ) ) ;
#10116 = VERTEX_POINT ( 'NONE', #8552 ) ;
#10117 = CARTESIAN_POINT ( 'NONE',  ( 0.1993032040650000170, 0.1330108282678000020, -0.1044185464819999964 ) ) ;
#10118 = CARTESIAN_POINT ( 'NONE',  ( 0.2043819952930999995, 0.000000000000000000, -0.1180000000000000077 ) ) ;
#10119 = EDGE_CURVE ( 'NONE', #4250, #938, #1837, .T. ) ;
#10120 = LINE ( 'NONE', #7916, #10149 ) ;
#10121 = AXIS2_PLACEMENT_3D ( 'NONE', #1677, #3058, #1573 ) ;
#10122 = ORIENTED_EDGE ( 'NONE', *, *, #5913, .T. ) ;
#10123 = VECTOR ( 'NONE', #8595, 39.37007874015748143 ) ;
#10124 = VERTEX_POINT ( 'NONE', #5571 ) ;
#10125 = CARTESIAN_POINT ( 'NONE',  ( 0.05099999999999999672, 0.1890000000000000291, -0.2304235919856000014 ) ) ;
#10126 = EDGE_CURVE ( 'NONE', #6872, #6323, #5683, .T. ) ;
#10127 = LINE ( 'NONE', #3079, #446 ) ;
#10128 = COLOUR_RGB ( '',0.2509803921568627416, 0.2509803921568627416, 0.2509803921568627416 ) ;
#10129 = CIRCLE ( 'NONE', #3732, 0.2360000000000001263 ) ;
#10130 = FACE_OUTER_BOUND ( 'NONE', #1183, .T. ) ;
#10131 = DIRECTION ( 'NONE',  ( 0.000000000000000000, 1.000000000000000000, 0.000000000000000000 ) ) ;
#10132 = B_SPLINE_CURVE_WITH_KNOTS ( 'NONE', 3,
 ( #2156, #5128, #1223, #2912 ),
 .UNSPECIFIED., .F., .F.,
 ( 4, 4 ),
 ( 0.000000000000000000, 1.000000000000000000 ),
 .UNSPECIFIED. ) ;
#10133 = CARTESIAN_POINT ( 'NONE',  ( 0.2550448946514998205, 0.1674787285196001618, -0.03963980354810999612 ) ) ;
#10134 = CARTESIAN_POINT ( 'NONE',  ( 0.1954139482905000169, 0.1143371685741000066, 0.1115275249144000030 ) ) ;
#10135 = CIRCLE ( 'NONE', #8336, 0.01149999999999999807 ) ;
#10136 = ADVANCED_FACE ( 'NONE', ( #1611 ), #5622, .T. ) ;
#10137 = ORIENTED_EDGE ( 'NONE', *, *, #7120, .F. ) ;
#10138 = EDGE_CURVE ( 'NONE', #2980, #748, #8084, .T. ) ;
#10139 = ORIENTED_EDGE ( 'NONE', *, *, #2391, .T. ) ;
#10140 = AXIS2_PLACEMENT_3D ( 'NONE', #3689, #9193, #6838 ) ;
#10141 = VERTEX_POINT ( 'NONE', #2639 ) ;
#10142 = DIRECTION ( 'NONE',  ( -0.3420201433256991330, 0.000000000000000000, -0.9396926207858973257 ) ) ;
#10143 = AXIS2_PLACEMENT_3D ( 'NONE', #8018, #9655, #4207 ) ;
#10144 = CARTESIAN_POINT ( 'NONE',  ( 0.2058160939552000357, 0.09300000000001004685, 0.09091059052178997180 ) ) ;
#10145 = CARTESIAN_POINT ( 'NONE',  ( 0.1918155630515000210, 0.09182050807568996331, 0.1043176567486999856 ) ) ;
#10146 = FACE_OUTER_BOUND ( 'NONE', #566, .T. ) ;
#10147 = DIRECTION ( 'NONE',  ( 0.000000000000000000, 1.000000000000000000, 0.000000000000000000 ) ) ;
#10148 = FILL_AREA_STYLE_COLOUR ( '', #2327 ) ;
#10149 = VECTOR ( 'NONE', #5442, 39.37007874015748143 ) ;
#10150 = CARTESIAN_POINT ( 'NONE',  ( 0.1993032040650000170, 0.1330108282678000020, 0.1044185464819999964 ) ) ;
#10151 = AXIS2_PLACEMENT_3D ( 'NONE', #906, #6572, #9702 ) ;
#10152 = ORIENTED_EDGE ( 'NONE', *, *, #9234, .T. ) ;
#10153 = MECHANICAL_DESIGN_GEOMETRIC_PRESENTATION_REPRESENTATION (  '', ( #3740 ), #2909 ) ;
#10154 = CARTESIAN_POINT ( 'NONE',  ( 0.000000000000000000, -0.007000000000000001013, 0.2447931081450999968 ) ) ;
#10155 = PRESENTATION_STYLE_ASSIGNMENT (( #3728 ) ) ;
#10156 = VECTOR ( 'NONE', #3502, 39.37007874015748143 ) ;
#10157 = DIRECTION ( 'NONE',  ( -0.9999988959613604900, 0.000000000000000000, 0.001485959642859940649 ) ) ;
#10158 = CARTESIAN_POINT ( 'NONE',  ( 0.2136375036316545406, 0.1262188629569114540, 0.1402621236336094868 ) ) ;
#10159 = VERTEX_POINT ( 'NONE', #2536 ) ;
#10160 = CARTESIAN_POINT ( 'NONE',  ( 0.2249761652542000001, 0.1270388744963000249, 0.003274914884095000197 ) ) ;
#10161 = ORIENTED_EDGE ( 'NONE', *, *, #2270, .F. ) ;
#10162 = VERTEX_POINT ( 'NONE', #2588 ) ;
#10163 = PRESENTATION_STYLE_ASSIGNMENT (( #736 ) ) ;
#10164 = DIRECTION ( 'NONE',  ( 0.7317656748678064149, 3.171291354520101101E-14, 0.6815563051467312672 ) ) ;
#10165 = FILL_AREA_STYLE ('',( #9339 ) ) ;
#10167 = DIRECTION ( 'NONE',  ( 0.000000000000000000, 1.000000000000000000, 0.000000000000000000 ) ) ;
#10166 = LINE ( 'NONE', #2204, #7248 ) ;
#10168 = CARTESIAN_POINT ( 'NONE',  ( 0.000000000000000000, 0.1890000000000000291, 0.000000000000000000 ) ) ;
#10169 = ORIENTED_EDGE ( 'NONE', *, *, #3333, .T. ) ;
#10170 = CARTESIAN_POINT ( 'NONE',  ( 0.2103812081621000141, 0.1889420390996001120, -0.1037314245838000248 ) ) ;
#10171 = VERTEX_POINT ( 'NONE', #6497 ) ;
#10172 = FILL_AREA_STYLE_COLOUR ( '', #4157 ) ;
#10173 = PLANE ( 'NONE',  #3746 ) ;
#10174 = VERTEX_POINT ( 'NONE', #4324 ) ;
#10175 = EDGE_CURVE ( 'NONE', #3798, #6543, #1342, .T. ) ;
#10176 = CARTESIAN_POINT ( 'NONE',  ( 0.2080265522952222113, 0.1274747722171678810, -0.1039611687640054072 ) ) ;
#10177 = VECTOR ( 'NONE', #2863, 39.37007874015748143 ) ;
#10178 = VERTEX_POINT ( 'NONE', #3410 ) ;
#10179 = CARTESIAN_POINT ( 'NONE',  ( 0.2248109110168999836, 0.1330108282678000020, -0.009222488152840000245 ) ) ;
#10180 = EDGE_CURVE ( 'NONE', #9103, #9831, #2662, .T. ) ;
#10181 = CARTESIAN_POINT ( 'NONE',  ( 0.09589928791447008272, -0.006999999999998996608, -0.2373590667691000133 ) ) ;
#10182 = CARTESIAN_POINT ( 'NONE',  ( 0.1960715129746000152, 0.09299999999847992360, 0.1220970933961000038 ) ) ;
#10183 = CARTESIAN_POINT ( 'NONE',  ( 0.2739447911440998085, 0.1806233488420000977, -0.02450778454109998547 ) ) ;
#10184 = LINE ( 'NONE', #4837, #3924 ) ;
#10185 = ORIENTED_EDGE ( 'NONE', *, *, #6559, .F. ) ;
#10186 = ORIENTED_EDGE ( 'NONE', *, *, #55, .F. ) ;
#10187 = TOROIDAL_SURFACE ( 'NONE', #5105, 0.2300000000000000100, 0.02000000000000000042 ) ;
#10188 = EDGE_CURVE ( 'NONE', #6872, #1960, #7468, .T. ) ;
#10189 = ORIENTED_EDGE ( 'NONE', *, *, #4795, .T. ) ;
ENDSEC;
END-ISO-10303-21;
