ISO-10303-21;
HEADER;
FILE_DESCRIPTION (( 'STEP AP214' ),
    '1' );
FILE_NAME ('350-80-108-00-001101.STEP',
    '2025-07-10T09:08:39',
    ( '' ),
    ( '' ),
    'SwSTEP 2.0',
    'SolidWorks 2023',
    '' );
FILE_SCHEMA (( 'AUTOMOTIVE_DESIGN' ));
ENDSEC;

DATA;
#1 = CARTESIAN_POINT ( 'NONE',  ( -1.647926047749844969, 3.330000000000004068, -0.2866497515788280492 ) ) ;
#2 = VECTOR ( 'NONE', #2573, 1000.000000000000114 ) ;
#3 = AXIS2_PLACEMENT_3D ( 'NONE', #8188, #6084, #6132 ) ;
#4 = ORIENTED_EDGE ( 'NONE', *, *, #3712, .T. ) ;
#5 = CARTESIAN_POINT ( 'NONE',  ( 5.466523063261999660, 7.776250346772100076E-17, -1.270000000000000018 ) ) ;
#6 = DIRECTION ( 'NONE',  ( 0.4226182617407031605, 0.000000000000000000, -0.9063077870366482713 ) ) ;
#7 = EDGE_CURVE ( 'NONE', #8692, #5157, #5329, .T. ) ;
#8 = ORIENTED_EDGE ( 'NONE', *, *, #545, .T. ) ;
#9 = ORIENTED_EDGE ( 'NONE', *, *, #8882, .T. ) ;
#10 = ADVANCED_FACE ( 'NONE', ( #2957 ), #6674, .F. ) ;
#11 = CARTESIAN_POINT ( 'NONE',  ( 3.810000000000000053, -0.4199999999627834768, 0.000000000000000000 ) ) ;
#12 = STYLED_ITEM ( 'NONE', ( #7503 ), #2595 ) ;
#13 = CARTESIAN_POINT ( 'NONE',  ( -4.100931969974805469, -0.6699999999999478595, -0.2535924761678441941 ) ) ;
#14 = CARTESIAN_POINT ( 'NONE',  ( -6.349999999999999645, -0.6699999999999979305, -0.3849999999999999534 ) ) ;
#15 = CARTESIAN_POINT ( 'NONE',  ( 8.890000000000000568, -4.400000000000000355, 0.004999999999994560011 ) ) ;
#16 = CARTESIAN_POINT ( 'NONE',  ( 8.890000000000000568, -4.400000000000000355, 0.2349999999999975719 ) ) ;
#17 = CARTESIAN_POINT ( 'NONE',  ( 9.660000000000000142, -0.6699999999999979305, 0.3849999999999999534 ) ) ;
#18 = AXIS2_PLACEMENT_3D ( 'NONE', #8061, #7436, #5279 ) ;
#19 = ORIENTED_EDGE ( 'NONE', *, *, #1861, .T. ) ;
#20 = CARTESIAN_POINT ( 'NONE',  ( -8.990000000000000213, 7.776250346772101309E-17, -1.270000000000000018 ) ) ;
#21 = DIRECTION ( 'NONE',  ( 0.4226182617406985531, 0.000000000000000000, 0.9063077870366503808 ) ) ;
#22 = EDGE_CURVE ( 'NONE', #444, #8433, #3667, .T. ) ;
#23 = ADVANCED_FACE ( 'NONE', ( #2176 ), #7152, .T. ) ;
#24 = UNCERTAINTY_MEASURE_WITH_UNIT (LENGTH_MEASURE( 1.000000000000000082E-05 ), #1328, 'distance_accuracy_value', 'NONE');
#25 = CARTESIAN_POINT ( 'NONE',  ( 3.340000000000004743, -4.399999999999999467, -0.2349999999999975719 ) ) ;
#26 = CARTESIAN_POINT ( 'NONE',  ( 7.819999999999998508, 2.799999999999999822, 0.8699999999999999956 ) ) ;
#27 = EDGE_CURVE ( 'NONE', #3653, #2879, #4300, .T. ) ;
#28 = CARTESIAN_POINT ( 'NONE',  ( -5.901456652252760726, 3.330000000000000959, 0.1434580550843147506 ) ) ;
#29 = AXIS2_PLACEMENT_3D ( 'NONE', #1676, #2319, #3049 ) ;
#30 = CARTESIAN_POINT ( 'NONE',  ( -7.674266901142090092, 2.799999999999999822, 0.8700000000000002176 ) ) ;
#31 = ORIENTED_EDGE ( 'NONE', *, *, #5102, .F. ) ;
#32 = DIRECTION ( 'NONE',  ( 0.000000000000000000, 1.000000000000000000, 0.000000000000000000 ) ) ;
#33 = CARTESIAN_POINT ( 'NONE',  ( 10.06673846836899955, 6.551643992949719860E-17, -1.070000000000000062 ) ) ;
#34 = DIRECTION ( 'NONE',  ( 0.000000000000000000, 0.000000000000000000, 1.000000000000000000 ) ) ;
#35 = DIRECTION ( 'NONE',  ( 0.000000000000000000, 0.000000000000000000, 1.000000000000000000 ) ) ;
#36 = AXIS2_PLACEMENT_3D ( 'NONE', #33, #2742, #764 ) ;
#37 = DIRECTION ( 'NONE',  ( 0.000000000000000000, 0.000000000000000000, 1.000000000000000000 ) ) ;
#39 = CARTESIAN_POINT ( 'NONE',  ( 0.9974644000684618206, 3.330000000000003624, -0.3854018575819100900 ) ) ;
#38 = CONICAL_SURFACE ( 'NONE', #6805, 0.6649999999254396776, 0.7853981633974482790 ) ;
#40 = VERTEX_POINT ( 'NONE', #7018 ) ;
#41 = FACE_OUTER_BOUND ( 'NONE', #3004, .T. ) ;
#42 = DIRECTION ( 'NONE',  ( 0.000000000000000000, 0.000000000000000000, 1.000000000000000000 ) ) ;
#43 = EDGE_LOOP ( 'NONE', ( #2207, #2510, #7863, #1379 ) ) ;
#44 = DIRECTION ( 'NONE',  ( 0.000000000000000000, 0.000000000000000000, 1.000000000000000000 ) ) ;
#45 = VECTOR ( 'NONE', #6181, 1000.000000000000000 ) ;
#46 = CIRCLE ( 'NONE', #8984, 0.6650000000000000355 ) ;
#47 = DIRECTION ( 'NONE',  ( 0.000000000000000000, 0.000000000000000000, 1.000000000000000000 ) ) ;
#48 = FILL_AREA_STYLE_COLOUR ( '', #7909 ) ;
#49 = ORIENTED_EDGE ( 'NONE', *, *, #4805, .T. ) ;
#50 = CARTESIAN_POINT ( 'NONE',  ( -3.810000000000000053, 3.330000000000000071, 0.000000000000000000 ) ) ;
#51 = VECTOR ( 'NONE', #7268, 1000.000000000000000 ) ;
#52 =( NAMED_UNIT ( * ) SI_UNIT ( $, .STERADIAN. ) SOLID_ANGLE_UNIT ( ) );
#53 = FACE_OUTER_BOUND ( 'NONE', #1059, .T. ) ;
#54 = ORIENTED_EDGE ( 'NONE', *, *, #7381, .T. ) ;
#55 = CARTESIAN_POINT ( 'NONE',  ( -0.8459861181636308958, 3.330000000000000959, -0.2032625421541999211 ) ) ;
#56 = CARTESIAN_POINT ( 'NONE',  ( 6.349999999999999645, -4.400000000000000355, -0.2349999999999989875 ) ) ;
#57 = ORIENTED_EDGE ( 'NONE', *, *, #4514, .F. ) ;
#58 = VERTEX_POINT ( 'NONE', #4961 ) ;
#59 = EDGE_CURVE ( 'NONE', #2692, #2835, #5596, .T. ) ;
#60 = DIRECTION ( 'NONE',  ( 0.000000000000000000, 1.000000000000000000, 0.000000000000000000 ) ) ;
#61 = CARTESIAN_POINT ( 'NONE',  ( 1.435919413155257729, -0.6699999999999818323, 0.3485131856847107912 ) ) ;
#62 = ADVANCED_FACE ( 'NONE', ( #3620, #4390 ), #3480, .T. ) ;
#63 = PRESENTATION_LAYER_ASSIGNMENT (  '', '', ( #4180 ) ) ;
#64 = CARTESIAN_POINT ( 'NONE',  ( -3.455334819288307990, 3.330000000000000515, 0.3098033545076177564 ) ) ;
#65 = CARTESIAN_POINT ( 'NONE',  ( -8.890000000000000568, 0.000000000000000000, 0.000000000000000000 ) ) ;
#66 = CARTESIAN_POINT ( 'NONE',  ( 4.277250041791611501, 3.330000000000000515, 0.05868455565209881181 ) ) ;
#67 = EDGE_CURVE ( 'NONE', #2848, #3319, #9071, .T. ) ;
#68 = CARTESIAN_POINT ( 'NONE',  ( 8.889999999999998792, -0.6699999999999979305, -0.2971320343559630262 ) ) ;
#69 = ADVANCED_FACE ( 'NONE', ( #8057 ), #7243, .T. ) ;
#70 = ORIENTED_EDGE ( 'NONE', *, *, #5680, .T. ) ;
#71 =( NAMED_UNIT ( * ) PLANE_ANGLE_UNIT ( ) SI_UNIT ( $, .RADIAN. ) );
#72 = DIRECTION ( 'NONE',  ( 0.000000000000000000, 1.000000000000000000, 0.000000000000000000 ) ) ;
#73 = DIRECTION ( 'NONE',  ( -0.000000000000000000, -1.000000000000000000, -0.000000000000000000 ) ) ;
#74 = EDGE_CURVE ( 'NONE', #1163, #5930, #3257, .T. ) ;
#75 = CARTESIAN_POINT ( 'NONE',  ( -6.163284862778760420, 3.330000000000002736, 0.4315005850825659461 ) ) ;
#76 = VECTOR ( 'NONE', #7166, 1000.000000000000000 ) ;
#77 = CARTESIAN_POINT ( 'NONE',  ( 9.263660126678690432, 7.492926245181915412, 0.1868300633393451260 ) ) ;
#78 = VERTEX_POINT ( 'NONE', #4577 ) ;
#79 = DIRECTION ( 'NONE',  ( -7.401486830834319717E-14, -1.000000000000000000, 0.000000000000000000 ) ) ;
#80 = EDGE_CURVE ( 'NONE', #2713, #4013, #3095, .T. ) ;
#81 = LINE ( 'NONE', #2829, #1889 ) ;
#82 = FACE_BOUND ( 'NONE', #699, .T. ) ;
#83 = DIRECTION ( 'NONE',  ( 2.345257230884581992E-17, 1.000000000000000000, 1.093611407104877670E-17 ) ) ;
#84 = EDGE_LOOP ( 'NONE', ( #5901, #7918, #551, #3064 ) ) ;
#85 = DIRECTION ( 'NONE',  ( 0.4226182617406985531, 0.000000000000000000, 0.9063077870366503808 ) ) ;
#86 = ORIENTED_EDGE ( 'NONE', *, *, #3080, .F. ) ;
#87 = CARTESIAN_POINT ( 'NONE',  ( 6.075934793891669017, -4.632925319547867460, -0.1370326030541655082 ) ) ;
#88 = ORIENTED_EDGE ( 'NONE', *, *, #7400, .T. ) ;
#89 = VECTOR ( 'NONE', #7803, 1000.000000000000000 ) ;
#90 = FACE_OUTER_BOUND ( 'NONE', #8488, .T. ) ;
#91 = EDGE_CURVE ( 'NONE', #5663, #719, #7385, .T. ) ;
#92 = SURFACE_STYLE_FILL_AREA ( #3644 ) ;
#93 = DIRECTION ( 'NONE',  ( 0.000000000000000000, 1.000000000000000000, 0.000000000000000000 ) ) ;
#94 = VECTOR ( 'NONE', #3062, 1000.000000000000000 ) ;
#95 = ORIENTED_EDGE ( 'NONE', *, *, #1690, .F. ) ;
#96 = CARTESIAN_POINT ( 'NONE',  ( -3.340000000000004743, -4.537064994640259030, 0.2349999999999976275 ) ) ;
#97 = B_SPLINE_CURVE_WITH_KNOTS ( 'NONE', 3,
 ( #4098, #6205, #8998, #677, #7673, #8388, #3496, #2788, #6307, #1364, #9088, #4185, #5607, #4876, #6989, #6352, #4227, #2064, #945, #2747, #3760, #7675, #1681, #4492, #4441, #4878, #4926, #5147 ),
 .UNSPECIFIED., .F., .F.,
 ( 4, 2, 2, 2, 1, 2, 2, 2, 2, 2, 2, 1, 2, 2, 4 ),
 ( 0.000000000000000000, 0.06250000000000120737, 0.1250000000000024147, 0.2500000000000048850, 0.3125000000000046629, 0.3437500000000057176, 0.3750000000000067168, 0.5000000000000093259, 0.5625000000000106581, 0.6250000000000119904, 0.7500000000000147660, 0.8125000000000145439, 0.8437500000000128786, 0.8750000000000111022, 1.000000000000000000 ),
 .UNSPECIFIED. ) ;
#98 = CARTESIAN_POINT ( 'NONE',  ( 3.340000000000004299, -0.7321320343559630794, 0.2349999999999980160 ) ) ;
#99 = VECTOR ( 'NONE', #8301, 1000.000000000000114 ) ;
#100 = ORIENTED_EDGE ( 'NONE', *, *, #4564, .T. ) ;
#101 = CARTESIAN_POINT ( 'NONE',  ( 0.8000000000000040412, -0.8199999999999998401, -0.2349999999999980715 ) ) ;
#102 = VERTEX_POINT ( 'NONE', #291 ) ;
#103 = FACE_OUTER_BOUND ( 'NONE', #43, .T. ) ;
#104 = APPLICATION_PROTOCOL_DEFINITION ( 'draft international standard', 'automotive_design', 1998, #6366 ) ;
#105 = ORIENTED_EDGE ( 'NONE', *, *, #5568, .T. ) ;
#106 = VERTEX_POINT ( 'NONE', #246 ) ;
#107 = EDGE_CURVE ( 'NONE', #7137, #215, #8378, .T. ) ;
#108 = DIRECTION ( 'NONE',  ( 0.4226182617406958886, 0.000000000000000000, -0.9063077870366516020 ) ) ;
#109 = CARTESIAN_POINT ( 'NONE',  ( -3.999498767382684061, -0.6699999999999554090, 0.3354508356856724660 ) ) ;
#110 = EDGE_CURVE ( 'NONE', #1230, #2755, #7198, .T. ) ;
#111 = CARTESIAN_POINT ( 'NONE',  ( -6.349999999999999645, -0.7321320343559629684, -0.2349999999999980715 ) ) ;
#112 = VERTEX_POINT ( 'NONE', #941 ) ;
#113 = CARTESIAN_POINT ( 'NONE',  ( -0.2000000000000005107, 2.799999999999999822, -0.8699999999999999956 ) ) ;
#114 = CARTESIAN_POINT ( 'NONE',  ( -7.233476936737999630, -7.776250346772100076E-17, 1.270000000000000018 ) ) ;
#115 = DIRECTION ( 'NONE',  ( 0.000000000000000000, 1.000000000000000000, 0.000000000000000000 ) ) ;
#116 = VERTEX_POINT ( 'NONE', #5864 ) ;
#117 = DIRECTION ( 'NONE',  ( 0.000000000000000000, 1.000000000000000000, 0.000000000000000000 ) ) ;
#118 = CARTESIAN_POINT ( 'NONE',  ( 3.810000000000000053, -0.8199999999999999512, 0.000000000000000000 ) ) ;
#119 = DIRECTION ( 'NONE',  ( 0.000000000000000000, 0.000000000000000000, 1.000000000000000000 ) ) ;
#120 = PRESENTATION_STYLE_ASSIGNMENT (( #8295 ) ) ;
#121 = CARTESIAN_POINT ( 'NONE',  ( -5.890999832833553107, 3.330000000000001403, -0.1181620185854221489 ) ) ;
#122 = CARTESIAN_POINT ( 'NONE',  ( -2.034264068711928442, 3.329999999999999627, -0.3821320343559643784 ) ) ;
#123 = ORIENTED_EDGE ( 'NONE', *, *, #7888, .T. ) ;
#124 = CARTESIAN_POINT ( 'NONE',  ( -8.615934793891671717, -4.632925319547867460, -0.1370326030541655082 ) ) ;
#125 = STYLED_ITEM ( 'NONE', ( #1406 ), #4609 ) ;
#126 = CARTESIAN_POINT ( 'NONE',  ( 1.270000000000000018, 7.492926245181917189, -0.1868300633393450705 ) ) ;
#127 = CARTESIAN_POINT ( 'NONE',  ( -3.436339873321309746, 7.492926245181915412, -0.1868300633393451260 ) ) ;
#128 = CIRCLE ( 'NONE', #1293, 0.2300000000000030076 ) ;
#129 = DIRECTION ( 'NONE',  ( 0.000000000000000000, 0.000000000000000000, 1.000000000000000000 ) ) ;
#130 = CARTESIAN_POINT ( 'NONE',  ( -3.810000000000000053, 0.000000000000000000, 0.000000000000000000 ) ) ;
#131 = CYLINDRICAL_SURFACE ( 'NONE', #6416, 0.9150000000000000355 ) ;
#132 = ORIENTED_EDGE ( 'NONE', *, *, #4975, .T. ) ;
#133 = CYLINDRICAL_SURFACE ( 'NONE', #2875, 0.6650000000000000355 ) ;
#134 = VERTEX_POINT ( 'NONE', #3006 ) ;
#135 = FILL_AREA_STYLE ('',( #2115 ) ) ;
#136 = DIRECTION ( 'NONE',  ( 0.000000000000000000, 1.000000000000000000, 0.000000000000000000 ) ) ;
#137 = FILL_AREA_STYLE_COLOUR ( '', #3354 ) ;
#138 = EDGE_LOOP ( 'NONE', ( #1254, #4366, #156, #3033 ) ) ;
#139 = CARTESIAN_POINT ( 'NONE',  ( -7.233476936738000518, 7.776250346772100076E-17, -1.269999999999999796 ) ) ;
#140 = CARTESIAN_POINT ( 'NONE',  ( 3.810000000000000053, -0.6699999999999979305, 0.2971320343559630262 ) ) ;
#141 = AXIS2_PLACEMENT_3D ( 'NONE', #5416, #7297, #3146 ) ;
#142 = ORIENTED_EDGE ( 'NONE', *, *, #5024, .F. ) ;
#143 = LINE ( 'NONE', #5804, #3689 ) ;
#144 = EDGE_LOOP ( 'NONE', ( #1687, #4830, #4907, #8768 ) ) ;
#145 = DIRECTION ( 'NONE',  ( 0.000000000000000000, 1.000000000000000000, 0.000000000000000000 ) ) ;
#146 = CIRCLE ( 'NONE', #9098, 0.2300000000000030076 ) ;
#147 = VERTEX_POINT ( 'NONE', #5819 ) ;
#148 = CARTESIAN_POINT ( 'NONE',  ( -5.580000000000000071, -0.6699999999999979305, 0.3849999999999999534 ) ) ;
#149 = DIRECTION ( 'NONE',  ( 0.000000000000000000, 0.000000000000000000, 1.000000000000000000 ) ) ;
#150 = VECTOR ( 'NONE', #1760, 999.9999999999998863 ) ;
#151 = EDGE_LOOP ( 'NONE', ( #7228, #1567, #7305, #8354 ) ) ;
#152 = CARTESIAN_POINT ( 'NONE',  ( 1.270000000000000018, 2.799999999999999822, 0.9150000000000000355 ) ) ;
#153 = FACE_BOUND ( 'NONE', #1192, .T. ) ;
#154 = CARTESIAN_POINT ( 'NONE',  ( 0.8872023785158931197, -0.6699999999999413092, 0.04826622627197864335 ) ) ;
#155 = EDGE_CURVE ( 'NONE', #6251, #9052, #1361, .T. ) ;
#156 = ORIENTED_EDGE ( 'NONE', *, *, #4814, .T. ) ;
#157 = CARTESIAN_POINT ( 'NONE',  ( -1.270000000000000018, -0.4200000000000000400, -0.6650000000123328370 ) ) ;
#158 = VECTOR ( 'NONE', #60, 1000.000000000000000 ) ;
#159 = ORIENTED_EDGE ( 'NONE', *, *, #1199, .F. ) ;
#160 = CARTESIAN_POINT ( 'NONE',  ( 3.810000000000000053, 3.330000000000000071, 0.000000000000000000 ) ) ;
#161 = CARTESIAN_POINT ( 'NONE',  ( 6.040476620065196478, -0.6699999999999463052, 0.2348443923208400896 ) ) ;
#162 =( BOUNDED_SURFACE ( )  B_SPLINE_SURFACE ( 3, 3, ( 
 ( #1885, #8311, #7505, #1193 ),
 ( #6207, #6168, #8957, #4699 ),
 ( #4742, #6903, #3317, #6941 ),
 ( #7461, #4142, #2615, #9000 ) ),
 .UNSPECIFIED., .F., .F., .F. ) 
 B_SPLINE_SURFACE_WITH_KNOTS ( ( 4, 4 ),
 ( 4, 4 ),
 ( 0.000000000000000000, 1.000000000000000000 ),
 ( 0.000000000000000000, 1.000000000000000000 ),
 .UNSPECIFIED. ) 
 GEOMETRIC_REPRESENTATION_ITEM ( )  RATIONAL_B_SPLINE_SURFACE ( (
 ( 1.000000000000000000, 0.3333333333333334259, 0.3333333333333334259, 1.000000000000000000),
 ( 0.8009815829414672628, 0.2669938609804891616, 0.2669938609804891616, 0.8009815829414672628),
 ( 0.8009815829414672628, 0.2669938609804891616, 0.2669938609804891616, 0.8009815829414672628),
 ( 1.000000000000000000, 0.3333333333333334259, 0.3333333333333334259, 1.000000000000000000) ) ) 
 REPRESENTATION_ITEM ( '' )  SURFACE ( )  );
#163 = FACE_OUTER_BOUND ( 'NONE', #3952, .T. ) ;
#164 = CARTESIAN_POINT ( 'NONE',  ( -6.552853097504894642, 3.330000000000002736, -0.4242837188333029030 ) ) ;
#165 = ORIENTED_EDGE ( 'NONE', *, *, #7924, .T. ) ;
#166 = CARTESIAN_POINT ( 'NONE',  ( 6.775457655251453382, 3.330000000000000515, 0.2025509719038471601 ) ) ;
#167 = CIRCLE ( 'NONE', #2070, 0.3150000000000000022 ) ;
#168 = DIRECTION ( 'NONE',  ( 0.000000000000000000, 0.000000000000000000, 1.000000000000000000 ) ) ;
#169 = CARTESIAN_POINT ( 'NONE',  ( 7.326738468369000223, -7.776250346772098844E-17, 1.070000000000000062 ) ) ;
#170 = ORIENTED_EDGE ( 'NONE', *, *, #2814, .F. ) ;
#171 = CARTESIAN_POINT ( 'NONE',  ( -3.169999999999998153, 7.361853603950959446, 0.3200000000000007838 ) ) ;
#172 = CARTESIAN_POINT ( 'NONE',  ( -1.016051383962951249, -0.6699999999999884936, -0.2906971332467601088 ) ) ;
#173 = LINE ( 'NONE', #5286, #234 ) ;
#174 = EDGE_CURVE ( 'NONE', #3418, #7542, #3888, .T. ) ;
#175 = VECTOR ( 'NONE', #7878, 1000.000000000000000 ) ;
#176 = DIRECTION ( 'NONE',  ( 0.000000000000000000, 1.000000000000000000, 0.000000000000000000 ) ) ;
#177 = EDGE_CURVE ( 'NONE', #106, #3467, #988, .T. ) ;
#178 = PRESENTATION_STYLE_ASSIGNMENT (( #8618 ) ) ;
#179 =( NAMED_UNIT ( * ) SI_UNIT ( $, .STERADIAN. ) SOLID_ANGLE_UNIT ( ) );
#180 = CARTESIAN_POINT ( 'NONE',  ( 1.319553470759549318, -0.6699999999999732836, -0.3850000000000000644 ) ) ;
#181 = EDGE_CURVE ( 'NONE', #4787, #908, #2360, .T. ) ;
#182 = AXIS2_PLACEMENT_3D ( 'NONE', #4446, #7971, #7886 ) ;
#183 = CARTESIAN_POINT ( 'NONE',  ( -1.910000000000001030, 7.361853603950959446, -0.3200000000000011724 ) ) ;
#184 = SURFACE_SIDE_STYLE ('',( #8447 ) ) ;
#185 = CARTESIAN_POINT ( 'NONE',  ( -3.535934793891668981, -4.632925319547867460, 0.1370326030541655082 ) ) ;
#186 = B_SPLINE_CURVE_WITH_KNOTS ( 'NONE', 3,
 ( #3129, #8736, #4656, #3772, #5249, #6296, #6481, #3678, #2922, #172, #2282, #1498, #2188, #5743, #5071, #5022, #7846 ),
 .UNSPECIFIED., .F., .F.,
 ( 4, 2, 2, 2, 2, 1, 2, 2, 4 ),
 ( 0.000000000000000000, 0.1250000000000001943, 0.2500000000000003886, 0.3750000000000005551, 0.5000000000000007772, 0.6250000000000009992, 0.6875000000000009992, 0.7500000000000008882, 1.000000000000000000 ),
 .UNSPECIFIED. ) ;
#187 = CARTESIAN_POINT ( 'NONE',  ( 3.810000000000000053, -0.7321320343559629684, 0.2349999999999980715 ) ) ;
#188 = CIRCLE ( 'NONE', #8696, 0.6650000000000000355 ) ;
#189 = ORIENTED_EDGE ( 'NONE', *, *, #4056, .T. ) ;
#190 = CARTESIAN_POINT ( 'NONE',  ( -1.728932303851930641, 3.330000000000004068, 0.1177832789722134121 ) ) ;
#191 = STYLED_ITEM ( 'NONE', ( #8405 ), #8943 ) ;
#192 = ORIENTED_EDGE ( 'NONE', *, *, #4250, .T. ) ;
#193 = EDGE_CURVE ( 'NONE', #2651, #3220, #8523, .T. ) ;
#194 = EDGE_LOOP ( 'NONE', ( #1603, #5614, #5118 ) ) ;
#195 = VECTOR ( 'NONE', #7048, 1000.000000000000000 ) ;
#196 =( GEOMETRIC_REPRESENTATION_CONTEXT ( 3 ) GLOBAL_UNCERTAINTY_ASSIGNED_CONTEXT ( ( #4512 ) ) GLOBAL_UNIT_ASSIGNED_CONTEXT ( ( #8751, #3144, #4533 ) ) REPRESENTATION_CONTEXT ( 'NONE', 'WORKASPACE' ) );
#197 = UNCERTAINTY_MEASURE_WITH_UNIT (LENGTH_MEASURE( 1.000000000000000082E-05 ), #4985, 'distance_accuracy_value', 'NONE');
#198 = LINE ( 'NONE', #6373, #1324 ) ;
#199 = DIRECTION ( 'NONE',  ( -0.000000000000000000, -1.000000000000000000, -0.000000000000000000 ) ) ;
#200 = ORIENTED_EDGE ( 'NONE', *, *, #7714, .F. ) ;
#201 = DIRECTION ( 'NONE',  ( 0.000000000000000000, 0.000000000000000000, 1.000000000000000000 ) ) ;
#202 = B_SPLINE_CURVE_WITH_KNOTS ( 'NONE', 3,
 ( #1542, #7155, #3759, #3008, #6566, #4346, #8653, #3097, #895, #5821, #3052, #5104, #2362, #3800, #849, #8703, #7199, #1630, #2413, #161, #1679, #5236, #5188, #2960, #7966, #8562, #4490, #990 ),
 .UNSPECIFIED., .F., .F.,
 ( 4, 2, 2, 2, 1, 2, 2, 2, 2, 2, 2, 1, 2, 2, 4 ),
 ( 0.000000000000000000, 0.06249999999999927836, 0.1249999999999985567, 0.2499999999999971689, 0.3124999999999963918, 0.3437499999999965583, 0.3749999999999967804, 0.4999999999999968914, 0.5624999999999968914, 0.6249999999999970024, 0.7499999999999977796, 0.8124999999999982236, 0.8437499999999985567, 0.8749999999999988898, 1.000000000000000000 ),
 .UNSPECIFIED. ) ;
#203 = CARTESIAN_POINT ( 'NONE',  ( 0.8849665021166525092, -0.6699999999999407541, 0.02430434733791234439 ) ) ;
#204 = EDGE_LOOP ( 'NONE', ( #4709, #7416, #1975, #5149 ) ) ;
#205 = LINE ( 'NONE', #6652, #4755 ) ;
#206 = DIRECTION ( 'NONE',  ( 8.659560562354932858E-17, 0.7071067811865474617, -0.7071067811865474617 ) ) ;
#207 =( NAMED_UNIT ( * ) SI_UNIT ( $, .STERADIAN. ) SOLID_ANGLE_UNIT ( ) );
#208 = CARTESIAN_POINT ( 'NONE',  ( 9.300964539265679676, 3.330000000000000515, 0.2306021739140323989 ) ) ;
#209 = CARTESIAN_POINT ( 'NONE',  ( 8.890000000000000568, 3.392132034355963555, 0.3199999999999999512 ) ) ;
#210 = CARTESIAN_POINT ( 'NONE',  ( -6.705185404947038741, 3.330000000000004068, 0.3095472568616521314 ) ) ;
#211 = EDGE_LOOP ( 'NONE', ( #5203, #2852, #3908, #7775 ) ) ;
#212 = AXIS2_PLACEMENT_3D ( 'NONE', #1716, #2258, #1574 ) ;
#213 = CARTESIAN_POINT ( 'NONE',  ( -8.479035460734298368, 3.330000000000000959, 0.2306021739140295956 ) ) ;
#214 = DIRECTION ( 'NONE',  ( 0.000000000000000000, 1.000000000000000000, 4.075948017000379909E-17 ) ) ;
#215 = VERTEX_POINT ( 'NONE', #6653 ) ;
#216 =( BOUNDED_SURFACE ( )  B_SPLINE_SURFACE ( 3, 3, ( 
 ( #4035, #523, #8931, #4815 ),
 ( #111, #2722, #5546, #2900 ),
 ( #8329, #1341, #2039, #7102 ),
 ( #14, #7780, #7612, #5683 ) ),
 .UNSPECIFIED., .F., .F., .F. ) 
 B_SPLINE_SURFACE_WITH_KNOTS ( ( 4, 4 ),
 ( 4, 4 ),
 ( 0.000000000000000000, 1.000000000000000000 ),
 ( 0.000000000000000000, 1.000000000000000000 ),
 .UNSPECIFIED. ) 
 GEOMETRIC_REPRESENTATION_ITEM ( )  RATIONAL_B_SPLINE_SURFACE ( (
 ( 1.000000000000000000, 0.3333333333333334259, 0.3333333333333334259, 1.000000000000000000),
 ( 0.8047378541243649375, 0.2682459513747884050, 0.2682459513747884050, 0.8047378541243649375),
 ( 0.8047378541243649375, 0.2682459513747884050, 0.2682459513747884050, 0.8047378541243649375),
 ( 1.000000000000000000, 0.3333333333333334259, 0.3333333333333334259, 1.000000000000000000) ) ) 
 REPRESENTATION_ITEM ( '' )  SURFACE ( )  );
#217 = DIRECTION ( 'NONE',  ( -1.000000000000000000, 0.000000000000000000, -0.000000000000000000 ) ) ;
#218 = DIRECTION ( 'NONE',  ( 0.000000000000000000, 0.000000000000000000, 1.000000000000000000 ) ) ;
#219 = PRESENTATION_LAYER_ASSIGNMENT (  '', '', ( #6403 ) ) ;
#220 = CARTESIAN_POINT ( 'NONE',  ( -0.8000000000000040412, -0.8199999999999998401, 0.2349999999999980715 ) ) ;
#221 = ORIENTED_EDGE ( 'NONE', *, *, #563, .T. ) ;
#222 = CARTESIAN_POINT ( 'NONE',  ( 6.374174457377952407, -0.6699999999999712852, 0.3850000000000000089 ) ) ;
#223 = DIRECTION ( 'NONE',  ( -0.9063077870366482713, 2.587705042845171132E-17, -0.4226182617407031605 ) ) ;
#224 = CARTESIAN_POINT ( 'NONE',  ( 4.879999999999999893, 5.327037639127342725E-17, -0.8700000000000003286 ) ) ;
#225 = PRESENTATION_LAYER_ASSIGNMENT (  '', '', ( #8146 ) ) ;
#226 = FILL_AREA_STYLE_COLOUR ( '', #2325 ) ;
#227 = ADVANCED_FACE ( 'NONE', ( #339 ), #8887, .T. ) ;
#228 = PRESENTATION_STYLE_ASSIGNMENT (( #8854 ) ) ;
#229 = VECTOR ( 'NONE', #6580, 1000.000000000000000 ) ;
#230 = PRESENTATION_STYLE_ASSIGNMENT (( #5261 ) ) ;
#231 = CARTESIAN_POINT ( 'NONE',  ( -1.329944237399913964, 3.330000000000003180, -0.4699999999999999734 ) ) ;
#232 = DIRECTION ( 'NONE',  ( 1.000000000000000000, 0.000000000000000000, 0.000000000000000000 ) ) ;
#233 = ORIENTED_EDGE ( 'NONE', *, *, #3609, .F. ) ;
#234 = VECTOR ( 'NONE', #3769, 1000.000000000000000 ) ;
#235 = ORIENTED_EDGE ( 'NONE', *, *, #4228, .T. ) ;
#236 = PLANE ( 'NONE',  #8126 ) ;
#237 = DIRECTION ( 'NONE',  ( 0.000000000000000000, 1.000000000000000000, 0.000000000000000000 ) ) ;
#238 = DIRECTION ( 'NONE',  ( 0.000000000000000000, 1.000000000000000000, 6.123031769111889989E-17 ) ) ;
#239 = VERTEX_POINT ( 'NONE', #3422 ) ;
#240 = CARTESIAN_POINT ( 'NONE',  ( 9.582499999999999574, 3.330000000000000071, 0.000000000000000000 ) ) ;
#241 = AXIS2_PLACEMENT_3D ( 'NONE', #9029, #7113, #6341 ) ;
#242 = DIRECTION ( 'NONE',  ( 0.000000000000000000, 1.000000000000000000, 6.123031769111889989E-17 ) ) ;
#243 = CARTESIAN_POINT ( 'NONE',  ( 1.270000000000000018, -4.400000000000000355, 0.2349999999999975719 ) ) ;
#244 = VERTEX_POINT ( 'NONE', #1949 ) ;
#245 = CARTESIAN_POINT ( 'NONE',  ( -8.890000000000000568, 3.330000000000000071, -0.9150000000000000355 ) ) ;
#246 = CARTESIAN_POINT ( 'NONE',  ( -9.973476936738002507, 7.776250346772097611E-17, -1.270000000000000240 ) ) ;
#247 = CARTESIAN_POINT ( 'NONE',  ( -10.16000000000000014, 6.797930850579320182E-33, 0.8699999999999999956 ) ) ;
#248 = CARTESIAN_POINT ( 'NONE',  ( 9.008162018585416320, 3.330000000000001847, 0.4590001671664473148 ) ) ;
#249 = CARTESIAN_POINT ( 'NONE',  ( 8.890000000000000568, 3.330000000000000071, -0.3821320343559643784 ) ) ;
#250 = CARTESIAN_POINT ( 'NONE',  ( -1.270000000000000018, 3.479999999999999982, -0.3199999999999999512 ) ) ;
#251 = CARTESIAN_POINT ( 'NONE',  ( 7.574202835634090469, 5.327037639127340260E-17, -0.8699999999999999956 ) ) ;
#252 = VERTEX_POINT ( 'NONE', #1294 ) ;
#253 = EDGE_CURVE ( 'NONE', #8737, #1242, #2587, .T. ) ;
#254 = PLANE ( 'NONE',  #182 ) ;
#255 = ORIENTED_EDGE ( 'NONE', *, *, #4977, .F. ) ;
#256 = DIRECTION ( 'NONE',  ( -0.000000000000000000, -1.000000000000000000, -0.000000000000000000 ) ) ;
#257 = FACE_OUTER_BOUND ( 'NONE', #3861, .T. ) ;
#258 = AXIS2_PLACEMENT_3D ( 'NONE', #2839, #6996, #8487 ) ;
#259 = LINE ( 'NONE', #7353, #229 ) ;
#260 = VERTEX_POINT ( 'NONE', #4031 ) ;
#261 = CARTESIAN_POINT ( 'NONE',  ( 6.735000000000001208, -0.6699999999999980416, 0.04955347075953794173 ) ) ;
#262 = ORIENTED_EDGE ( 'NONE', *, *, #7888, .F. ) ;
#263 = CARTESIAN_POINT ( 'NONE',  ( 1.270000000000000018, -0.6699999999999866063, -0.3850000000000000089 ) ) ;
#264 =( BOUNDED_SURFACE ( )  B_SPLINE_SURFACE ( 3, 3, ( 
 ( #951, #1132, #5967, #994 ),
 ( #6615, #3899, #300, #5379 ),
 ( #351, #3156, #7304, #8797 ),
 ( #7347, #5872, #1775, #6664 ) ),
 .UNSPECIFIED., .F., .F., .F. ) 
 B_SPLINE_SURFACE_WITH_KNOTS ( ( 4, 4 ),
 ( 4, 4 ),
 ( 0.000000000000000000, 1.000000000000000000 ),
 ( 0.000000000000000000, 1.000000000000000000 ),
 .UNSPECIFIED. ) 
 GEOMETRIC_REPRESENTATION_ITEM ( )  RATIONAL_B_SPLINE_SURFACE ( (
 ( 1.000000000000000000, 0.3333333333333334259, 0.3333333333333334259, 1.000000000000000000),
 ( 0.8009815829414672628, 0.2669938609804891616, 0.2669938609804891616, 0.8009815829414672628),
 ( 0.8009815829414672628, 0.2669938609804891616, 0.2669938609804891616, 0.8009815829414672628),
 ( 1.000000000000000000, 0.3333333333333334259, 0.3333333333333334259, 1.000000000000000000) ) ) 
 REPRESENTATION_ITEM ( '' )  SURFACE ( )  );
#265 = EDGE_CURVE ( 'NONE', #2772, #9081, #5742, .T. ) ;
#266 = LINE ( 'NONE', #5841, #5776 ) ;
#267 = VECTOR ( 'NONE', #2743, 1000.000000000000000 ) ;
#268 = DIRECTION ( 'NONE',  ( 2.345257230884581992E-17, -1.000000000000000000, -1.093611407104877670E-17 ) ) ;
#269 = UNCERTAINTY_MEASURE_WITH_UNIT (LENGTH_MEASURE( 1.000000000000000082E-05 ), #7765, 'distance_accuracy_value', 'NONE');
#270 = SURFACE_STYLE_FILL_AREA ( #4556 ) ;
#271 = DIRECTION ( 'NONE',  ( -0.9063077870366482713, -2.587705042845171132E-17, 0.4226182617407031605 ) ) ;
#272 = CARTESIAN_POINT ( 'NONE',  ( -1.294389293864810497, -0.6699999999999678435, -0.3849999999999999534 ) ) ;
#273 = ORIENTED_EDGE ( 'NONE', *, *, #5248, .T. ) ;
#274 = LINE ( 'NONE', #5263, #8499 ) ;
#275 = VECTOR ( 'NONE', #353, 1000.000000000000000 ) ;
#276 = EDGE_CURVE ( 'NONE', #6739, #7493, #8533, .T. ) ;
#277 = EDGE_LOOP ( 'NONE', ( #1468, #1311, #5289, #3792, #579 ) ) ;
#278 = CARTESIAN_POINT ( 'NONE',  ( -0.8590354607342833848, 3.330000000000001847, 0.2306021739140018678 ) ) ;
#279 = CARTESIAN_POINT ( 'NONE',  ( -8.599476394523415834, -0.6699999999999909361, -0.2537750882668858843 ) ) ;
#280 = CARTESIAN_POINT ( 'NONE',  ( 3.169999999999998153, 7.361853603950959446, 0.3200000000000007838 ) ) ;
#281 = CARTESIAN_POINT ( 'NONE',  ( -4.157536002364707883, -0.6699999999999440847, -0.1661906727833102337 ) ) ;
#282 = ORIENTED_EDGE ( 'NONE', *, *, #2492, .F. ) ;
#283 = CARTESIAN_POINT ( 'NONE',  ( 5.891067696148071242, 3.330000000000004956, 0.1177832789719608225 ) ) ;
#284 = ADVANCED_FACE ( 'NONE', ( #6232 ), #1256, .T. ) ;
#285 = CARTESIAN_POINT ( 'NONE',  ( 1.328684555652089427, 3.330000000000002292, -0.4672500417916118365 ) ) ;
#286 = CYLINDRICAL_SURFACE ( 'NONE', #1066, 0.3200000000000000067 ) ;
#287 = CARTESIAN_POINT ( 'NONE',  ( 1.270000000000000018, -0.6699999999999866063, 0.3850000000000000089 ) ) ;
#288 = ADVANCED_FACE ( 'NONE', ( #1123 ), #8240, .T. ) ;
#289 = ORIENTED_EDGE ( 'NONE', *, *, #4166, .F. ) ;
#290 = DIRECTION ( 'NONE',  ( -0.9063077870366482713, -2.587705042845171132E-17, 0.4226182617407031605 ) ) ;
#291 = CARTESIAN_POINT ( 'NONE',  ( 6.349999999999999645, 7.174999999999999822, 0.3200000000000000067 ) ) ;
#292 = AXIS2_PLACEMENT_3D ( 'NONE', #7882, #7249, #3010 ) ;
#293 = DIRECTION ( 'NONE',  ( 0.000000000000000000, 0.000000000000000000, 1.000000000000000000 ) ) ;
#294 = VECTOR ( 'NONE', #4717, 1000.000000000000114 ) ;
#295 = CARTESIAN_POINT ( 'NONE',  ( -3.810000000000000053, 7.776250346772100076E-17, -1.270000000000000018 ) ) ;
#296 = PLANE ( 'NONE',  #1099 ) ;
#297 = DIRECTION ( 'NONE',  ( 3.492836481966780137E-15, 1.000000000000000000, 0.000000000000000000 ) ) ;
#298 = CARTESIAN_POINT ( 'NONE',  ( -6.379793745454884757, 3.330000000000002292, 0.4699999999999999734 ) ) ;
#299 = DIRECTION ( 'NONE',  ( -0.000000000000000000, -1.000000000000000000, -0.000000000000000000 ) ) ;
#300 = CARTESIAN_POINT ( 'NONE',  ( -5.976339873321310669, 7.492926245181915412, -0.1868300633393451260 ) ) ;
#301 = CIRCLE ( 'NONE', #7208, 0.9150000000000000355 ) ;
#302 = EDGE_CURVE ( 'NONE', #1139, #4595, #4078, .T. ) ;
#303 = EDGE_LOOP ( 'NONE', ( #1605, #464, #7523, #5336, #1458 ) ) ;
#304 = CARTESIAN_POINT ( 'NONE',  ( -3.169999999999998597, 7.175000000000000711, -0.3200000000000007838 ) ) ;
#305 = PLANE ( 'NONE',  #9043 ) ;
#306 = CARTESIAN_POINT ( 'NONE',  ( 3.810000000000000053, 7.174999999999999822, -0.3200000000000007838 ) ) ;
#307 = MECHANICAL_DESIGN_GEOMETRIC_PRESENTATION_REPRESENTATION (  '', ( #12 ), #2359 ) ;
#308 =( LENGTH_UNIT ( ) NAMED_UNIT ( * ) SI_UNIT ( .MILLI., .METRE. ) );
#309 = ORIENTED_EDGE ( 'NONE', *, *, #3050, .F. ) ;
#310 = CARTESIAN_POINT ( 'NONE',  ( 6.685127935184585368, -0.6699999999999941558, 0.1899884597028470290 ) ) ;
#311 = EDGE_LOOP ( 'NONE', ( #6576, #7465, #1493, #867 ) ) ;
#312 = DIRECTION ( 'NONE',  ( 0.000000000000000000, 6.123031769111889989E-17, -1.000000000000000000 ) ) ;
#313 = CIRCLE ( 'NONE', #1460, 0.2300000000000030076 ) ;
#314 = FILL_AREA_STYLE_COLOUR ( '', #3722 ) ;
#315 = FACE_OUTER_BOUND ( 'NONE', #1238, .T. ) ;
#316 =( NAMED_UNIT ( * ) SI_UNIT ( $, .STERADIAN. ) SOLID_ANGLE_UNIT ( ) );
#317 = CYLINDRICAL_SURFACE ( 'NONE', #8667, 0.9150000000000000355 ) ;
#318 = CARTESIAN_POINT ( 'NONE',  ( -1.504844392320823232, -0.6699999999999520783, -0.3095233799347589798 ) ) ;
#319 = ORIENTED_EDGE ( 'NONE', *, *, #2376, .T. ) ;
#320 = CARTESIAN_POINT ( 'NONE',  ( 9.042947506021654647, -0.6699999999999808331, -0.3534632452272084002 ) ) ;
#321 = ORIENTED_EDGE ( 'NONE', *, *, #3116, .F. ) ;
#322 = VERTEX_POINT ( 'NONE', #1165 ) ;
#323 = CARTESIAN_POINT ( 'NONE',  ( -8.890000000000000568, -0.6700000000137151801, -1.018987004250693248E-17 ) ) ;
#324 = CARTESIAN_POINT ( 'NONE',  ( 7.120000000000000995, -0.6699999999999979305, 0.3850000000000007860 ) ) ;
#325 = CARTESIAN_POINT ( 'NONE',  ( -8.636051383962945138, -0.6699999999999882716, -0.2906971332467558344 ) ) ;
#326 = PRESENTATION_LAYER_ASSIGNMENT (  '', '', ( #4296 ) ) ;
#327 = CARTESIAN_POINT ( 'NONE',  ( 3.810000000000000053, 3.479999999999999982, 0.3199999999999999512 ) ) ;
#328 = CARTESIAN_POINT ( 'NONE',  ( 0.7999664620949999971, 3.330000000000004068, -0.02970875781409286487 ) ) ;
#329 = CIRCLE ( 'NONE', #6056, 0.6650000000000000355 ) ;
#330 = MECHANICAL_DESIGN_GEOMETRIC_PRESENTATION_REPRESENTATION (  '', ( #8257 ), #2385 ) ;
#331 = CARTESIAN_POINT ( 'NONE',  ( -8.890000000000000568, 3.330000000000000071, 0.000000000000000000 ) ) ;
#332 = CARTESIAN_POINT ( 'NONE',  ( 9.973476936738002507, -7.776250346772101309E-17, 1.270000000000000240 ) ) ;
#333 = CARTESIAN_POINT ( 'NONE',  ( -3.425000000000001155, -0.6699999999999980416, 0.04955347075957014513 ) ) ;
#334 = AXIS2_PLACEMENT_3D ( 'NONE', #8824, #1711, #4474 ) ;
#335 = CIRCLE ( 'NONE', #5053, 0.2349999999999980160 ) ;
#336 = ADVANCED_FACE ( 'NONE', ( #1991 ), #379, .F. ) ;
#337 = ORIENTED_EDGE ( 'NONE', *, *, #1209, .T. ) ;
#338 = CARTESIAN_POINT ( 'NONE',  ( 7.574202835634090469, 5.327037639127340876E-17, -0.8699999999999999956 ) ) ;
#339 = FACE_OUTER_BOUND ( 'NONE', #2027, .T. ) ;
#340 = EDGE_CURVE ( 'NONE', #3925, #1356, #188, .T. ) ;
#341 = FILL_AREA_STYLE ('',( #4579 ) ) ;
#342 = LINE ( 'NONE', #8101, #1243 ) ;
#343 = CIRCLE ( 'NONE', #789, 0.6650000000000000355 ) ;
#344 = CARTESIAN_POINT ( 'NONE',  ( -3.809999999999999609, 7.489960314960472765, 2.117582368135750848E-17 ) ) ;
#345 = DIRECTION ( 'NONE',  ( 0.000000000000000000, 0.000000000000000000, 1.000000000000000000 ) ) ;
#346 = ADVANCED_FACE ( 'NONE', ( #7455 ), #3956, .T. ) ;
#347 = CARTESIAN_POINT ( 'NONE',  ( 7.290000000000000924, 3.329999999999999183, 0.4700000000000008060 ) ) ;
#348 = CARTESIAN_POINT ( 'NONE',  ( 7.574202835634090469, 2.799999999999999822, 0.8700000000000002176 ) ) ;
#349 = CARTESIAN_POINT ( 'NONE',  ( -6.349999999999999645, 3.479999999999999982, 0.3199999999999999512 ) ) ;
#350 = FACE_BOUND ( 'NONE', #5639, .T. ) ;
#351 = CARTESIAN_POINT ( 'NONE',  ( -6.350000000000000533, 7.361853603950962111, 0.3200000000000008948 ) ) ;
#352 = STYLED_ITEM ( 'NONE', ( #228 ), #1705 ) ;
#353 = DIRECTION ( 'NONE',  ( 1.000000000000000000, 0.000000000000000000, 0.000000000000000000 ) ) ;
#354 = CARTESIAN_POINT ( 'NONE',  ( -9.530000000000002913, 7.175000000000000711, -0.3200000000000007838 ) ) ;
#355 = CARTESIAN_POINT ( 'NONE',  ( 1.270000000000000240, -4.632925319547866572, -0.1370326030541654527 ) ) ;
#356 = AXIS2_PLACEMENT_3D ( 'NONE', #1802, #6734, #8140 ) ;
#357 = EDGE_CURVE ( 'NONE', #5562, #3619, #266, .T. ) ;
#358 = COLOUR_RGB ( '',0.000000000000000000, 0.000000000000000000, 0.000000000000000000 ) ;
#359 = CARTESIAN_POINT ( 'NONE',  ( 3.858071391332019484, -0.6699999999999729505, 0.3827473746590863701 ) ) ;
#360 = ORIENTED_EDGE ( 'NONE', *, *, #739, .F. ) ;
#361 = CARTESIAN_POINT ( 'NONE',  ( 6.515919413155272011, -0.6699999999999820544, 0.3485131856847022425 ) ) ;
#362 = VERTEX_POINT ( 'NONE', #8624 ) ;
#363 = DIRECTION ( 'NONE',  ( 0.000000000000000000, 0.000000000000000000, 1.000000000000000000 ) ) ;
#364 = CARTESIAN_POINT ( 'NONE',  ( 6.466352726816785079, 3.330000000000002292, -0.4562502089580591225 ) ) ;
#365 = CARTESIAN_POINT ( 'NONE',  ( -1.270000000000000018, 7.174999999999999822, 0.3200000000000007838 ) ) ;
#366 = SURFACE_STYLE_USAGE ( .BOTH. , #1702 ) ;
#367 = LINE ( 'NONE', #7275, #3241 ) ;
#368 = CARTESIAN_POINT ( 'NONE',  ( 6.349999999999999645, -0.6699999999999979305, -0.3850000000000007860 ) ) ;
#369 = ORIENTED_EDGE ( 'NONE', *, *, #7700, .F. ) ;
#370 = CARTESIAN_POINT ( 'NONE',  ( -1.270000000000000018, 3.329999999999999183, 0.4700000000000004730 ) ) ;
#371 = COLOUR_RGB ( '',0.000000000000000000, 0.000000000000000000, 0.000000000000000000 ) ;
#372 = ORIENTED_EDGE ( 'NONE', *, *, #6189, .T. ) ;
#373 = SURFACE_STYLE_FILL_AREA ( #6686 ) ;
#374 = UNCERTAINTY_MEASURE_WITH_UNIT (LENGTH_MEASURE( 1.000000000000000082E-05 ), #3357, 'distance_accuracy_value', 'NONE');
#375 = CARTESIAN_POINT ( 'NONE',  ( 3.810000000000000053, 5.327499999999999680, 0.000000000000000000 ) ) ;
#376 = DIRECTION ( 'NONE',  ( 0.000000000000000000, -6.123031769111889989E-17, 1.000000000000000000 ) ) ;
#377 = PRESENTATION_STYLE_ASSIGNMENT (( #6689 ) ) ;
#378 = CARTESIAN_POINT ( 'NONE',  ( 0.8920739522501068830, 3.330000000000003624, -0.2866497515787922445 ) ) ;
#379 =( BOUNDED_SURFACE ( )  B_SPLINE_SURFACE ( 3, 3, ( 
 ( #1098, #5295, #6721, #3210 ),
 ( #5209, #7938, #5258, #6020 ),
 ( #1649, #3168, #8078, #1146 ),
 ( #8813, #411, #4463, #7315 ) ),
 .UNSPECIFIED., .F., .F., .T. ) 
 B_SPLINE_SURFACE_WITH_KNOTS ( ( 4, 4 ),
 ( 4, 4 ),
 ( 0.000000000000000000, 1.000000000000000000 ),
 ( 0.000000000000000000, 1.000000000000000000 ),
 .UNSPECIFIED. ) 
 GEOMETRIC_REPRESENTATION_ITEM ( )  RATIONAL_B_SPLINE_SURFACE ( (
 ( 1.000000000000000000, 0.3333333333333334259, 0.3333333333333334259, 1.000000000000000000),
 ( 0.8047378541243658256, 0.2682459513747886826, 0.2682459513747886826, 0.8047378541243658256),
 ( 0.8047378541243658256, 0.2682459513747886826, 0.2682459513747886826, 0.8047378541243658256),
 ( 1.000000000000000000, 0.3333333333333334259, 0.3333333333333334259, 1.000000000000000000) ) ) 
 REPRESENTATION_ITEM ( '' )  SURFACE ( )  );
#380 = CARTESIAN_POINT ( 'NONE',  ( 8.890000000000000568, -0.8199999999999999512, 0.3850000000000000089 ) ) ;
#381 = FACE_OUTER_BOUND ( 'NONE', #4376, .T. ) ;
#382 = PRESENTATION_LAYER_ASSIGNMENT (  '', '', ( #5244 ) ) ;
#383 = CARTESIAN_POINT ( 'NONE',  ( 5.280000000000000249, -5.327037639127341492E-17, 0.8700000000000001066 ) ) ;
#384 = ORIENTED_EDGE ( 'NONE', *, *, #3277, .F. ) ;
#385 = EDGE_CURVE ( 'NONE', #6167, #1028, #8726, .T. ) ;
#386 = CARTESIAN_POINT ( 'NONE',  ( 1.270000000000000018, -2.609999999999999876, 0.2349999999999989875 ) ) ;
#387 = EDGE_CURVE ( 'NONE', #112, #8605, #1566, .T. ) ;
#388 = PRESENTATION_STYLE_ASSIGNMENT (( #3189 ) ) ;
#389 = CARTESIAN_POINT ( 'NONE',  ( 9.055919413155251618, -0.6699999999999820544, 0.3485131856847102916 ) ) ;
#390 = AXIS2_PLACEMENT_3D ( 'NONE', #2334, #5199, #6482 ) ;
#391 = DIRECTION ( 'NONE',  ( 0.000000000000000000, 0.000000000000000000, 1.000000000000000000 ) ) ;
#392 = LINE ( 'NONE', #5375, #463 ) ;
#393 = AXIS2_PLACEMENT_3D ( 'NONE', #2183, #720, #4868 ) ;
#394 = CARTESIAN_POINT ( 'NONE',  ( 6.349999999999999645, 3.329999999999999627, 0.3821320343559646004 ) ) ;
#395 = CARTESIAN_POINT ( 'NONE',  ( -8.249999999999998224, 7.361853603950959446, -0.3200000000000007838 ) ) ;
#396 = CARTESIAN_POINT ( 'NONE',  ( -3.810000000000000053, -0.4200000001333137334, 0.000000000000000000 ) ) ;
#397 = CARTESIAN_POINT ( 'NONE',  ( 5.409999999999998366, 3.329999999999999183, -0.4700000000000008060 ) ) ;
#398 = ADVANCED_FACE ( 'NONE', ( #8174 ), #6856, .T. ) ;
#399 = ORIENTED_EDGE ( 'NONE', *, *, #8133, .T. ) ;
#400 = CARTESIAN_POINT ( 'NONE',  ( -6.349999999999999645, -4.629945645751342376, -1.355252715606880543E-17 ) ) ;
#401 = CARTESIAN_POINT ( 'NONE',  ( 3.474549164314304939, -0.6699999999999446398, -0.1894987673826460939 ) ) ;
#402 = CARTESIAN_POINT ( 'NONE',  ( -9.484264068711922846, -0.6699999999999978195, 0.2971320343559630262 ) ) ;
#403 = CARTESIAN_POINT ( 'NONE',  ( 4.450000000000001954, 7.361853603950959446, -0.3200000000000007838 ) ) ;
#404 = CARTESIAN_POINT ( 'NONE',  ( -3.810000000000000053, 7.174999999999999822, 0.005000000000000779862 ) ) ;
#405 = ORIENTED_EDGE ( 'NONE', *, *, #2022, .T. ) ;
#406 = CARTESIAN_POINT ( 'NONE',  ( 6.603775088266878868, -0.6699999999999883826, 0.2905236054765975018 ) ) ;
#407 = CIRCLE ( 'NONE', #544, 0.9150000000000000355 ) ;
#408 = VERTEX_POINT ( 'NONE', #5433 ) ;
#409 = FACE_OUTER_BOUND ( 'NONE', #736, .T. ) ;
#410 = PLANE ( 'NONE',  #2833 ) ;
#411 = CARTESIAN_POINT ( 'NONE',  ( -4.449999999999999289, 3.479999999999999538, -0.3199999999999999512 ) ) ;
#412 = EDGE_CURVE ( 'NONE', #2964, #7352, #6065, .T. ) ;
#413 = CARTESIAN_POINT ( 'NONE',  ( -9.359999999999995879, -4.399999999999999467, -0.2349999999999975719 ) ) ;
#414 = CARTESIAN_POINT ( 'NONE',  ( 8.890000000000000568, -0.8199999999999999512, -0.2349999999999980438 ) ) ;
#415 = FACE_OUTER_BOUND ( 'NONE', #5455, .T. ) ;
#416 = EDGE_LOOP ( 'NONE', ( #8029, #7849, #887, #5528 ) ) ;
#417 = CARTESIAN_POINT ( 'NONE',  ( -1.270000000000000018, 3.330000000000000515, -0.4700000000000001954 ) ) ;
#418 = CIRCLE ( 'NONE', #8625, 0.1500000000000009936 ) ;
#419 = EDGE_LOOP ( 'NONE', ( #8557, #6417, #3478, #4473 ) ) ;
#420 = ADVANCED_FACE ( 'NONE', ( #1314 ), #8866, .T. ) ;
#421 = CARTESIAN_POINT ( 'NONE',  ( 6.349999999999999645, -0.6699999999999979305, -0.3850000000000007860 ) ) ;
#422 = CARTESIAN_POINT ( 'NONE',  ( -8.541486814315335963, -0.6699999999999952660, -0.1659194131553082818 ) ) ;
#423 = EDGE_CURVE ( 'NONE', #6713, #3614, #3757, .T. ) ;
#424 = DIRECTION ( 'NONE',  ( -1.000000000000000000, -0.000000000000000000, -0.000000000000000000 ) ) ;
#425 = DIRECTION ( 'NONE',  ( 0.000000000000000000, 0.000000000000000000, 1.000000000000000000 ) ) ;
#426 = CARTESIAN_POINT ( 'NONE',  ( 4.693476936737998706, 2.799999999999999822, 1.270000000000000240 ) ) ;
#427 = CARTESIAN_POINT ( 'NONE',  ( -8.990000000000000213, 7.776250346772101309E-17, -1.270000000000000018 ) ) ;
#428 =( GEOMETRIC_REPRESENTATION_CONTEXT ( 3 ) GLOBAL_UNCERTAINTY_ASSIGNED_CONTEXT ( ( #8088 ) ) GLOBAL_UNIT_ASSIGNED_CONTEXT ( ( #4989, #4882, #6675 ) ) REPRESENTATION_CONTEXT ( 'NONE', 'WORKASPACE' ) );
#429 = ORIENTED_EDGE ( 'NONE', *, *, #2694, .F. ) ;
#430 = DIRECTION ( 'NONE',  ( -1.000000000000000000, 0.000000000000000000, 4.516826007693179614E-16 ) ) ;
#431 = DIRECTION ( 'NONE',  ( 0.000000000000000000, 1.000000000000000000, 0.000000000000000000 ) ) ;
#432 = FACE_OUTER_BOUND ( 'NONE', #8310, .T. ) ;
#433 = CARTESIAN_POINT ( 'NONE',  ( 3.809999999999999609, -4.629945645751342376, 1.355252715606880543E-17 ) ) ;
#434 = LINE ( 'NONE', #6185, #2275 ) ;
#435 = DIRECTION ( 'NONE',  ( 0.000000000000000000, 0.000000000000000000, -1.000000000000000000 ) ) ;
#436 = CARTESIAN_POINT ( 'NONE',  ( 6.989999999999999325, 3.392132034355963999, 0.3199999999999999512 ) ) ;
#437 = CYLINDRICAL_SURFACE ( 'NONE', #3567, 0.2349999999999989875 ) ;
#438 = CARTESIAN_POINT ( 'NONE',  ( 8.890000000000000568, -4.537064994640259918, -0.2349999999999975719 ) ) ;
#439 = VERTEX_POINT ( 'NONE', #245 ) ;
#440 = DIRECTION ( 'NONE',  ( 0.000000000000000000, 1.000000000000000000, 0.000000000000000000 ) ) ;
#441 = CARTESIAN_POINT ( 'NONE',  ( 3.810000000000000053, -0.6699999999999866063, 0.3850000000000000089 ) ) ;
#442 = CARTESIAN_POINT ( 'NONE',  ( 3.810000000000000497, 3.392132034355963555, 0.3199999999999999512 ) ) ;
#443 = CARTESIAN_POINT ( 'NONE',  ( -3.473358834856825617, -0.6699999999999942668, -0.1888975254402187054 ) ) ;
#444 = VERTEX_POINT ( 'NONE', #157 ) ;
#445 = CARTESIAN_POINT ( 'NONE',  ( 4.177423806133344186, -0.6699999999999963762, -0.1175135132073994865 ) ) ;
#446 = CIRCLE ( 'NONE', #8660, 0.9150000000000000355 ) ;
#447 = VERTEX_POINT ( 'NONE', #7295 ) ;
#448 = CARTESIAN_POINT ( 'NONE',  ( -4.241517550911196643, 3.330000000000003624, 0.1868098221244833546 ) ) ;
#449 = ORIENTED_EDGE ( 'NONE', *, *, #7917, .F. ) ;
#450 =( NAMED_UNIT ( * ) PLANE_ANGLE_UNIT ( ) SI_UNIT ( $, .RADIAN. ) );
#451 = SURFACE_STYLE_USAGE ( .BOTH. , #3209 ) ;
#452 = CARTESIAN_POINT ( 'NONE',  ( -9.314283718833248571, 3.330000000000004068, 0.2028530975049335494 ) ) ;
#453 = ADVANCED_FACE ( 'NONE', ( #3047 ), #4342, .T. ) ;
#454 = STYLED_ITEM ( 'NONE', ( #4604 ), #2491 ) ;
#455 = CARTESIAN_POINT ( 'NONE',  ( 8.420000000000003482, -0.8199999999999998401, -0.2349999999999980715 ) ) ;
#456 = ADVANCED_FACE ( 'NONE', ( #4389 ), #2317, .T. ) ;
#457 = FACE_OUTER_BOUND ( 'NONE', #2092, .T. ) ;
#458 = CARTESIAN_POINT ( 'NONE',  ( -3.040000000000000036, -0.6699999999999979305, -0.3849999999999999534 ) ) ;
#459 = CARTESIAN_POINT ( 'NONE',  ( -1.423052039872812813, -0.6699999999999582956, 0.3534632452272082892 ) ) ;
#460 = ORIENTED_EDGE ( 'NONE', *, *, #6327, .T. ) ;
#461 = DIRECTION ( 'NONE',  ( -1.000000000000000000, 0.000000000000000000, -1.224646799147353207E-16 ) ) ;
#462 = EDGE_CURVE ( 'NONE', #2755, #5740, #1216, .T. ) ;
#463 = VECTOR ( 'NONE', #8198, 1000.000000000000000 ) ;
#464 = ORIENTED_EDGE ( 'NONE', *, *, #5494, .T. ) ;
#465 =( LENGTH_UNIT ( ) NAMED_UNIT ( * ) SI_UNIT ( .MILLI., .METRE. ) );
#466 = EDGE_CURVE ( 'NONE', #6959, #6845, #205, .T. ) ;
#467 = CARTESIAN_POINT ( 'NONE',  ( 3.170000000000000373, 3.392132034355963555, -0.3199999999999998956 ) ) ;
#468 = SURFACE_SIDE_STYLE ('',( #3928 ) ) ;
#469 = CIRCLE ( 'NONE', #7947, 0.4149999999881947566 ) ;
#470 = CARTESIAN_POINT ( 'NONE',  ( 6.118709449227394792, 3.330000000000002736, -0.4095412491427126711 ) ) ;
#471 = CARTESIAN_POINT ( 'NONE',  ( 3.810000000000000053, -0.4200000000000000400, 0.000000000000000000 ) ) ;
#472 = EDGE_LOOP ( 'NONE', ( #4506, #7948 ) ) ;
#473 = DIRECTION ( 'NONE',  ( 1.000000000000000000, -0.000000000000000000, 0.000000000000000000 ) ) ;
#474 = AXIS2_PLACEMENT_3D ( 'NONE', #1821, #1774, #3898 ) ;
#475 = FILL_AREA_STYLE_COLOUR ( '', #915 ) ;
#476 =( GEOMETRIC_REPRESENTATION_CONTEXT ( 3 ) GLOBAL_UNCERTAINTY_ASSIGNED_CONTEXT ( ( #6730 ) ) GLOBAL_UNIT_ASSIGNED_CONTEXT ( ( #6229, #9015, #7607 ) ) REPRESENTATION_CONTEXT ( 'NONE', 'WORKASPACE' ) );
#477 = DIRECTION ( 'NONE',  ( 1.000000000000000000, 0.000000000000000000, 0.000000000000000000 ) ) ;
#478 = CARTESIAN_POINT ( 'NONE',  ( 9.122404074632012083, -0.6699999999999866063, 0.3080637034257913132 ) ) ;
#479 = CARTESIAN_POINT ( 'NONE',  ( -6.349999999999999645, -4.629945645751342376, 1.355252715606880543E-17 ) ) ;
#480 = CARTESIAN_POINT ( 'NONE',  ( -8.465986118163627339, 3.330000000000001403, -0.2032625421541936206 ) ) ;
#481 = DIRECTION ( 'NONE',  ( -0.000000000000000000, -1.000000000000000000, -0.000000000000000000 ) ) ;
#482 = CARTESIAN_POINT ( 'NONE',  ( -6.349999999999999645, -0.4200000000196268957, 0.000000000000000000 ) ) ;
#483 = B_SPLINE_CURVE_WITH_KNOTS ( 'NONE', 3,
 ( #6589, #272, #1009, #3074, #3824, #6632, #318, #4743, #9002, #4606, #8871, #2616, #8958, #8819, #4101, #2571, #1151, #5401, #3318, #2707, #3406, #4652, #8180, #4797, #459, #3917, #7554, #548 ),
 .UNSPECIFIED., .F., .F.,
 ( 4, 2, 2, 2, 1, 2, 2, 2, 2, 2, 2, 1, 2, 2, 4 ),
 ( 0.000000000000000000, 0.06250000000000022204, 0.1250000000000004441, 0.2500000000000009437, 0.3125000000000011657, 0.3437500000000012768, 0.3750000000000013878, 0.5000000000000013323, 0.5625000000000013323, 0.6250000000000013323, 0.7500000000000011102, 0.8125000000000007772, 0.8437500000000003331, 0.8749999999999998890, 1.000000000000000000 ),
 .UNSPECIFIED. ) ;
#484 = CARTESIAN_POINT ( 'NONE',  ( -0.8109998328335544793, 3.330000000000001403, -0.1181620185854389410 ) ) ;
#485 = ORIENTED_EDGE ( 'NONE', *, *, #1607, .T. ) ;
#486 = CARTESIAN_POINT ( 'NONE',  ( -9.199523379934570144, -0.6699999999999463052, 0.2348443923208639039 ) ) ;
#487 = CARTESIAN_POINT ( 'NONE',  ( 3.643809327216728455, -0.6699999999999574074, 0.3475360023647356966 ) ) ;
#488 = CARTESIAN_POINT ( 'NONE',  ( 3.810000000000000053, 3.329999999999999183, -0.4700000000000004730 ) ) ;
#489 = ORIENTED_EDGE ( 'NONE', *, *, #5754, .T. ) ;
#490 = ORIENTED_EDGE ( 'NONE', *, *, #5943, .T. ) ;
#491 = CARTESIAN_POINT ( 'NONE',  ( -3.883764618732674201, 3.330000000000003180, 0.4658750626874176848 ) ) ;
#492 = ORIENTED_EDGE ( 'NONE', *, *, #8316, .T. ) ;
#493 = DIRECTION ( 'NONE',  ( 0.000000000000000000, 0.000000000000000000, 1.000000000000000000 ) ) ;
#494 = STYLED_ITEM ( 'NONE', ( #3804 ), #1329 ) ;
#495 = CARTESIAN_POINT ( 'NONE',  ( -9.321517550911201155, 3.330000000000004512, 0.1868098221244833546 ) ) ;
#496 = SURFACE_STYLE_FILL_AREA ( #8124 ) ;
#497 = CARTESIAN_POINT ( 'NONE',  ( -1.270000000000000240, -4.629945645751342376, 1.355252715606880543E-17 ) ) ;
#498 = EDGE_CURVE ( 'NONE', #821, #7096, #4030, .T. ) ;
#499 = LINE ( 'NONE', #5484, #7931 ) ;
#500 = ORIENTED_EDGE ( 'NONE', *, *, #4562, .T. ) ;
#501 = CARTESIAN_POINT ( 'NONE',  ( -3.215735931288073779, -0.6699999999999978195, 0.2971320343559630262 ) ) ;
#502 = DIRECTION ( 'NONE',  ( 0.000000000000000000, 0.000000000000000000, 1.000000000000000000 ) ) ;
#503 = ORIENTED_EDGE ( 'NONE', *, *, #681, .T. ) ;
#504 = CARTESIAN_POINT ( 'NONE',  ( -2.153476936738000003, 2.799999999999999822, 1.270000000000000240 ) ) ;
#505 = ORIENTED_EDGE ( 'NONE', *, *, #9085, .F. ) ;
#506 = B_SPLINE_CURVE_WITH_KNOTS ( 'NONE', 3,
 ( #6731, #5359, #8825, #2535, #803, #4614, #6468, #6642, #8508, #5057, #7835, #4344, #8045, #4523, #7153, #7422, #847 ),
 .UNSPECIFIED., .F., .F.,
 ( 4, 2, 2, 2, 2, 1, 2, 2, 4 ),
 ( 0.000000000000000000, 0.1250000000000021649, 0.2500000000000024980, 0.3750000000000028311, 0.5000000000000031086, 0.6250000000000034417, 0.6875000000000026645, 0.7500000000000018874, 1.000000000000000000 ),
 .UNSPECIFIED. ) ;
#507 = MECHANICAL_DESIGN_GEOMETRIC_PRESENTATION_REPRESENTATION (  '', ( #1378 ), #6833 ) ;
#508 = EDGE_CURVE ( 'NONE', #6059, #4980, #8238, .T. ) ;
#509 = DIRECTION ( 'NONE',  ( 0.000000000000000000, 6.123031769111889989E-17, -1.000000000000000000 ) ) ;
#510 = FILL_AREA_STYLE_COLOUR ( '', #3515 ) ;
#511 = CARTESIAN_POINT ( 'NONE',  ( 1.270000000000000018, -0.6699999999999978195, 0.2971320343559633037 ) ) ;
#512 =( BOUNDED_SURFACE ( )  B_SPLINE_SURFACE ( 3, 3, ( 
 ( #2195, #7172, #871, #3687 ),
 ( #4412, #5255, #5392, #4552 ),
 ( #8724, #2471, #8031, #5341 ),
 ( #3069, #7359, #8076, #1785 ) ),
 .UNSPECIFIED., .F., .F., .F. ) 
 B_SPLINE_SURFACE_WITH_KNOTS ( ( 4, 4 ),
 ( 4, 4 ),
 ( 0.000000000000000000, 1.000000000000000000 ),
 ( 0.000000000000000000, 1.000000000000000000 ),
 .UNSPECIFIED. ) 
 GEOMETRIC_REPRESENTATION_ITEM ( )  RATIONAL_B_SPLINE_SURFACE ( (
 ( 1.000000000000000000, 0.3333333333333334259, 0.3333333333333334259, 1.000000000000000000),
 ( 0.8009815829414672628, 0.2669938609804891616, 0.2669938609804891616, 0.8009815829414672628),
 ( 0.8009815829414672628, 0.2669938609804891616, 0.2669938609804891616, 0.8009815829414672628),
 ( 1.000000000000000000, 0.3333333333333334259, 0.3333333333333334259, 1.000000000000000000) ) ) 
 REPRESENTATION_ITEM ( '' )  SURFACE ( )  );
#513 =( GEOMETRIC_REPRESENTATION_CONTEXT ( 3 ) GLOBAL_UNCERTAINTY_ASSIGNED_CONTEXT ( ( #7561 ) ) GLOBAL_UNIT_ASSIGNED_CONTEXT ( ( #1176, #4131, #8942 ) ) REPRESENTATION_CONTEXT ( 'NONE', 'WORKASPACE' ) );
#514 = CARTESIAN_POINT ( 'NONE',  ( -4.880000000000000782, 2.799999999999999822, -0.8699999999999999956 ) ) ;
#515 = DIRECTION ( 'NONE',  ( 0.000000000000000000, 1.000000000000000000, 0.000000000000000000 ) ) ;
#516 = STYLED_ITEM ( 'NONE', ( #883 ), #6995 ) ;
#517 = ORIENTED_EDGE ( 'NONE', *, *, #2192, .T. ) ;
#518 = DIRECTION ( 'NONE',  ( 0.4226182617407031605, 0.000000000000000000, -0.9063077870366482713 ) ) ;
#519 =( NAMED_UNIT ( * ) SI_UNIT ( $, .STERADIAN. ) SOLID_ANGLE_UNIT ( ) );
#520 = EDGE_CURVE ( 'NONE', #8008, #4877, #5781, .T. ) ;
#521 = CARTESIAN_POINT ( 'NONE',  ( 8.603350248421355317, 3.330000000000003180, 0.3779260477500851478 ) ) ;
#522 = CARTESIAN_POINT ( 'NONE',  ( 3.810000000000000497, -4.537064994640259918, -0.2349999999999975719 ) ) ;
#523 = CARTESIAN_POINT ( 'NONE',  ( -6.819999999999995843, -0.8199999999999998401, -0.2349999999999980715 ) ) ;
#524 = DIRECTION ( 'NONE',  ( 0.000000000000000000, 0.000000000000000000, 1.000000000000000000 ) ) ;
#525 = VECTOR ( 'NONE', #4929, 1000.000000000000000 ) ;
#526 = CARTESIAN_POINT ( 'NONE',  ( 1.270000000000000018, -0.8199999999999999512, -0.2349999999999980438 ) ) ;
#527 = CARTESIAN_POINT ( 'NONE',  ( 8.890000000000000568, 1.967086183247610087, -0.9150000000000000355 ) ) ;
#528 = CARTESIAN_POINT ( 'NONE',  ( -3.810000000000000053, -0.8199999999999999512, 0.000000000000000000 ) ) ;
#529 = ORIENTED_EDGE ( 'NONE', *, *, #5541, .T. ) ;
#530 = CARTESIAN_POINT ( 'NONE',  ( -9.124844392321042719, -0.6699999999999520783, -0.3095233799344171421 ) ) ;
#531 = FILL_AREA_STYLE ('',( #2600 ) ) ;
#532 = COLOUR_RGB ( '',0.000000000000000000, 0.000000000000000000, 0.000000000000000000 ) ;
#533 = ORIENTED_EDGE ( 'NONE', *, *, #3573, .F. ) ;
#534 = DIRECTION ( 'NONE',  ( 0.4226182617407031605, 0.000000000000000000, 0.9063077870366482713 ) ) ;
#535 = EDGE_LOOP ( 'NONE', ( #1109, #3384, #4822, #505 ) ) ;
#536 = CARTESIAN_POINT ( 'NONE',  ( -8.890000000000000568, -4.400000000000000355, 0.2349999999999975719 ) ) ;
#537 = EDGE_LOOP ( 'NONE', ( #5773, #5029, #6112, #7844 ) ) ;
#538 = LINE ( 'NONE', #2564, #2673 ) ;
#539 =( LENGTH_UNIT ( ) NAMED_UNIT ( * ) SI_UNIT ( .MILLI., .METRE. ) );
#540 = SURFACE_STYLE_USAGE ( .BOTH. , #8951 ) ;
#541 = UNCERTAINTY_MEASURE_WITH_UNIT (LENGTH_MEASURE( 1.000000000000000082E-05 ), #6966, 'distance_accuracy_value', 'NONE');
#542 = CARTESIAN_POINT ( 'NONE',  ( 8.890000000000000568, -0.6699999999999979305, -0.3849999999999999534 ) ) ;
#543 = SURFACE_STYLE_FILL_AREA ( #5397 ) ;
#544 = AXIS2_PLACEMENT_3D ( 'NONE', #7204, #6474, #5109 ) ;
#545 = EDGE_CURVE ( 'NONE', #447, #2914, #6832, .T. ) ;
#546 = VERTEX_POINT ( 'NONE', #4669 ) ;
#547 = CARTESIAN_POINT ( 'NONE',  ( -3.215735931288073779, -0.6699999999999978195, -0.2971320343559630262 ) ) ;
#548 = CARTESIAN_POINT ( 'NONE',  ( -1.270000000000000018, -0.6699999999999866063, 0.3850000000000000089 ) ) ;
#549 = FACE_OUTER_BOUND ( 'NONE', #3249, .T. ) ;
#550 = ADVANCED_FACE ( 'NONE', ( #8926 ), #8837, .T. ) ;
#551 = ORIENTED_EDGE ( 'NONE', *, *, #3204, .T. ) ;
#552 = CARTESIAN_POINT ( 'NONE',  ( -6.349999999999999645, 3.479999999999999982, 0.3199999999999999512 ) ) ;
#553 = CARTESIAN_POINT ( 'NONE',  ( 1.270000000000000018, -0.6699999999999979305, 0.3850000000000002309 ) ) ;
#554 = CARTESIAN_POINT ( 'NONE',  ( -7.233476936737999630, 7.776250346772100076E-17, -1.270000000000000018 ) ) ;
#555 = CARTESIAN_POINT ( 'NONE',  ( -2.153476936737999559, -6.551643992949721092E-17, 1.270000000000000018 ) ) ;
#556 = CARTESIAN_POINT ( 'NONE',  ( 1.739999999999999991, 3.330000000000000071, 0.02951167524060907196 ) ) ;
#557 = AXIS2_PLACEMENT_3D ( 'NONE', #766, #815, #2107 ) ;
#558 =( BOUNDED_SURFACE ( )  B_SPLINE_SURFACE ( 3, 3, ( 
 ( #6070, #3362, #3216, #6024 ),
 ( #6862, #8818, #3962, #2527 ),
 ( #2570, #501, #547, #6768 ),
 ( #5440, #8223, #458, #8270 ) ),
 .UNSPECIFIED., .F., .F., .F. ) 
 B_SPLINE_SURFACE_WITH_KNOTS ( ( 4, 4 ),
 ( 4, 4 ),
 ( 0.000000000000000000, 1.000000000000000000 ),
 ( 0.000000000000000000, 1.000000000000000000 ),
 .UNSPECIFIED. ) 
 GEOMETRIC_REPRESENTATION_ITEM ( )  RATIONAL_B_SPLINE_SURFACE ( (
 ( 1.000000000000000000, 0.3333333333333334259, 0.3333333333333334259, 1.000000000000000000),
 ( 0.8047378541243649375, 0.2682459513747884050, 0.2682459513747884050, 0.8047378541243649375),
 ( 0.8047378541243649375, 0.2682459513747884050, 0.2682459513747884050, 0.8047378541243649375),
 ( 1.000000000000000000, 0.3333333333333334259, 0.3333333333333334259, 1.000000000000000000) ) ) 
 REPRESENTATION_ITEM ( '' )  SURFACE ( )  );
#559 = ORIENTED_EDGE ( 'NONE', *, *, #4228, .F. ) ;
#560 =( LENGTH_UNIT ( ) NAMED_UNIT ( * ) SI_UNIT ( .MILLI., .METRE. ) );
#561 = CARTESIAN_POINT ( 'NONE',  ( 8.458482449088799981, 3.330000000000003624, 0.1868098221246101143 ) ) ;
#562 = CARTESIAN_POINT ( 'NONE',  ( -6.732797621484118089, -0.6699999999999414202, 0.04826622627193176418 ) ) ;
#563 = EDGE_CURVE ( 'NONE', #7993, #5330, #2497, .T. ) ;
#564 = CARTESIAN_POINT ( 'NONE',  ( -0.8963398733213101544, 7.492926245181915412, -0.1868300633393455423 ) ) ;
#565 = DIRECTION ( 'NONE',  ( 0.000000000000000000, 1.000000000000000000, 0.000000000000000000 ) ) ;
#566 = CARTESIAN_POINT ( 'NONE',  ( 8.890000000000000568, -4.632925319547866572, -0.1370326030541654527 ) ) ;
#567 = VECTOR ( 'NONE', #8851, 1000.000000000000000 ) ;
#568 = EDGE_CURVE ( 'NONE', #3614, #7504, #1859, .T. ) ;
#569 = CARTESIAN_POINT ( 'NONE',  ( 2.740000000000000213, -5.327037639127341492E-17, 0.8700000000000001066 ) ) ;
#570 = EDGE_LOOP ( 'NONE', ( #6257, #1154, #1791, #7684 ) ) ;
#571 = CARTESIAN_POINT ( 'NONE',  ( 3.810000000000000053, -0.6699999999999979305, -0.3849999999999999534 ) ) ;
#572 = CARTESIAN_POINT ( 'NONE',  ( 6.349999999999999645, 1.967086183247610087, -0.9150000000000000355 ) ) ;
#573 = VECTOR ( 'NONE', #5668, 1000.000000000000000 ) ;
#574 = CARTESIAN_POINT ( 'NONE',  ( 4.786738468369000188, 6.551643992949719860E-17, -1.070000000000000062 ) ) ;
#575 = EDGE_LOOP ( 'NONE', ( #8449, #1921 ) ) ;
#576 = CARTESIAN_POINT ( 'NONE',  ( -3.810000000000000053, -4.400000000000000355, 0.2349999999999975719 ) ) ;
#577 = ORIENTED_EDGE ( 'NONE', *, *, #5135, .T. ) ;
#578 = CARTESIAN_POINT ( 'NONE',  ( -4.234283718833240506, 3.330000000000003624, 0.2028530975049334661 ) ) ;
#579 = ORIENTED_EDGE ( 'NONE', *, *, #5943, .F. ) ;
#580 =( NAMED_UNIT ( * ) SI_UNIT ( $, .STERADIAN. ) SOLID_ANGLE_UNIT ( ) );
#581 = EDGE_CURVE ( 'NONE', #1489, #8383, #1900, .T. ) ;
#582 = EDGE_CURVE ( 'NONE', #5761, #7084, #8852, .T. ) ;
#583 = DIRECTION ( 'NONE',  ( 0.000000000000000000, 0.000000000000000000, 1.000000000000000000 ) ) ;
#584 = FILL_AREA_STYLE ('',( #8994 ) ) ;
#585 =( NAMED_UNIT ( * ) SI_UNIT ( $, .STERADIAN. ) SOLID_ANGLE_UNIT ( ) );
#586 = CARTESIAN_POINT ( 'NONE',  ( 8.420000000000003482, -0.7321320343559630794, 0.2349999999999980160 ) ) ;
#587 = CIRCLE ( 'NONE', #7645, 0.1500000000000009936 ) ;
#588 = VERTEX_POINT ( 'NONE', #5319 ) ;
#589 = DIRECTION ( 'NONE',  ( 1.000000000000000000, 0.000000000000000000, 0.000000000000000000 ) ) ;
#590 = DIRECTION ( 'NONE',  ( -1.000000000000000000, 0.000000000000000000, -1.224646799147353207E-16 ) ) ;
#591 = CARTESIAN_POINT ( 'NONE',  ( 6.350000000000000533, 7.492926245181917189, -0.1868300633393450705 ) ) ;
#592 = ORIENTED_EDGE ( 'NONE', *, *, #3712, .F. ) ;
#593 = VECTOR ( 'NONE', #1426, 1000.000000000000114 ) ;
#594 = LINE ( 'NONE', #2578, #7621 ) ;
#595 = ORIENTED_EDGE ( 'NONE', *, *, #3958, .F. ) ;
#596 = FILL_AREA_STYLE ('',( #1942 ) ) ;
#597 = AXIS2_PLACEMENT_3D ( 'NONE', #4557, #1746, #5214 ) ;
#598 = DIRECTION ( 'NONE',  ( -0.000000000000000000, -1.000000000000000000, -0.000000000000000000 ) ) ;
#599 = CARTESIAN_POINT ( 'NONE',  ( -1.270000000000000018, -0.6700000000137151801, -1.018987004202780579E-17 ) ) ;
#600 = ORIENTED_EDGE ( 'NONE', *, *, #8401, .T. ) ;
#601 = CARTESIAN_POINT ( 'NONE',  ( -3.339999999999999858, 3.330000000000000959, -0.06049384742072802523 ) ) ;
#602 = AXIS2_PLACEMENT_3D ( 'NONE', #6608, #1722, #1030 ) ;
#603 = CARTESIAN_POINT ( 'NONE',  ( 8.465716281166598023, 3.330000000000002736, 0.2028530975047758700 ) ) ;
#604 = CARTESIAN_POINT ( 'NONE',  ( -6.398393646062386253, -0.6699999999999659561, -0.3827473746590863146 ) ) ;
#605 = CARTESIAN_POINT ( 'NONE',  ( -3.384542344748546316, 3.330000000000001403, 0.2025509719038413037 ) ) ;
#606 = DIRECTION ( 'NONE',  ( 0.000000000000000000, 0.000000000000000000, 1.000000000000000000 ) ) ;
#607 = CARTESIAN_POINT ( 'NONE',  ( 3.996715137221240166, 3.330000000000001403, 0.4315005850825658351 ) ) ;
#608 = CARTESIAN_POINT ( 'NONE',  ( -1.104080586844734535, -0.6699999999999820544, 0.3485131856847079046 ) ) ;
#609 = STYLED_ITEM ( 'NONE', ( #7710 ), #8331 ) ;
#610 = EDGE_CURVE ( 'NONE', #7397, #3088, #2106, .T. ) ;
#611 = VERTEX_POINT ( 'NONE', #3230 ) ;
#612 = CARTESIAN_POINT ( 'NONE',  ( 4.580000000000000071, -0.6699999999999979305, 0.3849999999999999534 ) ) ;
#613 = LINE ( 'NONE', #8981, #7420 ) ;
#614 = DIRECTION ( 'NONE',  ( 0.000000000000000000, 1.000000000000000000, 0.000000000000000000 ) ) ;
#615 =( GEOMETRIC_REPRESENTATION_CONTEXT ( 3 ) GLOBAL_UNCERTAINTY_ASSIGNED_CONTEXT ( ( #3313 ) ) GLOBAL_UNIT_ASSIGNED_CONTEXT ( ( #560, #6834, #519 ) ) REPRESENTATION_CONTEXT ( 'NONE', 'WORKASPACE' ) );
#616 = EDGE_CURVE ( 'NONE', #6167, #8344, #2546, .T. ) ;
#617 = FILL_AREA_STYLE ('',( #8298 ) ) ;
#618 = CARTESIAN_POINT ( 'NONE',  ( 8.890000000000002345, 7.492926245181917189, -0.1868300633393450705 ) ) ;
#619 = AXIS2_PLACEMENT_3D ( 'NONE', #6380, #2042, #7615 ) ;
#620 = ORIENTED_EDGE ( 'NONE', *, *, #7072, .F. ) ;
#621 = PLANE ( 'NONE',  #8757 ) ;
#622 = EDGE_LOOP ( 'NONE', ( #4198, #7059, #8872, #5485 ) ) ;
#623 = CARTESIAN_POINT ( 'NONE',  ( -8.505000000000000782, -0.6699999999999979305, 2.710505431213761085E-17 ) ) ;
#624 = DIRECTION ( 'NONE',  ( -0.4226182617407031605, 0.000000000000000000, -0.9063077870366482713 ) ) ;
#625 = AXIS2_PLACEMENT_3D ( 'NONE', #5818, #5142, #891 ) ;
#626 = VECTOR ( 'NONE', #6356, 1000.000000000000000 ) ;
#627 = AXIS2_PLACEMENT_3D ( 'NONE', #8790, #2498, #8100 ) ;
#628 = CARTESIAN_POINT ( 'NONE',  ( -9.338846230628313094, 3.330000000000004068, -0.1429865212590224754 ) ) ;
#629 = AXIS2_PLACEMENT_3D ( 'NONE', #7049, #3374, #8283 ) ;
#630 = CARTESIAN_POINT ( 'NONE',  ( 9.830000000000001847, 3.329999999999999183, 0.4700000000000004730 ) ) ;
#631 = DIRECTION ( 'NONE',  ( -0.000000000000000000, 1.000000000000000000, 6.123031769111889989E-17 ) ) ;
#632 = EDGE_LOOP ( 'NONE', ( #6128, #8166, #6624, #8372 ) ) ;
#633 = DIRECTION ( 'NONE',  ( 0.000000000000000000, 1.000000000000000000, 0.000000000000000000 ) ) ;
#634 = COLOUR_RGB ( '',0.000000000000000000, 0.000000000000000000, 0.000000000000000000 ) ;
#635 = CYLINDRICAL_SURFACE ( 'NONE', #4068, 0.3200000000000000067 ) ;
#636 = CARTESIAN_POINT ( 'NONE',  ( -8.890000000000000568, 7.174999999999999822, 0.000000000000000000 ) ) ;
#637 = CARTESIAN_POINT ( 'NONE',  ( -3.810000000000000053, 3.329999999999999183, 0.4700000000000004730 ) ) ;
#638 = DIRECTION ( 'NONE',  ( 0.000000000000000000, 0.000000000000000000, 1.000000000000000000 ) ) ;
#639 = AXIS2_PLACEMENT_3D ( 'NONE', #4963, #6340, #6292 ) ;
#640 = EDGE_CURVE ( 'NONE', #1000, #5663, #3285, .T. ) ;
#641 = FACE_OUTER_BOUND ( 'NONE', #1858, .T. ) ;
#642 = ORIENTED_EDGE ( 'NONE', *, *, #3170, .F. ) ;
#643 = CARTESIAN_POINT ( 'NONE',  ( 1.864264068711926514, -0.6699999999999978195, -0.2971320343559631927 ) ) ;
#644 = PLANE ( 'NONE',  #6630 ) ;
#645 = CARTESIAN_POINT ( 'NONE',  ( 1.270000000000000018, 7.490000000000000213, 0.000000000000000000 ) ) ;
#646 = EDGE_CURVE ( 'NONE', #5735, #588, #2586, .T. ) ;
#647 = MECHANICAL_DESIGN_GEOMETRIC_PRESENTATION_REPRESENTATION (  '', ( #6684 ), #4791 ) ;
#648 = ORIENTED_EDGE ( 'NONE', *, *, #7094, .T. ) ;
#649 = DIRECTION ( 'NONE',  ( 0.000000000000000000, 1.000000000000000000, 0.000000000000000000 ) ) ;
#650 = VERTEX_POINT ( 'NONE', #4077 ) ;
#651 = COLOUR_RGB ( '',0.000000000000000000, 0.000000000000000000, 0.000000000000000000 ) ;
#652 = ORIENTED_EDGE ( 'NONE', *, *, #832, .T. ) ;
#653 = CARTESIAN_POINT ( 'NONE',  ( 8.816235381267414795, 3.330000000000002736, 0.4658750626874177403 ) ) ;
#654 = CARTESIAN_POINT ( 'NONE',  ( -6.349999999999999645, -0.6699999999999866063, 0.3850000000000000089 ) ) ;
#655 = DIRECTION ( 'NONE',  ( -0.000000000000000000, -1.000000000000000000, -0.000000000000000000 ) ) ;
#656 = CARTESIAN_POINT ( 'NONE',  ( -6.349999999999999645, 7.174999999999999822, 0.000000000000000000 ) ) ;
#657 = CARTESIAN_POINT ( 'NONE',  ( 8.890000000000000568, 2.799999999999999822, 0.000000000000000000 ) ) ;
#658 = CIRCLE ( 'NONE', #5239, 0.6650000000000000355 ) ;
#659 = CARTESIAN_POINT ( 'NONE',  ( 8.889999999999998792, -0.6699999999999979305, 0.2971320343559630262 ) ) ;
#660 = EDGE_CURVE ( 'NONE', #1202, #2836, #4691, .T. ) ;
#661 = ADVANCED_FACE ( 'NONE', ( #2483 ), #6595, .T. ) ;
#662 = ORIENTED_EDGE ( 'NONE', *, *, #5638, .T. ) ;
#663 = CARTESIAN_POINT ( 'NONE',  ( 4.404264068711926328, -0.6699999999999978195, 0.2971320343559630262 ) ) ;
#664 = SURFACE_STYLE_USAGE ( .BOTH. , #2095 ) ;
#665 = AXIS2_PLACEMENT_3D ( 'NONE', #1737, #1694, #3109 ) ;
#666 = DIRECTION ( 'NONE',  ( -1.000000000000000000, -0.000000000000000000, -0.000000000000000000 ) ) ;
#667 = CARTESIAN_POINT ( 'NONE',  ( -5.965000000000000746, -0.6699999999999981526, -0.02417445737796857647 ) ) ;
#668 = ADVANCED_FACE ( 'NONE', ( #972 ), #2253, .F. ) ;
#669 = ORIENTED_EDGE ( 'NONE', *, *, #4928, .F. ) ;
#670 = CARTESIAN_POINT ( 'NONE',  ( -8.420000000000007034, -4.537064994640259030, -0.2349999999999976275 ) ) ;
#671 = ORIENTED_EDGE ( 'NONE', *, *, #6929, .F. ) ;
#672 = CARTESIAN_POINT ( 'NONE',  ( -8.554872064815445043, -0.6699999999999941558, 0.1899884597028769218 ) ) ;
#673 = CIRCLE ( 'NONE', #3023, 0.4149999999777717052 ) ;
#674 = DIRECTION ( 'NONE',  ( 0.4226182617407031605, 0.000000000000000000, 0.9063077870366482713 ) ) ;
#675 = DIRECTION ( 'NONE',  ( -0.000000000000000000, -1.000000000000000000, -0.000000000000000000 ) ) ;
#676 = CARTESIAN_POINT ( 'NONE',  ( 8.890000000000000568, 3.479999999999999982, -0.3199999999999999512 ) ) ;
#677 = CARTESIAN_POINT ( 'NONE',  ( 8.794367532877265248, -0.6699999999999624034, -0.3737368732954316486 ) ) ;
#678 = CIRCLE ( 'NONE', #3780, 0.2349999999999989875 ) ;
#679 = ORIENTED_EDGE ( 'NONE', *, *, #985, .F. ) ;
#680 = LINE ( 'NONE', #5609, #3094 ) ;
#681 = EDGE_CURVE ( 'NONE', #112, #8380, #5921, .T. ) ;
#682 = CARTESIAN_POINT ( 'NONE',  ( -0.9959347938916692788, -4.632925319547867460, -0.1370326030541655082 ) ) ;
#683 = VERTEX_POINT ( 'NONE', #7325 ) ;
#684 = SURFACE_STYLE_USAGE ( .BOTH. , #5705 ) ;
#685 = PRESENTATION_STYLE_ASSIGNMENT (( #7807 ) ) ;
#686 = CARTESIAN_POINT ( 'NONE',  ( -3.810000000000000053, -0.6699999999999866063, 0.3850000000000000089 ) ) ;
#687 = ADVANCED_FACE ( 'NONE', ( #8134, #8875 ), #4521, .T. ) ;
#688 = DIRECTION ( 'NONE',  ( 0.000000000000000000, 1.000000000000000000, 0.000000000000000000 ) ) ;
#689 = VERTEX_POINT ( 'NONE', #6639 ) ;
#690 = CARTESIAN_POINT ( 'NONE',  ( -1.270000000000000018, -0.7321320343559629684, -0.2349999999999980715 ) ) ;
#691 = VERTEX_POINT ( 'NONE', #6776 ) ;
#692 = CARTESIAN_POINT ( 'NONE',  ( 8.890000000000000568, 3.479999999999999982, -0.4700000000000009726 ) ) ;
#693 = AXIS2_PLACEMENT_3D ( 'NONE', #5529, #7553, #1239 ) ;
#694 = VERTEX_POINT ( 'NONE', #3179 ) ;
#695 = CARTESIAN_POINT ( 'NONE',  ( 6.735000000000000320, -0.6699999999999979305, 2.710505431213761085E-17 ) ) ;
#696 = CARTESIAN_POINT ( 'NONE',  ( 2.833261531631000363, -5.327037639127342725E-17, 1.070000000000000062 ) ) ;
#697 = EDGE_CURVE ( 'NONE', #2191, #8181, #5497, .T. ) ;
#698 = ADVANCED_FACE ( 'NONE', ( #5306 ), #1062, .T. ) ;
#699 = EDGE_LOOP ( 'NONE', ( #1874, #4575, #8979 ) ) ;
#700 = ORIENTED_EDGE ( 'NONE', *, *, #8474, .F. ) ;
#701 = CARTESIAN_POINT ( 'NONE',  ( 8.860206254545241578, 3.330000000000003180, 0.4700000000000000289 ) ) ;
#702 = DIRECTION ( 'NONE',  ( 0.000000000000000000, 1.000000000000000000, 0.000000000000000000 ) ) ;
#703 = CARTESIAN_POINT ( 'NONE',  ( -6.349999999999999645, 2.799999999999999822, 0.9150000000000000355 ) ) ;
#704 = DIRECTION ( 'NONE',  ( -0.000000000000000000, 1.000000000000000000, 6.123031769111889989E-17 ) ) ;
#705 = CARTESIAN_POINT ( 'NONE',  ( 3.810000000000000053, 3.330000000000000071, 0.9150000000000000355 ) ) ;
#706 = CARTESIAN_POINT ( 'NONE',  ( -1.270000000000000018, -0.6699999999999866063, 0.3850000000000000089 ) ) ;
#707 = VECTOR ( 'NONE', #5210, 1000.000000000000000 ) ;
#708 = B_SPLINE_CURVE_WITH_KNOTS ( 'NONE', 3,
 ( #2143, #667, #2777, #7115, #4823, #2738, #5602, #4968, #1399, #5645, #1308, #7023, #7623, #717, #4132, #6197, #4261 ),
 .UNSPECIFIED., .F., .F.,
 ( 4, 2, 2, 2, 2, 1, 2, 2, 4 ),
 ( 0.000000000000000000, 0.1249999999999995282, 0.2499999999999990563, 0.3749999999999985567, 0.4999999999999981126, 0.6249999999999976685, 0.6874999999999973355, 0.7499999999999970024, 1.000000000000000000 ),
 .UNSPECIFIED. ) ;
#709 = ORIENTED_EDGE ( 'NONE', *, *, #4124, .F. ) ;
#710 = EDGE_CURVE ( 'NONE', #2254, #6713, #5446, .T. ) ;
#711 = CARTESIAN_POINT ( 'NONE',  ( -8.125735931288071257, 3.329999999999999627, 0.3821320343559643784 ) ) ;
#712 = CARTESIAN_POINT ( 'NONE',  ( -6.349999999999999645, 3.330000000000000071, 0.3821320343559643784 ) ) ;
#713 = PLANE ( 'NONE',  #5080 ) ;
#714 = CARTESIAN_POINT ( 'NONE',  ( -3.810000000000000053, 3.479999999999999982, 0.000000000000000000 ) ) ;
#715 = CARTESIAN_POINT ( 'NONE',  ( -5.879999999999999005, 3.330000000000001403, 0.02951167524063274747 ) ) ;
#716 = MECHANICAL_DESIGN_GEOMETRIC_PRESENTATION_REPRESENTATION (  '', ( #5717 ), #3211 ) ;
#717 = CARTESIAN_POINT ( 'NONE',  ( -6.197052493978341126, -0.6699999999999806111, -0.3534632452272083447 ) ) ;
#718 = PLANE ( 'NONE',  #5357 ) ;
#719 = VERTEX_POINT ( 'NONE', #7770 ) ;
#720 = DIRECTION ( 'NONE',  ( 0.9063077870366482713, -2.587705042845171132E-17, 0.4226182617407031605 ) ) ;
#721 = CARTESIAN_POINT ( 'NONE',  ( -8.657595925367957079, -0.6699999999999864952, 0.3080637034257799334 ) ) ;
#722 = LINE ( 'NONE', #8570, #3741 ) ;
#723 = ORIENTED_EDGE ( 'NONE', *, *, #6432, .F. ) ;
#724 = PRESENTATION_LAYER_ASSIGNMENT (  '', '', ( #7488 ) ) ;
#725 = CARTESIAN_POINT ( 'NONE',  ( -2.739999999999999769, 6.551643992949719860E-17, -0.8700000000000003286 ) ) ;
#726 = CARTESIAN_POINT ( 'NONE',  ( 8.890000000000000568, 3.392132034355963555, 0.3199999999999999512 ) ) ;
#727 = CARTESIAN_POINT ( 'NONE',  ( 1.739999999999995106, -4.399999999999999467, -0.2349999999999975719 ) ) ;
#728 = ORIENTED_EDGE ( 'NONE', *, *, #387, .T. ) ;
#729 = CARTESIAN_POINT ( 'NONE',  ( 8.890000000000000568, 3.329999999999999183, 0.4700000000000004730 ) ) ;
#730 = CARTESIAN_POINT ( 'NONE',  ( 4.880000000000000782, -6.551643992949719860E-17, 0.8700000000000005507 ) ) ;
#731 = CARTESIAN_POINT ( 'NONE',  ( -1.270000000000000018, -2.609999999999999876, 0.000000000000000000 ) ) ;
#732 = CARTESIAN_POINT ( 'NONE',  ( 6.349999999999999645, -2.609999999999999876, -0.2349999999999989875 ) ) ;
#733 = EDGE_CURVE ( 'NONE', #2879, #7408, #7484, .T. ) ;
#734 = AXIS2_PLACEMENT_3D ( 'NONE', #1388, #7576, #4855 ) ;
#735 = PLANE ( 'NONE',  #5146 ) ;
#736 = EDGE_LOOP ( 'NONE', ( #5940, #8302, #1425, #3974 ) ) ;
#737 = DIRECTION ( 'NONE',  ( 0.000000000000000000, 0.000000000000000000, 1.000000000000000000 ) ) ;
#738 = CARTESIAN_POINT ( 'NONE',  ( 3.215735931288073779, -0.6699999999999978195, 0.2971320343559630262 ) ) ;
#739 = EDGE_CURVE ( 'NONE', #6672, #1202, #4475, .T. ) ;
#740 = ADVANCED_FACE ( 'NONE', ( #5422 ), #4762, .T. ) ;
#741 = CARTESIAN_POINT ( 'NONE',  ( 1.270000000000000018, -0.8199999999999999512, -0.2349999999999980438 ) ) ;
#742 = CIRCLE ( 'NONE', #3538, 0.1500000000000020206 ) ;
#743 = MECHANICAL_DESIGN_GEOMETRIC_PRESENTATION_REPRESENTATION (  '', ( #4134 ), #1920 ) ;
#744 = ORIENTED_EDGE ( 'NONE', *, *, #4230, .T. ) ;
#745 = CARTESIAN_POINT ( 'NONE',  ( -1.211315444347911052, 3.330000000000001847, -0.4672500417916118365 ) ) ;
#746 = SURFACE_STYLE_FILL_AREA ( #3417 ) ;
#747 = EDGE_LOOP ( 'NONE', ( #7608, #600, #7191 ) ) ;
#748 = CARTESIAN_POINT ( 'NONE',  ( -6.349999999999999645, -0.7321320343559629684, 0.2349999999999980715 ) ) ;
#749 = PRESENTATION_LAYER_ASSIGNMENT (  '', '', ( #12 ) ) ;
#750 = CARTESIAN_POINT ( 'NONE',  ( 1.270000000000000018, -0.6699999999999866063, 0.3850000000000000089 ) ) ;
#751 = CARTESIAN_POINT ( 'NONE',  ( -3.353749791041941375, 3.330000000000000959, 0.1163527268167922762 ) ) ;
#752 = DIRECTION ( 'NONE',  ( -1.000000000000000000, 0.000000000000000000, -1.224646799147353207E-16 ) ) ;
#753 = CARTESIAN_POINT ( 'NONE',  ( 1.910000000000001696, 7.175000000000000711, 0.3200000000000007838 ) ) ;
#754 = CARTESIAN_POINT ( 'NONE',  ( 8.889999999999998792, -0.7321320343559629684, -0.2349999999999980715 ) ) ;
#755 = CIRCLE ( 'NONE', #18, 0.2300000000000030076 ) ;
#756 = VERTEX_POINT ( 'NONE', #8247 ) ;
#757 = CARTESIAN_POINT ( 'NONE',  ( -8.250000000000000000, 3.392132034355963555, -0.3199999999999998956 ) ) ;
#758 = DIRECTION ( 'NONE',  ( 0.4226182617407031605, -0.000000000000000000, -0.9063077870366482713 ) ) ;
#759 =( LENGTH_UNIT ( ) NAMED_UNIT ( * ) SI_UNIT ( .MILLI., .METRE. ) );
#760 = CARTESIAN_POINT ( 'NONE',  ( -6.146737457845800279, 3.330000000000002292, 0.4240138818363706208 ) ) ;
#761 = CARTESIAN_POINT ( 'NONE',  ( 8.890000000000000568, 7.489960314960472765, -2.117582368135750848E-17 ) ) ;
#762 = SURFACE_STYLE_FILL_AREA ( #8428 ) ;
#763 = VERTEX_POINT ( 'NONE', #5621 ) ;
#764 = DIRECTION ( 'NONE',  ( -0.4226182617406961106, 0.000000000000000000, -0.9063077870366514910 ) ) ;
#765 = FACE_OUTER_BOUND ( 'NONE', #1272, .T. ) ;
#766 = CARTESIAN_POINT ( 'NONE',  ( -0.5775000000000010125, 3.330000000000000071, 0.000000000000000000 ) ) ;
#767 = COLOUR_RGB ( '',0.000000000000000000, 0.000000000000000000, 0.000000000000000000 ) ;
#768 = CIRCLE ( 'NONE', #6214, 0.9150000000000000355 ) ;
#770 = CARTESIAN_POINT ( 'NONE',  ( 1.270000000000000018, -4.400000000000000355, -0.2349999999999975719 ) ) ;
#769 = AXIS2_PLACEMENT_3D ( 'NONE', #6785, #1897, #8053 ) ;
#771 = ORIENTED_EDGE ( 'NONE', *, *, #6594, .F. ) ;
#772 = CARTESIAN_POINT ( 'NONE',  ( -1.270000000000000018, -4.400000000000000355, 0.2349999999999975719 ) ) ;
#773 = VERTEX_POINT ( 'NONE', #4998 ) ;
#774 = PRESENTATION_STYLE_ASSIGNMENT (( #7079 ) ) ;
#775 = FILL_AREA_STYLE_COLOUR ( '', #4763 ) ;
#776 = VECTOR ( 'NONE', #7383, 1000.000000000000000 ) ;
#777 =( GEOMETRIC_REPRESENTATION_CONTEXT ( 3 ) GLOBAL_UNCERTAINTY_ASSIGNED_CONTEXT ( ( #197 ) ) GLOBAL_UNIT_ASSIGNED_CONTEXT ( ( #4985, #4508, #6584 ) ) REPRESENTATION_CONTEXT ( 'NONE', 'WORKASPACE' ) );
#778 = EDGE_CURVE ( 'NONE', #5250, #3441, #3148, .T. ) ;
#779 = LINE ( 'NONE', #9097, #4231 ) ;
#780 = DIRECTION ( 'NONE',  ( 0.000000000000000000, 6.123031769111889989E-17, -1.000000000000000000 ) ) ;
#781 = ORIENTED_EDGE ( 'NONE', *, *, #6190, .F. ) ;
#782 = LINE ( 'NONE', #2985, #8868 ) ;
#783 = AXIS2_PLACEMENT_3D ( 'NONE', #323, #8779, #8043 ) ;
#784 = COLOUR_RGB ( '',0.000000000000000000, 0.000000000000000000, 0.000000000000000000 ) ;
#785 = CARTESIAN_POINT ( 'NONE',  ( 2.034264068711928442, 3.329999999999999627, 0.3821320343559643784 ) ) ;
#786 = ADVANCED_FACE ( 'NONE', ( #103 ), #6844, .T. ) ;
#787 = EDGE_LOOP ( 'NONE', ( #6196, #2073, #7943 ) ) ;
#788 = CARTESIAN_POINT ( 'NONE',  ( 6.658063703425798785, -0.6699999999999922684, -0.2324040746320110984 ) ) ;
#789 = AXIS2_PLACEMENT_3D ( 'NONE', #1967, #6896, #583 ) ;
#790 = ORIENTED_EDGE ( 'NONE', *, *, #1973, .F. ) ;
#791 = CARTESIAN_POINT ( 'NONE',  ( 7.913261531631000878, 7.776250346772095146E-17, -1.070000000000000062 ) ) ;
#792 = CARTESIAN_POINT ( 'NONE',  ( -4.163480234547875192, -0.6699999999999436406, -0.1530092933618955320 ) ) ;
#793 = STYLED_ITEM ( 'NONE', ( #5174 ), #1497 ) ;
#794 = LINE ( 'NONE', #3519, #1390 ) ;
#795 = ORIENTED_EDGE ( 'NONE', *, *, #412, .F. ) ;
#796 = CARTESIAN_POINT ( 'NONE',  ( -6.349999999999999645, -0.6699999999999866063, 0.3850000000000000089 ) ) ;
#797 =( NAMED_UNIT ( * ) PLANE_ANGLE_UNIT ( ) SI_UNIT ( $, .RADIAN. ) );
#798 = CARTESIAN_POINT ( 'NONE',  ( -2.739999999999999769, -6.551643992949719860E-17, 0.8700000000000003286 ) ) ;
#799 = CIRCLE ( 'NONE', #4184, 0.6650000000000000355 ) ;
#800 = EDGE_CURVE ( 'NONE', #244, #4735, #7823, .T. ) ;
#801 = EDGE_LOOP ( 'NONE', ( #4290, #1514, #3017, #1668 ) ) ;
#802 = CARTESIAN_POINT ( 'NONE',  ( -5.657500000000000639, 3.330000000000000071, 0.000000000000000000 ) ) ;
#803 = CARTESIAN_POINT ( 'NONE',  ( 3.953458055084329459, 3.330000000000001847, -0.4485433477472237085 ) ) ;
#804 = CARTESIAN_POINT ( 'NONE',  ( -1.270000000000000018, 2.799999999999999822, 0.9150000000000000355 ) ) ;
#805 =( BOUNDED_SURFACE ( )  B_SPLINE_SURFACE ( 3, 3, ( 
 ( #4570, #1852, #2349, #3972 ),
 ( #5990, #2445, #3085, #6733 ),
 ( #8782, #467, #8639, #3832 ),
 ( #3927, #3788, #8139, #327 ) ),
 .UNSPECIFIED., .F., .F., .F. ) 
 B_SPLINE_SURFACE_WITH_KNOTS ( ( 4, 4 ),
 ( 4, 4 ),
 ( 0.000000000000000000, 1.000000000000000000 ),
 ( 0.000000000000000000, 1.000000000000000000 ),
 .UNSPECIFIED. ) 
 GEOMETRIC_REPRESENTATION_ITEM ( )  RATIONAL_B_SPLINE_SURFACE ( (
 ( 1.000000000000000000, 0.3333333333333334259, 0.3333333333333334259, 1.000000000000000000),
 ( 0.8047378541243658256, 0.2682459513747886826, 0.2682459513747886826, 0.8047378541243658256),
 ( 0.8047378541243658256, 0.2682459513747886826, 0.2682459513747886826, 0.8047378541243658256),
 ( 1.000000000000000000, 0.3333333333333334259, 0.3333333333333334259, 1.000000000000000000) ) ) 
 REPRESENTATION_ITEM ( '' )  SURFACE ( )  );
#806 = CARTESIAN_POINT ( 'NONE',  ( -5.879999999999999893, 3.330000000000000515, -0.06049384742072876076 ) ) ;
#807 = CIRCLE ( 'NONE', #7578, 0.6650000000000000355 ) ;
#808 = CARTESIAN_POINT ( 'NONE',  ( -6.727926047749809513, 3.330000000000004068, -0.2866497515788640205 ) ) ;
#809 = SURFACE_STYLE_USAGE ( .BOTH. , #4306 ) ;
#810 = ORIENTED_EDGE ( 'NONE', *, *, #3657, .T. ) ;
#811 = PRESENTATION_STYLE_ASSIGNMENT (( #8472 ) ) ;
#812 = CARTESIAN_POINT ( 'NONE',  ( 1.270000000000000240, 7.361853603950962111, 0.3200000000000008948 ) ) ;
#813 = VERTEX_POINT ( 'NONE', #2125 ) ;
#814 = CIRCLE ( 'NONE', #7997, 0.1500000000000020206 ) ;
#815 = DIRECTION ( 'NONE',  ( 3.492836481966780137E-15, 1.000000000000000000, 0.000000000000000000 ) ) ;
#816 = FACE_OUTER_BOUND ( 'NONE', #7728, .T. ) ;
#817 = CYLINDRICAL_SURFACE ( 'NONE', #4955, 0.6650000000000000355 ) ;
#818 = SURFACE_STYLE_USAGE ( .BOTH. , #3587 ) ;
#819 = ORIENTED_EDGE ( 'NONE', *, *, #6930, .T. ) ;
#820 = PLANE ( 'NONE',  #3767 ) ;
#821 = VERTEX_POINT ( 'NONE', #7580 ) ;
#822 = ORIENTED_EDGE ( 'NONE', *, *, #5212, .T. ) ;
#823 = SURFACE_SIDE_STYLE ('',( #9095 ) ) ;
#824 = LINE ( 'NONE', #6536, #51 ) ;
#825 = LINE ( 'NONE', #4988, #3358 ) ;
#826 = DIRECTION ( 'NONE',  ( 0.000000000000000000, 0.000000000000000000, 1.000000000000000000 ) ) ;
#827 = CIRCLE ( 'NONE', #4960, 0.1500000000000009936 ) ;
#828 = ORIENTED_EDGE ( 'NONE', *, *, #7740, .F. ) ;
#829 = CARTESIAN_POINT ( 'NONE',  ( -2.039999999999999591, -0.6699999999999979305, -0.3849999999999999534 ) ) ;
#830 = CARTESIAN_POINT ( 'NONE',  ( 3.040000000000000036, -0.6699999999999979305, 0.3849999999999999534 ) ) ;
#831 = COLOUR_RGB ( '',0.000000000000000000, 0.000000000000000000, 0.000000000000000000 ) ;
#832 = EDGE_CURVE ( 'NONE', #239, #3088, #5676, .T. ) ;
#833 = ORIENTED_EDGE ( 'NONE', *, *, #7841, .F. ) ;
#834 = CARTESIAN_POINT ( 'NONE',  ( 1.909999999999999920, 3.392132034355963555, 0.3199999999999998956 ) ) ;
#835 = ORIENTED_EDGE ( 'NONE', *, *, #7727, .T. ) ;
#836 = EDGE_LOOP ( 'NONE', ( #1172, #4704, #7979, #6602 ) ) ;
#837 = ORIENTED_EDGE ( 'NONE', *, *, #3818, .F. ) ;
#838 = CARTESIAN_POINT ( 'NONE',  ( -8.890000000000000568, -4.400000000000000355, 0.2349999999999989875 ) ) ;
#839 = CARTESIAN_POINT ( 'NONE',  ( -4.148596939881906032, -0.6699999999999443068, 0.1908403552267812775 ) ) ;
#840 = PLANE ( 'NONE',  #2574 ) ;
#841 = VERTEX_POINT ( 'NONE', #2304 ) ;
#842 = DIRECTION ( 'NONE',  ( 0.000000000000000000, 0.000000000000000000, 1.000000000000000000 ) ) ;
#843 = LINE ( 'NONE', #2311, #3578 ) ;
#844 = CARTESIAN_POINT ( 'NONE',  ( 0.8940784586463386141, -0.6699999999999417533, -0.09654514245896969604 ) ) ;
#845 = ORIENTED_EDGE ( 'NONE', *, *, #6635, .F. ) ;
#846 = CARTESIAN_POINT ( 'NONE',  ( -8.890000000000000568, 3.479999999999999982, -0.3199999999999999512 ) ) ;
#847 = CARTESIAN_POINT ( 'NONE',  ( 4.280000000000000249, 3.330000000000000071, 2.710505431213761085E-17 ) ) ;
#848 = EDGE_CURVE ( 'NONE', #1424, #8362, #7324, .T. ) ;
#849 = CARTESIAN_POINT ( 'NONE',  ( 5.964966502116666014, -0.6699999999999410871, 0.02430434733803449668 ) ) ;
#850 = DIRECTION ( 'NONE',  ( -0.000000000000000000, 1.000000000000000000, 6.123031769111889989E-17 ) ) ;
#851 = EDGE_CURVE ( 'NONE', #5205, #8530, #2909, .T. ) ;
#852 = CARTESIAN_POINT ( 'NONE',  ( -6.820033537905036525, 3.330000000000004512, -0.02970875781396975848 ) ) ;
#853 = ORIENTED_EDGE ( 'NONE', *, *, #2045, .T. ) ;
#854 = CARTESIAN_POINT ( 'NONE',  ( -8.890000000000000568, -4.629945645751342376, -1.355252715606880543E-17 ) ) ;
#855 = AXIS2_PLACEMENT_3D ( 'NONE', #3535, #6254, #8435 ) ;
#856 = DIRECTION ( 'NONE',  ( 1.000000000000000000, -7.401486830834319717E-14, 0.000000000000000000 ) ) ;
#857 = LINE ( 'NONE', #169, #8711 ) ;
#858 = VERTEX_POINT ( 'NONE', #969 ) ;
#859 =( BOUNDED_SURFACE ( )  B_SPLINE_SURFACE ( 3, 3, ( 
 ( #3721, #5069, #5741, #4500 ),
 ( #4358, #7164, #127, #7306 ),
 ( #8521, #171, #2968, #860 ),
 ( #2371, #3808, #304, #952 ) ),
 .UNSPECIFIED., .F., .F., .T. ) 
 B_SPLINE_SURFACE_WITH_KNOTS ( ( 4, 4 ),
 ( 4, 4 ),
 ( 0.000000000000000000, 1.000000000000000000 ),
 ( 0.000000000000000000, 1.000000000000000000 ),
 .UNSPECIFIED. ) 
 GEOMETRIC_REPRESENTATION_ITEM ( )  RATIONAL_B_SPLINE_SURFACE ( (
 ( 1.000000000000000000, 0.3333333333333334259, 0.3333333333333334259, 1.000000000000000000),
 ( 0.8009815829414672628, 0.2669938609804891616, 0.2669938609804891616, 0.8009815829414672628),
 ( 0.8009815829414672628, 0.2669938609804891616, 0.2669938609804891616, 0.8009815829414672628),
 ( 1.000000000000000000, 0.3333333333333334259, 0.3333333333333334259, 1.000000000000000000) ) ) 
 REPRESENTATION_ITEM ( '' )  SURFACE ( )  );
#860 = CARTESIAN_POINT ( 'NONE',  ( -3.810000000000000053, 7.361853603950962111, -0.3200000000000008948 ) ) ;
#861 = AXIS2_PLACEMENT_3D ( 'NONE', #6867, #5495, #8279 ) ;
#862 = FACE_OUTER_BOUND ( 'NONE', #5170, .T. ) ;
#863 = DIRECTION ( 'NONE',  ( 0.000000000000000000, 0.000000000000000000, 1.000000000000000000 ) ) ;
#864 = EDGE_CURVE ( 'NONE', #756, #2572, #2991, .T. ) ;
#865 = EDGE_CURVE ( 'NONE', #3825, #7542, #4162, .T. ) ;
#866 = SURFACE_SIDE_STYLE ('',( #2975 ) ) ;
#867 = ORIENTED_EDGE ( 'NONE', *, *, #6134, .F. ) ;
#868 = CARTESIAN_POINT ( 'NONE',  ( 6.349999999999999645, -4.629945645751342376, -1.355252715606880543E-17 ) ) ;
#869 = ORIENTED_EDGE ( 'NONE', *, *, #1249, .T. ) ;
#870 = CARTESIAN_POINT ( 'NONE',  ( 2.833261531631000363, 6.551643992949719860E-17, -1.070000000000000062 ) ) ;
#871 = CARTESIAN_POINT ( 'NONE',  ( 8.890000000000000568, 7.489960314960472765, 2.117582368135750848E-17 ) ) ;
#872 = AXIS2_PLACEMENT_3D ( 'NONE', #2796, #2249, #7721 ) ;
#873 = CARTESIAN_POINT ( 'NONE',  ( -1.270000000000000240, 7.361853603950962111, 0.3200000000000008948 ) ) ;
#874 = CARTESIAN_POINT ( 'NONE',  ( -2.926523063262000068, 2.799999999999999822, 1.270000000000000018 ) ) ;
#875 = CARTESIAN_POINT ( 'NONE',  ( -3.535934793891668981, -4.632925319547867460, -0.1370326030541655082 ) ) ;
#876 = CARTESIAN_POINT ( 'NONE',  ( 6.350000000000000533, -0.6699999999999975975, 0.2971320343559635258 ) ) ;
#877 = VERTEX_POINT ( 'NONE', #8634 ) ;
#878 = CARTESIAN_POINT ( 'NONE',  ( 0.4999999999999997780, -0.6699999999999979305, -0.3850000000000002864 ) ) ;
#879 = ORIENTED_EDGE ( 'NONE', *, *, #1861, .F. ) ;
#880 = VERTEX_POINT ( 'NONE', #5218 ) ;
#881 = CARTESIAN_POINT ( 'NONE',  ( -4.192797621484086079, -0.6699999999999411981, 0.04826622627200699567 ) ) ;
#882 = VECTOR ( 'NONE', #4144, 1000.000000000000000 ) ;
#883 = PRESENTATION_STYLE_ASSIGNMENT (( #977 ) ) ;
#884 = ORIENTED_EDGE ( 'NONE', *, *, #8001, .T. ) ;
#885 = AXIS2_PLACEMENT_3D ( 'NONE', #8596, #2214, #5850 ) ;
#886 = CARTESIAN_POINT ( 'NONE',  ( -8.890000000000000568, 7.174999999999999822, 0.3200000000000000067 ) ) ;
#887 = ORIENTED_EDGE ( 'NONE', *, *, #5726, .F. ) ;
#888 = LINE ( 'NONE', #3794, #3723 ) ;
#889 = CARTESIAN_POINT ( 'NONE',  ( 1.220864664645074260, -0.6699999999999658451, 0.3850000000000001754 ) ) ;
#890 = ORIENTED_EDGE ( 'NONE', *, *, #91, .T. ) ;
#891 = DIRECTION ( 'NONE',  ( 0.000000000000000000, 0.000000000000000000, 1.000000000000000000 ) ) ;
#892 = COLOUR_RGB ( '',0.000000000000000000, 0.000000000000000000, 0.000000000000000000 ) ;
#893 = SURFACE_STYLE_USAGE ( .BOTH. , #5957 ) ;
#894 = LINE ( 'NONE', #5103, #6685 ) ;
#895 = CARTESIAN_POINT ( 'NONE',  ( 6.034329587467523126, -0.6699999999999459721, -0.2232947942789841878 ) ) ;
#896 = FACE_BOUND ( 'NONE', #3747, .T. ) ;
#897 = CARTESIAN_POINT ( 'NONE',  ( -8.890000000000000568, 3.330000000000000515, -0.4700000000000001954 ) ) ;
#898 = DIRECTION ( 'NONE',  ( -0.000000000000000000, -1.000000000000000000, -0.000000000000000000 ) ) ;
#899 = ORIENTED_EDGE ( 'NONE', *, *, #2728, .F. ) ;
#900 = AXIS2_PLACEMENT_3D ( 'NONE', #656, #6236, #524 ) ;
#901 = CARTESIAN_POINT ( 'NONE',  ( -8.420000000000001705, 3.330000000000000959, 0.02951167524061696495 ) ) ;
#902 = EDGE_CURVE ( 'NONE', #3763, #7352, #4605, .T. ) ;
#903 = DIRECTION ( 'NONE',  ( 0.000000000000000000, 1.000000000000000000, 0.000000000000000000 ) ) ;
#904 = ORIENTED_EDGE ( 'NONE', *, *, #1806, .F. ) ;
#905 = DIRECTION ( 'NONE',  ( 0.000000000000000000, -1.000000000000000000, -6.123031769111889989E-17 ) ) ;
#906 = FACE_OUTER_BOUND ( 'NONE', #1569, .T. ) ;
#907 = CARTESIAN_POINT ( 'NONE',  ( -6.349999999999999645, 7.174999999999999822, 0.3200000000000000067 ) ) ;
#908 = VERTEX_POINT ( 'NONE', #1370 ) ;
#909 = DIRECTION ( 'NONE',  ( 0.000000000000000000, -6.123031769111889989E-17, 1.000000000000000000 ) ) ;
#910 = EDGE_LOOP ( 'NONE', ( #1521, #5000, #6977, #8863 ) ) ;
#911 = LINE ( 'NONE', #8671, #8902 ) ;
#912 = EDGE_LOOP ( 'NONE', ( #7051, #2164, #4091, #2063 ) ) ;
#913 = SURFACE_STYLE_USAGE ( .BOTH. , #3166 ) ;
#914 = DIRECTION ( 'NONE',  ( 0.000000000000000000, 1.000000000000000000, 4.075948016907505713E-17 ) ) ;
#915 = COLOUR_RGB ( '',0.000000000000000000, 0.000000000000000000, 0.000000000000000000 ) ;
#916 = AXIS2_PLACEMENT_3D ( 'NONE', #3909, #5520, #8121 ) ;
#917 = CARTESIAN_POINT ( 'NONE',  ( -1.270000000000000018, 7.489960314960471877, 2.117582368135750848E-17 ) ) ;
#918 = CARTESIAN_POINT ( 'NONE',  ( 3.619159644773158213, -0.6699999999999552980, -0.3385969398818697296 ) ) ;
#919 = CARTESIAN_POINT ( 'NONE',  ( 4.693476936737999594, 2.799999999999999822, -1.269999999999999796 ) ) ;
#920 = ORIENTED_EDGE ( 'NONE', *, *, #3157, .T. ) ;
#921 = LINE ( 'NONE', #4518, #6774 ) ;
#922 = AXIS2_PLACEMENT_3D ( 'NONE', #2552, #9023, #4856 ) ;
#923 = PRESENTATION_LAYER_ASSIGNMENT (  '', '', ( #8257 ) ) ;
#924 = ORIENTED_EDGE ( 'NONE', *, *, #6885, .F. ) ;
#925 = VERTEX_POINT ( 'NONE', #686 ) ;
#926 = ORIENTED_EDGE ( 'NONE', *, *, #710, .F. ) ;
#927 = VECTOR ( 'NONE', #8886, 1000.000000000000000 ) ;
#928 = PRESENTATION_LAYER_ASSIGNMENT (  '', '', ( #4586 ) ) ;
#929 = UNCERTAINTY_MEASURE_WITH_UNIT (LENGTH_MEASURE( 1.000000000000000082E-05 ), #6826, 'distance_accuracy_value', 'NONE');
#930 = CARTESIAN_POINT ( 'NONE',  ( -8.700011540297134971, -0.6699999999999834976, -0.3351279351845754539 ) ) ;
#931 = FACE_OUTER_BOUND ( 'NONE', #277, .T. ) ;
#932 = CARTESIAN_POINT ( 'NONE',  ( 1.270000000000000018, -2.609999999999999876, -0.2349999999999989875 ) ) ;
#933 = EDGE_CURVE ( 'NONE', #1738, #8637, #824, .T. ) ;
#934 = DIRECTION ( 'NONE',  ( 0.000000000000000000, 0.000000000000000000, 1.000000000000000000 ) ) ;
#935 = VERTEX_POINT ( 'NONE', #224 ) ;
#936 = DIRECTION ( 'NONE',  ( 1.000000000000000000, 0.000000000000000000, 0.000000000000000000 ) ) ;
#937 = CONICAL_SURFACE ( 'NONE', #6964, 0.6649999999671311057, 0.7853981633974482790 ) ;
#938 = CARTESIAN_POINT ( 'NONE',  ( 6.350000000000001421, -4.632925319547866572, -0.1370326030541654527 ) ) ;
#939 = CARTESIAN_POINT ( 'NONE',  ( 1.270000000000000240, -4.629945645751342376, 1.355252715606880543E-17 ) ) ;
#940 = ORIENTED_EDGE ( 'NONE', *, *, #27, .T. ) ;
#941 = CARTESIAN_POINT ( 'NONE',  ( -8.890000000000000568, 3.330000000000000515, 0.4700000000000000844 ) ) ;
#942 = VECTOR ( 'NONE', #3748, 1000.000000000000000 ) ;
#943 = CARTESIAN_POINT ( 'NONE',  ( 9.359999999999999432, 3.330000000000000515, 0.02951167524064704853 ) ) ;
#944 = CARTESIAN_POINT ( 'NONE',  ( -4.450000000000001954, 7.361853603950959446, -0.3200000000000007838 ) ) ;
#945 = CARTESIAN_POINT ( 'NONE',  ( 8.551403060118243360, -0.6699999999999441957, 0.1908403552269305192 ) ) ;
#946 = EDGE_CURVE ( 'NONE', #2025, #7440, #6950, .T. ) ;
#947 = CARTESIAN_POINT ( 'NONE',  ( -6.798846230628307730, 3.330000000000003624, -0.1429865212590215318 ) ) ;
#948 = ORIENTED_EDGE ( 'NONE', *, *, #848, .F. ) ;
#949 = AXIS2_PLACEMENT_3D ( 'NONE', #3086, #6501, #6601 ) ;
#950 = CARTESIAN_POINT ( 'NONE',  ( -8.535334819288308950, 3.330000000000002292, 0.3098033545076178119 ) ) ;
#951 = CARTESIAN_POINT ( 'NONE',  ( -6.349999999999999645, 7.489960314960471877, 2.117582368135750848E-17 ) ) ;
#952 = CARTESIAN_POINT ( 'NONE',  ( -3.810000000000000053, 7.174999999999999822, -0.3200000000000007838 ) ) ;
#953 = CARTESIAN_POINT ( 'NONE',  ( -8.890000000000000568, 7.174999999999999822, -0.3200000000000007838 ) ) ;
#954 = VECTOR ( 'NONE', #7706, 1000.000000000000114 ) ;
#955 = EDGE_CURVE ( 'NONE', #2797, #8178, #4355, .T. ) ;
#956 = CARTESIAN_POINT ( 'NONE',  ( -1.270000000000000018, -0.8199999999999999512, 0.2349999999999980438 ) ) ;
#957 = EDGE_LOOP ( 'NONE', ( #6550, #500, #8237, #4744 ) ) ;
#958 = CARTESIAN_POINT ( 'NONE',  ( 0.6300000000000002265, 3.479999999999999538, 0.3199999999999999512 ) ) ;
#959 = VERTEX_POINT ( 'NONE', #2340 ) ;
#960 = SURFACE_STYLE_FILL_AREA ( #7762 ) ;
#961 = AXIS2_PLACEMENT_3D ( 'NONE', #3217, #4062, #8128 ) ;
#962 = B_SPLINE_CURVE_WITH_KNOTS ( 'NONE', 3,
 ( #7836, #943, #6515, #5865, #3716, #7921, #208, #6610, #8607, #8510, #4439, #1035, #3669, #6470, #248, #7339, #2272 ),
 .UNSPECIFIED., .F., .F.,
 ( 4, 2, 2, 2, 2, 1, 2, 2, 4 ),
 ( 0.000000000000000000, 0.1249999999999969191, 0.2499999999999938383, 0.3749999999999907851, 0.4999999999999877875, 0.6249999999999847899, 0.6874999999999861222, 0.7499999999999874545, 1.000000000000000000 ),
 .UNSPECIFIED. ) ;
#963 = ADVANCED_FACE ( 'NONE', ( #5162 ), #5794, .T. ) ;
#964 = DIRECTION ( 'NONE',  ( 0.000000000000000000, 0.000000000000000000, 1.000000000000000000 ) ) ;
#965 = COLOUR_RGB ( '',0.000000000000000000, 0.000000000000000000, 0.000000000000000000 ) ;
#966 = FILL_AREA_STYLE ('',( #8679 ) ) ;
#967 = CARTESIAN_POINT ( 'NONE',  ( -0.6300000000000004485, 3.392132034355963555, 0.3199999999999998956 ) ) ;
#968 = ADVANCED_FACE ( 'NONE', ( #8532 ), #2244, .T. ) ;
#969 = CARTESIAN_POINT ( 'NONE',  ( 8.890000000000000568, -0.8199999999999999512, -0.2349999999999980438 ) ) ;
#970 = VERTEX_POINT ( 'NONE', #6489 ) ;
#971 = APPLICATION_PROTOCOL_DEFINITION ( 'draft international standard', 'automotive_design', 1998, #4785 ) ;
#972 = FACE_OUTER_BOUND ( 'NONE', #7990, .T. ) ;
#973 = PRESENTATION_LAYER_ASSIGNMENT (  '', '', ( #4957 ) ) ;
#974 = FACE_OUTER_BOUND ( 'NONE', #4109, .T. ) ;
#975 = LINE ( 'NONE', #8092, #6484 ) ;
#976 = CARTESIAN_POINT ( 'NONE',  ( -1.270000000000000018, -2.609999999999999876, -0.2349999999999989875 ) ) ;
#977 = SURFACE_STYLE_USAGE ( .BOTH. , #5178 ) ;
#978 = EDGE_LOOP ( 'NONE', ( #1014, #2234, #8698, #5803 ) ) ;
#979 = CARTESIAN_POINT ( 'NONE',  ( 4.786738468369000188, -7.776250346772098844E-17, 1.070000000000000062 ) ) ;
#980 = COLOUR_RGB ( '',0.000000000000000000, 0.000000000000000000, 0.000000000000000000 ) ;
#981 = EDGE_CURVE ( 'NONE', #8733, #4644, #8271, .T. ) ;
#982 = ADVANCED_FACE ( 'NONE', ( #8445 ), #512, .T. ) ;
#983 = DIRECTION ( 'NONE',  ( -1.000000000000000000, -0.000000000000000000, -0.000000000000000000 ) ) ;
#984 = CARTESIAN_POINT ( 'NONE',  ( 1.270000000000000240, -4.629945645751342376, -1.355252715606880543E-17 ) ) ;
#985 = EDGE_CURVE ( 'NONE', #2836, #6670, #3877, .T. ) ;
#986 = ORIENTED_EDGE ( 'NONE', *, *, #7381, .F. ) ;
#987 = SURFACE_SIDE_STYLE ('',( #2956 ) ) ;
#988 = LINE ( 'NONE', #8010, #3734 ) ;
#989 = CYLINDRICAL_SURFACE ( 'NONE', #4258, 0.9150000000000000355 ) ;
#990 = CARTESIAN_POINT ( 'NONE',  ( 6.349999999999999645, -0.6699999999999866063, 0.3850000000000000089 ) ) ;
#991 = FACE_OUTER_BOUND ( 'NONE', #5579, .T. ) ;
#992 = DIRECTION ( 'NONE',  ( 0.000000000000000000, 0.000000000000000000, 1.000000000000000000 ) ) ;
#993 = CARTESIAN_POINT ( 'NONE',  ( -8.441456652252771420, 3.330000000000001403, 0.1434580550843142233 ) ) ;
#994 = CARTESIAN_POINT ( 'NONE',  ( -6.349999999999999645, 7.489960314960471877, -2.117582368135750848E-17 ) ) ;
#995 = ORIENTED_EDGE ( 'NONE', *, *, #412, .T. ) ;
#996 = CARTESIAN_POINT ( 'NONE',  ( -8.420000000000003482, -0.8199999999999998401, 0.2349999999999980715 ) ) ;
#997 = CARTESIAN_POINT ( 'NONE',  ( -8.890000000000002345, 7.492926245181917189, -0.1868300633393450705 ) ) ;
#998 = CARTESIAN_POINT ( 'NONE',  ( 1.270000000000000240, -4.537064994640259918, 0.2349999999999975719 ) ) ;
#999 = CARTESIAN_POINT ( 'NONE',  ( 7.913261531631000878, -5.327037639127341492E-17, 1.070000000000000062 ) ) ;
#1000 = VERTEX_POINT ( 'NONE', #6019 ) ;
#1001 = CARTESIAN_POINT ( 'NONE',  ( 1.270000000000000018, 3.479999999999999982, -0.3199999999999999512 ) ) ;
#1002 = ORIENTED_EDGE ( 'NONE', *, *, #3523, .T. ) ;
#1003 = CARTESIAN_POINT ( 'NONE',  ( 5.373261531630999954, 7.776250346772097611E-17, -1.070000000000000062 ) ) ;
#1004 = CARTESIAN_POINT ( 'NONE',  ( 6.349999999999999645, 0.000000000000000000, 0.000000000000000000 ) ) ;
#1005 = VECTOR ( 'NONE', #1608, 1000.000000000000000 ) ;
#1006 = CARTESIAN_POINT ( 'NONE',  ( -1.910000000000001696, 7.175000000000000711, 0.3200000000000007838 ) ) ;
#1007 = CARTESIAN_POINT ( 'NONE',  ( -3.810000000000000053, -0.4200000001333137334, 0.6649999999254396776 ) ) ;
#1008 = CYLINDRICAL_SURFACE ( 'NONE', #597, 0.2349999999999989875 ) ;
#1009 = CARTESIAN_POINT ( 'NONE',  ( -1.318393646062326008, -0.6699999999999659561, -0.3827473746590863146 ) ) ;
#1010 = ORIENTED_EDGE ( 'NONE', *, *, #7772, .F. ) ;
#1011 = FACE_OUTER_BOUND ( 'NONE', #151, .T. ) ;
#1012 = CIRCLE ( 'NONE', #8783, 0.2300000000000030076 ) ;
#1013 = EDGE_CURVE ( 'NONE', #147, #3872, #5256, .T. ) ;
#1014 = ORIENTED_EDGE ( 'NONE', *, *, #7809, .T. ) ;
#1015 = EDGE_CURVE ( 'NONE', #2879, #6640, #1145, .T. ) ;
#1016 = CARTESIAN_POINT ( 'NONE',  ( -9.530000000000001137, 3.479999999999999538, 0.3199999999999999512 ) ) ;
#1017 =( GEOMETRIC_REPRESENTATION_CONTEXT ( 3 ) GLOBAL_UNCERTAINTY_ASSIGNED_CONTEXT ( ( #8548 ) ) GLOBAL_UNIT_ASSIGNED_CONTEXT ( ( #8080, #3821, #316 ) ) REPRESENTATION_CONTEXT ( 'NONE', 'WORKASPACE' ) );
#1018 = UNCERTAINTY_MEASURE_WITH_UNIT (LENGTH_MEASURE( 1.000000000000000082E-05 ), #8787, 'distance_accuracy_value', 'NONE');
#1019 = DIRECTION ( 'NONE',  ( 0.000000000000000000, 0.000000000000000000, 1.000000000000000000 ) ) ;
#1020 = FACE_OUTER_BOUND ( 'NONE', #8775, .T. ) ;
#1021 = EDGE_CURVE ( 'NONE', #4135, #5531, #1742, .T. ) ;
#1022 = FACE_OUTER_BOUND ( 'NONE', #836, .T. ) ;
#1023 = CARTESIAN_POINT ( 'NONE',  ( 0.8845981424180707764, 3.330000000000004512, 0.2725355999315256517 ) ) ;
#1024 = ORIENTED_EDGE ( 'NONE', *, *, #8699, .F. ) ;
#1025 = CARTESIAN_POINT ( 'NONE',  ( 5.940458750857282588, 3.330000000000003624, 0.2312905507726336074 ) ) ;
#1026 = DIRECTION ( 'NONE',  ( 0.000000000000000000, 1.000000000000000000, 0.000000000000000000 ) ) ;
#1027 = CARTESIAN_POINT ( 'NONE',  ( 0.8000000000000051514, -4.537064994640259030, -0.2349999999999976275 ) ) ;
#1028 = VERTEX_POINT ( 'NONE', #3910 ) ;
#1029 = DIRECTION ( 'NONE',  ( 1.000000000000000000, 0.000000000000000000, 0.000000000000000000 ) ) ;
#1030 = DIRECTION ( 'NONE',  ( 0.000000000000000000, 0.000000000000000000, -1.000000000000000000 ) ) ;
#1031 = ADVANCED_FACE ( 'NONE', ( #3114 ), #410, .T. ) ;
#1032 = EDGE_CURVE ( 'NONE', #2835, #4060, #343, .T. ) ;
#1033 = AXIS2_PLACEMENT_3D ( 'NONE', #6871, #4806, #4887 ) ;
#1034 = DIRECTION ( 'NONE',  ( 0.000000000000000000, 0.000000000000000000, 1.000000000000000000 ) ) ;
#1035 = CARTESIAN_POINT ( 'NONE',  ( 9.121933963793098954, 3.330000000000002292, 0.4091172195759879004 ) ) ;
#1036 = CARTESIAN_POINT ( 'NONE',  ( -6.349999999999999645, -0.4200000000196268957, -0.6649999999718599897 ) ) ;
#1037 = FACE_BOUND ( 'NONE', #6457, .T. ) ;
#1038 = CARTESIAN_POINT ( 'NONE',  ( 3.664989869699841307, 3.330000000000002292, 0.4473128447807977470 ) ) ;
#1039 =( NAMED_UNIT ( * ) SI_UNIT ( $, .STERADIAN. ) SOLID_ANGLE_UNIT ( ) );
#1040 = CARTESIAN_POINT ( 'NONE',  ( 6.349999999999999645, 3.329999999999999183, -0.4700000000000008060 ) ) ;
#1041 = EDGE_LOOP ( 'NONE', ( #7010, #2993, #4099, #1095 ) ) ;
#1042 = CARTESIAN_POINT ( 'NONE',  ( -3.810000000000000053, 3.330000000000000071, 0.000000000000000000 ) ) ;
#1043 = CARTESIAN_POINT ( 'NONE',  ( -8.890000000000000568, 7.489960314960471877, -2.117582368135750848E-17 ) ) ;
#1044 = CARTESIAN_POINT ( 'NONE',  ( -1.270000000000000018, -0.6699999999999979305, -0.3849999999999999534 ) ) ;
#1045 = VECTOR ( 'NONE', #4992, 1000.000000000000000 ) ;
#1046 = ORIENTED_EDGE ( 'NONE', *, *, #4281, .F. ) ;
#1047 = CARTESIAN_POINT ( 'NONE',  ( 3.810000000000000053, 7.174999999999999822, 0.3200000000000000067 ) ) ;
#1048 = EDGE_LOOP ( 'NONE', ( #6126, #728, #5983 ) ) ;
#1049 = DIRECTION ( 'NONE',  ( 0.000000000000000000, 1.000000000000000000, 0.000000000000000000 ) ) ;
#1050 = ORIENTED_EDGE ( 'NONE', *, *, #8814, .T. ) ;
#1051 = VECTOR ( 'NONE', #1429, 1000.000000000000000 ) ;
#1052 = CARTESIAN_POINT ( 'NONE',  ( -9.123040497964337803, 3.330000000000002736, 0.4133090432413318305 ) ) ;
#1053 = SURFACE_STYLE_USAGE ( .BOTH. , #7316 ) ;
#1054 =( NAMED_UNIT ( * ) PLANE_ANGLE_UNIT ( ) SI_UNIT ( $, .RADIAN. ) );
#1055 = SURFACE_STYLE_USAGE ( .BOTH. , #2343 ) ;
#1056 = CARTESIAN_POINT ( 'NONE',  ( 5.755735931288071150, -0.6699999999999974865, 0.2971320343559635258 ) ) ;
#1057 = ORIENTED_EDGE ( 'NONE', *, *, #276, .F. ) ;
#1058 = FACE_OUTER_BOUND ( 'NONE', #4398, .T. ) ;
#1059 = EDGE_LOOP ( 'NONE', ( #3702, #781, #3601, #6940 ) ) ;
#1060 = ADVANCED_FACE ( 'NONE', ( #1312 ), #1817, .T. ) ;
#1061 = ORIENTED_EDGE ( 'NONE', *, *, #6837, .T. ) ;
#1062 = PLANE ( 'NONE',  #7401 ) ;
#1063 = LINE ( 'NONE', #3181, #5282 ) ;
#1064 = LINE ( 'NONE', #7373, #1677 ) ;
#1065 = AXIS2_PLACEMENT_3D ( 'NONE', #3936, #7572, #8839 ) ;
#1066 = AXIS2_PLACEMENT_3D ( 'NONE', #7958, #8503, #7831 ) ;
#1067 = DIRECTION ( 'NONE',  ( -0.000000000000000000, -1.000000000000000000, -0.000000000000000000 ) ) ;
#1068 = EDGE_CURVE ( 'NONE', #2871, #4312, #6383, .T. ) ;
#1069 =( GEOMETRIC_REPRESENTATION_CONTEXT ( 3 ) GLOBAL_UNCERTAINTY_ASSIGNED_CONTEXT ( ( #3133 ) ) GLOBAL_UNIT_ASSIGNED_CONTEXT ( ( #1857, #6088, #4890 ) ) REPRESENTATION_CONTEXT ( 'NONE', 'WORKASPACE' ) );
#1070 = LINE ( 'NONE', #2353, #6337 ) ;
#1071 = DIRECTION ( 'NONE',  ( 0.000000000000000000, 1.000000000000000000, 4.075948017099156388E-17 ) ) ;
#1072 = SURFACE_STYLE_FILL_AREA ( #6136 ) ;
#1073 = ORIENTED_EDGE ( 'NONE', *, *, #6161, .T. ) ;
#1074 = CARTESIAN_POINT ( 'NONE',  ( -1.270000000000000018, 2.799999999999999822, 0.000000000000000000 ) ) ;
#1075 = CARTESIAN_POINT ( 'NONE',  ( 2.485733098857910051, 5.327037639127340260E-17, -0.8699999999999999956 ) ) ;
#1076 = SURFACE_STYLE_FILL_AREA ( #341 ) ;
#1077 = LINE ( 'NONE', #1125, #7842 ) ;
#1078 = CARTESIAN_POINT ( 'NONE',  ( -1.270000000000000240, 7.489960314960472765, 2.117582368135750848E-17 ) ) ;
#1079 = SURFACE_STYLE_FILL_AREA ( #3894 ) ;
#1080 = CARTESIAN_POINT ( 'NONE',  ( 7.114264068711928957, 3.329999999999999183, 0.3821320343559646004 ) ) ;
#1081 = CARTESIAN_POINT ( 'NONE',  ( -1.270000000000000018, 1.967086183247610087, 0.9150000000000000355 ) ) ;
#1082 = EDGE_CURVE ( 'NONE', #4174, #4157, #722, .T. ) ;
#1083 = CARTESIAN_POINT ( 'NONE',  ( 9.359999999999995879, -4.537064994640259030, 0.2349999999999976275 ) ) ;
#1084 = MECHANICAL_DESIGN_GEOMETRIC_PRESENTATION_REPRESENTATION (  '', ( #352 ), #7413 ) ;
#1085 = ORIENTED_EDGE ( 'NONE', *, *, #7190, .F. ) ;
#1086 = CARTESIAN_POINT ( 'NONE',  ( -8.914389293864831032, -0.6699999999999678435, -0.3850000000000000644 ) ) ;
#1087 = LINE ( 'NONE', #7535, #8278 ) ;
#1088 = CARTESIAN_POINT ( 'NONE',  ( -8.890000000000000568, 7.174999999999999822, 0.005000000000000779862 ) ) ;
#1089 = CARTESIAN_POINT ( 'NONE',  ( 3.810000000000000053, 7.489960314960471877, 2.117582368135750848E-17 ) ) ;
#1090 = AXIS2_PLACEMENT_3D ( 'NONE', #1816, #5460, #7434 ) ;
#1091 = STYLED_ITEM ( 'NONE', ( #3483 ), #1810 ) ;
#1092 = DIRECTION ( 'NONE',  ( 0.000000000000000000, -1.000000000000000000, -6.123031769111889989E-17 ) ) ;
#1093 = ORIENTED_EDGE ( 'NONE', *, *, #8885, .F. ) ;
#1094 = CARTESIAN_POINT ( 'NONE',  ( 0.6300000000000002265, 3.479999999999999538, -0.3199999999999999512 ) ) ;
#1095 = ORIENTED_EDGE ( 'NONE', *, *, #5873, .F. ) ;
#1096 = CARTESIAN_POINT ( 'NONE',  ( 6.350000000000000533, 7.361853603950962111, 0.3200000000000008948 ) ) ;
#1097 = CARTESIAN_POINT ( 'NONE',  ( 0.3865230632619995332, 2.799999999999999822, -1.270000000000000018 ) ) ;
#1098 = CARTESIAN_POINT ( 'NONE',  ( -3.810000000000000053, 3.329999999999999183, -0.4700000000000004730 ) ) ;
#1099 = AXIS2_PLACEMENT_3D ( 'NONE', #8059, #850, #1631 ) ;
#1100 = SURFACE_SIDE_STYLE ('',( #496 ) ) ;
#1101 = UNCERTAINTY_MEASURE_WITH_UNIT (LENGTH_MEASURE( 1.000000000000000082E-05 ), #3412, 'distance_accuracy_value', 'NONE');
#1102 = DIRECTION ( 'NONE',  ( -0.9063077870366482713, 2.587705042845171132E-17, -0.4226182617407031605 ) ) ;
#1103 = CARTESIAN_POINT ( 'NONE',  ( 3.810000000000000053, 1.967086183247610087, 0.000000000000000000 ) ) ;
#1104 =( BOUNDED_SURFACE ( )  B_SPLINE_SURFACE ( 3, 3, ( 
 ( #370, #3076, #5217, #1842 ),
 ( #4472, #5171, #1708, #4654 ),
 ( #3176, #967, #5302, #1107 ),
 ( #7991, #8084, #7944, #5891 ) ),
 .UNSPECIFIED., .F., .F., .F. ) 
 B_SPLINE_SURFACE_WITH_KNOTS ( ( 4, 4 ),
 ( 4, 4 ),
 ( 0.000000000000000000, 1.000000000000000000 ),
 ( 0.000000000000000000, 1.000000000000000000 ),
 .UNSPECIFIED. ) 
 GEOMETRIC_REPRESENTATION_ITEM ( )  RATIONAL_B_SPLINE_SURFACE ( (
 ( 1.000000000000000000, 0.3333333333333334259, 0.3333333333333334259, 1.000000000000000000),
 ( 0.8047378541243658256, 0.2682459513747886826, 0.2682459513747886826, 0.8047378541243658256),
 ( 0.8047378541243658256, 0.2682459513747886826, 0.2682459513747886826, 0.8047378541243658256),
 ( 1.000000000000000000, 0.3333333333333334259, 0.3333333333333334259, 1.000000000000000000) ) ) 
 REPRESENTATION_ITEM ( '' )  SURFACE ( )  );
#1105 = CARTESIAN_POINT ( 'NONE',  ( -6.349999999999999645, -0.8199999999999999512, 0.2349999999999980160 ) ) ;
#1106 = EDGE_LOOP ( 'NONE', ( #3464, #5271, #4685, #5399 ) ) ;
#1107 = CARTESIAN_POINT ( 'NONE',  ( -1.270000000000000018, 3.392132034355963555, -0.3199999999999999512 ) ) ;
#1108 = AXIS2_PLACEMENT_3D ( 'NONE', #4516, #7942, #5169 ) ;
#1109 = ORIENTED_EDGE ( 'NONE', *, *, #1249, .F. ) ;
#1110 = CARTESIAN_POINT ( 'NONE',  ( -1.270000000000000018, 3.330000000000000515, 0.4699999999999997513 ) ) ;
#1111 = UNCERTAINTY_MEASURE_WITH_UNIT (LENGTH_MEASURE( 1.000000000000000082E-05 ), #308, 'distance_accuracy_value', 'NONE');
#1112 = CARTESIAN_POINT ( 'NONE',  ( 6.944264068711927251, -0.6699999999999974865, -0.2971320343559635258 ) ) ;
#1113 = AXIS2_PLACEMENT_3D ( 'NONE', #4442, #2963, #3762 ) ;
#1114 = EDGE_LOOP ( 'NONE', ( #8680, #7925, #7310, #5047 ) ) ;
#1115 = CARTESIAN_POINT ( 'NONE',  ( -2.153476936738000003, -7.776250346772100076E-17, 1.270000000000000018 ) ) ;
#1116 = ADVANCED_FACE ( 'NONE', ( #765 ), #8475, .T. ) ;
#1117 = DIRECTION ( 'NONE',  ( 0.000000000000000000, 1.000000000000000000, 0.000000000000000000 ) ) ;
#1118 = FACE_OUTER_BOUND ( 'NONE', #7044, .T. ) ;
#1119 = DIRECTION ( 'NONE',  ( 0.000000000000000000, 1.000000000000000000, 4.075948017540437167E-17 ) ) ;
#1120 = MECHANICAL_DESIGN_GEOMETRIC_PRESENTATION_REPRESENTATION (  '', ( #8594 ), #8754 ) ;
#1121 = FILL_AREA_STYLE_COLOUR ( '', #8110 ) ;
#1122 = ORIENTED_EDGE ( 'NONE', *, *, #1938, .F. ) ;
#1123 = FACE_OUTER_BOUND ( 'NONE', #6281, .T. ) ;
#1124 = LINE ( 'NONE', #1723, #7773 ) ;
#1125 = CARTESIAN_POINT ( 'NONE',  ( -8.890000000000000568, -0.2100000000000000200, -0.6650000000000000355 ) ) ;
#1126 = CIRCLE ( 'NONE', #1712, 0.3150000000000000022 ) ;
#1127 = CARTESIAN_POINT ( 'NONE',  ( -0.6299999999999986722, 7.175000000000000711, 0.3200000000000007838 ) ) ;
#1128 = FACE_BOUND ( 'NONE', #8020, .T. ) ;
#1129 = PRESENTATION_LAYER_ASSIGNMENT (  '', '', ( #3180 ) ) ;
#1130 = CARTESIAN_POINT ( 'NONE',  ( 3.736235381267281941, 3.330000000000002736, 0.4658750626874176848 ) ) ;
#1131 = LINE ( 'NONE', #6749, #7682 ) ;
#1132 = CARTESIAN_POINT ( 'NONE',  ( -6.349999999999999645, 7.489960314960472765, 2.117582368135750848E-17 ) ) ;
#1133 = EDGE_CURVE ( 'NONE', #239, #5715, #5502, .T. ) ;
#1134 = ORIENTED_EDGE ( 'NONE', *, *, #6789, .T. ) ;
#1135 = DIRECTION ( 'NONE',  ( -1.000000000000000000, 0.000000000000000000, -1.224646799147353207E-16 ) ) ;
#1136 = CARTESIAN_POINT ( 'NONE',  ( 3.500476620065138711, -0.6699999999999463052, 0.2348443923207813588 ) ) ;
#1137 = LINE ( 'NONE', #8801, #5112 ) ;
#1138 = CARTESIAN_POINT ( 'NONE',  ( 6.349999999999999645, 7.776250346772100076E-17, -1.270000000000000018 ) ) ;
#1139 = VERTEX_POINT ( 'NONE', #6391 ) ;
#1140 = CARTESIAN_POINT ( 'NONE',  ( 4.183736873295430314, -0.6699999999999970424, -0.09531021239243449295 ) ) ;
#1141 = ORIENTED_EDGE ( 'NONE', *, *, #1700, .T. ) ;
#1142 = CARTESIAN_POINT ( 'NONE',  ( -3.839793745454809670, 3.330000000000003624, 0.4699999999999999178 ) ) ;
#1143 = ORIENTED_EDGE ( 'NONE', *, *, #8209, .T. ) ;
#1144 = CARTESIAN_POINT ( 'NONE',  ( 6.350000000000000533, 7.361853603950962111, -0.3200000000000008948 ) ) ;
#1145 = LINE ( 'NONE', #1003, #8406 ) ;
#1146 = CARTESIAN_POINT ( 'NONE',  ( -3.810000000000000497, 3.392132034355963555, 0.3199999999999999512 ) ) ;
#1147 =( NAMED_UNIT ( * ) PLANE_ANGLE_UNIT ( ) SI_UNIT ( $, .RADIAN. ) );
#1148 = CIRCLE ( 'NONE', #2318, 0.2349999999999989875 ) ;
#1149 = CARTESIAN_POINT ( 'NONE',  ( -1.739999999999995106, -4.537064994640259030, 0.2349999999999976275 ) ) ;
#1150 = CARTESIAN_POINT ( 'NONE',  ( 9.314013881836340047, 3.330000000000001847, -0.2032625421542317568 ) ) ;
#1151 = CARTESIAN_POINT ( 'NONE',  ( -1.643787120120441037, -0.6699999999999416422, 0.09550504733246725775 ) ) ;
#1152 = ORIENTED_EDGE ( 'NONE', *, *, #5415, .F. ) ;
#1153 = CARTESIAN_POINT ( 'NONE',  ( 1.270000000000000018, 0.000000000000000000, 0.000000000000000000 ) ) ;
#1154 = ORIENTED_EDGE ( 'NONE', *, *, #8842, .F. ) ;
#1155 = DIRECTION ( 'NONE',  ( -1.000000000000000000, 3.492836481966780137E-15, 0.000000000000000000 ) ) ;
#1156 = CARTESIAN_POINT ( 'NONE',  ( 1.270000000000000018, -0.8199999999999999512, 0.2349999999999980160 ) ) ;
#1157 =( BOUNDED_SURFACE ( )  B_SPLINE_SURFACE ( 3, 3, ( 
 ( #3271, #6131, #6220, #6083 ),
 ( #6949, #2621, #1203, #7642 ),
 ( #511, #4663, #643, #2714 ),
 ( #553, #3367, #7517, #9011 ) ),
 .UNSPECIFIED., .F., .F., .F. ) 
 B_SPLINE_SURFACE_WITH_KNOTS ( ( 4, 4 ),
 ( 4, 4 ),
 ( 0.000000000000000000, 1.000000000000000000 ),
 ( 0.000000000000000000, 1.000000000000000000 ),
 .UNSPECIFIED. ) 
 GEOMETRIC_REPRESENTATION_ITEM ( )  RATIONAL_B_SPLINE_SURFACE ( (
 ( 1.000000000000000000, 0.3333333333333334259, 0.3333333333333334259, 1.000000000000000000),
 ( 0.8047378541243646044, 0.2682459513747882940, 0.2682459513747882940, 0.8047378541243646044),
 ( 0.8047378541243646044, 0.2682459513747882940, 0.2682459513747882940, 0.8047378541243646044),
 ( 1.000000000000000000, 0.3333333333333334259, 0.3333333333333334259, 1.000000000000000000) ) ) 
 REPRESENTATION_ITEM ( '' )  SURFACE ( )  );
#1158 = CARTESIAN_POINT ( 'NONE',  ( 3.169999999999998597, 7.175000000000000711, -0.3200000000000007838 ) ) ;
#1159 = CARTESIAN_POINT ( 'NONE',  ( -6.349999999999999645, 7.776250346772100076E-17, -1.270000000000000018 ) ) ;
#1160 = ORIENTED_EDGE ( 'NONE', *, *, #3157, .F. ) ;
#1161 = DIRECTION ( 'NONE',  ( -0.000000000000000000, -1.000000000000000000, -0.000000000000000000 ) ) ;
#1162 = CARTESIAN_POINT ( 'NONE',  ( 8.890000000000000568, -0.2100000000000000200, 0.6650000000000000355 ) ) ;
#1163 = VERTEX_POINT ( 'NONE', #6525 ) ;
#1164 = DIRECTION ( 'NONE',  ( 0.000000000000000000, -6.123031769111889989E-17, 1.000000000000000000 ) ) ;
#1165 = CARTESIAN_POINT ( 'NONE',  ( 8.890000000000000568, -4.630000000000003446, -7.625571271977343211E-17 ) ) ;
#1166 = DIRECTION ( 'NONE',  ( 0.000000000000000000, 0.000000000000000000, 1.000000000000000000 ) ) ;
#1167 = CARTESIAN_POINT ( 'NONE',  ( 3.810000000000000497, -4.537064994640259918, 0.2349999999999975719 ) ) ;
#1168 = CARTESIAN_POINT ( 'NONE',  ( -1.270000000000000240, 7.492926245181917189, -0.1868300633393450705 ) ) ;
#1169 = CARTESIAN_POINT ( 'NONE',  ( 4.502500000000000391, 3.330000000000000071, 0.000000000000000000 ) ) ;
#1170 = CARTESIAN_POINT ( 'NONE',  ( 3.378482449088818118, 3.330000000000004068, 0.1868098221246412838 ) ) ;
#1171 = FACE_OUTER_BOUND ( 'NONE', #144, .T. ) ;
#1172 = ORIENTED_EDGE ( 'NONE', *, *, #4777, .T. ) ;
#1173 = CARTESIAN_POINT ( 'NONE',  ( -9.272797621484150099, -0.6699999999999413092, 0.04826622627185644249 ) ) ;
#1174 = CARTESIAN_POINT ( 'NONE',  ( -2.339999999999999858, 5.939340816038532217E-17, -0.8699999999999999956 ) ) ;
#1175 = CARTESIAN_POINT ( 'NONE',  ( -8.890000000000000568, -0.6699999999999979305, 0.3849999999999999534 ) ) ;
#1176 =( LENGTH_UNIT ( ) NAMED_UNIT ( * ) SI_UNIT ( .MILLI., .METRE. ) );
#1177 = EDGE_LOOP ( 'NONE', ( #5099, #6669, #6695, #1337 ) ) ;
#1178 = EDGE_CURVE ( 'NONE', #5096, #2144, #2233, .T. ) ;
#1179 = CARTESIAN_POINT ( 'NONE',  ( 3.962947506021654132, -0.6699999999999809441, -0.3534632452272084002 ) ) ;
#1180 = CIRCLE ( 'NONE', #5595, 0.9150000000000000355 ) ;
#1181 = ORIENTED_EDGE ( 'NONE', *, *, #6547, .T. ) ;
#1182 =( LENGTH_UNIT ( ) NAMED_UNIT ( * ) SI_UNIT ( .MILLI., .METRE. ) );
#1183 = PRESENTATION_LAYER_ASSIGNMENT (  '', '', ( #6775 ) ) ;
#1184 = ORIENTED_EDGE ( 'NONE', *, *, #8804, .F. ) ;
#1185 = CARTESIAN_POINT ( 'NONE',  ( -8.890000000000000568, -0.4200000000196268957, 0.6649999999614377710 ) ) ;
#1186 = CARTESIAN_POINT ( 'NONE',  ( 6.349999999999999645, 3.330000000000000515, -0.4700000000000001954 ) ) ;
#1187 = FILL_AREA_STYLE_COLOUR ( '', #767 ) ;
#1188 =( LENGTH_UNIT ( ) NAMED_UNIT ( * ) SI_UNIT ( .MILLI., .METRE. ) );
#1189 = CONICAL_SURFACE ( 'NONE', #5755, 0.6649999999927059813, 0.7853981633974482790 ) ;
#1190 = CARTESIAN_POINT ( 'NONE',  ( -1.544065206108331312, -4.632925319547867460, 0.1370326030541655082 ) ) ;
#1191 = DIRECTION ( 'NONE',  ( -1.000000000000000000, 0.000000000000000000, -1.224646799147353207E-16 ) ) ;
#1192 = EDGE_LOOP ( 'NONE', ( #5594, #1709, #3697 ) ) ;
#1193 = CARTESIAN_POINT ( 'NONE',  ( -6.349999999999999645, 7.489960314960471877, 2.117582368135750848E-17 ) ) ;
#1194 = CARTESIAN_POINT ( 'NONE',  ( 3.810000000000000053, 2.799999999999999822, -1.269999999999999796 ) ) ;
#1195 = EDGE_LOOP ( 'NONE', ( #1659, #5658, #5751, #1198 ) ) ;
#1196 = LINE ( 'NONE', #3320, #7926 ) ;
#1197 = CIRCLE ( 'NONE', #8822, 0.9150000000000000355 ) ;
#1198 = ORIENTED_EDGE ( 'NONE', *, *, #1758, .F. ) ;
#1199 = EDGE_CURVE ( 'NONE', #5562, #5582, #7255, .T. ) ;
#1200 = UNCERTAINTY_MEASURE_WITH_UNIT (LENGTH_MEASURE( 1.000000000000000082E-05 ), #5161, 'distance_accuracy_value', 'NONE');
#1201 = LINE ( 'NONE', #7468, #6163 ) ;
#1202 = VERTEX_POINT ( 'NONE', #8612 ) ;
#1203 = CARTESIAN_POINT ( 'NONE',  ( 1.739999999999996216, -0.7321320343559629684, -0.2349999999999980160 ) ) ;
#1204 = DIRECTION ( 'NONE',  ( 0.000000000000000000, 0.000000000000000000, 1.000000000000000000 ) ) ;
#1205 = CARTESIAN_POINT ( 'NONE',  ( 0.9148145950528692172, 3.330000000000004512, 0.3095472568615619258 ) ) ;
#1206 = CARTESIAN_POINT ( 'NONE',  ( 1.718543347747220285, 3.330000000000001403, 0.1434580550843355951 ) ) ;
#1207 =( BOUNDED_SURFACE ( )  B_SPLINE_SURFACE ( 3, 3, ( 
 ( #4525, #1665, #1756, #5361 ),
 ( #7287, #5309, #4616, #3274 ),
 ( #4664, #3224, #280, #5948 ),
 ( #7374, #1158, #5897, #5224 ) ),
 .UNSPECIFIED., .F., .F., .F. ) 
 B_SPLINE_SURFACE_WITH_KNOTS ( ( 4, 4 ),
 ( 4, 4 ),
 ( 0.000000000000000000, 1.000000000000000000 ),
 ( 0.000000000000000000, 1.000000000000000000 ),
 .UNSPECIFIED. ) 
 GEOMETRIC_REPRESENTATION_ITEM ( )  RATIONAL_B_SPLINE_SURFACE ( (
 ( 1.000000000000000000, 0.3333333333333334259, 0.3333333333333334259, 1.000000000000000000),
 ( 0.8009815829414672628, 0.2669938609804891616, 0.2669938609804891616, 0.8009815829414672628),
 ( 0.8009815829414672628, 0.2669938609804891616, 0.2669938609804891616, 0.8009815829414672628),
 ( 1.000000000000000000, 0.3333333333333334259, 0.3333333333333334259, 1.000000000000000000) ) ) 
 REPRESENTATION_ITEM ( '' )  SURFACE ( )  );
#1208 = ORIENTED_EDGE ( 'NONE', *, *, #2735, .T. ) ;
#1209 = EDGE_CURVE ( 'NONE', #6739, #3498, #1549, .T. ) ;
#1210 = STYLED_ITEM ( 'NONE', ( #5787 ), #8438 ) ;
#1211 = AXIS2_PLACEMENT_3D ( 'NONE', #482, #8895, #2596 ) ;
#1212 = DIRECTION ( 'NONE',  ( 0.000000000000000000, 1.000000000000000000, 0.000000000000000000 ) ) ;
#1213 = CARTESIAN_POINT ( 'NONE',  ( 9.265989498636345800, -0.6699999999999970424, 0.09679229181997836551 ) ) ;
#1214 = CARTESIAN_POINT ( 'NONE',  ( -6.350000000000001421, -4.537064994640259918, -0.2349999999999975719 ) ) ;
#1215 = CARTESIAN_POINT ( 'NONE',  ( 6.750000000000000000, -0.6699999999999990408, 0.000000000000000000 ) ) ;
#1216 = CIRCLE ( 'NONE', #625, 0.6650000000000000355 ) ;
#1217 = CARTESIAN_POINT ( 'NONE',  ( 7.290000000000000924, 3.329999999999999183, -0.4700000000000008060 ) ) ;
#1218 = AXIS2_PLACEMENT_3D ( 'NONE', #2448, #4528, #3227 ) ;
#1219 = LINE ( 'NONE', #3941, #8691 ) ;
#1220 = CARTESIAN_POINT ( 'NONE',  ( 6.349999999999999645, -0.4200000000196268957, 0.000000000000000000 ) ) ;
#1221 = ORIENTED_EDGE ( 'NONE', *, *, #7656, .F. ) ;
#1222 = CARTESIAN_POINT ( 'NONE',  ( -9.143592476167953009, -0.6699999999999507461, 0.2909319699747992538 ) ) ;
#1223 = VECTOR ( 'NONE', #473, 1000.000000000000000 ) ;
#1224 = CARTESIAN_POINT ( 'NONE',  ( 3.810000000000000053, -0.6699999999999866063, -0.3849999999999998979 ) ) ;
#1225 = CARTESIAN_POINT ( 'NONE',  ( 4.574264068711928033, 3.329999999999999627, 0.3821320343559643784 ) ) ;
#1226 = EDGE_CURVE ( 'NONE', #8610, #5735, #857, .T. ) ;
#1227 = CARTESIAN_POINT ( 'NONE',  ( -3.501936296574230667, -0.6699999999999922684, -0.2324040746320518991 ) ) ;
#1228 = ORIENTED_EDGE ( 'NONE', *, *, #1642, .F. ) ;
#1229 = CARTESIAN_POINT ( 'NONE',  ( 4.195000000000000284, -0.6699999999999979305, 2.710505431213761085E-17 ) ) ;
#1230 = VERTEX_POINT ( 'NONE', #7887 ) ;
#1231 = CARTESIAN_POINT ( 'NONE',  ( -3.996852539726434728, 3.330000000000003624, -0.4315005850825660572 ) ) ;
#1232 = ORIENTED_EDGE ( 'NONE', *, *, #6789, .F. ) ;
#1233 = FACE_OUTER_BOUND ( 'NONE', #6806, .T. ) ;
#1234 = EDGE_CURVE ( 'NONE', #8605, #5955, #6958, .T. ) ;
#1235 = CARTESIAN_POINT ( 'NONE',  ( 8.889999999999998792, -0.7321320343559629684, 0.2349999999999980715 ) ) ;
#1236 = STYLED_ITEM ( 'NONE', ( #8963 ), #1540 ) ;
#1237 = DIRECTION ( 'NONE',  ( 2.345257230884581992E-17, -1.000000000000000000, -1.093611407104877670E-17 ) ) ;
#1238 = EDGE_LOOP ( 'NONE', ( #3713, #3489 ) ) ;
#1239 = DIRECTION ( 'NONE',  ( 0.000000000000000000, 0.000000000000000000, 1.000000000000000000 ) ) ;
#1240 = CARTESIAN_POINT ( 'NONE',  ( 1.270000000000000018, 3.479999999999999982, 0.3199999999999999512 ) ) ;
#1241 = FACE_OUTER_BOUND ( 'NONE', #6454, .T. ) ;
#1242 = VERTEX_POINT ( 'NONE', #3533 ) ;
#1243 = VECTOR ( 'NONE', #7387, 1000.000000000000000 ) ;
#1244 = EDGE_CURVE ( 'NONE', #3178, #8344, #2826, .T. ) ;
#1245 = CARTESIAN_POINT ( 'NONE',  ( 6.349999999999999645, -0.6699999999568717612, 0.4150000000298862401 ) ) ;
#1246 = CARTESIAN_POINT ( 'NONE',  ( 7.326738468369000223, 6.551643992949719860E-17, -1.070000000000000062 ) ) ;
#1247 = DIRECTION ( 'NONE',  ( -0.000000000000000000, -1.000000000000000000, -0.000000000000000000 ) ) ;
#1248 = FILL_AREA_STYLE_COLOUR ( '', #1529 ) ;
#1249 = EDGE_CURVE ( 'NONE', #2025, #444, #7751, .T. ) ;
#1250 = B_SPLINE_CURVE_WITH_KNOTS ( 'NONE', 3,
 ( #6780, #5450, #3880, #8048, #1757, #3328, #3275, #6085, #1205, #1023, #4023, #8232, #4571, #8877, #3833, #328, #3137, #5949, #2446, #6690, #378, #3183, #39, #6869, #4757, #6439, #5072, #3370, #4071 ),
 .UNSPECIFIED., .F., .F.,
 ( 4, 1, 2, 2, 2, 1, 2, 2, 2, 2, 2, 2, 1, 2, 2, 4 ),
 ( 0.000000000000000000, 0.06249999999999983347, 0.09374999999999997224, 0.1250000000000001110, 0.2500000000000003331, 0.3125000000000002776, 0.3437500000000002220, 0.3750000000000002220, 0.5000000000000000000, 0.5624999999999998890, 0.6249999999999997780, 0.7499999999999995559, 0.8124999999999993339, 0.8437499999999993339, 0.8749999999999992228, 1.000000000000000000 ),
 .UNSPECIFIED. ) ;
#1251 = CARTESIAN_POINT ( 'NONE',  ( -4.693476936737999594, 2.799999999999999822, -1.270000000000000018 ) ) ;
#1252 = CARTESIAN_POINT ( 'NONE',  ( 7.420000000000000817, -6.551643992949719860E-17, 0.8700000000000002176 ) ) ;
#1253 = MECHANICAL_DESIGN_GEOMETRIC_PRESENTATION_REPRESENTATION (  '', ( #8146 ), #9024 ) ;
#1254 = ORIENTED_EDGE ( 'NONE', *, *, #7269, .T. ) ;
#1255 = CARTESIAN_POINT ( 'NONE',  ( -0.8214566522527799730, 3.330000000000001403, 0.1434580550843327085 ) ) ;
#1256 = PLANE ( 'NONE',  #3863 ) ;
#1257 = CARTESIAN_POINT ( 'NONE',  ( 8.476690956758591966, 3.330000000000004068, -0.2330404979641977625 ) ) ;
#1258 = CARTESIAN_POINT ( 'NONE',  ( 9.275000000000002132, -0.6699999999999979305, 0.04955347075953799030 ) ) ;
#1259 = ADVANCED_FACE ( 'NONE', ( #6009 ), #264, .T. ) ;
#1260 = EDGE_CURVE ( 'NONE', #6495, #4135, #5918, .T. ) ;
#1261 = CARTESIAN_POINT ( 'NONE',  ( 6.349999999999999645, 2.799999999999999822, 0.000000000000000000 ) ) ;
#1262 = CARTESIAN_POINT ( 'NONE',  ( 1.270000000000000018, -0.2100000000000000200, 0.000000000000000000 ) ) ;
#1263 =( GEOMETRIC_REPRESENTATION_CONTEXT ( 3 ) GLOBAL_UNCERTAINTY_ASSIGNED_CONTEXT ( ( #1111 ) ) GLOBAL_UNIT_ASSIGNED_CONTEXT ( ( #308, #8026, #7894 ) ) REPRESENTATION_CONTEXT ( 'NONE', 'WORKASPACE' ) );
#1264 = CARTESIAN_POINT ( 'NONE',  ( 4.120015193603670411, 3.330000000000000959, 0.3548770198077328408 ) ) ;
#1265 = FACE_OUTER_BOUND ( 'NONE', #2478, .T. ) ;
#1266 = ORIENTED_EDGE ( 'NONE', *, *, #582, .F. ) ;
#1267 = MECHANICAL_DESIGN_GEOMETRIC_PRESENTATION_REPRESENTATION (  '', ( #3924 ), #5685 ) ;
#1268 = CARTESIAN_POINT ( 'NONE',  ( -6.349999999999999645, -4.629945645751342376, -1.355252715606880543E-17 ) ) ;
#1269 = CARTESIAN_POINT ( 'NONE',  ( 3.810000000000000497, -4.632925319547866572, -0.1370326030541654527 ) ) ;
#1270 = FACE_OUTER_BOUND ( 'NONE', #7559, .T. ) ;
#1271 = CARTESIAN_POINT ( 'NONE',  ( 4.118063703425817401, -0.6699999999999923794, -0.2324040746319949446 ) ) ;
#1272 = EDGE_LOOP ( 'NONE', ( #3516, #3014, #6808, #2338 ) ) ;
#1273 = CARTESIAN_POINT ( 'NONE',  ( -4.041290550772703050, 3.330000000000003624, -0.4095412491426138613 ) ) ;
#1274 = ORIENTED_EDGE ( 'NONE', *, *, #9007, .F. ) ;
#1275 = PRESENTATION_STYLE_ASSIGNMENT (( #1925 ) ) ;
#1276 = CARTESIAN_POINT ( 'NONE',  ( -8.890000000000000568, -4.629945645751342376, -1.355252715606880543E-17 ) ) ;
#1277 = CARTESIAN_POINT ( 'NONE',  ( -3.810000000000000053, -0.6699999999999979305, -0.2971320343559630262 ) ) ;
#1278 = ORIENTED_EDGE ( 'NONE', *, *, #1637, .F. ) ;
#1279 = CARTESIAN_POINT ( 'NONE',  ( -1.270000000000000018, 3.479999999999999982, -0.4700000000000009726 ) ) ;
#1280 = LINE ( 'NONE', #1194, #1844 ) ;
#1281 = CARTESIAN_POINT ( 'NONE',  ( 8.006523063262001472, -6.551643992949721092E-17, 1.269999999999999352 ) ) ;
#1282 = VERTEX_POINT ( 'NONE', #4449 ) ;
#1283 = AXIS2_PLACEMENT_3D ( 'NONE', #1279, #4651, #1321 ) ;
#1284 = DIRECTION ( 'NONE',  ( 0.000000000000000000, 1.000000000000000000, 0.000000000000000000 ) ) ;
#1285 = ORIENTED_EDGE ( 'NONE', *, *, #8845, .T. ) ;
#1286 =( NAMED_UNIT ( * ) SI_UNIT ( $, .STERADIAN. ) SOLID_ANGLE_UNIT ( ) );
#1287 = EDGE_CURVE ( 'NONE', #3128, #40, #5194, .T. ) ;
#1288 = DIRECTION ( 'NONE',  ( 0.000000000000000000, 0.000000000000000000, 1.000000000000000000 ) ) ;
#1289 = ADVANCED_FACE ( 'NONE', ( #6574 ), #5328, .T. ) ;
#1290 = DIRECTION ( 'NONE',  ( 0.000000000000000000, 0.000000000000000000, 1.000000000000000000 ) ) ;
#1291 = EDGE_LOOP ( 'NONE', ( #7792, #2783, #4984, #795 ) ) ;
#1292 = ADVANCED_FACE ( 'NONE', ( #4541 ), #8077, .F. ) ;
#1293 = AXIS2_PLACEMENT_3D ( 'NONE', #1849, #4661, #6082 ) ;
#1294 = CARTESIAN_POINT ( 'NONE',  ( -6.349999999999999645, -0.6700000000137151801, 0.4149999999777717052 ) ) ;
#1295 = PRESENTATION_STYLE_ASSIGNMENT (( #6182 ) ) ;
#1296 = CARTESIAN_POINT ( 'NONE',  ( 1.294174457377946563, -0.6699999999999712852, 0.3850000000000000089 ) ) ;
#1297 = CARTESIAN_POINT ( 'NONE',  ( -3.606737457845807793, 3.330000000000001847, 0.4240138818363742290 ) ) ;
#1298 = CARTESIAN_POINT ( 'NONE',  ( 1.270000000000000018, -0.8199999999999999512, 0.3850000000000000089 ) ) ;
#1299 = CARTESIAN_POINT ( 'NONE',  ( 4.258543347747225205, 3.330000000000000959, 0.1434580550843250479 ) ) ;
#1300 = CYLINDRICAL_SURFACE ( 'NONE', #3570, 0.6650000000000000355 ) ;
#1301 = ADVANCED_FACE ( 'NONE', ( #2554 ), #1438, .T. ) ;
#1302 = ORIENTED_EDGE ( 'NONE', *, *, #7841, .T. ) ;
#1303 = CARTESIAN_POINT ( 'NONE',  ( -6.349999999999999645, 3.392132034355963555, 0.3199999999999999512 ) ) ;
#1304 = CARTESIAN_POINT ( 'NONE',  ( -6.254689787607527585, -0.6699999999999766143, 0.3737368732954315931 ) ) ;
#1305 = COLOUR_RGB ( '',0.000000000000000000, 0.000000000000000000, 0.000000000000000000 ) ;
#1306 = PLANE ( 'NONE',  #7451 ) ;
#1307 = SURFACE_SIDE_STYLE ('',( #8116 ) ) ;
#1308 = CARTESIAN_POINT ( 'NONE',  ( -6.126081960949728789, -0.6699999999999859401, -0.3152594482582490309 ) ) ;
#1309 = VERTEX_POINT ( 'NONE', #2323 ) ;
#1310 =( NAMED_UNIT ( * ) PLANE_ANGLE_UNIT ( ) SI_UNIT ( $, .RADIAN. ) );
#1311 = ORIENTED_EDGE ( 'NONE', *, *, #3290, .T. ) ;
#1312 = FACE_OUTER_BOUND ( 'NONE', #6894, .T. ) ;
#1313 = COLOUR_RGB ( '',0.000000000000000000, 0.000000000000000000, 0.000000000000000000 ) ;
#1314 = FACE_OUTER_BOUND ( 'NONE', #632, .T. ) ;
#1315 = LINE ( 'NONE', #2058, #3510 ) ;
#1316 = CARTESIAN_POINT ( 'NONE',  ( -1.739999999999995106, -4.399999999999999467, 0.2349999999999975719 ) ) ;
#1317 = VECTOR ( 'NONE', #6783, 1000.000000000000000 ) ;
#1318 = CARTESIAN_POINT ( 'NONE',  ( 9.006352726816775345, 3.330000000000001403, -0.4562502089580591780 ) ) ;
#1319 = AXIS2_PLACEMENT_3D ( 'NONE', #4070, #6223, #1204 ) ;
#1320 = ORIENTED_EDGE ( 'NONE', *, *, #6838, .T. ) ;
#1321 = DIRECTION ( 'NONE',  ( 0.000000000000000000, 0.000000000000000000, -1.000000000000000000 ) ) ;
#1322 = CARTESIAN_POINT ( 'NONE',  ( 2.740000000000001101, 2.799999999999999822, 0.8699999999999999956 ) ) ;
#1323 = CARTESIAN_POINT ( 'NONE',  ( -5.134266901142090056, 2.799999999999999822, 0.8700000000000002176 ) ) ;
#1324 = VECTOR ( 'NONE', #7188, 1000.000000000000114 ) ;
#1325 = DIRECTION ( 'NONE',  ( -1.000000000000000000, 0.000000000000000000, -1.224646799147353207E-16 ) ) ;
#1326 = ORIENTED_EDGE ( 'NONE', *, *, #4519, .F. ) ;
#1327 = FILL_AREA_STYLE_COLOUR ( '', #7111 ) ;
#1328 =( LENGTH_UNIT ( ) NAMED_UNIT ( * ) SI_UNIT ( .MILLI., .METRE. ) );
#1329 = ADVANCED_FACE ( 'NONE', ( #7024 ), #718, .T. ) ;
#1330 = STYLED_ITEM ( 'NONE', ( #3027 ), #2475 ) ;
#1331 = LINE ( 'NONE', #1251, #3233 ) ;
#1332 = EDGE_CURVE ( 'NONE', #7369, #970, #1773, .T. ) ;
#1333 = CARTESIAN_POINT ( 'NONE',  ( -8.249999999999998224, 7.175000000000000711, -0.3200000000000007838 ) ) ;
#1334 = CARTESIAN_POINT ( 'NONE',  ( 1.624877019807725365, 3.330000000000000515, -0.3100151936036812939 ) ) ;
#1335 = EDGE_LOOP ( 'NONE', ( #7851, #7865 ) ) ;
#1336 = ORIENTED_EDGE ( 'NONE', *, *, #8541, .F. ) ;
#1337 = ORIENTED_EDGE ( 'NONE', *, *, #8316, .F. ) ;
#1338 = VECTOR ( 'NONE', #6697, 1000.000000000000000 ) ;
#1339 = ADVANCED_FACE ( 'NONE', ( #4073 ), #8021, .T. ) ;
#1340 = CARTESIAN_POINT ( 'NONE',  ( -6.665670412532318956, -0.6699999999999460831, -0.2232947942791741469 ) ) ;
#1341 = CARTESIAN_POINT ( 'NONE',  ( -6.944264068711926363, -0.6699999999999978195, -0.2971320343559612498 ) ) ;
#1342 = CARTESIAN_POINT ( 'NONE',  ( 8.420000000000007034, -4.537064994640259030, -0.2349999999999976275 ) ) ;
#1343 = FACE_OUTER_BOUND ( 'NONE', #8363, .T. ) ;
#1344 = COLOUR_RGB ( '',0.000000000000000000, 0.000000000000000000, 0.000000000000000000 ) ;
#1345 = EDGE_LOOP ( 'NONE', ( #9060, #7983, #9047, #6308 ) ) ;
#1346 = FACE_OUTER_BOUND ( 'NONE', #303, .T. ) ;
#1347 = CARTESIAN_POINT ( 'NONE',  ( -6.232486486792634395, -0.6699999999999780576, 0.3674238061333682248 ) ) ;
#1348 = CARTESIAN_POINT ( 'NONE',  ( -4.693476936737999594, 2.799999999999999822, 1.270000000000000240 ) ) ;
#1349 = STYLED_ITEM ( 'NONE', ( #4715 ), #284 ) ;
#1350 = DIRECTION ( 'NONE',  ( -0.4226182617407031605, 0.000000000000000000, 0.9063077870366482713 ) ) ;
#1351 = VERTEX_POINT ( 'NONE', #9055 ) ;
#1352 = EDGE_CURVE ( 'NONE', #58, #5084, #186, .T. ) ;
#1353 = EDGE_CURVE ( 'NONE', #2914, #3653, #1553, .T. ) ;
#1354 = CARTESIAN_POINT ( 'NONE',  ( -4.279999999999994920, -4.537064994640259030, 0.2349999999999976275 ) ) ;
#1355 = AXIS2_PLACEMENT_3D ( 'NONE', #2507, #3346, #7438 ) ;
#1356 = VERTEX_POINT ( 'NONE', #4314 ) ;
#1357 = ORIENTED_EDGE ( 'NONE', *, *, #6663, .T. ) ;
#1358 = CARTESIAN_POINT ( 'NONE',  ( -8.890000000000000568, 3.479999999999999982, 0.3199999999999999512 ) ) ;
#1359 = AXIS2_PLACEMENT_3D ( 'NONE', #7808, #914, #3594 ) ;
#1360 = VECTOR ( 'NONE', #4460, 1000.000000000000000 ) ;
#1361 = CIRCLE ( 'NONE', #2982, 0.3199999999999999512 ) ;
#1362 = FILL_AREA_STYLE ('',( #1187 ) ) ;
#1363 = FACE_OUTER_BOUND ( 'NONE', #4226, .T. ) ;
#1364 = CARTESIAN_POINT ( 'NONE',  ( 8.554549164314206422, -0.6699999999999447509, -0.1894987673825449803 ) ) ;
#1365 = ORIENTED_EDGE ( 'NONE', *, *, #610, .T. ) ;
#1366 = DIRECTION ( 'NONE',  ( 0.000000000000000000, 0.000000000000000000, 1.000000000000000000 ) ) ;
#1367 = ADVANCED_FACE ( 'NONE', ( #816 ), #3389, .F. ) ;
#1368 = FACE_OUTER_BOUND ( 'NONE', #3949, .T. ) ;
#1369 = FACE_OUTER_BOUND ( 'NONE', #2078, .T. ) ;
#1370 = CARTESIAN_POINT ( 'NONE',  ( -5.280000000000000249, 5.327037639127341492E-17, -0.8700000000000001066 ) ) ;
#1371 = CARTESIAN_POINT ( 'NONE',  ( -7.290000000000000036, 3.329999999999999183, 0.4700000000000004730 ) ) ;
#1372 = CARTESIAN_POINT ( 'NONE',  ( 2.153476936737999115, -7.776250346772100076E-17, 1.270000000000000018 ) ) ;
#1373 = PRESENTATION_LAYER_ASSIGNMENT (  '', '', ( #1236 ) ) ;
#1374 = CARTESIAN_POINT ( 'NONE',  ( -5.134266901142090056, 5.327037639127340260E-17, -0.8699999999999999956 ) ) ;
#1375 = ORIENTED_EDGE ( 'NONE', *, *, #302, .F. ) ;
#1376 = DIRECTION ( 'NONE',  ( -0.9063077870366482713, 2.587705042845171132E-17, -0.4226182617407031605 ) ) ;
#1377 = CARTESIAN_POINT ( 'NONE',  ( 8.890000000000000568, -0.2100000000000000200, 0.000000000000000000 ) ) ;
#1378 = STYLED_ITEM ( 'NONE', ( #8189 ), #6314 ) ;
#1379 = ORIENTED_EDGE ( 'NONE', *, *, #7917, .T. ) ;
#1380 = DIRECTION ( 'NONE',  ( 0.000000000000000000, 0.000000000000000000, 1.000000000000000000 ) ) ;
#1381 = CARTESIAN_POINT ( 'NONE',  ( 3.810000000000000053, -2.609999999999999876, 0.000000000000000000 ) ) ;
#1382 = ORIENTED_EDGE ( 'NONE', *, *, #7432, .F. ) ;
#1383 = VECTOR ( 'NONE', #4864, 1000.000000000000000 ) ;
#1384 = ORIENTED_EDGE ( 'NONE', *, *, #466, .F. ) ;
#1385 = FILL_AREA_STYLE_COLOUR ( '', #1313 ) ;
#1386 = CARTESIAN_POINT ( 'NONE',  ( -6.445632467122825560, -0.6699999999999624034, -0.3737368732954315931 ) ) ;
#1387 = CARTESIAN_POINT ( 'NONE',  ( -3.342749958208389049, 3.330000000000000959, 0.05868455565209883262 ) ) ;
#1388 = CARTESIAN_POINT ( 'NONE',  ( -0.8699999999999999956, -0.6699999999999990408, 0.000000000000000000 ) ) ;
#1389 = CARTESIAN_POINT ( 'NONE',  ( 8.420000000000007034, -4.537064994640259030, 0.2349999999999976275 ) ) ;
#1390 = VECTOR ( 'NONE', #4953, 1000.000000000000000 ) ;
#1391 = LINE ( 'NONE', #5509, #4752 ) ;
#1392 = ORIENTED_EDGE ( 'NONE', *, *, #4927, .F. ) ;
#1393 = FILL_AREA_STYLE ('',( #5780 ) ) ;
#1394 = LINE ( 'NONE', #6339, #6890 ) ;
#1395 = CARTESIAN_POINT ( 'NONE',  ( -5.996536754772790800, -0.6699999999999954881, 0.1529475060216565485 ) ) ;
#1396 = FILL_AREA_STYLE ('',( #3575 ) ) ;
#1397 = CARTESIAN_POINT ( 'NONE',  ( 5.280000000000000249, 5.939340816038530984E-17, -0.8699999999999999956 ) ) ;
#1398 = EDGE_CURVE ( 'NONE', #5185, #8907, #4770, .T. ) ;
#1399 = CARTESIAN_POINT ( 'NONE',  ( -6.059476394523400700, -0.6699999999999910472, -0.2537750882668772801 ) ) ;
#1400 = ORIENTED_EDGE ( 'NONE', *, *, #7514, .F. ) ;
#1401 = FACE_OUTER_BOUND ( 'NONE', #7406, .T. ) ;
#1402 =( NAMED_UNIT ( * ) SI_UNIT ( $, .STERADIAN. ) SOLID_ANGLE_UNIT ( ) );
#1403 = ADVANCED_FACE ( 'NONE', ( #5318 ), #937, .T. ) ;
#1404 = VECTOR ( 'NONE', #3484, 1000.000000000000000 ) ;
#1405 = ADVANCED_FACE ( 'NONE', ( #1270 ), #6732, .T. ) ;
#1406 = PRESENTATION_STYLE_ASSIGNMENT (( #4182 ) ) ;
#1407 = EDGE_CURVE ( 'NONE', #3900, #7009, #3482, .T. ) ;
#1408 = CARTESIAN_POINT ( 'NONE',  ( 1.739999999999995106, -4.399999999999999467, 0.2349999999999975719 ) ) ;
#1409 = VECTOR ( 'NONE', #7705, 1000.000000000000000 ) ;
#1410 = ORIENTED_EDGE ( 'NONE', *, *, #7138, .F. ) ;
#1411 = CYLINDRICAL_SURFACE ( 'NONE', #5892, 0.6650000000000000355 ) ;
#1412 = DIRECTION ( 'NONE',  ( 0.000000000000000000, 0.000000000000000000, 1.000000000000000000 ) ) ;
#1413 = CARTESIAN_POINT ( 'NONE',  ( 5.880000000000005222, -4.537064994640259030, 0.2349999999999976275 ) ) ;
#1414 = CIRCLE ( 'NONE', #8452, 0.1500000000000020206 ) ;
#1415 = ADVANCED_FACE ( 'NONE', ( #1020 ), #2397, .T. ) ;
#1416 =( NAMED_UNIT ( * ) PLANE_ANGLE_UNIT ( ) SI_UNIT ( $, .RADIAN. ) );
#1417 = LINE ( 'NONE', #6406, #6611 ) ;
#1418 = ORIENTED_EDGE ( 'NONE', *, *, #2013, .T. ) ;
#1419 = CARTESIAN_POINT ( 'NONE',  ( -1.864264068711925848, -0.6699999999999978195, 0.2971320343559630262 ) ) ;
#1420 = CARTESIAN_POINT ( 'NONE',  ( -1.726300515815578418, 3.330000000000005400, -0.1166483506769128570 ) ) ;
#1421 = EDGE_LOOP ( 'NONE', ( #1232, #8471, #1843, #6437 ) ) ;
#1422 = DIRECTION ( 'NONE',  ( -0.000000000000000000, -1.000000000000000000, -0.000000000000000000 ) ) ;
#1423 = FILL_AREA_STYLE_COLOUR ( '', #2238 ) ;
#1424 = VERTEX_POINT ( 'NONE', #4476 ) ;
#1425 = ORIENTED_EDGE ( 'NONE', *, *, #5102, .T. ) ;
#1426 = DIRECTION ( 'NONE',  ( 0.4226182617406958886, 0.000000000000000000, -0.9063077870366516020 ) ) ;
#1427 = CARTESIAN_POINT ( 'NONE',  ( -5.466523063261999660, 2.799999999999999822, 1.270000000000000018 ) ) ;
#1428 = DIRECTION ( 'NONE',  ( 1.000000000000000000, 0.000000000000000000, 0.000000000000000000 ) ) ;
#1429 = DIRECTION ( 'NONE',  ( -0.000000000000000000, 1.000000000000000000, 6.123031769111889989E-17 ) ) ;
#1430 = CARTESIAN_POINT ( 'NONE',  ( 1.270000000000000240, 7.489960314960472765, 2.117582368135750848E-17 ) ) ;
#1431 = CARTESIAN_POINT ( 'NONE',  ( 6.349999999999999645, 7.174999999999999822, 0.000000000000000000 ) ) ;
#1432 = COLOUR_RGB ( '',0.000000000000000000, 0.000000000000000000, 0.000000000000000000 ) ;
#1433 = VERTEX_POINT ( 'NONE', #5360 ) ;
#1434 = CARTESIAN_POINT ( 'NONE',  ( -8.890000000000000568, 3.329999999999999183, 0.4700000000000004730 ) ) ;
#1435 = DIRECTION ( 'NONE',  ( 0.000000000000000000, 1.000000000000000000, 0.000000000000000000 ) ) ;
#1436 = CARTESIAN_POINT ( 'NONE',  ( 3.340000000000004743, -4.537064994640259030, -0.2349999999999976275 ) ) ;
#1437 = DIRECTION ( 'NONE',  ( 0.000000000000000000, 0.000000000000000000, 1.000000000000000000 ) ) ;
#1438 =( BOUNDED_SURFACE ( )  B_SPLINE_SURFACE ( 3, 3, ( 
 ( #8064, #7395, #7254, #4585 ),
 ( #1636, #1083, #6750, #438 ),
 ( #6051, #2870, #2228, #3013 ),
 ( #5826, #5646, #1590, #1488 ) ),
 .UNSPECIFIED., .F., .F., .F. ) 
 B_SPLINE_SURFACE_WITH_KNOTS ( ( 4, 4 ),
 ( 4, 4 ),
 ( 0.000000000000000000, 1.000000000000000000 ),
 ( 0.000000000000000000, 1.000000000000000000 ),
 .UNSPECIFIED. ) 
 GEOMETRIC_REPRESENTATION_ITEM ( )  RATIONAL_B_SPLINE_SURFACE ( (
 ( 1.000000000000000000, 0.3333333333333334259, 0.3333333333333334259, 1.000000000000000000),
 ( 0.7995857374534958151, 0.2665285791511653457, 0.2665285791511653457, 0.7995857374534958151),
 ( 0.7995857374534958151, 0.2665285791511653457, 0.2665285791511653457, 0.7995857374534958151),
 ( 1.000000000000000000, 0.3333333333333334259, 0.3333333333333334259, 1.000000000000000000) ) ) 
 REPRESENTATION_ITEM ( '' )  SURFACE ( )  );
#1439 = CARTESIAN_POINT ( 'NONE',  ( -6.039984806396329731, 3.330000000000000959, 0.3548770198077330074 ) ) ;
#1440 = CIRCLE ( 'NONE', #2623, 0.3150000000000000022 ) ;
#1441 = EDGE_CURVE ( 'NONE', #7955, #5096, #2487, .T. ) ;
#1442 = DIRECTION ( 'NONE',  ( -1.000000000000000000, 0.000000000000000000, -1.224646799147353207E-16 ) ) ;
#1443 = ORIENTED_EDGE ( 'NONE', *, *, #7100, .F. ) ;
#1444 = CARTESIAN_POINT ( 'NONE',  ( -8.890000000000000568, -4.632925319547866572, 0.1370326030541654527 ) ) ;
#1445 = EDGE_CURVE ( 'NONE', #3558, #3542, #5268, .T. ) ;
#1446 = CARTESIAN_POINT ( 'NONE',  ( 0.8963398733213101544, 7.492926245181915412, 0.1868300633393455423 ) ) ;
#1447 = ORIENTED_EDGE ( 'NONE', *, *, #902, .F. ) ;
#1448 = PRESENTATION_LAYER_ASSIGNMENT (  '', '', ( #4836 ) ) ;
#1449 = SURFACE_STYLE_FILL_AREA ( #7753 ) ;
#1450 = DIRECTION ( 'NONE',  ( 0.000000000000000000, 0.000000000000000000, 1.000000000000000000 ) ) ;
#1451 = EDGE_CURVE ( 'NONE', #3542, #6336, #4524, .T. ) ;
#1452 = DIRECTION ( 'NONE',  ( -0.000000000000000000, -1.000000000000000000, -0.000000000000000000 ) ) ;
#1453 = ORIENTED_EDGE ( 'NONE', *, *, #7772, .T. ) ;
#1454 = CARTESIAN_POINT ( 'NONE',  ( -0.8000000000000050404, -4.399999999999999467, -0.2349999999999975719 ) ) ;
#1455 = ORIENTED_EDGE ( 'NONE', *, *, #27, .F. ) ;
#1456 = SURFACE_STYLE_FILL_AREA ( #7761 ) ;
#1457 = CIRCLE ( 'NONE', #7496, 0.1500000000000009936 ) ;
#1458 = ORIENTED_EDGE ( 'NONE', *, *, #8323, .F. ) ;
#1459 = CARTESIAN_POINT ( 'NONE',  ( 6.349999999999999645, -4.400000000000000355, 0.000000000000000000 ) ) ;
#1460 = AXIS2_PLACEMENT_3D ( 'NONE', #15, #6334, #606 ) ;
#1461 = CONICAL_SURFACE ( 'NONE', #2494, 0.6650000000135514178, 0.7853981633974482790 ) ;
#1462 = DIRECTION ( 'NONE',  ( 0.000000000000000000, 1.000000000000000000, 0.000000000000000000 ) ) ;
#1463 = EDGE_LOOP ( 'NONE', ( #6651, #7088, #490, #1964 ) ) ;
#1464 = CARTESIAN_POINT ( 'NONE',  ( -1.864264068711925848, -0.6699999999999978195, -0.2971320343559630262 ) ) ;
#1465 = CARTESIAN_POINT ( 'NONE',  ( -8.990000000000000213, 7.776250346772101309E-17, -1.270000000000000018 ) ) ;
#1466 = ORIENTED_EDGE ( 'NONE', *, *, #2685, .F. ) ;
#1467 = CARTESIAN_POINT ( 'NONE',  ( -1.679541249142586734, 3.330000000000004956, 0.2312905507727714971 ) ) ;
#1468 = ORIENTED_EDGE ( 'NONE', *, *, #4814, .F. ) ;
#1469 = CARTESIAN_POINT ( 'NONE',  ( 6.717423806133354880, -0.6699999999999964873, -0.1175135132073887173 ) ) ;
#1470 = ORIENTED_EDGE ( 'NONE', *, *, #3171, .T. ) ;
#1471 = ORIENTED_EDGE ( 'NONE', *, *, #6647, .F. ) ;
#1472 = LINE ( 'NONE', #2488, #7512 ) ;
#1473 = AXIS2_PLACEMENT_3D ( 'NONE', #8221, #6859, #5569 ) ;
#1474 = CARTESIAN_POINT ( 'NONE',  ( -3.834389293864810533, -0.6699999999999678435, -0.3850000000000000644 ) ) ;
#1475 = LINE ( 'NONE', #6375, #6410 ) ;
#1476 = CARTESIAN_POINT ( 'NONE',  ( 6.349999999999999645, 7.174999999999999822, -0.005000000000000779862 ) ) ;
#1477 =( LENGTH_UNIT ( ) NAMED_UNIT ( * ) SI_UNIT ( .MILLI., .METRE. ) );
#1478 = CARTESIAN_POINT ( 'NONE',  ( -1.174689787607529512, -0.6699999999999763922, 0.3737368732954316486 ) ) ;
#1479 = AXIS2_PLACEMENT_3D ( 'NONE', #8502, #3615, #7914 ) ;
#1480 = EDGE_CURVE ( 'NONE', #3319, #8407, #1064, .T. ) ;
#1481 = ORIENTED_EDGE ( 'NONE', *, *, #1653, .F. ) ;
#1482 = CARTESIAN_POINT ( 'NONE',  ( -8.125735931288071257, 3.329999999999999627, -0.3821320343559643784 ) ) ;
#1483 = CARTESIAN_POINT ( 'NONE',  ( 6.819999999999994955, -0.7321320343559627464, -0.2349999999999980160 ) ) ;
#1484 = SURFACE_STYLE_FILL_AREA ( #5011 ) ;
#1485 = CARTESIAN_POINT ( 'NONE',  ( 3.810000000000000053, 3.479999999999999982, 0.3199999999999999512 ) ) ;
#1486 = CARTESIAN_POINT ( 'NONE',  ( -5.882749958208385976, 3.330000000000000515, 0.05868455565212249425 ) ) ;
#1487 = CARTESIAN_POINT ( 'NONE',  ( 8.890000000000002345, 7.361853603950962111, -0.3200000000000008948 ) ) ;
#1488 = CARTESIAN_POINT ( 'NONE',  ( 8.890000000000000568, -4.629945645751342376, 1.355252715606880543E-17 ) ) ;
#1489 = VERTEX_POINT ( 'NONE', #8781 ) ;
#1490 = CYLINDRICAL_SURFACE ( 'NONE', #5831, 0.3200000000000000067 ) ;
#1491 = CARTESIAN_POINT ( 'NONE',  ( -8.514010501363657113, -0.6699999999999973754, 0.09679229182004131515 ) ) ;
#1492 = CARTESIAN_POINT ( 'NONE',  ( 8.890000000000000568, 7.174999999999999822, 0.005000000000000779862 ) ) ;
#1493 = ORIENTED_EDGE ( 'NONE', *, *, #3050, .T. ) ;
#1494 =( BOUNDED_SURFACE ( )  B_SPLINE_SURFACE ( 3, 3, ( 
 ( #2952, #6507, #8555, #5138 ),
 ( #7193, #3710, #5814, #8602 ),
 ( #7915, #1625, #7238, #938 ),
 ( #3454, #4835, #4666, #8786 ) ),
 .UNSPECIFIED., .F., .F., .F. ) 
 B_SPLINE_SURFACE_WITH_KNOTS ( ( 4, 4 ),
 ( 4, 4 ),
 ( 0.000000000000000000, 1.000000000000000000 ),
 ( 0.000000000000000000, 1.000000000000000000 ),
 .UNSPECIFIED. ) 
 GEOMETRIC_REPRESENTATION_ITEM ( )  RATIONAL_B_SPLINE_SURFACE ( (
 ( 1.000000000000000000, 0.3333333333333334259, 0.3333333333333334259, 1.000000000000000000),
 ( 0.7995857374534958151, 0.2665285791511653457, 0.2665285791511653457, 0.7995857374534958151),
 ( 0.7995857374534958151, 0.2665285791511653457, 0.2665285791511653457, 0.7995857374534958151),
 ( 1.000000000000000000, 0.3333333333333334259, 0.3333333333333334259, 1.000000000000000000) ) ) 
 REPRESENTATION_ITEM ( '' )  SURFACE ( )  );
#1495 = DIRECTION ( 'NONE',  ( 0.000000000000000000, 1.000000000000000000, 0.000000000000000000 ) ) ;
#1496 = STYLED_ITEM ( 'NONE', ( #7963 ), #456 ) ;
#1497 = ADVANCED_FACE ( 'NONE', ( #974 ), #236, .T. ) ;
#1498 = CARTESIAN_POINT ( 'NONE',  ( -1.080011540297145967, -0.6699999999999834976, -0.3351279351845813936 ) ) ;
#1499 = VECTOR ( 'NONE', #8431, 1000.000000000000000 ) ;
#1500 = CARTESIAN_POINT ( 'NONE',  ( 5.466523063261999660, -6.551643992949721092E-17, 1.269999999999999796 ) ) ;
#1502 = DIRECTION ( 'NONE',  ( 0.000000000000000000, 1.000000000000000000, 0.000000000000000000 ) ) ;
#1501 = PRESENTATION_LAYER_ASSIGNMENT (  '', '', ( #6367 ) ) ;
#1503 = EDGE_LOOP ( 'NONE', ( #170, #5197, #5661 ) ) ;
#1504 = CARTESIAN_POINT ( 'NONE',  ( 3.809999999999999609, -4.630000000000003446, 2.584939414229660400E-17 ) ) ;
#1505 = ORIENTED_EDGE ( 'NONE', *, *, #4322, .F. ) ;
#1506 = LINE ( 'NONE', #7678, #4075 ) ;
#1507 = VERTEX_POINT ( 'NONE', #9053 ) ;
#1508 = CARTESIAN_POINT ( 'NONE',  ( 1.655000000000000249, -0.6699999999999979305, 2.710505431213761085E-17 ) ) ;
#1509 = COLOUR_RGB ( '',0.000000000000000000, 0.000000000000000000, 0.000000000000000000 ) ;
#1510 = COLOUR_RGB ( '',0.000000000000000000, 0.000000000000000000, 0.000000000000000000 ) ;
#1511 = CIRCLE ( 'NONE', #629, 0.2349999999999980160 ) ;
#1512 = SURFACE_SIDE_STYLE ('',( #92 ) ) ;
#1513 = FACE_OUTER_BOUND ( 'NONE', #416, .T. ) ;
#1514 = ORIENTED_EDGE ( 'NONE', *, *, #4934, .F. ) ;
#1515 = DIRECTION ( 'NONE',  ( 0.000000000000000000, 1.000000000000000000, 0.000000000000000000 ) ) ;
#1516 = VECTOR ( 'NONE', #6626, 1000.000000000000114 ) ;
#1517 = CARTESIAN_POINT ( 'NONE',  ( 3.215735931288073779, -0.6699999999999978195, -0.2971320343559630262 ) ) ;
#1518 = ORIENTED_EDGE ( 'NONE', *, *, #3838, .F. ) ;
#1519 = CARTESIAN_POINT ( 'NONE',  ( -1.343764618732751215, 3.330000000000001847, 0.4658750626874176848 ) ) ;
#1520 = EDGE_CURVE ( 'NONE', #7626, #5531, #6824, .T. ) ;
#1521 = ORIENTED_EDGE ( 'NONE', *, *, #8158, .F. ) ;
#1522 =( NAMED_UNIT ( * ) SI_UNIT ( $, .STERADIAN. ) SOLID_ANGLE_UNIT ( ) );
#1523 = ADVANCED_FACE ( 'NONE', ( #4020 ), #1157, .F. ) ;
#1524 = ORIENTED_EDGE ( 'NONE', *, *, #5186, .F. ) ;
#1525 = ORIENTED_EDGE ( 'NONE', *, *, #8171, .F. ) ;
#1526 = ADVANCED_FACE ( 'NONE', ( #6268 ), #5580, .T. ) ;
#1527 = FACE_OUTER_BOUND ( 'NONE', #2496, .T. ) ;
#1528 = CARTESIAN_POINT ( 'NONE',  ( -4.183787120120435077, -0.6699999999999418643, 0.09550504733244738476 ) ) ;
#1529 = COLOUR_RGB ( '',0.000000000000000000, 0.000000000000000000, 0.000000000000000000 ) ;
#1530 = AXIS2_PLACEMENT_3D ( 'NONE', #6565, #4302, #2864 ) ;
#1531 = DIRECTION ( 'NONE',  ( 0.4226182617407031605, 0.000000000000000000, -0.9063077870366482713 ) ) ;
#1532 = VERTEX_POINT ( 'NONE', #3460 ) ;
#1533 = CARTESIAN_POINT ( 'NONE',  ( -0.3865230632620019202, -7.776250346772100076E-17, 1.270000000000000018 ) ) ;
#1534 = DIRECTION ( 'NONE',  ( 1.000000000000000000, 0.000000000000000000, 0.000000000000000000 ) ) ;
#1535 = CARTESIAN_POINT ( 'NONE',  ( 1.221606353937666478, -0.6699999999999659561, -0.3827473746590864256 ) ) ;
#1536 = CIRCLE ( 'NONE', #7992, 0.3199999999999999512 ) ;
#1537 = ORIENTED_EDGE ( 'NONE', *, *, #8924, .T. ) ;
#1538 =( NAMED_UNIT ( * ) SI_UNIT ( $, .STERADIAN. ) SOLID_ANGLE_UNIT ( ) );
#1539 = DIRECTION ( 'NONE',  ( 0.000000000000000000, 0.000000000000000000, 1.000000000000000000 ) ) ;
#1540 = ADVANCED_FACE ( 'NONE', ( #8230 ), #4754, .T. ) ;
#1541 =( LENGTH_UNIT ( ) NAMED_UNIT ( * ) SI_UNIT ( .MILLI., .METRE. ) );
#1542 = CARTESIAN_POINT ( 'NONE',  ( 6.349999999999999645, -0.6699999999999866063, -0.3850000000000002309 ) ) ;
#1543 = EDGE_CURVE ( 'NONE', #362, #4865, #6531, .T. ) ;
#1544 = CARTESIAN_POINT ( 'NONE',  ( -5.925986118163624639, 3.330000000000001403, -0.2032625421541933153 ) ) ;
#1545 = CARTESIAN_POINT ( 'NONE',  ( -1.909999999999999920, 3.392132034355963555, 0.3199999999999998956 ) ) ;
#1546 = ORIENTED_EDGE ( 'NONE', *, *, #6558, .F. ) ;
#1547 = FACE_OUTER_BOUND ( 'NONE', #6017, .T. ) ;
#1548 =( NAMED_UNIT ( * ) PLANE_ANGLE_UNIT ( ) SI_UNIT ( $, .RADIAN. ) );
#1549 = LINE ( 'NONE', #2279, #4468 ) ;
#1550 = VERTEX_POINT ( 'NONE', #139 ) ;
#1551 = COLOUR_RGB ( '',0.000000000000000000, 0.000000000000000000, 0.000000000000000000 ) ;
#1552 = CARTESIAN_POINT ( 'NONE',  ( -2.594266901142090020, 5.327037639127340260E-17, -0.8699999999999999956 ) ) ;
#1553 = LINE ( 'NONE', #7799, #1960 ) ;
#1554 = DIRECTION ( 'NONE',  ( -0.000000000000000000, -1.000000000000000000, -0.000000000000000000 ) ) ;
#1555 = CARTESIAN_POINT ( 'NONE',  ( -2.926523063262000512, 6.551643992949721092E-17, -1.270000000000000018 ) ) ;
#1556 = EDGE_LOOP ( 'NONE', ( #5478, #1730, #7569, #3263 ) ) ;
#1557 = DIRECTION ( 'NONE',  ( 0.4226182617407031605, 0.000000000000000000, 0.9063077870366482713 ) ) ;
#1558 = ORIENTED_EDGE ( 'NONE', *, *, #5598, .T. ) ;
#1559 = VECTOR ( 'NONE', #534, 1000.000000000000000 ) ;
#1560 = CARTESIAN_POINT ( 'NONE',  ( -6.349999999999999645, -4.400000000000000355, -0.004999999999994560011 ) ) ;
#1561 = CARTESIAN_POINT ( 'NONE',  ( -1.643660126678690325, 7.492926245181915412, 0.1868300633393446819 ) ) ;
#1562 = VECTOR ( 'NONE', #1641, 1000.000000000000000 ) ;
#1563 = FACE_OUTER_BOUND ( 'NONE', #3197, .T. ) ;
#1564 = DIRECTION ( 'NONE',  ( 0.000000000000000000, -1.000000000000000000, -6.123031769111889989E-17 ) ) ;
#1565 = AXIS2_PLACEMENT_3D ( 'NONE', #3502, #7805, #6444 ) ;
#1566 = B_SPLINE_CURVE_WITH_KNOTS ( 'NONE', 3,
 ( #7986, #6627, #5934, #2430, #4554, #7361, #1052, #1969, #7497, #8217, #7545, #452, #495, #3310, #2565, #4828, #2699, #4137, #628, #9037, #2611, #4693, #4872, #6811, #6162, #5522, #4790, #5394, #8305 ),
 .UNSPECIFIED., .F., .F.,
 ( 4, 1, 2, 2, 2, 1, 2, 2, 2, 2, 2, 2, 1, 2, 2, 4 ),
 ( 0.000000000000000000, 0.06250000000000321965, 0.09375000000000301148, 0.1250000000000028033, 0.2500000000000018874, 0.3125000000000002776, 0.3437499999999995004, 0.3749999999999987232, 0.4999999999999982792, 0.5624999999999981126, 0.6249999999999978906, 0.7499999999999962252, 0.8124999999999942268, 0.8437499999999945599, 0.8749999999999950040, 1.000000000000000000 ),
 .UNSPECIFIED. ) ;
#1567 = ORIENTED_EDGE ( 'NONE', *, *, #1480, .T. ) ;
#1568 = CARTESIAN_POINT ( 'NONE',  ( -1.503040497964215794, 3.330000000000002292, 0.4133090432413842885 ) ) ;
#1569 = EDGE_LOOP ( 'NONE', ( #6448, #819, #4542, #1384 ) ) ;
#1570 = DIRECTION ( 'NONE',  ( 0.000000000000000000, 0.000000000000000000, 1.000000000000000000 ) ) ;
#1571 = ORIENTED_EDGE ( 'NONE', *, *, #5338, .F. ) ;
#1572 = UNCERTAINTY_MEASURE_WITH_UNIT (LENGTH_MEASURE( 1.000000000000000082E-05 ), #8014, 'distance_accuracy_value', 'NONE');
#1573 = CARTESIAN_POINT ( 'NONE',  ( -6.349999999999998757, -0.7321320343559629684, -0.2349999999999980715 ) ) ;
#1574 = DIRECTION ( 'NONE',  ( 0.000000000000000000, 0.000000000000000000, 1.000000000000000000 ) ) ;
#1575 = EDGE_CURVE ( 'NONE', #40, #6803, #782, .T. ) ;
#1576 = CARTESIAN_POINT ( 'NONE',  ( -6.349999999999999645, -0.6699999999999866063, -0.3849999999999998979 ) ) ;
#1577 = ORIENTED_EDGE ( 'NONE', *, *, #7212, .F. ) ;
#1578 = PLANE ( 'NONE',  #8675 ) ;
#1579 = FACE_OUTER_BOUND ( 'NONE', #5054, .T. ) ;
#1580 = CARTESIAN_POINT ( 'NONE',  ( 1.116947960127189887, -0.6699999999999580735, 0.3534632452272083447 ) ) ;
#1581 = ORIENTED_EDGE ( 'NONE', *, *, #4888, .F. ) ;
#1582 =( LENGTH_UNIT ( ) NAMED_UNIT ( * ) SI_UNIT ( .MILLI., .METRE. ) );
#1583 = VECTOR ( 'NONE', #6358, 1000.000000000000000 ) ;
#1584 = CARTESIAN_POINT ( 'NONE',  ( -8.890000000000000568, -0.2100000000000000200, 0.6650000000000000355 ) ) ;
#1585 = DIRECTION ( 'NONE',  ( 0.000000000000000000, 1.000000000000000000, -0.000000000000000000 ) ) ;
#1586 = DIRECTION ( 'NONE',  ( 0.000000000000000000, 1.000000000000000000, 6.123031769111889989E-17 ) ) ;
#1587 = CARTESIAN_POINT ( 'NONE',  ( -1.270000000000000018, -0.4200000000000000400, 0.000000000000000000 ) ) ;
#1588 = CARTESIAN_POINT ( 'NONE',  ( 8.890000000000000568, 0.000000000000000000, 0.000000000000000000 ) ) ;
#1589 = CARTESIAN_POINT ( 'NONE',  ( -1.909999999999999920, 3.479999999999999538, 0.3199999999999999512 ) ) ;
#1590 = CARTESIAN_POINT ( 'NONE',  ( 8.890000000000000568, -4.629945645751342376, 1.355252715606880543E-17 ) ) ;
#1591 = ORIENTED_EDGE ( 'NONE', *, *, #4632, .T. ) ;
#1592 = DIRECTION ( 'NONE',  ( 0.000000000000000000, 0.000000000000000000, 1.000000000000000000 ) ) ;
#1593 = AXIS2_PLACEMENT_3D ( 'NONE', #8771, #6586, #2384 ) ;
#1594 = SURFACE_SIDE_STYLE ('',( #6573 ) ) ;
#1595 = CARTESIAN_POINT ( 'NONE',  ( -6.349999999999999645, 1.967086183247610087, 0.000000000000000000 ) ) ;
#1596 = ORIENTED_EDGE ( 'NONE', *, *, #8684, .F. ) ;
#1597 = CARTESIAN_POINT ( 'NONE',  ( -7.420000000000000817, -5.327037639127341492E-17, 0.8700000000000001066 ) ) ;
#1598 = CIRCLE ( 'NONE', #6313, 0.9150000000000000355 ) ;
#1599 = CARTESIAN_POINT ( 'NONE',  ( -8.890000000000000568, 7.174999999999999822, 0.3200000000000007838 ) ) ;
#1600 = DIRECTION ( 'NONE',  ( 0.000000000000000000, 1.000000000000000000, 0.000000000000000000 ) ) ;
#1601 = VERTEX_POINT ( 'NONE', #4991 ) ;
#1602 = CARTESIAN_POINT ( 'NONE',  ( 8.990000000000000213, -7.776250346772100076E-17, 1.270000000000000018 ) ) ;
#1603 = ORIENTED_EDGE ( 'NONE', *, *, #7081, .T. ) ;
#1604 = CARTESIAN_POINT ( 'NONE',  ( 6.349999999999999645, 3.330000000000000071, -0.9150000000000000355 ) ) ;
#1605 = ORIENTED_EDGE ( 'NONE', *, *, #7638, .F. ) ;
#1606 = DIRECTION ( 'NONE',  ( 0.000000000000000000, 0.000000000000000000, 1.000000000000000000 ) ) ;
#1607 = EDGE_CURVE ( 'NONE', #6388, #6059, #3140, .T. ) ;
#1608 = DIRECTION ( 'NONE',  ( 1.000000000000000000, 0.000000000000000000, 0.000000000000000000 ) ) ;
#1609 = CARTESIAN_POINT ( 'NONE',  ( 3.556407523832200823, -0.6699999999999507461, 0.2909319699748405541 ) ) ;
#1610 = DIRECTION ( 'NONE',  ( 1.000000000000000000, 0.000000000000000000, 0.000000000000000000 ) ) ;
#1611 = CARTESIAN_POINT ( 'NONE',  ( 5.880000000000004334, -0.7321320343559627464, -0.2349999999999980160 ) ) ;
#1612 = CARTESIAN_POINT ( 'NONE',  ( -1.694283718833300423, 3.330000000000002736, 0.2028530975049019636 ) ) ;
#1613 = ORIENTED_EDGE ( 'NONE', *, *, #3943, .F. ) ;
#1614 = CARTESIAN_POINT ( 'NONE',  ( -3.810000000000000053, 1.967086183247610087, -0.9150000000000000355 ) ) ;
#1615 = DIRECTION ( 'NONE',  ( 1.000000000000000000, 0.000000000000000000, 0.000000000000000000 ) ) ;
#1616 = ORIENTED_EDGE ( 'NONE', *, *, #155, .T. ) ;
#1617 = ADVANCED_FACE ( 'NONE', ( #8536 ), #6508, .F. ) ;
#1618 = FACE_OUTER_BOUND ( 'NONE', #978, .T. ) ;
#1619 = LINE ( 'NONE', #3750, #5515 ) ;
#1620 = ADVANCED_FACE ( 'NONE', ( #1563 ), #8663, .T. ) ;
#1621 = AXIS2_PLACEMENT_3D ( 'NONE', #380, #8003, #2490 ) ;
#1622 = ORIENTED_EDGE ( 'NONE', *, *, #59, .T. ) ;
#1623 = CONICAL_SURFACE ( 'NONE', #3089, 0.6649999999254396776, 0.7853981633974482790 ) ;
#1624 = CARTESIAN_POINT ( 'NONE',  ( -3.810000000000000053, -0.8199999999999999512, 0.3850000000000000089 ) ) ;
#1625 = CARTESIAN_POINT ( 'NONE',  ( 6.624065206108329384, -4.632925319547867460, 0.1370326030541655082 ) ) ;
#1626 = CARTESIAN_POINT ( 'NONE',  ( 4.693476936737999594, 7.776250346772100076E-17, -1.270000000000000018 ) ) ;
#1627 = ORIENTED_EDGE ( 'NONE', *, *, #4479, .F. ) ;
#1628 = ADVANCED_FACE ( 'NONE', ( #9100 ), #2798, .T. ) ;
#1629 =( NAMED_UNIT ( * ) SI_UNIT ( $, .STERADIAN. ) SOLID_ANGLE_UNIT ( ) );
#1630 = CARTESIAN_POINT ( 'NONE',  ( 5.982345726077314296, -0.6699999999999424194, 0.1171545171584805062 ) ) ;
#1631 = DIRECTION ( 'NONE',  ( 0.000000000000000000, -6.123031769111889989E-17, 1.000000000000000000 ) ) ;
#1632 = DIRECTION ( 'NONE',  ( 0.000000000000000000, 0.000000000000000000, 1.000000000000000000 ) ) ;
#1633 = CARTESIAN_POINT ( 'NONE',  ( -6.423764618732803910, 3.330000000000002736, 0.4658750626874175738 ) ) ;
#1634 = ORIENTED_EDGE ( 'NONE', *, *, #3742, .F. ) ;
#1635 = CARTESIAN_POINT ( 'NONE',  ( 1.270000000000000018, 7.174999999999999822, -0.3200000000000007838 ) ) ;
#1636 = CARTESIAN_POINT ( 'NONE',  ( 8.890000000000000568, -4.537064994640259918, 0.2349999999999975719 ) ) ;
#1637 = EDGE_CURVE ( 'NONE', #1282, #6172, #4326, .T. ) ;
#1638 = ORIENTED_EDGE ( 'NONE', *, *, #4066, .F. ) ;
#1639 = B_SPLINE_CURVE_WITH_KNOTS ( 'NONE', 3,
 ( #4812, #701, #653, #2807, #4032, #2633, #6282, #521, #4204, #2720, #6878, #603, #561, #3339, #3517, #5588, #2765, #3423, #5544, #1257, #8364, #2037, #2082, #4897, #7693, #1951, #7610, #6330, #4768 ),
 .UNSPECIFIED., .F., .F.,
 ( 4, 1, 2, 2, 2, 1, 2, 2, 2, 2, 2, 2, 1, 2, 2, 4 ),
 ( 0.000000000000000000, 0.06250000000000408007, 0.09375000000000430211, 0.1250000000000045242, 0.2500000000000053291, 0.3125000000000057176, 0.3437500000000049960, 0.3750000000000042744, 0.5000000000000051070, 0.5625000000000056621, 0.6250000000000059952, 0.7500000000000056621, 0.8125000000000055511, 0.8437500000000039968, 0.8750000000000024425, 1.000000000000000000 ),
 .UNSPECIFIED. ) ;
#1640 = LINE ( 'NONE', #1552, #7763 ) ;
#1641 = DIRECTION ( 'NONE',  ( 0.4226182617407031605, 0.000000000000000000, 0.9063077870366482713 ) ) ;
#1642 = EDGE_CURVE ( 'NONE', #5330, #8362, #9008, .T. ) ;
#1643 = MECHANICAL_DESIGN_GEOMETRIC_PRESENTATION_REPRESENTATION (  '', ( #7402 ), #2955 ) ;
#1644 = CARTESIAN_POINT ( 'NONE',  ( 3.810000000000000053, 7.361853603950962111, -0.3200000000000008948 ) ) ;
#1645 = CARTESIAN_POINT ( 'NONE',  ( 3.927513513207390172, -0.6699999999999782796, 0.3674238061333561789 ) ) ;
#1646 = VERTEX_POINT ( 'NONE', #2159 ) ;
#1647 = CARTESIAN_POINT ( 'NONE',  ( 1.270000000000000018, 3.392132034355963555, 0.3199999999999999512 ) ) ;
#1648 = ORIENTED_EDGE ( 'NONE', *, *, #1332, .F. ) ;
#1649 = CARTESIAN_POINT ( 'NONE',  ( -3.810000000000000497, 3.392132034355963555, -0.3199999999999999512 ) ) ;
#1650 = CARTESIAN_POINT ( 'NONE',  ( -1.270000000000000018, 7.492926245181917189, -0.1868300633393450705 ) ) ;
#1651 = VECTOR ( 'NONE', #6795, 1000.000000000000000 ) ;
#1652 = UNCERTAINTY_MEASURE_WITH_UNIT (LENGTH_MEASURE( 1.000000000000000082E-05 ), #1182, 'distance_accuracy_value', 'NONE');
#1653 = EDGE_CURVE ( 'NONE', #2992, #5185, #6752, .T. ) ;
#1654 = EDGE_CURVE ( 'NONE', #1990, #908, #5124, .T. ) ;
#1655 = FACE_OUTER_BOUND ( 'NONE', #5880, .T. ) ;
#1656 = VERTEX_POINT ( 'NONE', #1174 ) ;
#1657 = CARTESIAN_POINT ( 'NONE',  ( 9.113918039050332709, -0.6699999999999860512, -0.3152594482582192770 ) ) ;
#1658 = AXIS2_PLACEMENT_3D ( 'NONE', #1381, #649, #4112 ) ;
#1659 = ORIENTED_EDGE ( 'NONE', *, *, #8960, .T. ) ;
#1660 = DIRECTION ( 'NONE',  ( -1.000000000000000000, -0.000000000000000000, -0.000000000000000000 ) ) ;
#1661 = CARTESIAN_POINT ( 'NONE',  ( -1.083284862778759905, 3.330000000000001403, 0.4315005850825658906 ) ) ;
#1662 = VECTOR ( 'NONE', #6042, 1000.000000000000000 ) ;
#1663 = AXIS2_PLACEMENT_3D ( 'NONE', #870, #6263, #6312 ) ;
#1664 = UNCERTAINTY_MEASURE_WITH_UNIT (LENGTH_MEASURE( 1.000000000000000082E-05 ), #1477, 'distance_accuracy_value', 'NONE');
#1665 = CARTESIAN_POINT ( 'NONE',  ( 3.809999999999999609, 7.489960314960472765, -2.117582368135750848E-17 ) ) ;
#1666 = CYLINDRICAL_SURFACE ( 'NONE', #949, 0.6650000000000000355 ) ;
#1667 = FILL_AREA_STYLE_COLOUR ( '', #1551 ) ;
#1668 = ORIENTED_EDGE ( 'NONE', *, *, #4479, .T. ) ;
#1669 = CARTESIAN_POINT ( 'NONE',  ( 5.936690956758536863, 3.330000000000004956, -0.2330404979641941543 ) ) ;
#1670 = EDGE_CURVE ( 'NONE', #3498, #2608, #1087, .T. ) ;
#1671 = MECHANICAL_DESIGN_GEOMETRIC_PRESENTATION_REPRESENTATION (  '', ( #6080 ), #5213 ) ;
#1672 = FACE_OUTER_BOUND ( 'NONE', #8884, .T. ) ;
#1673 = CARTESIAN_POINT ( 'NONE',  ( -3.714689787607516003, -0.6699999999999765032, 0.3737368732954315376 ) ) ;
#1674 = EDGE_LOOP ( 'NONE', ( #2324, #1846, #2043, #4730 ) ) ;
#1675 =( NAMED_UNIT ( * ) SI_UNIT ( $, .STERADIAN. ) SOLID_ANGLE_UNIT ( ) );
#1676 = CARTESIAN_POINT ( 'NONE',  ( -6.349999999999999645, -0.8199999999999999512, 0.000000000000000000 ) ) ;
#1677 = VECTOR ( 'NONE', #6552, 1000.000000000000000 ) ;
#1678 =( NAMED_UNIT ( * ) PLANE_ANGLE_UNIT ( ) SI_UNIT ( $, .RADIAN. ) );
#1679 = CARTESIAN_POINT ( 'NONE',  ( 6.096407523832172437, -0.6699999999999509681, 0.2909319699748113552 ) ) ;
#1680 = CARTESIAN_POINT ( 'NONE',  ( -3.810000000000000053, 7.489960314960471877, 2.117582368135750848E-17 ) ) ;
#1681 = CARTESIAN_POINT ( 'NONE',  ( 8.700501232617313008, -0.6699999999999555200, 0.3354508356856725215 ) ) ;
#1682 = CARTESIAN_POINT ( 'NONE',  ( -2.210000000000001297, 3.329999999999999183, -0.4700000000000004730 ) ) ;
#1683 = CARTESIAN_POINT ( 'NONE',  ( -8.249999999999998224, 7.175000000000000711, 0.3200000000000007838 ) ) ;
#1684 = CIRCLE ( 'NONE', #5370, 0.3200000000000000067 ) ;
#1685 = CARTESIAN_POINT ( 'NONE',  ( -6.349999999999999645, 0.000000000000000000, 0.000000000000000000 ) ) ;
#1686 = CARTESIAN_POINT ( 'NONE',  ( 5.585735931288071221, 3.329999999999999183, 0.3821320343559646004 ) ) ;
#1687 = ORIENTED_EDGE ( 'NONE', *, *, #6706, .F. ) ;
#1688 = DIRECTION ( 'NONE',  ( 0.000000000000000000, 0.000000000000000000, 1.000000000000000000 ) ) ;
#1689 = VECTOR ( 'NONE', #5733, 1000.000000000000000 ) ;
#1690 = EDGE_CURVE ( 'NONE', #4105, #2805, #4172, .T. ) ;
#1691 = CARTESIAN_POINT ( 'NONE',  ( -1.270000000000000018, -0.7321320343559629684, 0.2349999999999980715 ) ) ;
#1692 = EDGE_LOOP ( 'NONE', ( #4776, #2441 ) ) ;
#1693 = EDGE_CURVE ( 'NONE', #5243, #546, #8113, .T. ) ;
#1694 = DIRECTION ( 'NONE',  ( 0.9063077870366482713, 2.587705042845171132E-17, -0.4226182617407031605 ) ) ;
#1695 = EDGE_LOOP ( 'NONE', ( #5367, #2919 ) ) ;
#1696 = CARTESIAN_POINT ( 'NONE',  ( 1.270000000000000018, 3.392132034355963555, -0.3199999999999999512 ) ) ;
#1697 = ORIENTED_EDGE ( 'NONE', *, *, #6411, .F. ) ;
#1698 = CARTESIAN_POINT ( 'NONE',  ( 6.781500585082564925, 3.330000000000000515, -0.1867151372212218496 ) ) ;
#1699 = EDGE_CURVE ( 'NONE', #3088, #7397, #5073, .T. ) ;
#1700 = EDGE_CURVE ( 'NONE', #116, #8907, #5332, .T. ) ;
#1701 = DIRECTION ( 'NONE',  ( -7.401486830834319717E-14, -1.000000000000000000, 0.000000000000000000 ) ) ;
#1702 = SURFACE_SIDE_STYLE ('',( #270 ) ) ;
#1703 = PLANE ( 'NONE',  #7794 ) ;
#1704 =( GEOMETRIC_REPRESENTATION_CONTEXT ( 3 ) GLOBAL_UNCERTAINTY_ASSIGNED_CONTEXT ( ( #7910 ) ) GLOBAL_UNIT_ASSIGNED_CONTEXT ( ( #2286, #5074, #2377 ) ) REPRESENTATION_CONTEXT ( 'NONE', 'WORKASPACE' ) );
#1705 = ADVANCED_FACE ( 'NONE', ( #8901 ), #6540, .T. ) ;
#1706 =( NAMED_UNIT ( * ) PLANE_ANGLE_UNIT ( ) SI_UNIT ( $, .RADIAN. ) );
#1707 = ORIENTED_EDGE ( 'NONE', *, *, #5745, .T. ) ;
#1708 = CARTESIAN_POINT ( 'NONE',  ( -0.5057359312880714830, 3.329999999999999627, -0.3821320343559643784 ) ) ;
#1709 = ORIENTED_EDGE ( 'NONE', *, *, #3851, .T. ) ;
#1710 = EDGE_CURVE ( 'NONE', #8212, #3319, #4620, .T. ) ;
#1711 = DIRECTION ( 'NONE',  ( 1.000000000000000000, 0.000000000000000000, 0.000000000000000000 ) ) ;
#1712 = AXIS2_PLACEMENT_3D ( 'NONE', #1088, #5514, #6848 ) ;
#1713 = LINE ( 'NONE', #1754, #2763 ) ;
#1714 = CARTESIAN_POINT ( 'NONE',  ( -6.349999999999999645, -7.776250346772100076E-17, 1.270000000000000018 ) ) ;
#1715 = DIRECTION ( 'NONE',  ( 0.000000000000000000, 1.000000000000000000, 0.000000000000000000 ) ) ;
#1716 = CARTESIAN_POINT ( 'NONE',  ( 1.270000000000000018, -0.8199999999999999512, 0.000000000000000000 ) ) ;
#1717 = CARTESIAN_POINT ( 'NONE',  ( 6.192004482623443273, 3.330000000000003624, 0.4429233660638184356 ) ) ;
#1718 = DIRECTION ( 'NONE',  ( 0.000000000000000000, 1.000000000000000000, 0.000000000000000000 ) ) ;
#1719 = CARTESIAN_POINT ( 'NONE',  ( 0.9165197654521211046, -0.6699999999999434186, -0.1530092933619089379 ) ) ;
#1720 = ORIENTED_EDGE ( 'NONE', *, *, #6547, .F. ) ;
#1721 = DIRECTION ( 'NONE',  ( 0.4226182617407031605, 0.000000000000000000, -0.9063077870366482713 ) ) ;
#1722 = DIRECTION ( 'NONE',  ( -1.000000000000000000, 0.000000000000000000, -1.224646799147353207E-16 ) ) ;
#1723 = CARTESIAN_POINT ( 'NONE',  ( 2.926523063262000068, -7.776250346772100076E-17, 1.270000000000000018 ) ) ;
#1724 = DIRECTION ( 'NONE',  ( 0.000000000000000000, 0.000000000000000000, 1.000000000000000000 ) ) ;
#1725 = CARTESIAN_POINT ( 'NONE',  ( -3.810000000000000053, 7.492926245181917189, 0.1868300633393450705 ) ) ;
#1726 = CARTESIAN_POINT ( 'NONE',  ( -3.810000000000000053, 3.330000000000000515, -0.4700000000000001954 ) ) ;
#1727 = CARTESIAN_POINT ( 'NONE',  ( -6.763309043241412688, 3.330000000000004068, -0.2330404979641977903 ) ) ;
#1728 = CARTESIAN_POINT ( 'NONE',  ( -8.890000000000000568, 3.330000000000000515, 0.4700000000000000844 ) ) ;
#1729 = CARTESIAN_POINT ( 'NONE',  ( 5.709999999999999964, 3.479999999999999538, 0.3199999999999999512 ) ) ;
#1730 = ORIENTED_EDGE ( 'NONE', *, *, #7485, .T. ) ;
#1731 = DIRECTION ( 'NONE',  ( -1.000000000000000000, 0.000000000000000000, -1.224646799147353207E-16 ) ) ;
#1732 = DIRECTION ( 'NONE',  ( 0.000000000000000000, 0.000000000000000000, 1.000000000000000000 ) ) ;
#1733 = EDGE_CURVE ( 'NONE', #3079, #2185, #2405, .T. ) ;
#1734 = CARTESIAN_POINT ( 'NONE',  ( -0.8000000000000040412, -0.8199999999999998401, -0.2349999999999980715 ) ) ;
#1735 = CIRCLE ( 'NONE', #7029, 0.2349999999999980160 ) ;
#1736 = ORIENTED_EDGE ( 'NONE', *, *, #6161, .F. ) ;
#1737 = CARTESIAN_POINT ( 'NONE',  ( -5.373261531630999954, 6.551643992949719860E-17, -1.070000000000000062 ) ) ;
#1738 = VERTEX_POINT ( 'NONE', #5599 ) ;
#1739 = CARTESIAN_POINT ( 'NONE',  ( -6.349999999999999645, 0.000000000000000000, 0.6650000000000000355 ) ) ;
#1740 = VERTEX_POINT ( 'NONE', #8294 ) ;
#1741 = DIRECTION ( 'NONE',  ( -0.4226182617407031605, 0.000000000000000000, 0.9063077870366482713 ) ) ;
#1742 = LINE ( 'NONE', #1097, #1516 ) ;
#1743 = AXIS2_PLACEMENT_3D ( 'NONE', #7210, #7845, #905 ) ;
#1744 = CARTESIAN_POINT ( 'NONE',  ( -1.910000000000001474, 7.361853603950959446, 0.3200000000000003952 ) ) ;
#1745 = UNCERTAINTY_MEASURE_WITH_UNIT (LENGTH_MEASURE( 1.000000000000000082E-05 ), #7344, 'distance_accuracy_value', 'NONE');
#1746 = DIRECTION ( 'NONE',  ( 0.000000000000000000, 1.000000000000000000, 0.000000000000000000 ) ) ;
#1747 =( BOUNDED_SURFACE ( )  B_SPLINE_SURFACE ( 3, 3, ( 
 ( #8959, #2662, #7600, #8274 ),
 ( #8483, #6486, #1413, #8392 ),
 ( #7169, #87, #2884, #7852 ),
 ( #5750, #4365, #8582, #868 ) ),
 .UNSPECIFIED., .F., .F., .F. ) 
 B_SPLINE_SURFACE_WITH_KNOTS ( ( 4, 4 ),
 ( 4, 4 ),
 ( 0.000000000000000000, 1.000000000000000000 ),
 ( 0.000000000000000000, 1.000000000000000000 ),
 .UNSPECIFIED. ) 
 GEOMETRIC_REPRESENTATION_ITEM ( )  RATIONAL_B_SPLINE_SURFACE ( (
 ( 1.000000000000000000, 0.3333333333333334259, 0.3333333333333334259, 1.000000000000000000),
 ( 0.7995857374534958151, 0.2665285791511653457, 0.2665285791511653457, 0.7995857374534958151),
 ( 0.7995857374534958151, 0.2665285791511653457, 0.2665285791511653457, 0.7995857374534958151),
 ( 1.000000000000000000, 0.3333333333333334259, 0.3333333333333334259, 1.000000000000000000) ) ) 
 REPRESENTATION_ITEM ( '' )  SURFACE ( )  );
#1748 = ORIENTED_EDGE ( 'NONE', *, *, #2174, .T. ) ;
#1749 = CARTESIAN_POINT ( 'NONE',  ( 9.226641165143202983, -0.6699999999999942668, -0.1888975254401630555 ) ) ;
#1750 = AXIS2_PLACEMENT_3D ( 'NONE', #2712, #4067, #6173 ) ;
#1751 = ORIENTED_EDGE ( 'NONE', *, *, #5926, .T. ) ;
#1752 = ORIENTED_EDGE ( 'NONE', *, *, #3276, .T. ) ;
#1753 = CARTESIAN_POINT ( 'NONE',  ( -0.8445423447485385093, 3.330000000000000959, 0.2025509719038282586 ) ) ;
#1754 = CARTESIAN_POINT ( 'NONE',  ( -2.926523063262000068, 7.776250346772100076E-17, -1.270000000000000018 ) ) ;
#1755 = CARTESIAN_POINT ( 'NONE',  ( -8.793207708180004190, -0.6699999999999767253, -0.3759894986363454539 ) ) ;
#1756 = CARTESIAN_POINT ( 'NONE',  ( 3.809999999999999609, 7.489960314960472765, 2.117582368135750848E-17 ) ) ;
#1757 = CARTESIAN_POINT ( 'NONE',  ( 1.124989869699840828, 3.330000000000002292, 0.4473128447807978025 ) ) ;
#1758 = EDGE_CURVE ( 'NONE', #3685, #5740, #613, .T. ) ;
#1759 = ORIENTED_EDGE ( 'NONE', *, *, #5257, .T. ) ;
#1760 = DIRECTION ( 'NONE',  ( -0.4226182617406985531, 0.000000000000000000, 0.9063077870366503808 ) ) ;
#1761 = DIRECTION ( 'NONE',  ( -1.000000000000000000, -0.000000000000000000, -0.000000000000000000 ) ) ;
#1762 = AXIS2_PLACEMENT_3D ( 'NONE', #3234, #8752, #1166 ) ;
#1763 = FACE_OUTER_BOUND ( 'NONE', #7047, .T. ) ;
#1764 = ORIENTED_EDGE ( 'NONE', *, *, #3246, .F. ) ;
#1765 = SURFACE_STYLE_USAGE ( .BOTH. , #4714 ) ;
#1766 = DIRECTION ( 'NONE',  ( 0.000000000000000000, 1.000000000000000000, 0.000000000000000000 ) ) ;
#1767 = AXIS2_PLACEMENT_3D ( 'NONE', #5684, #5772, #201 ) ;
#1768 = DIRECTION ( 'NONE',  ( -0.9063077870366482713, 2.587705042845171132E-17, -0.4226182617407031605 ) ) ;
#1769 = CARTESIAN_POINT ( 'NONE',  ( -3.810000000000000053, 2.799999999999999822, 0.000000000000000000 ) ) ;
#1770 = CARTESIAN_POINT ( 'NONE',  ( -3.810000000000000053, 7.489960314960471877, -2.117582368135750848E-17 ) ) ;
#1771 = DIRECTION ( 'NONE',  ( 0.000000000000000000, 0.000000000000000000, 1.000000000000000000 ) ) ;
#1772 = CARTESIAN_POINT ( 'NONE',  ( 6.349999999999999645, -0.8199999999999999512, 0.000000000000000000 ) ) ;
#1773 = LINE ( 'NONE', #348, #2549 ) ;
#1774 = DIRECTION ( 'NONE',  ( -0.000000000000000000, -1.000000000000000000, -0.000000000000000000 ) ) ;
#1775 = CARTESIAN_POINT ( 'NONE',  ( -5.709999999999998188, 7.175000000000000711, -0.3200000000000007838 ) ) ;
#1776 = CARTESIAN_POINT ( 'NONE',  ( -8.890000000000000568, -0.8199999999999999512, -0.2349999999999980438 ) ) ;
#1777 = CARTESIAN_POINT ( 'NONE',  ( 1.270000000000000240, -4.537064994640259918, -0.2349999999999975719 ) ) ;
#1778 = VECTOR ( 'NONE', #5712, 999.9999999999998863 ) ;
#1779 = ORIENTED_EDGE ( 'NONE', *, *, #2609, .T. ) ;
#1780 =( LENGTH_UNIT ( ) NAMED_UNIT ( * ) SI_UNIT ( .MILLI., .METRE. ) );
#1781 = ORIENTED_EDGE ( 'NONE', *, *, #7855, .T. ) ;
#1782 = CARTESIAN_POINT ( 'NONE',  ( 6.725989498636343100, -0.6699999999999970424, 0.09679229181997829612 ) ) ;
#1783 = ORIENTED_EDGE ( 'NONE', *, *, #4725, .T. ) ;
#1784 = FACE_OUTER_BOUND ( 'NONE', #3650, .T. ) ;
#1785 = CARTESIAN_POINT ( 'NONE',  ( 8.890000000000000568, 7.174999999999999822, 0.3200000000000007838 ) ) ;
#1786 = ADVANCED_FACE ( 'NONE', ( #7062 ), #4276, .T. ) ;
#1787 = CARTESIAN_POINT ( 'NONE',  ( -1.270000000000000018, 3.479999999999999982, -0.3199999999999999512 ) ) ;
#1788 = CLOSED_SHELL ( 'NONE', ( #4678, #2062, #4021, #6541, #1523, #4886, #4910, #8731, #10, #4781, #8051, #3457, #3392, #5636, #7652, #5428, #4396, #4766, #7500, #5368, #8879, #1786, #3680, #7758, #5547, #3968, #6756, #4241, #8421, #2211, #3536, #982, #6145, #2642, #3445, #8732, #3934, #3681, #5466, #3173, #8035, #4494, #2068, #4592, #8086, #4569, #740, #1060, #3016, #5526, #7259, #6984, #8986, #2432, #6217, #5905, #6321, #3937, #8216, #3693, #2410, #7070, #1971, #968, #3665, #4751, #1988, #8540, #3889, #7811, #288, #7261, #6711, #5312, #1810, #7376, #4391, #420, #8208, #5015, #7474, #1497, #1823, #398, #7058, #6314, #5856, #8184, #6987, #8921, #6546, #8897, #3269, #661, #3034, #2881, #4967, #6529, #3336, #1540, #8331, #2845, #2046, #346, #6995, #2248, #2491, #456, #3921, #2475, #6357, #5290, #284, #1998, #8943, #3736, #4374, #8117, #69, #8928, #5323, #7379, #6562, #5456, #8142, #1031, #3852, #453, #8131, #5586, #1896, #1526, #7928, #8715, #8676, #2365, #4221, #2036, #1403, #2210, #1329, #7513, #1116, #5650, #227, #1926, #8765, #5453, #786, #1705, #23, #963, #2314, #2595, #4609, #550, #4211, #5163, #2292, #3727, #698, #8438, #3895, #3258, #4340, #2917, #6827, #8512, #2912, #4370, #2050, #62, #7816, #4588, #687, #2752, #5444, #2971, #5587, #6875, #5363, #1617, #3377, #2332, #6997, #5366, #668, #1367, #336, #7595, #3777, #2196, #1292, #2669, #7149, #1415, #1628, #8524, #1289, #8992, #3790, #1899, #5287, #8277, #1405, #7187, #9040, #4944, #3295, #3161, #3885, #6872, #1620, #7317, #6476, #5958, #7889, #1301, #1339, #1259, #4634, #6801, #7764, #6523, #8297, #7550 ) ) ;
#1789 = CARTESIAN_POINT ( 'NONE',  ( 4.786738468369000188, -6.551643992949719860E-17, 1.070000000000000062 ) ) ;
#1790 = LINE ( 'NONE', #8589, #5672 ) ;
#1791 = ORIENTED_EDGE ( 'NONE', *, *, #4502, .F. ) ;
#1792 = CYLINDRICAL_SURFACE ( 'NONE', #8358, 0.6650000000000000355 ) ;
#1793 = AXIS2_PLACEMENT_3D ( 'NONE', #1860, #431, #3338 ) ;
#1794 = ORIENTED_EDGE ( 'NONE', *, *, #1758, .T. ) ;
#1795 = SURFACE_STYLE_USAGE ( .BOTH. , #8087 ) ;
#1796 = CARTESIAN_POINT ( 'NONE',  ( 2.740000000000000213, 2.799999999999999822, -0.8699999999999998845 ) ) ;
#1797 = EDGE_LOOP ( 'NONE', ( #2842, #2925 ) ) ;
#1798 = DIRECTION ( 'NONE',  ( -1.000000000000000000, -0.000000000000000000, -0.000000000000000000 ) ) ;
#1799 =( BOUNDED_SURFACE ( )  B_SPLINE_SURFACE ( 3, 3, ( 
 ( #414, #455, #3259, #2525 ),
 ( #2657, #6900, #586, #1235 ),
 ( #6069, #4006, #6204, #8176 ),
 ( #542, #5483, #7631, #5346 ) ),
 .UNSPECIFIED., .F., .F., .T. ) 
 B_SPLINE_SURFACE_WITH_KNOTS ( ( 4, 4 ),
 ( 4, 4 ),
 ( 0.000000000000000000, 1.000000000000000000 ),
 ( 0.000000000000000000, 1.000000000000000000 ),
 .UNSPECIFIED. ) 
 GEOMETRIC_REPRESENTATION_ITEM ( )  RATIONAL_B_SPLINE_SURFACE ( (
 ( 1.000000000000000000, 0.3333333333333334259, 0.3333333333333334259, 1.000000000000000000),
 ( 0.8047378541243649375, 0.2682459513747884050, 0.2682459513747884050, 0.8047378541243649375),
 ( 0.8047378541243649375, 0.2682459513747884050, 0.2682459513747884050, 0.8047378541243649375),
 ( 1.000000000000000000, 0.3333333333333334259, 0.3333333333333334259, 1.000000000000000000) ) ) 
 REPRESENTATION_ITEM ( '' )  SURFACE ( )  );
#1800 = PRESENTATION_LAYER_ASSIGNMENT (  '', '', ( #6946 ) ) ;
#1801 = SURFACE_SIDE_STYLE ('',( #8046 ) ) ;
#1802 = CARTESIAN_POINT ( 'NONE',  ( 1.270000000000000018, -4.400000000000000355, 0.000000000000000000 ) ) ;
#1803 = EDGE_CURVE ( 'NONE', #2778, #3763, #6888, .T. ) ;
#1804 = MECHANICAL_DESIGN_GEOMETRIC_PRESENTATION_REPRESENTATION (  '', ( #191 ), #476 ) ;
#1805 = CARTESIAN_POINT ( 'NONE',  ( 8.890000000000000568, 5.327499999999999680, 0.000000000000000000 ) ) ;
#1806 = EDGE_CURVE ( 'NONE', #691, #7009, #2996, .T. ) ;
#1807 = CARTESIAN_POINT ( 'NONE',  ( -3.169999999999999929, 3.479999999999999538, 0.3199999999999999512 ) ) ;
#1808 = AXIS2_PLACEMENT_3D ( 'NONE', #7091, #2206, #6906 ) ;
#1809 = CIRCLE ( 'NONE', #4164, 0.2349999999999980160 ) ;
#1810 = ADVANCED_FACE ( 'NONE', ( #9028 ), #713, .T. ) ;
#1811 = ORIENTED_EDGE ( 'NONE', *, *, #3331, .F. ) ;
#1812 = DIRECTION ( 'NONE',  ( -0.000000000000000000, -1.000000000000000000, -0.000000000000000000 ) ) ;
#1813 = PRODUCT_DEFINITION_FORMATION_WITH_SPECIFIED_SOURCE ( 'ANY', '', #1845, .NOT_KNOWN. ) ;
#1814 = DIRECTION ( 'NONE',  ( -1.000000000000000000, 0.000000000000000000, -0.000000000000000000 ) ) ;
#1815 =( NAMED_UNIT ( * ) PLANE_ANGLE_UNIT ( ) SI_UNIT ( $, .RADIAN. ) );
#1816 = CARTESIAN_POINT ( 'NONE',  ( -6.349999999999999645, -0.8199999999999999512, 0.3850000000000000089 ) ) ;
#1817 = CONICAL_SURFACE ( 'NONE', #7975, 0.6649999999775533244, 0.7853981633974482790 ) ;
#1818 = CARTESIAN_POINT ( 'NONE',  ( -10.16000000000000014, 2.799999999999999822, 0.8699999999999996625 ) ) ;
#1819 = CARTESIAN_POINT ( 'NONE',  ( 3.339966462095012467, 3.330000000000004956, -0.02970875781412328151 ) ) ;
#1820 = CARTESIAN_POINT ( 'NONE',  ( -6.989999999999999325, 3.479999999999999538, -0.3199999999999999512 ) ) ;
#1821 = CARTESIAN_POINT ( 'NONE',  ( -6.349999999999999645, 7.174999999999999822, 0.000000000000000000 ) ) ;
#1822 = CARTESIAN_POINT ( 'NONE',  ( 5.709999999999999964, 3.392132034355963999, -0.3199999999999999512 ) ) ;
#1823 = ADVANCED_FACE ( 'NONE', ( #2271 ), #5144, .T. ) ;
#1824 = EDGE_CURVE ( 'NONE', #908, #6026, #894, .T. ) ;
#1825 = AXIS2_PLACEMENT_3D ( 'NONE', #5308, #5989, #3135 ) ;
#1826 = CARTESIAN_POINT ( 'NONE',  ( -3.810000000000000053, 3.479999999999999982, -0.4700000000000009726 ) ) ;
#1827 = CARTESIAN_POINT ( 'NONE',  ( 1.270000000000000018, 1.967086183247610087, 0.9150000000000000355 ) ) ;
#1828 = DIRECTION ( 'NONE',  ( -0.4226182617407031605, 0.000000000000000000, -0.9063077870366482713 ) ) ;
#1829 = ORIENTED_EDGE ( 'NONE', *, *, #800, .T. ) ;
#1830 =( NAMED_UNIT ( * ) SI_UNIT ( $, .STERADIAN. ) SOLID_ANGLE_UNIT ( ) );
#1831 = ORIENTED_EDGE ( 'NONE', *, *, #3231, .F. ) ;
#1832 = CARTESIAN_POINT ( 'NONE',  ( -4.258846230628237528, 3.330000000000004068, -0.1429865212590688273 ) ) ;
#1833 = ORIENTED_EDGE ( 'NONE', *, *, #4066, .T. ) ;
#1834 = DIRECTION ( 'NONE',  ( 1.000000000000000000, 0.000000000000000000, 0.000000000000000000 ) ) ;
#1835 =( NAMED_UNIT ( * ) SI_UNIT ( $, .STERADIAN. ) SOLID_ANGLE_UNIT ( ) );
#1836 = AXIS2_PLACEMENT_3D ( 'NONE', #6889, #7156, #1350 ) ;
#1837 = DIRECTION ( 'NONE',  ( 0.000000000000000000, -6.123031769111889989E-17, 1.000000000000000000 ) ) ;
#1838 =( NAMED_UNIT ( * ) PLANE_ANGLE_UNIT ( ) SI_UNIT ( $, .RADIAN. ) );
#1839 = CARTESIAN_POINT ( 'NONE',  ( 8.890000000000000568, 0.000000000000000000, 0.6650000000000000355 ) ) ;
#1840 = CARTESIAN_POINT ( 'NONE',  ( -6.349999999999999645, 2.799999999999999822, 0.000000000000000000 ) ) ;
#1841 = ORIENTED_EDGE ( 'NONE', *, *, #4801, .T. ) ;
#1842 = CARTESIAN_POINT ( 'NONE',  ( -1.270000000000000018, 3.329999999999999183, -0.4700000000000004730 ) ) ;
#1843 = ORIENTED_EDGE ( 'NONE', *, *, #7700, .T. ) ;
#1844 = VECTOR ( 'NONE', #6123, 1000.000000000000000 ) ;
#1845 = PRODUCT ( '350-80-108-00-001101', '350-80-108-00-001101', '', ( #7282 ) ) ;
#1846 = ORIENTED_EDGE ( 'NONE', *, *, #6141, .T. ) ;
#1847 = CARTESIAN_POINT ( 'NONE',  ( -3.810000000000000053, -0.2100000000000000200, 0.000000000000000000 ) ) ;
#1848 = UNCERTAINTY_MEASURE_WITH_UNIT (LENGTH_MEASURE( 1.000000000000000082E-05 ), #759, 'distance_accuracy_value', 'NONE');
#1849 = CARTESIAN_POINT ( 'NONE',  ( -3.810000000000000053, -4.400000000000000355, 0.004999999999994560011 ) ) ;
#1850 = VECTOR ( 'NONE', #6398, 1000.000000000000000 ) ;
#1851 = SURFACE_STYLE_USAGE ( .BOTH. , #4803 ) ;
#1852 = CARTESIAN_POINT ( 'NONE',  ( 2.869999999999999218, 3.329999999999999183, -0.4700000000000004730 ) ) ;
#1853 = FACE_OUTER_BOUND ( 'NONE', #6854, .T. ) ;
#1854 = CARTESIAN_POINT ( 'NONE',  ( 5.918482449088805275, 3.330000000000003624, 0.1868098221246101143 ) ) ;
#1855 = FACE_OUTER_BOUND ( 'NONE', #1195, .T. ) ;
#1856 = VECTOR ( 'NONE', #7594, 1000.000000000000000 ) ;
#1857 =( LENGTH_UNIT ( ) NAMED_UNIT ( * ) SI_UNIT ( .MILLI., .METRE. ) );
#1858 = EDGE_LOOP ( 'NONE', ( #8617, #5511, #5412, #2054 ) ) ;
#1859 = LINE ( 'NONE', #4576, #776 ) ;
#1860 = CARTESIAN_POINT ( 'NONE',  ( 3.810000000000000053, -0.6699999999568717612, 0.000000000000000000 ) ) ;
#1861 = EDGE_CURVE ( 'NONE', #3853, #2827, #8606, .T. ) ;
#1862 = PLANE ( 'NONE',  #9094 ) ;
#1863 = DIRECTION ( 'NONE',  ( 0.000000000000000000, -1.000000000000000000, -6.123031769111889989E-17 ) ) ;
#1864 = MECHANICAL_DESIGN_GEOMETRIC_PRESENTATION_REPRESENTATION (  '', ( #5829 ), #6275 ) ;
#1865 = DIRECTION ( 'NONE',  ( 1.000000000000000000, -7.401486830834319717E-14, 0.000000000000000000 ) ) ;
#1866 = FACE_BOUND ( 'NONE', #8880, .T. ) ;
#1867 =( GEOMETRIC_REPRESENTATION_CONTEXT ( 3 ) GLOBAL_UNCERTAINTY_ASSIGNED_CONTEXT ( ( #1652 ) ) GLOBAL_UNIT_ASSIGNED_CONTEXT ( ( #1182, #1310, #8213 ) ) REPRESENTATION_CONTEXT ( 'NONE', 'WORKASPACE' ) );
#1868 = CARTESIAN_POINT ( 'NONE',  ( 6.349999999999999645, 3.479999999999999982, 0.3199999999999999512 ) ) ;
#1869 = DIRECTION ( 'NONE',  ( 0.000000000000000000, 1.000000000000000000, 0.000000000000000000 ) ) ;
#1870 = CARTESIAN_POINT ( 'NONE',  ( -9.007154517158696194, -0.6699999999999607381, -0.3676542739225700518 ) ) ;
#1871 = DIRECTION ( 'NONE',  ( 0.000000000000000000, 1.000000000000000000, 0.000000000000000000 ) ) ;
#1872 = CARTESIAN_POINT ( 'NONE',  ( -8.890000000000000568, -0.6699999999999979305, -0.3849999999999999534 ) ) ;
#1873 = SURFACE_STYLE_FILL_AREA ( #617 ) ;
#1874 = ORIENTED_EDGE ( 'NONE', *, *, #3958, .T. ) ;
#1875 = CARTESIAN_POINT ( 'NONE',  ( 4.033918039050297999, -0.6699999999999859401, -0.3152594482582339319 ) ) ;
#1876 = EDGE_LOOP ( 'NONE', ( #671, #8, #7691, #6422 ) ) ;
#1877 = CARTESIAN_POINT ( 'NONE',  ( -4.268932303851931565, 3.330000000000003624, 0.1177832789724675699 ) ) ;
#1878 = ORIENTED_EDGE ( 'NONE', *, *, #660, .T. ) ;
#1879 = LINE ( 'NONE', #1185, #8386 ) ;
#1880 = CARTESIAN_POINT ( 'NONE',  ( 6.552550971903831289, 3.330000000000001847, -0.4254576552514606758 ) ) ;
#1881 = DIRECTION ( 'NONE',  ( 0.000000000000000000, 1.000000000000000000, 0.000000000000000000 ) ) ;
#1882 =( NAMED_UNIT ( * ) SI_UNIT ( $, .STERADIAN. ) SOLID_ANGLE_UNIT ( ) );
#1883 =( NAMED_UNIT ( * ) SI_UNIT ( $, .STERADIAN. ) SOLID_ANGLE_UNIT ( ) );
#1884 = ORIENTED_EDGE ( 'NONE', *, *, #733, .F. ) ;
#1885 = CARTESIAN_POINT ( 'NONE',  ( -6.349999999999999645, 7.489960314960471877, -2.117582368135750848E-17 ) ) ;
#1886 = CARTESIAN_POINT ( 'NONE',  ( 1.270000000000000018, -0.6699999999568717612, -1.018987004129322684E-17 ) ) ;
#1887 = VERTEX_POINT ( 'NONE', #5820 ) ;
#1888 = CARTESIAN_POINT ( 'NONE',  ( 8.890000000000000568, 2.799999999999999822, 0.9150000000000000355 ) ) ;
#1889 = VECTOR ( 'NONE', #7797, 1000.000000000000000 ) ;
#1890 = EDGE_CURVE ( 'NONE', #4877, #8008, #4121, .T. ) ;
#1891 = ORIENTED_EDGE ( 'NONE', *, *, #733, .T. ) ;
#1892 = FILL_AREA_STYLE_COLOUR ( '', #3663 ) ;
#1893 = ORIENTED_EDGE ( 'NONE', *, *, #1234, .F. ) ;
#1894 = CIRCLE ( 'NONE', #3061, 0.3199999999999999512 ) ;
#1895 = CARTESIAN_POINT ( 'NONE',  ( 6.349999999999999645, -0.8199999999999999512, -0.2349999999999980438 ) ) ;
#1896 = ADVANCED_FACE ( 'NONE', ( #7879 ), #6469, .T. ) ;
#1897 = DIRECTION ( 'NONE',  ( -0.000000000000000000, -1.000000000000000000, -0.000000000000000000 ) ) ;
#1898 = ORIENTED_EDGE ( 'NONE', *, *, #6239, .F. ) ;
#1899 = ADVANCED_FACE ( 'NONE', ( #432 ), #2412, .T. ) ;
#1900 = LINE ( 'NONE', #7475, #7686 ) ;
#1901 = SURFACE_STYLE_FILL_AREA ( #5371 ) ;
#1902 = CARTESIAN_POINT ( 'NONE',  ( -3.810000000000000053, 3.479999999999999982, 0.4700000000000009726 ) ) ;
#1903 = DIRECTION ( 'NONE',  ( 1.000000000000000000, 0.000000000000000000, 0.000000000000000000 ) ) ;
#1904 = CARTESIAN_POINT ( 'NONE',  ( -1.270000000000000018, 7.174999999999999822, -0.3200000000000007838 ) ) ;
#1905 = DIRECTION ( 'NONE',  ( -1.000000000000000000, -0.000000000000000000, -0.000000000000000000 ) ) ;
#1906 = CARTESIAN_POINT ( 'NONE',  ( 3.810000000000000053, 3.330000000000000515, 0.4700000000000000844 ) ) ;
#1907 = CARTESIAN_POINT ( 'NONE',  ( -1.270000000000000018, 5.327499999999999680, 0.000000000000000000 ) ) ;
#1908 = CARTESIAN_POINT ( 'NONE',  ( 6.603948616037049746, -0.6699999999999883826, -0.2906971332467644942 ) ) ;
#1909 = EDGE_CURVE ( 'NONE', #8798, #6637, #1457, .T. ) ;
#1910 = ORIENTED_EDGE ( 'NONE', *, *, #7212, .T. ) ;
#1911 = AXIS2_PLACEMENT_3D ( 'NONE', #2172, #5006, #4249 ) ;
#1912 = CARTESIAN_POINT ( 'NONE',  ( -6.819999999999994067, -4.399999999999999467, -0.2349999999999975719 ) ) ;
#1913 = CARTESIAN_POINT ( 'NONE',  ( -9.660000000000000142, -0.6699999999999979305, -0.3849999999999999534 ) ) ;
#1914 =( NAMED_UNIT ( * ) SI_UNIT ( $, .STERADIAN. ) SOLID_ANGLE_UNIT ( ) );
#1915 = ORIENTED_EDGE ( 'NONE', *, *, #2372, .F. ) ;
#1916 = B_SPLINE_CURVE_WITH_KNOTS ( 'NONE', 3,
 ( #4363, #3859, #359, #5836, #1645, #3065, #4407, #3163, #8527, #6485, #7850, #8580, #4456, #5878, #8669, #1917, #6058 ),
 .UNSPECIFIED., .F., .F.,
 ( 4, 2, 2, 2, 2, 1, 2, 2, 4 ),
 ( 0.000000000000000000, 0.1249999999999955591, 0.2499999999999911182, 0.3749999999999905631, 0.4999999999999900080, 0.6249999999999894529, 0.6874999999999903411, 0.7499999999999912292, 1.000000000000000000 ),
 .UNSPECIFIED. ) ;
#1917 = CARTESIAN_POINT ( 'NONE',  ( 4.194999999999999396, -0.6699999999999979305, 0.04955347075950800734 ) ) ;
#1918 = AXIS2_PLACEMENT_3D ( 'NONE', #1987, #3463, #5411 ) ;
#1919 = ORIENTED_EDGE ( 'NONE', *, *, #2328, .F. ) ;
#1920 =( GEOMETRIC_REPRESENTATION_CONTEXT ( 3 ) GLOBAL_UNCERTAINTY_ASSIGNED_CONTEXT ( ( #5436 ) ) GLOBAL_UNIT_ASSIGNED_CONTEXT ( ( #3508, #2939, #52 ) ) REPRESENTATION_CONTEXT ( 'NONE', 'WORKASPACE' ) );
#1921 = ORIENTED_EDGE ( 'NONE', *, *, #8439, .T. ) ;
#1922 = DIRECTION ( 'NONE',  ( 0.000000000000000000, 1.000000000000000000, 0.000000000000000000 ) ) ;
#1923 = EDGE_CURVE ( 'NONE', #6886, #8621, #5731, .T. ) ;
#1924 = PRESENTATION_STYLE_ASSIGNMENT (( #451 ) ) ;
#1925 = SURFACE_STYLE_USAGE ( .BOTH. , #7628 ) ;
#1926 = ADVANCED_FACE ( 'NONE', ( #8011 ), #989, .T. ) ;
#1927 = UNCERTAINTY_MEASURE_WITH_UNIT (LENGTH_MEASURE( 1.000000000000000082E-05 ), #7989, 'distance_accuracy_value', 'NONE');
#1928 = VECTOR ( 'NONE', #8955, 1000.000000000000000 ) ;
#1929 = CARTESIAN_POINT ( 'NONE',  ( -3.810000000000000053, -0.6699999999999979305, 0.2971320343559630262 ) ) ;
#1930 = CARTESIAN_POINT ( 'NONE',  ( 3.810000000000000053, -0.8199999999999999512, -0.2349999999999980438 ) ) ;
#1931 = ORIENTED_EDGE ( 'NONE', *, *, #581, .T. ) ;
#1932 = CARTESIAN_POINT ( 'NONE',  ( -8.890000000000000568, -4.630000000000003446, -7.625571271977343211E-17 ) ) ;
#1933 = DIRECTION ( 'NONE',  ( 0.000000000000000000, 1.000000000000000000, 4.075948017035275911E-17 ) ) ;
#1934 = LINE ( 'NONE', #2067, #2 ) ;
#1935 = CIRCLE ( 'NONE', #900, 0.3200000000000000067 ) ;
#1936 = ORIENTED_EDGE ( 'NONE', *, *, #3742, .T. ) ;
#1937 = EDGE_CURVE ( 'NONE', #3638, #813, #2500, .T. ) ;
#1938 = EDGE_CURVE ( 'NONE', #2563, #813, #3221, .T. ) ;
#1939 = UNCERTAINTY_MEASURE_WITH_UNIT (LENGTH_MEASURE( 1.000000000000000082E-05 ), #8479, 'distance_accuracy_value', 'NONE');
#1940 = PLANE ( 'NONE',  #7185 ) ;
#1941 = EDGE_CURVE ( 'NONE', #1601, #2268, #1124, .T. ) ;
#1942 = FILL_AREA_STYLE_COLOUR ( '', #8079 ) ;
#1943 = FACE_OUTER_BOUND ( 'NONE', #8160, .T. ) ;
#1944 = CARTESIAN_POINT ( 'NONE',  ( 1.388162018585436863, 3.330000000000001847, 0.4590001671664473704 ) ) ;
#1945 = PLANE ( 'NONE',  #6216 ) ;
#1946 = EDGE_LOOP ( 'NONE', ( #1470, #5543, #3138, #837 ) ) ;
#1947 = VECTOR ( 'NONE', #1881, 1000.000000000000000 ) ;
#1948 = CARTESIAN_POINT ( 'NONE',  ( -0.8137497910419425606, 3.330000000000000959, 0.1163527268167817152 ) ) ;
#1949 = CARTESIAN_POINT ( 'NONE',  ( -3.810000000000000053, -0.8199999999999999512, 0.2349999999999980160 ) ) ;
#1950 = VECTOR ( 'NONE', #5775, 1000.000000000000000 ) ;
#1951 = CARTESIAN_POINT ( 'NONE',  ( 8.703147460273513047, 3.330000000000002292, -0.4315005850825660572 ) ) ;
#1952 = CARTESIAN_POINT ( 'NONE',  ( -1.270000000000000018, -4.400000000000000355, 0.004999999999994560011 ) ) ;
#1953 = DIRECTION ( 'NONE',  ( -0.000000000000000000, -1.000000000000000000, -0.000000000000000000 ) ) ;
#1954 = FACE_OUTER_BOUND ( 'NONE', #2379, .T. ) ;
#1955 = PRESENTATION_LAYER_ASSIGNMENT (  '', '', ( #2980 ) ) ;
#1956 = CARTESIAN_POINT ( 'NONE',  ( 3.500452743138416700, 3.330000000000003180, -0.3551854049471112607 ) ) ;
#1957 = CARTESIAN_POINT ( 'NONE',  ( 6.573918039050283824, -0.6699999999999860512, -0.3152594482582490865 ) ) ;
#1958 = ORIENTED_EDGE ( 'NONE', *, *, #739, .T. ) ;
#1959 = CARTESIAN_POINT ( 'NONE',  ( -6.350000000000001421, -4.537064994640259918, 0.2349999999999975719 ) ) ;
#1960 = VECTOR ( 'NONE', #4359, 1000.000000000000000 ) ;
#1961 = CARTESIAN_POINT ( 'NONE',  ( 3.340000000000004743, -4.537064994640259030, 0.2349999999999976275 ) ) ;
#1962 = ORIENTED_EDGE ( 'NONE', *, *, #851, .T. ) ;
#1963 = CARTESIAN_POINT ( 'NONE',  ( -4.279999999999994031, -4.399999999999999467, -0.2349999999999975719 ) ) ;
#1964 = ORIENTED_EDGE ( 'NONE', *, *, #6038, .F. ) ;
#1965 = ORIENTED_EDGE ( 'NONE', *, *, #3371, .F. ) ;
#1966 = CARTESIAN_POINT ( 'NONE',  ( -8.006523063262001472, 6.551643992949721092E-17, -1.269999999999999796 ) ) ;
#1967 = CARTESIAN_POINT ( 'NONE',  ( -8.890000000000000568, 0.000000000000000000, 0.000000000000000000 ) ) ;
#1968 = AXIS2_PLACEMENT_3D ( 'NONE', #2291, #136, #8623 ) ;
#1969 = CARTESIAN_POINT ( 'NONE',  ( -9.176649751579011749, 3.330000000000003624, 0.3779260477497249360 ) ) ;
#1970 = CARTESIAN_POINT ( 'NONE',  ( -8.890000000000000568, -4.629945645751342376, 1.355252715606880543E-17 ) ) ;
#1971 = ADVANCED_FACE ( 'NONE', ( #8888 ), #7338, .T. ) ;
#1972 = CARTESIAN_POINT ( 'NONE',  ( -4.404264068711926328, -0.6699999999999978195, -0.2971320343559630262 ) ) ;
#1973 = EDGE_CURVE ( 'NONE', #9052, #4312, #6743, .T. ) ;
#1974 = CARTESIAN_POINT ( 'NONE',  ( -5.466523063261999660, -7.776250346772100076E-17, 1.270000000000000018 ) ) ;
#1975 = ORIENTED_EDGE ( 'NONE', *, *, #4530, .T. ) ;
#1976 = CARTESIAN_POINT ( 'NONE',  ( -3.810000000000000053, 2.799999999999999822, 0.000000000000000000 ) ) ;
#1977 = DIRECTION ( 'NONE',  ( 0.000000000000000000, 0.000000000000000000, 1.000000000000000000 ) ) ;
#1978 = CARTESIAN_POINT ( 'NONE',  ( 6.350000000000000533, 7.361853603950962111, 0.3200000000000008948 ) ) ;
#1979 = EDGE_CURVE ( 'NONE', #8269, #3075, #4113, .T. ) ;
#1980 = EDGE_LOOP ( 'NONE', ( #6368, #8544, #8860, #1829 ) ) ;
#1981 = CARTESIAN_POINT ( 'NONE',  ( -6.989999999999999325, 3.392132034355963555, -0.3199999999999998956 ) ) ;
#1982 = AXIS2_PLACEMENT_3D ( 'NONE', #1952, #1903, #3190 ) ;
#1983 = SURFACE_SIDE_STYLE ('',( #5536 ) ) ;
#1984 = ORIENTED_EDGE ( 'NONE', *, *, #1178, .F. ) ;
#1985 =( NAMED_UNIT ( * ) PLANE_ANGLE_UNIT ( ) SI_UNIT ( $, .RADIAN. ) );
#1986 =( NAMED_UNIT ( * ) SI_UNIT ( $, .STERADIAN. ) SOLID_ANGLE_UNIT ( ) );
#1987 = CARTESIAN_POINT ( 'NONE',  ( -6.349999999999999645, -0.2100000000000000200, 0.000000000000000000 ) ) ;
#1988 = ADVANCED_FACE ( 'NONE', ( #6609 ), #5372, .T. ) ;
#1989 = CIRCLE ( 'NONE', #4064, 0.2349999999999989875 ) ;
#1990 = VERTEX_POINT ( 'NONE', #5909 ) ;
#1991 = FACE_OUTER_BOUND ( 'NONE', #622, .T. ) ;
#1992 = DIRECTION ( 'NONE',  ( 0.4226182617407031605, 0.000000000000000000, 0.9063077870366482713 ) ) ;
#1993 = CARTESIAN_POINT ( 'NONE',  ( -6.734933004233289999, -0.6699999999999407541, -0.04860869467576232894 ) ) ;
#1994 = CARTESIAN_POINT ( 'NONE',  ( -5.880000000000005222, -4.399999999999999467, 0.2349999999999975719 ) ) ;
#1995 = CARTESIAN_POINT ( 'NONE',  ( -3.810000000000000053, -0.2100000000000000200, 0.6650000000000000355 ) ) ;
#1996 = CARTESIAN_POINT ( 'NONE',  ( 1.270000000000000018, 7.174999999999999822, 0.3200000000000007838 ) ) ;
#1997 = DIRECTION ( 'NONE',  ( 0.000000000000000000, 1.000000000000000000, 0.000000000000000000 ) ) ;
#1998 = ADVANCED_FACE ( 'NONE', ( #5235 ), #1862, .T. ) ;
#1999 = ORIENTED_EDGE ( 'NONE', *, *, #6264, .F. ) ;
#2000 = CIRCLE ( 'NONE', #8899, 0.9150000000000000355 ) ;
#2001 = CARTESIAN_POINT ( 'NONE',  ( -5.280000000000000249, 2.799999999999999822, -0.8699999999999998845 ) ) ;
#2002 = CARTESIAN_POINT ( 'NONE',  ( -5.964999999999999858, -0.6699999999999979305, 2.710505431213761085E-17 ) ) ;
#2003 = AXIS2_PLACEMENT_3D ( 'NONE', #1153, #7464, #3965 ) ;
#2004 = DIRECTION ( 'NONE',  ( 0.4226182617407002184, 0.000000000000000000, 0.9063077870366496036 ) ) ;
#2005 = SURFACE_SIDE_STYLE ('',( #1873 ) ) ;
#2006 = DIRECTION ( 'NONE',  ( 2.345257230884581992E-17, -1.000000000000000000, -1.093611407104877670E-17 ) ) ;
#2007 = VERTEX_POINT ( 'NONE', #4852 ) ;
#2008 = CARTESIAN_POINT ( 'NONE',  ( -4.279932924189976617, 3.330000000000004068, 0.05941751562780817064 ) ) ;
#2009 = ORIENTED_EDGE ( 'NONE', *, *, #2090, .F. ) ;
#2010 = CARTESIAN_POINT ( 'NONE',  ( 6.349999999999999645, 7.174999999999999822, -0.3200000000000007838 ) ) ;
#2011 = SURFACE_STYLE_FILL_AREA ( #1362 ) ;
#2012 = CARTESIAN_POINT ( 'NONE',  ( -1.270000000000000018, 7.174999999999999822, 0.3200000000000000067 ) ) ;
#2013 = EDGE_CURVE ( 'NONE', #8961, #6760, #8241, .T. ) ;
#2014 = CARTESIAN_POINT ( 'NONE',  ( -1.739999999999995106, -4.399999999999999467, -0.2349999999999975719 ) ) ;
#2015 = EDGE_CURVE ( 'NONE', #4271, #7312, #146, .T. ) ;
#2016 = CARTESIAN_POINT ( 'NONE',  ( 9.321500585082571178, 3.330000000000001847, -0.1867151372212133842 ) ) ;
#2017 = VERTEX_POINT ( 'NONE', #6139 ) ;
#2018 = DIRECTION ( 'NONE',  ( 0.000000000000000000, -1.000000000000000000, -6.123031769111889989E-17 ) ) ;
#2019 = DIRECTION ( 'NONE',  ( 0.000000000000000000, 1.000000000000000000, 0.000000000000000000 ) ) ;
#2020 = DIRECTION ( 'NONE',  ( 1.000000000000000000, 0.000000000000000000, 0.000000000000000000 ) ) ;
#2021 = CARTESIAN_POINT ( 'NONE',  ( -8.890000000000000568, -0.4200000000196268957, 0.000000000000000000 ) ) ;
#2022 = EDGE_CURVE ( 'NONE', #2034, #2561, #6962, .T. ) ;
#2023 = AXIS2_PLACEMENT_3D ( 'NONE', #2247, #5079, #4936 ) ;
#2024 = CARTESIAN_POINT ( 'NONE',  ( -2.246738468369000152, -5.327037639127342725E-17, 1.070000000000000062 ) ) ;
#2025 = VERTEX_POINT ( 'NONE', #7526 ) ;
#2026 = PRESENTATION_STYLE_ASSIGNMENT (( #7687 ) ) ;
#2027 = EDGE_LOOP ( 'NONE', ( #4288, #1266, #8429, #4839 ) ) ;
#2028 = CARTESIAN_POINT ( 'NONE',  ( 1.739999999999999991, 3.330000000000000071, 2.710505431213761085E-17 ) ) ;
#2029 = CARTESIAN_POINT ( 'NONE',  ( 1.500602173913996973, 3.330000000000001403, -0.4109645392657190754 ) ) ;
#2030 = ORIENTED_EDGE ( 'NONE', *, *, #5376, .F. ) ;
#2031 = DIRECTION ( 'NONE',  ( 0.9063077870366482713, -2.587705042845171132E-17, 0.4226182617407031605 ) ) ;
#2032 = ORIENTED_EDGE ( 'NONE', *, *, #8469, .F. ) ;
#2033 = AXIS2_PLACEMENT_3D ( 'NONE', #160, #5222, #7996 ) ;
#2034 = VERTEX_POINT ( 'NONE', #3469 ) ;
#2035 = EDGE_CURVE ( 'NONE', #611, #3728, #9061, .T. ) ;
#2036 = ADVANCED_FACE ( 'NONE', ( #6233 ), #1461, .T. ) ;
#2037 = CARTESIAN_POINT ( 'NONE',  ( 8.580452743138458516, 3.330000000000002736, -0.3551854049471562247 ) ) ;
#2038 = CARTESIAN_POINT ( 'NONE',  ( 1.458897525440184806, -0.6699999999999834976, 0.3366411651431973073 ) ) ;
#2039 = CARTESIAN_POINT ( 'NONE',  ( -6.944264068711924587, -0.6699999999999978195, 0.2971320343559648025 ) ) ;
#2040 = DIRECTION ( 'NONE',  ( 0.000000000000000000, 1.000000000000000000, 0.000000000000000000 ) ) ;
#2041 = CARTESIAN_POINT ( 'NONE',  ( 1.270000000000000240, 7.489960314960472765, -2.117582368135750848E-17 ) ) ;
#2042 = DIRECTION ( 'NONE',  ( 0.000000000000000000, 1.000000000000000000, 0.000000000000000000 ) ) ;
#2043 = ORIENTED_EDGE ( 'NONE', *, *, #8171, .T. ) ;
#2044 = CARTESIAN_POINT ( 'NONE',  ( 4.279999999999994920, -0.8199999999999998401, 0.2349999999999980715 ) ) ;
#2045 = EDGE_CURVE ( 'NONE', #5722, #7510, #1639, .T. ) ;
#2046 = ADVANCED_FACE ( 'NONE', ( #7573 ), #3378, .T. ) ;
#2047 = CARTESIAN_POINT ( 'NONE',  ( 3.810000000000000497, -4.632925319547866572, 0.1370326030541654527 ) ) ;
#2048 =( GEOMETRIC_REPRESENTATION_CONTEXT ( 3 ) GLOBAL_UNCERTAINTY_ASSIGNED_CONTEXT ( ( #3400 ) ) GLOBAL_UNIT_ASSIGNED_CONTEXT ( ( #3574, #3007, #3622 ) ) REPRESENTATION_CONTEXT ( 'NONE', 'WORKASPACE' ) );
#2049 = CARTESIAN_POINT ( 'NONE',  ( 8.890000000000000568, -4.400000000000000355, 0.000000000000000000 ) ) ;
#2050 = ADVANCED_FACE ( 'NONE', ( #1527, #3038 ), #3655, .T. ) ;
#2051 = CARTESIAN_POINT ( 'NONE',  ( -5.134266901142090056, 2.799999999999999822, -0.8699999999999997735 ) ) ;
#2052 = EDGE_LOOP ( 'NONE', ( #5890, #2285, #1336, #4341 ) ) ;
#2053 = CARTESIAN_POINT ( 'NONE',  ( 8.890000000000000568, 7.174999999999999822, -0.3200000000000007838 ) ) ;
#2054 = ORIENTED_EDGE ( 'NONE', *, *, #1451, .T. ) ;
#2055 = CARTESIAN_POINT ( 'NONE',  ( -8.490000000000000213, -0.6699999999999990408, 0.000000000000000000 ) ) ;
#2056 = EDGE_LOOP ( 'NONE', ( #4047, #4858, #7908 ) ) ;
#2057 = SURFACE_STYLE_FILL_AREA ( #3356 ) ;
#2058 = CARTESIAN_POINT ( 'NONE',  ( 4.880000000000000782, 2.799999999999999822, -0.8699999999999999956 ) ) ;
#2059 = FACE_OUTER_BOUND ( 'NONE', #2823, .T. ) ;
#2060 = CARTESIAN_POINT ( 'NONE',  ( 9.360000000000004761, 3.330000000000002292, -0.06049384742085451433 ) ) ;
#2061 = CONICAL_SURFACE ( 'NONE', #8228, 0.6649999999775533244, 0.7853981633974482790 ) ;
#2062 = ADVANCED_FACE ( 'NONE', ( #931 ), #4327, .F. ) ;
#2063 = ORIENTED_EDGE ( 'NONE', *, *, #155, .F. ) ;
#2064 = CARTESIAN_POINT ( 'NONE',  ( 8.522345726077327654, -0.6699999999999425304, 0.1171545171585162970 ) ) ;
#2065 = CARTESIAN_POINT ( 'NONE',  ( -1.270000000000000240, -4.537064994640259918, 0.2349999999999975719 ) ) ;
#2066 = ORIENTED_EDGE ( 'NONE', *, *, #1923, .T. ) ;
#2067 = CARTESIAN_POINT ( 'NONE',  ( -8.890000000000000568, -0.4200000000196268957, -0.6649999999614377710 ) ) ;
#2068 = ADVANCED_FACE ( 'NONE', ( #1618 ), #1623, .T. ) ;
#2069 = CARTESIAN_POINT ( 'NONE',  ( -6.349999999999999645, 3.329999999999999183, -0.4700000000000004730 ) ) ;
#2070 = AXIS2_PLACEMENT_3D ( 'NONE', #5760, #1610, #9101 ) ;
#2071 = DIRECTION ( 'NONE',  ( 1.000000000000000000, 0.000000000000000000, 0.000000000000000000 ) ) ;
#2072 = B_SPLINE_CURVE_WITH_KNOTS ( 'NONE', 3,
 ( #5314, #6036, #6648, #3139, #3184, #1717, #8094, #5362, #6603, #8143, #1025, #4527, #1854, #283, #4619, #2447, #8693, #7471, #5952, #1669, #5272, #8050, #4572, #470, #7426, #3090, #5902, #7378, #8644 ),
 .UNSPECIFIED., .F., .F.,
 ( 4, 1, 2, 2, 2, 1, 2, 2, 2, 2, 2, 2, 1, 2, 2, 4 ),
 ( 0.000000000000000000, 0.06250000000000033307, 0.09375000000000049960, 0.1250000000000006661, 0.2500000000000012212, 0.3125000000000014433, 0.3437500000000020539, 0.3750000000000026645, 0.5000000000000035527, 0.5625000000000039968, 0.6250000000000044409, 0.7500000000000053291, 0.8125000000000052180, 0.8437500000000052180, 0.8750000000000051070, 1.000000000000000000 ),
 .UNSPECIFIED. ) ;
#2073 = ORIENTED_EDGE ( 'NONE', *, *, #5175, .F. ) ;
#2074 = CARTESIAN_POINT ( 'NONE',  ( -1.270000000000000018, -0.6699999999999979305, 0.2971320343559630262 ) ) ;
#2075 = FACE_OUTER_BOUND ( 'NONE', #6041, .T. ) ;
#2076 = VECTOR ( 'NONE', #4900, 1000.000000000000000 ) ;
#2077 = CARTESIAN_POINT ( 'NONE',  ( -6.349999999999999645, -0.8199999999999999512, -0.3850000000000000089 ) ) ;
#2078 = EDGE_LOOP ( 'NONE', ( #7216, #6526, #6077, #4089 ) ) ;
#2079 = FACE_OUTER_BOUND ( 'NONE', #2861, .T. ) ;
#2080 = VERTEX_POINT ( 'NONE', #838 ) ;
#2081 = ORIENTED_EDGE ( 'NONE', *, *, #8970, .F. ) ;
#2082 = CARTESIAN_POINT ( 'NONE',  ( 8.617464400068511665, 3.330000000000002292, -0.3854018575819729286 ) ) ;
#2083 = LINE ( 'NONE', #1427, #2558 ) ;
#2084 = EDGE_CURVE ( 'NONE', #1309, #3265, #198, .T. ) ;
#2085 = CARTESIAN_POINT ( 'NONE',  ( -1.270000000000000018, -4.400000000000000355, 0.000000000000000000 ) ) ;
#2086 = CARTESIAN_POINT ( 'NONE',  ( 8.890000000000000568, 7.490000000000000213, 0.000000000000000000 ) ) ;
#2087 = CARTESIAN_POINT ( 'NONE',  ( 3.870493847420747091, 3.330000000000001847, 0.4700000000000000289 ) ) ;
#2088 = EDGE_CURVE ( 'NONE', #3756, #447, #2945, .T. ) ;
#2089 = DIRECTION ( 'NONE',  ( -0.000000000000000000, -0.000000000000000000, -1.000000000000000000 ) ) ;
#2090 = EDGE_CURVE ( 'NONE', #1532, #7766, #3704, .T. ) ;
#2091 = AXIS2_PLACEMENT_3D ( 'NONE', #1685, #5193, #7205 ) ;
#2092 = EDGE_LOOP ( 'NONE', ( #7241, #6078, #6473, #8898 ) ) ;
#2093 = DIRECTION ( 'NONE',  ( 0.000000000000000000, -6.123031769111889989E-17, 1.000000000000000000 ) ) ;
#2094 = CARTESIAN_POINT ( 'NONE',  ( -6.349999999999999645, -0.8199999999999999512, 0.000000000000000000 ) ) ;
#2095 = SURFACE_SIDE_STYLE ('',( #4862 ) ) ;
#2096 = CARTESIAN_POINT ( 'NONE',  ( 2.740000000000000657, 5.939340816038530984E-17, -0.8699999999999999956 ) ) ;
#2097 =( BOUNDED_SURFACE ( )  B_SPLINE_SURFACE ( 3, 3, ( 
 ( #6591, #7367, #5845, #8632 ),
 ( #591, #4063, #9004, #7508 ),
 ( #9048, #8351, #7556, #1978 ),
 ( #2617, #4834, #3407, #8917 ) ),
 .UNSPECIFIED., .F., .F., .F. ) 
 B_SPLINE_SURFACE_WITH_KNOTS ( ( 4, 4 ),
 ( 4, 4 ),
 ( 0.000000000000000000, 1.000000000000000000 ),
 ( 0.000000000000000000, 1.000000000000000000 ),
 .UNSPECIFIED. ) 
 GEOMETRIC_REPRESENTATION_ITEM ( )  RATIONAL_B_SPLINE_SURFACE ( (
 ( 1.000000000000000000, 0.3333333333333334259, 0.3333333333333334259, 1.000000000000000000),
 ( 0.8009815829414672628, 0.2669938609804891616, 0.2669938609804891616, 0.8009815829414672628),
 ( 0.8009815829414672628, 0.2669938609804891616, 0.2669938609804891616, 0.8009815829414672628),
 ( 1.000000000000000000, 0.3333333333333334259, 0.3333333333333334259, 1.000000000000000000) ) ) 
 REPRESENTATION_ITEM ( '' )  SURFACE ( )  );
#2098 = AXIS2_PLACEMENT_3D ( 'NONE', #8649, #9082, #6607 ) ;
#2099 = CARTESIAN_POINT ( 'NONE',  ( 4.280000000000000249, 3.330000000000000071, 2.710505431213761085E-17 ) ) ;
#2100 = CIRCLE ( 'NONE', #1218, 0.9150000000000000355 ) ;
#2101 = CARTESIAN_POINT ( 'NONE',  ( -3.810000000000000497, -4.537064994640259918, 0.2349999999999975719 ) ) ;
#2102 = CIRCLE ( 'NONE', #2539, 0.2349999999999989875 ) ;
#2103 = EDGE_LOOP ( 'NONE', ( #8135, #6912, #7430, #7602 ) ) ;
#2104 =( NAMED_UNIT ( * ) PLANE_ANGLE_UNIT ( ) SI_UNIT ( $, .RADIAN. ) );
#2105 = CARTESIAN_POINT ( 'NONE',  ( -3.810000000000000053, 0.000000000000000000, -0.6650000000000000355 ) ) ;
#2106 = CIRCLE ( 'NONE', #6071, 0.3200000000000000067 ) ;
#2107 = DIRECTION ( 'NONE',  ( -1.000000000000000000, 3.492836481966780137E-15, 0.000000000000000000 ) ) ;
#2108 = FILL_AREA_STYLE_COLOUR ( '', #4650 ) ;
#2109 = CARTESIAN_POINT ( 'NONE',  ( -1.270000000000000018, 5.327499999999999680, 0.3200000000000000067 ) ) ;
#2110 = ORIENTED_EDGE ( 'NONE', *, *, #7528, .T. ) ;
#2111 = CARTESIAN_POINT ( 'NONE',  ( -8.746541944915666278, 3.330000000000001847, -0.4485433477472196562 ) ) ;
#2112 = CARTESIAN_POINT ( 'NONE',  ( -0.8000000000000050404, -4.399999999999999467, 0.2349999999999975719 ) ) ;
#2113 = EDGE_LOOP ( 'NONE', ( #8044, #5623, #2242, #3206 ) ) ;
#2114 = FILL_AREA_STYLE ('',( #8529 ) ) ;
#2115 = FILL_AREA_STYLE_COLOUR ( '', #1510 ) ;
#2116 = DIRECTION ( 'NONE',  ( 0.000000000000000000, 1.000000000000000000, 0.000000000000000000 ) ) ;
#2117 = CYLINDRICAL_SURFACE ( 'NONE', #4703, 0.3200000000000000067 ) ;
#2118 = ORIENTED_EDGE ( 'NONE', *, *, #3442, .F. ) ;
#2119 = CARTESIAN_POINT ( 'NONE',  ( 7.913261531631000878, 6.551643992949719860E-17, -1.070000000000000062 ) ) ;
#2120 = CARTESIAN_POINT ( 'NONE',  ( 3.810000000000000053, 7.490000000000000213, 0.000000000000000000 ) ) ;
#2121 = ORIENTED_EDGE ( 'NONE', *, *, #697, .T. ) ;
#2122 = CARTESIAN_POINT ( 'NONE',  ( -1.542535599931581514, 3.330000000000003624, -0.3854018575818789483 ) ) ;
#2123 = CIRCLE ( 'NONE', #8418, 0.1500000000000020206 ) ;
#2124 = ORIENTED_EDGE ( 'NONE', *, *, #462, .T. ) ;
#2125 = CARTESIAN_POINT ( 'NONE',  ( 8.890000000000000568, 3.330000000000000071, 0.9150000000000000355 ) ) ;
#2126 = VERTEX_POINT ( 'NONE', #5768 ) ;
#2127 = STYLED_ITEM ( 'NONE', ( #7490 ), #6562 ) ;
#2128 = ORIENTED_EDGE ( 'NONE', *, *, #2990, .F. ) ;
#2129 = CARTESIAN_POINT ( 'NONE',  ( 6.349999999999999645, 3.479999999999999982, -0.4700000000000009726 ) ) ;
#2130 = CARTESIAN_POINT ( 'NONE',  ( -6.467154517158538951, -0.6699999999999608491, -0.3676542739226408840 ) ) ;
#2131 = LINE ( 'NONE', #3425, #7854 ) ;
#2132 = CYLINDRICAL_SURFACE ( 'NONE', #1911, 0.9150000000000000355 ) ;
#2133 = CARTESIAN_POINT ( 'NONE',  ( 8.890000000000000568, -4.629945645751342376, 1.355252715606880543E-17 ) ) ;
#2134 = VECTOR ( 'NONE', #8272, 1000.000000000000000 ) ;
#2135 = LINE ( 'NONE', #7739, #4018 ) ;
#2136 = EDGE_CURVE ( 'NONE', #147, #5862, #8809, .T. ) ;
#2137 = ORIENTED_EDGE ( 'NONE', *, *, #4406, .F. ) ;
#2138 = DIRECTION ( 'NONE',  ( -0.000000000000000000, -1.000000000000000000, -0.000000000000000000 ) ) ;
#2139 = DIRECTION ( 'NONE',  ( 0.000000000000000000, 0.7071067811865474617, 0.7071067811865474617 ) ) ;
#2140 = DIRECTION ( 'NONE',  ( 0.000000000000000000, 0.000000000000000000, 1.000000000000000000 ) ) ;
#2141 = VECTOR ( 'NONE', #5335, 1000.000000000000000 ) ;
#2142 = CARTESIAN_POINT ( 'NONE',  ( -10.06673846836899955, -5.327037639127337178E-17, 1.070000000000000062 ) ) ;
#2143 = CARTESIAN_POINT ( 'NONE',  ( -5.964999999999999858, -0.6699999999999979305, 2.710505431213761085E-17 ) ) ;
#2144 = VERTEX_POINT ( 'NONE', #5091 ) ;
#2145 = DIRECTION ( 'NONE',  ( 0.000000000000000000, 1.000000000000000000, 0.000000000000000000 ) ) ;
#2146 = EDGE_LOOP ( 'NONE', ( #2950, #1443 ) ) ;
#2147 = AXIS2_PLACEMENT_3D ( 'NONE', #4403, #7929, #4545 ) ;
#2148 =( BOUNDED_SURFACE ( )  B_SPLINE_SURFACE ( 3, 3, ( 
 ( #2650, #1963, #6891, #576 ),
 ( #2466, #8070, #1354, #2101 ),
 ( #2181, #3486, #8379, #7790 ),
 ( #9076, #8427, #4916, #8299 ) ),
 .UNSPECIFIED., .F., .F., .F. ) 
 B_SPLINE_SURFACE_WITH_KNOTS ( ( 4, 4 ),
 ( 4, 4 ),
 ( 0.000000000000000000, 1.000000000000000000 ),
 ( 0.000000000000000000, 1.000000000000000000 ),
 .UNSPECIFIED. ) 
 GEOMETRIC_REPRESENTATION_ITEM ( )  RATIONAL_B_SPLINE_SURFACE ( (
 ( 1.000000000000000000, 0.3333333333333334259, 0.3333333333333334259, 1.000000000000000000),
 ( 0.7995857374534958151, 0.2665285791511653457, 0.2665285791511653457, 0.7995857374534958151),
 ( 0.7995857374534958151, 0.2665285791511653457, 0.2665285791511653457, 0.7995857374534958151),
 ( 1.000000000000000000, 0.3333333333333334259, 0.3333333333333334259, 1.000000000000000000) ) ) 
 REPRESENTATION_ITEM ( '' )  SURFACE ( )  );
#2149 = DIRECTION ( 'NONE',  ( 0.000000000000000000, 1.000000000000000000, 4.075948016907505713E-17 ) ) ;
#2150 = CARTESIAN_POINT ( 'NONE',  ( 8.890000000000000568, 3.392132034355963555, -0.3199999999999999512 ) ) ;
#2151 = CARTESIAN_POINT ( 'NONE',  ( 3.810000000000000053, 3.330000000000000515, 0.4700000000000000844 ) ) ;
#2152 = LINE ( 'NONE', #4981, #6994 ) ;
#2153 = PLANE ( 'NONE',  #1565 ) ;
#2154 = EDGE_LOOP ( 'NONE', ( #7266, #3874, #1571, #4212 ) ) ;
#2155 = PLANE ( 'NONE',  #6951 ) ;
#2156 = FACE_OUTER_BOUND ( 'NONE', #6861, .T. ) ;
#2157 = PRESENTATION_STYLE_ASSIGNMENT (( #8353 ) ) ;
#2158 = EDGE_LOOP ( 'NONE', ( #2428, #5570, #7002 ) ) ;
#2159 = CARTESIAN_POINT ( 'NONE',  ( -3.810000000000000053, -0.6699999999999866063, -0.3849999999999998979 ) ) ;
#2160 = DIRECTION ( 'NONE',  ( 0.000000000000000000, 0.000000000000000000, -1.000000000000000000 ) ) ;
#2161 = VERTEX_POINT ( 'NONE', #7866 ) ;
#2162 = CARTESIAN_POINT ( 'NONE',  ( -1.655401857581842773, 3.330000000000003624, 0.2725355999316229627 ) ) ;
#2163 = EDGE_CURVE ( 'NONE', #7955, #1351, #3749, .T. ) ;
#2164 = ORIENTED_EDGE ( 'NONE', *, *, #2045, .F. ) ;
#2165 = CARTESIAN_POINT ( 'NONE',  ( -0.8384994149174351818, 3.330000000000000959, -0.1867151372212405847 ) ) ;
#2166 = LINE ( 'NONE', #1252, #5784 ) ;
#2167 = VERTEX_POINT ( 'NONE', #5003 ) ;
#2168 = ORIENTED_EDGE ( 'NONE', *, *, #1287, .F. ) ;
#2169 = AXIS2_PLACEMENT_3D ( 'NONE', #4061, #4009, #3261 ) ;
#2170 = CARTESIAN_POINT ( 'NONE',  ( 1.655000000000000249, -0.6699999999999979305, 0.04955347075954691372 ) ) ;
#2171 = DIRECTION ( 'NONE',  ( 0.4226182617407017728, 0.000000000000000000, 0.9063077870366488265 ) ) ;
#2172 = CARTESIAN_POINT ( 'NONE',  ( -8.890000000000000568, 1.967086183247610087, 0.000000000000000000 ) ) ;
#2173 = LINE ( 'NONE', #8333, #2816 ) ;
#2174 = EDGE_CURVE ( 'NONE', #362, #1356, #1472, .T. ) ;
#2175 = ORIENTED_EDGE ( 'NONE', *, *, #91, .F. ) ;
#2176 = FACE_OUTER_BOUND ( 'NONE', #4883, .T. ) ;
#2177 = CARTESIAN_POINT ( 'NONE',  ( -6.349999999999999645, 3.392132034355963555, -0.3199999999999999512 ) ) ;
#2178 = CYLINDRICAL_SURFACE ( 'NONE', #4807, 0.9150000000000000355 ) ;
#2179 = CARTESIAN_POINT ( 'NONE',  ( -6.349999999999999645, 3.330000000000000515, 0.4700000000000000844 ) ) ;
#2180 = CIRCLE ( 'NONE', #2905, 0.1500000000000009936 ) ;
#2181 = CARTESIAN_POINT ( 'NONE',  ( -3.810000000000000497, -4.632925319547866572, -0.1370326030541654527 ) ) ;
#2182 = ORIENTED_EDGE ( 'NONE', *, *, #8133, .F. ) ;
#2183 = CARTESIAN_POINT ( 'NONE',  ( 2.246738468369000152, -6.551643992949719860E-17, 1.070000000000000062 ) ) ;
#2184 = CARTESIAN_POINT ( 'NONE',  ( -8.701102474559791133, -0.6699999999999833866, 0.3366411651431848173 ) ) ;
#2185 = VERTEX_POINT ( 'NONE', #6644 ) ;
#2186 = COLOUR_RGB ( '',0.000000000000000000, 0.000000000000000000, 0.000000000000000000 ) ;
#2187 = CARTESIAN_POINT ( 'NONE',  ( -3.810000000000000053, -4.400000000000000355, -0.004999999999994560011 ) ) ;
#2188 = CARTESIAN_POINT ( 'NONE',  ( -1.103497704831135406, -0.6699999999999816103, -0.3473305202276653070 ) ) ;
#2189 = DIRECTION ( 'NONE',  ( 0.000000000000000000, 1.000000000000000000, 0.000000000000000000 ) ) ;
#2190 = SURFACE_STYLE_FILL_AREA ( #7124 ) ;
#2191 = VERTEX_POINT ( 'NONE', #8827 ) ;
#2192 = EDGE_CURVE ( 'NONE', #858, #7552, #6183, .T. ) ;
#2193 = DIRECTION ( 'NONE',  ( 0.000000000000000000, 1.000000000000000000, 0.000000000000000000 ) ) ;
#2194 = FACE_OUTER_BOUND ( 'NONE', #7027, .T. ) ;
#2195 = CARTESIAN_POINT ( 'NONE',  ( 8.890000000000000568, 7.489960314960471877, -2.117582368135750848E-17 ) ) ;
#2196 = ADVANCED_FACE ( 'NONE', ( #6034 ), #805, .F. ) ;
#2197 = DIRECTION ( 'NONE',  ( 0.000000000000000000, 1.000000000000000000, 0.000000000000000000 ) ) ;
#2198 = ORIENTED_EDGE ( 'NONE', *, *, #6706, .T. ) ;
#2199 = CIRCLE ( 'NONE', #4565, 0.3200000000000000067 ) ;
#2200 = DIRECTION ( 'NONE',  ( 0.000000000000000000, 0.000000000000000000, 1.000000000000000000 ) ) ;
#2201 = ORIENTED_EDGE ( 'NONE', *, *, #3838, .T. ) ;
#2202 = CARTESIAN_POINT ( 'NONE',  ( -3.810000000000000497, -4.632925319547866572, 0.1370326030541654527 ) ) ;
#2203 = LINE ( 'NONE', #2250, #1045 ) ;
#2204 = ORIENTED_EDGE ( 'NONE', *, *, #8641, .T. ) ;
#2205 = CARTESIAN_POINT ( 'NONE',  ( -5.879999999999999893, 3.330000000000000071, 2.710505431213761085E-17 ) ) ;
#2206 = DIRECTION ( 'NONE',  ( -0.000000000000000000, -1.000000000000000000, -0.000000000000000000 ) ) ;
#2207 = ORIENTED_EDGE ( 'NONE', *, *, #8686, .F. ) ;
#2208 = CARTESIAN_POINT ( 'NONE',  ( -3.340000000000000302, 3.330000000000000071, 2.710505431213761085E-17 ) ) ;
#2209 = EDGE_CURVE ( 'NONE', #2017, #7463, #975, .T. ) ;
#2210 = ADVANCED_FACE ( 'NONE', ( #6599 ), #2061, .T. ) ;
#2211 = ADVANCED_FACE ( 'NONE', ( #7951 ), #1207, .T. ) ;
#2212 = ORIENTED_EDGE ( 'NONE', *, *, #2754, .T. ) ;
#2213 = VERTEX_POINT ( 'NONE', #7424 ) ;
#2214 = DIRECTION ( 'NONE',  ( 3.492836481966780137E-15, 1.000000000000000000, 0.000000000000000000 ) ) ;
#2215 = CIRCLE ( 'NONE', #292, 0.6650000000000000355 ) ;
#2216 = CARTESIAN_POINT ( 'NONE',  ( 6.349999999999999645, 1.967086183247610087, 0.000000000000000000 ) ) ;
#2217 = ORIENTED_EDGE ( 'NONE', *, *, #5070, .F. ) ;
#2218 = CYLINDRICAL_SURFACE ( 'NONE', #2644, 0.6650000000000000355 ) ;
#2219 = SURFACE_SIDE_STYLE ('',( #2354 ) ) ;
#2220 = CARTESIAN_POINT ( 'NONE',  ( 1.016407523832180360, -0.6699999999999508571, 0.2909319699748372234 ) ) ;
#2221 = ORIENTED_EDGE ( 'NONE', *, *, #2853, .T. ) ;
#2222 =( NAMED_UNIT ( * ) SI_UNIT ( $, .STERADIAN. ) SOLID_ANGLE_UNIT ( ) );
#2223 = CARTESIAN_POINT ( 'NONE',  ( -8.890000000000000568, 3.330000000000000071, -0.3821320343559643784 ) ) ;
#2224 = DIRECTION ( 'NONE',  ( 0.000000000000000000, 1.000000000000000000, 0.000000000000000000 ) ) ;
#2225 = CARTESIAN_POINT ( 'NONE',  ( 6.349999999999999645, 3.479999999999999982, -0.3199999999999999512 ) ) ;
#2226 = CARTESIAN_POINT ( 'NONE',  ( -5.893749791041940078, 3.330000000000000071, 0.1163527268168160073 ) ) ;
#2227 = CARTESIAN_POINT ( 'NONE',  ( -2.034264068711928442, 3.329999999999999627, 0.3821320343559643784 ) ) ;
#2228 = CARTESIAN_POINT ( 'NONE',  ( 9.164065206108331196, -4.632925319547867460, -0.1370326030541655082 ) ) ;
#2229 = ORIENTED_EDGE ( 'NONE', *, *, #1353, .F. ) ;
#2230 = CARTESIAN_POINT ( 'NONE',  ( -8.890000000000000568, -4.629945645751342376, 1.355252715606880543E-17 ) ) ;
#2231 = AXIS2_PLACEMENT_3D ( 'NONE', #3730, #312, #3113 ) ;
#2232 = DIRECTION ( 'NONE',  ( 0.000000000000000000, 1.000000000000000000, 0.000000000000000000 ) ) ;
#2233 = LINE ( 'NONE', #2873, #3434 ) ;
#2234 = ORIENTED_EDGE ( 'NONE', *, *, #67, .T. ) ;
#2235 =( NAMED_UNIT ( * ) PLANE_ANGLE_UNIT ( ) SI_UNIT ( $, .RADIAN. ) );
#2236 = COLOUR_RGB ( '',0.000000000000000000, 0.000000000000000000, 0.000000000000000000 ) ;
#2237 = FILL_AREA_STYLE ('',( #2108 ) ) ;
#2239 = DIRECTION ( 'NONE',  ( 0.9063077870366482713, -2.587705042845171132E-17, 0.4226182617407031605 ) ) ;
#2238 = COLOUR_RGB ( '',0.000000000000000000, 0.000000000000000000, 0.000000000000000000 ) ;
#2240 = ORIENTED_EDGE ( 'NONE', *, *, #2209, .F. ) ;
#2241 = ORIENTED_EDGE ( 'NONE', *, *, #8426, .F. ) ;
#2242 = ORIENTED_EDGE ( 'NONE', *, *, #2090, .T. ) ;
#2243 = SURFACE_STYLE_USAGE ( .BOTH. , #823 ) ;
#2244 = CYLINDRICAL_SURFACE ( 'NONE', #1968, 0.2349999999999989875 ) ;
#2245 = VECTOR ( 'NONE', #3701, 1000.000000000000000 ) ;
#2246 = EDGE_CURVE ( 'NONE', #7084, #5761, #3539, .T. ) ;
#2247 = CARTESIAN_POINT ( 'NONE',  ( -7.674266901142090092, 5.327037639127340260E-17, -0.8699999999999999956 ) ) ;
#2248 = ADVANCED_FACE ( 'NONE', ( #1022 ), #8742, .T. ) ;
#2249 = DIRECTION ( 'NONE',  ( 0.000000000000000000, 1.000000000000000000, 0.000000000000000000 ) ) ;
#2250 = CARTESIAN_POINT ( 'NONE',  ( 5.025733098857910086, 2.799999999999999822, 0.8700000000000002176 ) ) ;
#2251 = EDGE_CURVE ( 'NONE', #2992, #116, #301, .T. ) ;
#2252 = CARTESIAN_POINT ( 'NONE',  ( 0.4999999999999997780, -0.6699999999999979305, 0.3850000000000002864 ) ) ;
#2253 =( BOUNDED_SURFACE ( )  B_SPLINE_SURFACE ( 3, 3, ( 
 ( #5986, #5221, #3082, #2439 ),
 ( #5894, #8683, #2577, #5406 ),
 ( #2395, #5945, #6031, #7994 ),
 ( #3967, #8738, #1016, #7467 ) ),
 .UNSPECIFIED., .F., .F., .F. ) 
 B_SPLINE_SURFACE_WITH_KNOTS ( ( 4, 4 ),
 ( 4, 4 ),
 ( 0.000000000000000000, 1.000000000000000000 ),
 ( 0.000000000000000000, 1.000000000000000000 ),
 .UNSPECIFIED. ) 
 GEOMETRIC_REPRESENTATION_ITEM ( )  RATIONAL_B_SPLINE_SURFACE ( (
 ( 1.000000000000000000, 0.3333333333333334259, 0.3333333333333334259, 1.000000000000000000),
 ( 0.8047378541243658256, 0.2682459513747886826, 0.2682459513747886826, 0.8047378541243658256),
 ( 0.8047378541243658256, 0.2682459513747886826, 0.2682459513747886826, 0.8047378541243658256),
 ( 1.000000000000000000, 0.3333333333333334259, 0.3333333333333334259, 1.000000000000000000) ) ) 
 REPRESENTATION_ITEM ( '' )  SURFACE ( )  );
#2254 = VERTEX_POINT ( 'NONE', #4108 ) ;
#2255 =( LENGTH_UNIT ( ) NAMED_UNIT ( * ) SI_UNIT ( .MILLI., .METRE. ) );
#2256 = ORIENTED_EDGE ( 'NONE', *, *, #3458, .T. ) ;
#2257 = DIRECTION ( 'NONE',  ( -0.4226182617407031605, 0.000000000000000000, 0.9063077870366482713 ) ) ;
#2258 = DIRECTION ( 'NONE',  ( -0.000000000000000000, -1.000000000000000000, -0.000000000000000000 ) ) ;
#2259 = CIRCLE ( 'NONE', #356, 0.2349999999999989875 ) ;
#2260 = COLOUR_RGB ( '',0.000000000000000000, 0.000000000000000000, 0.000000000000000000 ) ;
#2261 = FACE_OUTER_BOUND ( 'NONE', #4950, .T. ) ;
#2262 = EDGE_LOOP ( 'NONE', ( #2289, #4388, #1613, #7033, #700 ) ) ;
#2263 = DIRECTION ( 'NONE',  ( -0.000000000000000000, -1.000000000000000000, -0.000000000000000000 ) ) ;
#2264 = ORIENTED_EDGE ( 'NONE', *, *, #4915, .F. ) ;
#2265 = FILL_AREA_STYLE ('',( #7873 ) ) ;
#2266 = CARTESIAN_POINT ( 'NONE',  ( 0.9023457260773863897, -0.6699999999999424194, 0.1171545171585721828 ) ) ;
#2267 = CIRCLE ( 'NONE', #4332, 0.2349999999999980160 ) ;
#2268 = VERTEX_POINT ( 'NONE', #8231 ) ;
#2269 = CARTESIAN_POINT ( 'NONE',  ( 5.025733098857910086, -5.327037639127340260E-17, 0.8699999999999999956 ) ) ;
#2270 = EDGE_CURVE ( 'NONE', #8621, #6886, #5459, .T. ) ;
#2271 = FACE_OUTER_BOUND ( 'NONE', #6418, .T. ) ;
#2272 = CARTESIAN_POINT ( 'NONE',  ( 8.890000000000000568, 3.330000000000000515, 0.4700000000000000844 ) ) ;
#2273 = FACE_BOUND ( 'NONE', #9003, .T. ) ;
#2274 = DIRECTION ( 'NONE',  ( 0.000000000000000000, -6.123031769111889989E-17, 1.000000000000000000 ) ) ;
#2275 = VECTOR ( 'NONE', #6839, 1000.000000000000000 ) ;
#2276 = CARTESIAN_POINT ( 'NONE',  ( -2.210000000000001297, 3.329999999999999183, 0.4700000000000004730 ) ) ;
#2277 = ORIENTED_EDGE ( 'NONE', *, *, #1244, .F. ) ;
#2278 = CARTESIAN_POINT ( 'NONE',  ( 6.760964539265700957, 3.330000000000000515, 0.2306021739140302618 ) ) ;
#2279 = CARTESIAN_POINT ( 'NONE',  ( 3.810000000000000053, -0.4199999999627834768, 0.6650000000135514178 ) ) ;
#2280 = ORIENTED_EDGE ( 'NONE', *, *, #1178, .T. ) ;
#2281 = CARTESIAN_POINT ( 'NONE',  ( -8.890000000000000568, -0.8199999999999999512, 0.2349999999999980438 ) ) ;
#2282 = CARTESIAN_POINT ( 'NONE',  ( -1.046081960949716949, -0.6699999999999861622, -0.3152594482582413704 ) ) ;
#2283 = DIRECTION ( 'NONE',  ( -1.000000000000000000, 0.000000000000000000, -1.224646799147353207E-16 ) ) ;
#2284 = CARTESIAN_POINT ( 'NONE',  ( 4.183660126678689473, 7.492926245181915412, 0.1868300633393451260 ) ) ;
#2285 = ORIENTED_EDGE ( 'NONE', *, *, #6885, .T. ) ;
#2286 =( LENGTH_UNIT ( ) NAMED_UNIT ( * ) SI_UNIT ( .MILLI., .METRE. ) );
#2287 = ORIENTED_EDGE ( 'NONE', *, *, #5088, .T. ) ;
#2288 = CARTESIAN_POINT ( 'NONE',  ( 6.640697133246762363, -0.6699999999999908251, 0.2539486160370442724 ) ) ;
#2289 = ORIENTED_EDGE ( 'NONE', *, *, #2718, .F. ) ;
#2290 = B_SPLINE_CURVE_WITH_KNOTS ( 'NONE', 3,
 ( #4794, #8308, #6901, #1318, #3260, #4740, #6256, #8177, #9042, #8268, #7596, #4140, #1150, #2016, #6939, #2060, #2745 ),
 .UNSPECIFIED., .F., .F.,
 ( 4, 2, 2, 2, 2, 1, 2, 2, 4 ),
 ( 0.000000000000000000, 0.1250000000000006939, 0.2500000000000013878, 0.3750000000000021094, 0.5000000000000027756, 0.6250000000000034417, 0.6875000000000037748, 0.7500000000000042188, 1.000000000000000000 ),
 .UNSPECIFIED. ) ;
#2291 = CARTESIAN_POINT ( 'NONE',  ( 8.890000000000000568, -2.609999999999999876, 0.000000000000000000 ) ) ;
#2292 = ADVANCED_FACE ( 'NONE', ( #2075 ), #4885, .T. ) ;
#2293 = EDGE_CURVE ( 'NONE', #2167, #7137, #4756, .T. ) ;
#2294 = CARTESIAN_POINT ( 'NONE',  ( 3.810000000000000053, -4.400000000000000355, -0.2349999999999989875 ) ) ;
#2295 = LINE ( 'NONE', #3120, #6320 ) ;
#2296 = AXIS2_PLACEMENT_3D ( 'NONE', #2733, #4965, #2140 ) ;
#2297 = DIRECTION ( 'NONE',  ( -0.000000000000000000, -1.000000000000000000, -0.000000000000000000 ) ) ;
#2298 = LINE ( 'NONE', #5083, #6346 ) ;
#2299 = VECTOR ( 'NONE', #4918, 1000.000000000000000 ) ;
#2300 = CYLINDRICAL_SURFACE ( 'NONE', #6253, 0.2349999999999989875 ) ;
#2301 = CARTESIAN_POINT ( 'NONE',  ( -1.718846230628308991, 3.330000000000004068, -0.1429865212590216150 ) ) ;
#2302 = EDGE_CURVE ( 'NONE', #1550, #2034, #2715, .T. ) ;
#2303 = VERTEX_POINT ( 'NONE', #8280 ) ;
#2304 = CARTESIAN_POINT ( 'NONE',  ( -2.740000000000000213, 2.799999999999999822, -0.8699999999999998845 ) ) ;
#2305 = ORIENTED_EDGE ( 'NONE', *, *, #74, .T. ) ;
#2306 = CARTESIAN_POINT ( 'NONE',  ( -5.880000000000005222, -0.8199999999999998401, -0.2349999999999980715 ) ) ;
#2307 = DIRECTION ( 'NONE',  ( 0.000000000000000000, 0.000000000000000000, -1.000000000000000000 ) ) ;
#2308 = ORIENTED_EDGE ( 'NONE', *, *, #2647, .F. ) ;
#2309 = DIRECTION ( 'NONE',  ( -0.000000000000000000, -1.000000000000000000, -0.000000000000000000 ) ) ;
#2310 = EDGE_CURVE ( 'NONE', #8383, #6717, #5449, .T. ) ;
#2311 = CARTESIAN_POINT ( 'NONE',  ( 1.270000000000000018, 5.327499999999999680, 0.3200000000000000067 ) ) ;
#2312 = B_SPLINE_CURVE_WITH_KNOTS ( 'NONE', 3,
 ( #706, #4252, #6923, #1478, #4295, #608, #7106, #4165, #3617, #2684, #2771, #4905, #3431, #6238, #5593, #4958, #2812 ),
 .UNSPECIFIED., .F., .F.,
 ( 4, 2, 2, 2, 2, 1, 2, 2, 4 ),
 ( 0.000000000000000000, 0.1250000000000004163, 0.2500000000000008327, 0.3750000000000012212, 0.5000000000000016653, 0.6250000000000012212, 0.6875000000000009992, 0.7500000000000006661, 1.000000000000000000 ),
 .UNSPECIFIED. ) ;
#2313 = CARTESIAN_POINT ( 'NONE',  ( 1.270000000000000240, -4.632925319547866572, -0.1370326030541654527 ) ) ;
#2314 = ADVANCED_FACE ( 'NONE', ( #2756 ), #644, .T. ) ;
#2315 = EDGE_CURVE ( 'NONE', #858, #4013, #2653, .T. ) ;
#2316 = ORIENTED_EDGE ( 'NONE', *, *, #7, .F. ) ;
#2317 = PLANE ( 'NONE',  #4022 ) ;
#2318 = AXIS2_PLACEMENT_3D ( 'NONE', #1459, #4280, #47 ) ;
#2319 = DIRECTION ( 'NONE',  ( -0.000000000000000000, -1.000000000000000000, -0.000000000000000000 ) ) ;
#2320 = FACE_BOUND ( 'NONE', #2467, .T. ) ;
#2321 = DIRECTION ( 'NONE',  ( 2.345257230884581992E-17, -1.000000000000000000, -1.093611407104877670E-17 ) ) ;
#2322 = FACE_OUTER_BOUND ( 'NONE', #6300, .T. ) ;
#2323 = CARTESIAN_POINT ( 'NONE',  ( 10.15999999999999837, 2.663518819563668589E-17, -0.8699999999999995515 ) ) ;
#2324 = ORIENTED_EDGE ( 'NONE', *, *, #6316, .T. ) ;
#2325 = COLOUR_RGB ( '',0.000000000000000000, 0.000000000000000000, 0.000000000000000000 ) ;
#2326 = CARTESIAN_POINT ( 'NONE',  ( -8.703284862778760456, 3.330000000000002736, 0.4315005850825660016 ) ) ;
#2327 = CARTESIAN_POINT ( 'NONE',  ( 8.890000000000000568, -0.6700000000137151801, -1.018987004225999129E-17 ) ) ;
#2328 = EDGE_CURVE ( 'NONE', #2351, #7397, #167, .T. ) ;
#2329 = EDGE_CURVE ( 'NONE', #6443, #5284, #3401, .T. ) ;
#2330 = ORIENTED_EDGE ( 'NONE', *, *, #640, .F. ) ;
#2331 = CARTESIAN_POINT ( 'NONE',  ( -8.295735931288076515, -0.6699999999999978195, -0.2971320343559630262 ) ) ;
#2332 = ADVANCED_FACE ( 'NONE', ( #4417 ), #2680, .F. ) ;
#2333 = AXIS2_PLACEMENT_3D ( 'NONE', #375, #6687, #1019 ) ;
#2334 = CARTESIAN_POINT ( 'NONE',  ( -6.349999999999999645, 1.967086183247610087, 0.000000000000000000 ) ) ;
#2335 = CARTESIAN_POINT ( 'NONE',  ( 1.270000000000000240, -4.629945645751342376, 1.355252715606880543E-17 ) ) ;
#2336 = ORIENTED_EDGE ( 'NONE', *, *, #8830, .F. ) ;
#2337 =( NAMED_UNIT ( * ) PLANE_ANGLE_UNIT ( ) SI_UNIT ( $, .RADIAN. ) );
#2338 = ORIENTED_EDGE ( 'NONE', *, *, #5481, .T. ) ;
#2339 = DIRECTION ( 'NONE',  ( 2.345257230884581992E-17, -1.000000000000000000, -1.093611407104877670E-17 ) ) ;
#2340 = CARTESIAN_POINT ( 'NONE',  ( -8.419999999999999929, 3.330000000000000071, 2.710505431213761085E-17 ) ) ;
#2341 = CARTESIAN_POINT ( 'NONE',  ( 9.973476936738002507, 7.776250346772100076E-17, -1.270000000000000018 ) ) ;
#2342 = CARTESIAN_POINT ( 'NONE',  ( 3.494329587467613241, -0.6699999999999461942, -0.2232947942791095597 ) ) ;
#2343 = SURFACE_SIDE_STYLE ('',( #3781 ) ) ;
#2344 = ORIENTED_EDGE ( 'NONE', *, *, #4285, .F. ) ;
#2345 = CARTESIAN_POINT ( 'NONE',  ( -1.456852539726449125, 3.330000000000002736, -0.4315005850825661127 ) ) ;
#2346 = EDGE_LOOP ( 'NONE', ( #1024, #4662, #337, #6924 ) ) ;
#2347 = VECTOR ( 'NONE', #7870, 1000.000000000000000 ) ;
#2348 = CARTESIAN_POINT ( 'NONE',  ( -8.737052493978346490, -0.6699999999999806111, -0.3534632452272083447 ) ) ;
#2349 = CARTESIAN_POINT ( 'NONE',  ( 2.869999999999999218, 3.329999999999999183, 0.4700000000000004730 ) ) ;
#2350 = CARTESIAN_POINT ( 'NONE',  ( -4.033294794279159490, -0.6699999999999527445, 0.3156704125323575028 ) ) ;
#2351 = VERTEX_POINT ( 'NONE', #2120 ) ;
#2352 = MECHANICAL_DESIGN_GEOMETRIC_PRESENTATION_REPRESENTATION (  '', ( #2501 ), #8359 ) ;
#2353 = CARTESIAN_POINT ( 'NONE',  ( -2.833261531631000363, -7.776250346772097611E-17, 1.070000000000000062 ) ) ;
#2354 = SURFACE_STYLE_FILL_AREA ( #2265 ) ;
#2355 = CARTESIAN_POINT ( 'NONE',  ( 0.9790680300251557444, -0.6699999999999476374, -0.2535924761678116091 ) ) ;
#2356 = EDGE_CURVE ( 'NONE', #821, #7473, #3990, .T. ) ;
#2357 = VERTEX_POINT ( 'NONE', #8451 ) ;
#2358 = SURFACE_STYLE_FILL_AREA ( #7151 ) ;
#2359 =( GEOMETRIC_REPRESENTATION_CONTEXT ( 3 ) GLOBAL_UNCERTAINTY_ASSIGNED_CONTEXT ( ( #4057 ) ) GLOBAL_UNIT_ASSIGNED_CONTEXT ( ( #4059, #8869, #1883 ) ) REPRESENTATION_CONTEXT ( 'NONE', 'WORKASPACE' ) );
#2360 = LINE ( 'NONE', #3798, #1338 ) ;
#2361 = EDGE_CURVE ( 'NONE', #8610, #1507, #5125, .T. ) ;
#2362 = CARTESIAN_POINT ( 'NONE',  ( 5.974078458646314260, -0.6699999999999417533, -0.09654514245881450074 ) ) ;
#2363 = CARTESIAN_POINT ( 'NONE',  ( 8.890000000000000568, 3.330000000000000071, 0.3821320343559643784 ) ) ;
#2364 = EDGE_CURVE ( 'NONE', #7617, #4713, #2203, .T. ) ;
#2365 = ADVANCED_FACE ( 'NONE', ( #2987 ), #1189, .T. ) ;
#2366 = CARTESIAN_POINT ( 'NONE',  ( 3.810000000000000053, -0.8199999999999999512, 0.000000000000000000 ) ) ;
#2367 = CIRCLE ( 'NONE', #6620, 0.1500000000000020206 ) ;
#2368 = CARTESIAN_POINT ( 'NONE',  ( -8.419999999999999929, 3.330000000000000071, 2.710505431213761085E-17 ) ) ;
#2369 = CARTESIAN_POINT ( 'NONE',  ( 5.709999999999999964, 3.392132034355963999, 0.3199999999999999512 ) ) ;
#2370 = EDGE_LOOP ( 'NONE', ( #9057, #4795, #8682 ) ) ;
#2371 = CARTESIAN_POINT ( 'NONE',  ( -3.810000000000000053, 7.174999999999999822, 0.3200000000000007838 ) ) ;
#2372 = EDGE_CURVE ( 'NONE', #3265, #3756, #6450, .T. ) ;
#2373 = DIRECTION ( 'NONE',  ( 0.000000000000000000, 0.000000000000000000, 1.000000000000000000 ) ) ;
#2374 = CARTESIAN_POINT ( 'NONE',  ( 3.810000000000000053, 7.361853603950962111, 0.3200000000000008948 ) ) ;
#2375 = ORIENTED_EDGE ( 'NONE', *, *, #8658, .T. ) ;
#2376 = EDGE_CURVE ( 'NONE', #2213, #4701, #2298, .T. ) ;
#2377 =( NAMED_UNIT ( * ) SI_UNIT ( $, .STERADIAN. ) SOLID_ANGLE_UNIT ( ) );
#2378 = ORIENTED_EDGE ( 'NONE', *, *, #2591, .F. ) ;
#2379 = EDGE_LOOP ( 'NONE', ( #449, #1122 ) ) ;
#2380 = SURFACE_STYLE_FILL_AREA ( #4411 ) ;
#2381 = CARTESIAN_POINT ( 'NONE',  ( 6.734862183587935647, 3.330000000000000515, -0.2733544892302639528 ) ) ;
#2382 = FILL_AREA_STYLE ('',( #314 ) ) ;
#2383 = COLOUR_RGB ( '',0.000000000000000000, 0.000000000000000000, 0.000000000000000000 ) ;
#2384 = DIRECTION ( 'NONE',  ( 0.000000000000000000, 0.000000000000000000, 1.000000000000000000 ) ) ;
#2385 =( GEOMETRIC_REPRESENTATION_CONTEXT ( 3 ) GLOBAL_UNCERTAINTY_ASSIGNED_CONTEXT ( ( #1018 ) ) GLOBAL_UNIT_ASSIGNED_CONTEXT ( ( #8787, #3142, #3884 ) ) REPRESENTATION_CONTEXT ( 'NONE', 'WORKASPACE' ) );
#2386 = UNCERTAINTY_MEASURE_WITH_UNIT (LENGTH_MEASURE( 1.000000000000000082E-05 ), #539, 'distance_accuracy_value', 'NONE');
#2387 = FILL_AREA_STYLE_COLOUR ( '', #8054 ) ;
#2388 = PLANE ( 'NONE',  #2794 ) ;
#2389 =( BOUNDED_SURFACE ( )  B_SPLINE_SURFACE ( 3, 3, ( 
 ( #7939, #7899, #8728, #917 ),
 ( #1650, #8033, #1561, #7175 ),
 ( #5842, #183, #1744, #873 ),
 ( #6628, #6538, #1006, #365 ) ),
 .UNSPECIFIED., .F., .F., .F. ) 
 B_SPLINE_SURFACE_WITH_KNOTS ( ( 4, 4 ),
 ( 4, 4 ),
 ( 0.000000000000000000, 1.000000000000000000 ),
 ( 0.000000000000000000, 1.000000000000000000 ),
 .UNSPECIFIED. ) 
 GEOMETRIC_REPRESENTATION_ITEM ( )  RATIONAL_B_SPLINE_SURFACE ( (
 ( 1.000000000000000000, 0.3333333333333334259, 0.3333333333333334259, 1.000000000000000000),
 ( 0.8009815829414672628, 0.2669938609804891616, 0.2669938609804891616, 0.8009815829414672628),
 ( 0.8009815829414672628, 0.2669938609804891616, 0.2669938609804891616, 0.8009815829414672628),
 ( 1.000000000000000000, 0.3333333333333334259, 0.3333333333333334259, 1.000000000000000000) ) ) 
 REPRESENTATION_ITEM ( '' )  SURFACE ( )  );
#2390 = CARTESIAN_POINT ( 'NONE',  ( 6.350000000000000533, -0.6699999999999975975, -0.2971320343559635258 ) ) ;
#2391 = ORIENTED_EDGE ( 'NONE', *, *, #7747, .T. ) ;
#2392 = CARTESIAN_POINT ( 'NONE',  ( 9.056502295168892047, -0.6699999999999818323, -0.3473305202276540937 ) ) ;
#2393 = CIRCLE ( 'NONE', #4024, 0.4149999999521968852 ) ;
#2394 = EDGE_LOOP ( 'NONE', ( #7320, #2305, #7158 ) ) ;
#2395 = CARTESIAN_POINT ( 'NONE',  ( -8.890000000000000568, 3.392132034355963555, -0.3199999999999999512 ) ) ;
#2396 = CARTESIAN_POINT ( 'NONE',  ( 6.349999999999999645, -0.6699999999999979305, 0.3850000000000007860 ) ) ;
#2397 = CYLINDRICAL_SURFACE ( 'NONE', #4040, 0.2349999999999989875 ) ;
#2398 = DIRECTION ( 'NONE',  ( 0.000000000000000000, 0.000000000000000000, 1.000000000000000000 ) ) ;
#2399 = CARTESIAN_POINT ( 'NONE',  ( -4.185921541353684994, -0.6699999999999415312, -0.09654514245902343084 ) ) ;
#2400 = EDGE_LOOP ( 'NONE', ( #6360, #8595, #3361, #95 ) ) ;
#2401 = CARTESIAN_POINT ( 'NONE',  ( 9.973476936738002507, 6.551643992949718627E-17, -1.269999999999999796 ) ) ;
#2402 = VECTOR ( 'NONE', #2420, 1000.000000000000114 ) ;
#2403 = DIRECTION ( 'NONE',  ( 0.000000000000000000, 0.000000000000000000, 1.000000000000000000 ) ) ;
#2404 = CARTESIAN_POINT ( 'NONE',  ( -3.761928608667957086, -0.6699999999999729505, 0.3827473746590864256 ) ) ;
#2405 = B_SPLINE_CURVE_WITH_KNOTS ( 'NONE', 3,
 ( #2646, #4779, #7660, #1304, #1347, #5470, #9073, #4216, #7619, #4129, #4170, #2689, #2774, #1395, #7584, #7020, #2002 ),
 .UNSPECIFIED., .F., .F.,
 ( 4, 2, 2, 2, 2, 1, 2, 2, 4 ),
 ( 0.000000000000000000, 0.1249999999999995282, 0.2499999999999990563, 0.3749999999999985567, 0.4999999999999981126, 0.6249999999999976685, 0.6874999999999974465, 0.7499999999999971134, 1.000000000000000000 ),
 .UNSPECIFIED. ) ;
#2406 = ORIENTED_EDGE ( 'NONE', *, *, #3171, .F. ) ;
#2407 = EDGE_CURVE ( 'NONE', #6052, #6717, #7086, .T. ) ;
#2408 = DIRECTION ( 'NONE',  ( 0.000000000000000000, -6.123031769111889989E-17, 1.000000000000000000 ) ) ;
#2409 = DIRECTION ( 'NONE',  ( 0.000000000000000000, 0.000000000000000000, 1.000000000000000000 ) ) ;
#2410 = ADVANCED_FACE ( 'NONE', ( #3822 ), #1008, .T. ) ;
#2411 = COLOUR_RGB ( '',0.000000000000000000, 0.000000000000000000, 0.000000000000000000 ) ;
#2412 = CYLINDRICAL_SURFACE ( 'NONE', #4848, 0.2349999999999989875 ) ;
#2413 = CARTESIAN_POINT ( 'NONE',  ( 6.011403060118269970, -0.6699999999999443068, 0.1908403552270019621 ) ) ;
#2414 = CARTESIAN_POINT ( 'NONE',  ( -4.183660126678689473, 7.492926245181915412, 0.1868300633393451260 ) ) ;
#2415 = FACE_BOUND ( 'NONE', #1695, .T. ) ;
#2416 = CARTESIAN_POINT ( 'NONE',  ( -1.270000000000000018, 3.330000000000000071, 0.3821320343559643784 ) ) ;
#2417 = VECTOR ( 'NONE', #8689, 1000.000000000000000 ) ;
#2418 = CARTESIAN_POINT ( 'NONE',  ( 0.1999999999999987621, -5.327037639127340260E-17, 0.8699999999999998845 ) ) ;
#2419 = EDGE_CURVE ( 'NONE', #4444, #6670, #8365, .T. ) ;
#2420 = DIRECTION ( 'NONE',  ( 8.659560562354932858E-17, 0.7071067811865474617, -0.7071067811865474617 ) ) ;
#2421 = EDGE_LOOP ( 'NONE', ( #8613, #4623, #2277, #8320 ) ) ;
#2422 =( NAMED_UNIT ( * ) SI_UNIT ( $, .STERADIAN. ) SOLID_ANGLE_UNIT ( ) );
#2423 = SURFACE_STYLE_USAGE ( .BOTH. , #8714 ) ;
#2424 = VECTOR ( 'NONE', #3162, 1000.000000000000114 ) ;
#2425 = CARTESIAN_POINT ( 'NONE',  ( -1.270000000000000018, -0.4200000000196268957, 0.6649999999927059813 ) ) ;
#2426 = ORIENTED_EDGE ( 'NONE', *, *, #2302, .T. ) ;
#2427 = CARTESIAN_POINT ( 'NONE',  ( 6.582404074632041358, -0.6699999999999868283, 0.3080637034257794338 ) ) ;
#2428 = ORIENTED_EDGE ( 'NONE', *, *, #5701, .F. ) ;
#2429 = DIRECTION ( 'NONE',  ( -0.000000000000000000, 1.000000000000000000, 6.123031769111889989E-17 ) ) ;
#2430 = CARTESIAN_POINT ( 'NONE',  ( -9.006655874654088123, 3.330000000000003180, 0.4555627194059622687 ) ) ;
#2432 = ADVANCED_FACE ( 'NONE', ( #2476 ), #317, .T. ) ;
#2431 = LINE ( 'NONE', #5121, #6305 ) ;
#2433 = DIRECTION ( 'NONE',  ( 1.000000000000000000, -0.000000000000000000, 0.000000000000000000 ) ) ;
#2434 = COLOUR_RGB ( '',0.000000000000000000, 0.000000000000000000, 0.000000000000000000 ) ;
#2435 =( NAMED_UNIT ( * ) SI_UNIT ( $, .STERADIAN. ) SOLID_ANGLE_UNIT ( ) );
#2436 = ORIENTED_EDGE ( 'NONE', *, *, #1575, .T. ) ;
#2437 = DIRECTION ( 'NONE',  ( 0.000000000000000000, 0.000000000000000000, 1.000000000000000000 ) ) ;
#2438 = ORIENTED_EDGE ( 'NONE', *, *, #7495, .T. ) ;
#2439 = CARTESIAN_POINT ( 'NONE',  ( -8.890000000000000568, 3.329999999999999183, 0.4700000000000004730 ) ) ;
#2440 = CIRCLE ( 'NONE', #4507, 0.4149999999881947566 ) ;
#2441 = ORIENTED_EDGE ( 'NONE', *, *, #5415, .T. ) ;
#2442 = AXIS2_PLACEMENT_3D ( 'NONE', #2055, #79, #7117 ) ;
#2443 = CYLINDRICAL_SURFACE ( 'NONE', #2333, 0.3200000000000000067 ) ;
#2444 =( BOUNDED_SURFACE ( )  B_SPLINE_SURFACE ( 3, 3, ( 
 ( #637, #5315, #6945, #6039 ),
 ( #3931, #3141, #8144, #8834 ),
 ( #2541, #8095, #5953, #5273 ),
 ( #8694, #1807, #8004, #4621 ) ),
 .UNSPECIFIED., .F., .F., .F. ) 
 B_SPLINE_SURFACE_WITH_KNOTS ( ( 4, 4 ),
 ( 4, 4 ),
 ( 0.000000000000000000, 1.000000000000000000 ),
 ( 0.000000000000000000, 1.000000000000000000 ),
 .UNSPECIFIED. ) 
 GEOMETRIC_REPRESENTATION_ITEM ( )  RATIONAL_B_SPLINE_SURFACE ( (
 ( 1.000000000000000000, 0.3333333333333334259, 0.3333333333333334259, 1.000000000000000000),
 ( 0.8047378541243658256, 0.2682459513747886826, 0.2682459513747886826, 0.8047378541243658256),
 ( 0.8047378541243658256, 0.2682459513747886826, 0.2682459513747886826, 0.8047378541243658256),
 ( 1.000000000000000000, 0.3333333333333334259, 0.3333333333333334259, 1.000000000000000000) ) ) 
 REPRESENTATION_ITEM ( '' )  SURFACE ( )  );
#2445 = CARTESIAN_POINT ( 'NONE',  ( 3.045735931288071185, 3.329999999999999627, -0.3821320343559643784 ) ) ;
#2446 = CARTESIAN_POINT ( 'NONE',  ( 0.8211537693716646213, 3.330000000000003624, -0.1429865212589880585 ) ) ;
#2447 = CARTESIAN_POINT ( 'NONE',  ( 5.879966462094985857, 3.330000000000004956, -0.02970875781396657006 ) ) ;
#2448 = CARTESIAN_POINT ( 'NONE',  ( 8.890000000000000568, 3.330000000000000071, 0.000000000000000000 ) ) ;
#2449 = CARTESIAN_POINT ( 'NONE',  ( -8.890000000000000568, -0.2100000000000000200, 0.000000000000000000 ) ) ;
#2450 = ORIENTED_EDGE ( 'NONE', *, *, #8001, .F. ) ;
#2451 = FILL_AREA_STYLE_COLOUR ( '', #5208 ) ;
#2452 = CARTESIAN_POINT ( 'NONE',  ( 8.890000000000000568, 5.327499999999999680, 0.3200000000000000067 ) ) ;
#2453 = DIRECTION ( 'NONE',  ( 0.000000000000000000, 1.000000000000000000, 6.123031769111889989E-17 ) ) ;
#2454 = DIRECTION ( 'NONE',  ( -1.000000000000000000, 0.000000000000000000, -1.224646799147353207E-16 ) ) ;
#2455 = CARTESIAN_POINT ( 'NONE',  ( -8.606285934864803977, 3.330000000000001847, -0.3760777678184991646 ) ) ;
#2456 = EDGE_CURVE ( 'NONE', #4135, #3728, #5299, .T. ) ;
#2457 = CARTESIAN_POINT ( 'NONE',  ( 3.361153769371669320, 3.330000000000003624, -0.1429865212589988277 ) ) ;
#2458 = DIRECTION ( 'NONE',  ( 0.000000000000000000, 0.000000000000000000, 1.000000000000000000 ) ) ;
#2459 = CARTESIAN_POINT ( 'NONE',  ( 6.349999999999999645, 3.392132034355963555, -0.3199999999999999512 ) ) ;
#2460 = VECTOR ( 'NONE', #2071, 1000.000000000000000 ) ;
#2461 = ORIENTED_EDGE ( 'NONE', *, *, #3078, .T. ) ;
#2462 = CARTESIAN_POINT ( 'NONE',  ( -9.228596939882018901, -0.6699999999999443068, 0.1908403552264973935 ) ) ;
#2463 = CARTESIAN_POINT ( 'NONE',  ( 3.810000000000000053, -0.8199999999999999512, -0.3850000000000000089 ) ) ;
#2464 = DIRECTION ( 'NONE',  ( -1.000000000000000000, 0.000000000000000000, -1.224646799147353207E-16 ) ) ;
#2465 = PRESENTATION_LAYER_ASSIGNMENT (  '', '', ( #125 ) ) ;
#2466 = CARTESIAN_POINT ( 'NONE',  ( -3.810000000000000497, -4.537064994640259918, -0.2349999999999975719 ) ) ;
#2467 = EDGE_LOOP ( 'NONE', ( #723, #5785 ) ) ;
#2468 = CARTESIAN_POINT ( 'NONE',  ( -7.326738468369000223, -6.551643992949719860E-17, 1.070000000000000062 ) ) ;
#2469 = EDGE_LOOP ( 'NONE', ( #7716, #8514, #7796, #5038 ) ) ;
#2470 = CARTESIAN_POINT ( 'NONE',  ( -2.926523063262000068, -7.776250346772100076E-17, 1.270000000000000018 ) ) ;
#2471 = CARTESIAN_POINT ( 'NONE',  ( 8.249999999999998224, 7.361853603950959446, -0.3200000000000007838 ) ) ;
#2472 = SURFACE_SIDE_STYLE ('',( #8123 ) ) ;
#2473 = FACE_BOUND ( 'NONE', #8769, .T. ) ;
#2474 = UNCERTAINTY_MEASURE_WITH_UNIT (LENGTH_MEASURE( 1.000000000000000082E-05 ), #4599, 'distance_accuracy_value', 'NONE');
#2475 = ADVANCED_FACE ( 'NONE', ( #4649 ), #1703, .T. ) ;
#2476 = FACE_OUTER_BOUND ( 'NONE', #4925, .T. ) ;
#2477 = CARTESIAN_POINT ( 'NONE',  ( -8.890000000000000568, -0.6699999999999866063, -0.3849999999999998979 ) ) ;
#2478 = EDGE_LOOP ( 'NONE', ( #7981, #4330, #4867, #8643 ) ) ;
#2479 = CARTESIAN_POINT ( 'NONE',  ( -3.810000000000000053, -0.2100000000000000200, 0.000000000000000000 ) ) ;
#2480 =( GEOMETRIC_REPRESENTATION_CONTEXT ( 3 ) GLOBAL_UNCERTAINTY_ASSIGNED_CONTEXT ( ( #6641 ) ) GLOBAL_UNIT_ASSIGNED_CONTEXT ( ( #5037, #2936, #3505 ) ) REPRESENTATION_CONTEXT ( 'NONE', 'WORKASPACE' ) );
#2481 = EDGE_CURVE ( 'NONE', #5715, #7397, #367, .T. ) ;
#2482 = ORIENTED_EDGE ( 'NONE', *, *, #4015, .T. ) ;
#2483 = FACE_OUTER_BOUND ( 'NONE', #4668, .T. ) ;
#2484 = STYLED_ITEM ( 'NONE', ( #388 ), #1998 ) ;
#2485 = UNCERTAINTY_MEASURE_WITH_UNIT (LENGTH_MEASURE( 1.000000000000000082E-05 ), #1188, 'distance_accuracy_value', 'NONE');
#2486 = CARTESIAN_POINT ( 'NONE',  ( 6.350000000000000533, -0.6699999999999975975, 0.2971320343559635258 ) ) ;
#2487 = LINE ( 'NONE', #7423, #6676 ) ;
#2488 = CARTESIAN_POINT ( 'NONE',  ( 6.349999999999999645, -0.2100000000000000200, 0.6650000000000000355 ) ) ;
#2489 = CARTESIAN_POINT ( 'NONE',  ( -8.890000000000000568, -0.4200000000000000400, 0.000000000000000000 ) ) ;
#2490 = DIRECTION ( 'NONE',  ( 0.000000000000000000, 0.000000000000000000, 1.000000000000000000 ) ) ;
#2491 = ADVANCED_FACE ( 'NONE', ( #3121 ), #2388, .T. ) ;
#2492 = EDGE_CURVE ( 'NONE', #7617, #8922, #499, .T. ) ;
#2493 = CARTESIAN_POINT ( 'NONE',  ( 1.270000000000000018, 3.330000000000000071, 0.000000000000000000 ) ) ;
#2494 = AXIS2_PLACEMENT_3D ( 'NONE', #11, #1212, #5504 ) ;
#2495 = PLANE ( 'NONE',  #5779 ) ;
#2496 = EDGE_LOOP ( 'NONE', ( #8662, #642 ) ) ;
#2497 = LINE ( 'NONE', #8098, #1662 ) ;
#2498 = DIRECTION ( 'NONE',  ( -0.9063077870366501587, 2.587705042845150178E-17, -0.4226182617406989972 ) ) ;
#2499 = VECTOR ( 'NONE', #5581, 1000.000000000000000 ) ;
#2500 = LINE ( 'NONE', #3096, #2636 ) ;
#2501 = STYLED_ITEM ( 'NONE', ( #2026 ), #2292 ) ;
#2502 = CARTESIAN_POINT ( 'NONE',  ( 3.810000000000000053, -4.400000000000000355, 0.2349999999999975719 ) ) ;
#2503 = CARTESIAN_POINT ( 'NONE',  ( -6.350000000000001421, -4.537064994640259918, 0.2349999999999975719 ) ) ;
#2504 = PRESENTATION_STYLE_ASSIGNMENT (( #8794 ) ) ;
#2505 = CARTESIAN_POINT ( 'NONE',  ( -6.349999999999999645, -4.400000000000000355, 0.004999999999994560011 ) ) ;
#2506 = CARTESIAN_POINT ( 'NONE',  ( -6.349999999999999645, 3.479999999999999982, -0.3199999999999999512 ) ) ;
#2507 = CARTESIAN_POINT ( 'NONE',  ( 8.890000000000000568, 0.000000000000000000, 0.000000000000000000 ) ) ;
#2508 = CARTESIAN_POINT ( 'NONE',  ( -0.3865230632620019202, 7.776250346772100076E-17, -1.270000000000000018 ) ) ;
#2509 = PRESENTATION_LAYER_ASSIGNMENT (  '', '', ( #1330 ) ) ;
#2510 = ORIENTED_EDGE ( 'NONE', *, *, #7771, .F. ) ;
#2511 = B_SPLINE_CURVE_WITH_KNOTS ( 'NONE', 3,
 ( #2028, #556, #4710, #3372, #1206, #2583, #4152, #9054, #4025, #6828, #2626, #6954, #5451, #8234, #1944, #4760, #7566 ),
 .UNSPECIFIED., .F., .F.,
 ( 4, 2, 2, 2, 2, 1, 2, 2, 4 ),
 ( 0.000000000000000000, 0.1250000000000000000, 0.2500000000000000000, 0.3750000000000000000, 0.5000000000000001110, 0.6250000000000002220, 0.6875000000000003331, 0.7500000000000004441, 1.000000000000000000 ),
 .UNSPECIFIED. ) ;
#2512 = CARTESIAN_POINT ( 'NONE',  ( -6.350000000000001421, -4.537064994640259918, -0.2349999999999975719 ) ) ;
#2513 = CARTESIAN_POINT ( 'NONE',  ( 3.442345726077386647, -0.6699999999999425304, 0.1171545171585548356 ) ) ;
#2514 = DIRECTION ( 'NONE',  ( 1.000000000000000000, 0.000000000000000000, 0.000000000000000000 ) ) ;
#2515 = AXIS2_PLACEMENT_3D ( 'NONE', #5981, #6631, #964 ) ;
#2516 = EDGE_LOOP ( 'NONE', ( #1181, #8132, #4833, #7446 ) ) ;
#2517 = DIRECTION ( 'NONE',  ( 1.000000000000000000, 0.000000000000000000, 0.000000000000000000 ) ) ;
#2518 = EDGE_LOOP ( 'NONE', ( #7802, #492, #884, #9059 ) ) ;
#2519 = CARTESIAN_POINT ( 'NONE',  ( 6.819999999999999396, 3.330000000000000071, 2.710505431213761085E-17 ) ) ;
#2520 = ORIENTED_EDGE ( 'NONE', *, *, #3291, .T. ) ;
#2521 = CARTESIAN_POINT ( 'NONE',  ( -6.349999999999999645, 5.327499999999999680, 0.000000000000000000 ) ) ;
#2522 = DIRECTION ( 'NONE',  ( -0.9063077870366482713, -2.587705042845171132E-17, 0.4226182617407031605 ) ) ;
#2523 = DIRECTION ( 'NONE',  ( -0.000000000000000000, -1.000000000000000000, -0.000000000000000000 ) ) ;
#2524 = VECTOR ( 'NONE', #6916, 1000.000000000000114 ) ;
#2525 = CARTESIAN_POINT ( 'NONE',  ( 8.890000000000000568, -0.8199999999999999512, 0.2349999999999980438 ) ) ;
#2526 =( LENGTH_UNIT ( ) NAMED_UNIT ( * ) SI_UNIT ( .MILLI., .METRE. ) );
#2527 = CARTESIAN_POINT ( 'NONE',  ( -3.810000000000000053, -0.7321320343559629684, -0.2349999999999980715 ) ) ;
#2528 = CARTESIAN_POINT ( 'NONE',  ( -8.890000000000000568, 3.330000000000000071, 0.9150000000000000355 ) ) ;
#2529 = EDGE_LOOP ( 'NONE', ( #8599, #5749 ) ) ;
#2530 = CARTESIAN_POINT ( 'NONE',  ( 6.349999999999999645, -0.6699999999999866063, -0.3850000000000002309 ) ) ;
#2531 = ORIENTED_EDGE ( 'NONE', *, *, #778, .F. ) ;
#2532 = CIRCLE ( 'NONE', #4153, 0.3199999999999999512 ) ;
#2533 = EDGE_CURVE ( 'NONE', #6713, #6267, #3449, .T. ) ;
#2534 = CARTESIAN_POINT ( 'NONE',  ( -1.038066036206901188, 3.330000000000001847, 0.4091172195759791297 ) ) ;
#2535 = CARTESIAN_POINT ( 'NONE',  ( 3.926352726816783267, 3.330000000000000515, -0.4562502089580591225 ) ) ;
#2536 = CARTESIAN_POINT ( 'NONE',  ( -8.507252625340914420, -0.6699999999999977085, -0.04807139133213400584 ) ) ;
#2537 = MECHANICAL_DESIGN_GEOMETRIC_PRESENTATION_REPRESENTATION (  '', ( #6946 ), #5051 ) ;
#2538 = DIRECTION ( 'NONE',  ( 0.000000000000000000, 0.000000000000000000, -1.000000000000000000 ) ) ;
#2539 = AXIS2_PLACEMENT_3D ( 'NONE', #7148, #115, #7832 ) ;
#2540 = DIRECTION ( 'NONE',  ( 0.000000000000000000, 0.000000000000000000, 1.000000000000000000 ) ) ;
#2541 = CARTESIAN_POINT ( 'NONE',  ( -3.810000000000000497, 3.392132034355963555, 0.3199999999999999512 ) ) ;
#2542 = DIRECTION ( 'NONE',  ( 0.000000000000000000, 1.000000000000000000, 6.123031769111889989E-17 ) ) ;
#2543 = STYLED_ITEM ( 'NONE', ( #7218 ), #963 ) ;
#2544 = VECTOR ( 'NONE', #5364, 1000.000000000000000 ) ;
#2545 = EDGE_LOOP ( 'NONE', ( #8348, #6943, #1046 ) ) ;
#2546 = LINE ( 'NONE', #6787, #1223 ) ;
#2547 = CARTESIAN_POINT ( 'NONE',  ( -3.666541944915672424, 3.330000000000001847, -0.4485433477472217656 ) ) ;
#2548 = DIRECTION ( 'NONE',  ( -0.000000000000000000, -1.000000000000000000, -0.000000000000000000 ) ) ;
#2549 = VECTOR ( 'NONE', #6006, 1000.000000000000000 ) ;
#2550 = CARTESIAN_POINT ( 'NONE',  ( -6.349999999999999645, -4.400000000000000355, -0.2349999999999975719 ) ) ;
#2551 = DIRECTION ( 'NONE',  ( 2.345257230884581992E-17, -1.000000000000000000, -1.093611407104877670E-17 ) ) ;
#2552 = CARTESIAN_POINT ( 'NONE',  ( 6.349999999999999645, -4.400000000000000355, 0.000000000000000000 ) ) ;
#2553 = DIRECTION ( 'NONE',  ( 0.000000000000000000, 1.000000000000000000, 0.000000000000000000 ) ) ;
#2554 = FACE_OUTER_BOUND ( 'NONE', #787, .T. ) ;
#2555 = MECHANICAL_DESIGN_GEOMETRIC_PRESENTATION_REPRESENTATION (  '', ( #793 ), #8412 ) ;
#2556 = LINE ( 'NONE', #5424, #275 ) ;
#2557 = CARTESIAN_POINT ( 'NONE',  ( -3.760446529240455416, -0.6699999999999732836, -0.3850000000000001754 ) ) ;
#2558 = VECTOR ( 'NONE', #2721, 1000.000000000000000 ) ;
#2559 = ORIENTED_EDGE ( 'NONE', *, *, #6598, .F. ) ;
#2560 = CARTESIAN_POINT ( 'NONE',  ( 4.063948616037057704, -0.6699999999999882716, -0.2906971332467558899 ) ) ;
#2561 = VERTEX_POINT ( 'NONE', #5527 ) ;
#2562 = CARTESIAN_POINT ( 'NONE',  ( -4.043040497964260460, 3.330000000000003180, 0.4133090432414037729 ) ) ;
#2563 = VERTEX_POINT ( 'NONE', #7459 ) ;
#2564 = CARTESIAN_POINT ( 'NONE',  ( -6.349999999999999645, 5.327499999999999680, -0.3200000000000000067 ) ) ;
#2565 = CARTESIAN_POINT ( 'NONE',  ( -9.359932924189980241, 3.330000000000004956, 0.05941751562806348030 ) ) ;
#2566 = CIRCLE ( 'NONE', #3311, 0.1500000000000020206 ) ;
#2567 = CARTESIAN_POINT ( 'NONE',  ( -8.890000000000000568, -4.400000000000000355, 0.2349999999999975719 ) ) ;
#2568 = CARTESIAN_POINT ( 'NONE',  ( -7.913261531631000878, 5.327037639127341492E-17, -1.070000000000000062 ) ) ;
#2569 = DIRECTION ( 'NONE',  ( 0.000000000000000000, 0.000000000000000000, -1.000000000000000000 ) ) ;
#2570 = CARTESIAN_POINT ( 'NONE',  ( -3.810000000000000053, -0.6699999999999979305, 0.2971320343559630262 ) ) ;
#2571 = CARTESIAN_POINT ( 'NONE',  ( -1.652797621484095814, -0.6699999999999413092, 0.04826622627202692417 ) ) ;
#2572 = VERTEX_POINT ( 'NONE', #2704 ) ;
#2573 = DIRECTION ( 'NONE',  ( 8.659560562354932858E-17, 0.7071067811865474617, -0.7071067811865474617 ) ) ;
#2574 = AXIS2_PLACEMENT_3D ( 'NONE', #7827, #3040, #1531 ) ;
#2575 = EDGE_CURVE ( 'NONE', #4531, #7463, #4697, .T. ) ;
#2576 = ORIENTED_EDGE ( 'NONE', *, *, #5860, .F. ) ;
#2577 = CARTESIAN_POINT ( 'NONE',  ( -9.654264068711929880, 3.329999999999999627, 0.3821320343559643784 ) ) ;
#2578 = CARTESIAN_POINT ( 'NONE',  ( -10.16000000000000014, 6.797930850579320182E-33, -0.8699999999999999956 ) ) ;
#2579 =( NAMED_UNIT ( * ) PLANE_ANGLE_UNIT ( ) SI_UNIT ( $, .RADIAN. ) );
#2580 = FILL_AREA_STYLE ('',( #6646 ) ) ;
#2581 = EDGE_CURVE ( 'NONE', #4818, #8269, #6490, .T. ) ;
#2582 = ORIENTED_EDGE ( 'NONE', *, *, #4321, .F. ) ;
#2583 = CARTESIAN_POINT ( 'NONE',  ( 1.695457655251463525, 3.330000000000001403, 0.2025509719038253442 ) ) ;
#2584 = CARTESIAN_POINT ( 'NONE',  ( 1.413458055084335196, 3.330000000000001403, -0.4485433477472207664 ) ) ;
#2585 = ORIENTED_EDGE ( 'NONE', *, *, #7, .T. ) ;
#2586 = LINE ( 'NONE', #8193, #8262 ) ;
#2587 = LINE ( 'NONE', #4115, #2524 ) ;
#2588 = CARTESIAN_POINT ( 'NONE',  ( 8.890000000000000568, 3.330000000000000071, 0.000000000000000000 ) ) ;
#2589 = CARTESIAN_POINT ( 'NONE',  ( -1.270000000000000018, -4.400000000000000355, 0.2349999999999989875 ) ) ;
#2590 = CIRCLE ( 'NONE', #5407, 0.3199999999999999512 ) ;
#2591 = EDGE_CURVE ( 'NONE', #7510, #763, #2290, .T. ) ;
#2592 = CARTESIAN_POINT ( 'NONE',  ( -6.075934793891669017, -4.632925319547867460, -0.1370326030541655082 ) ) ;
#2593 = CARTESIAN_POINT ( 'NONE',  ( 6.349999999999999645, 2.799999999999999822, -0.9150000000000000355 ) ) ;
#2594 = DIRECTION ( 'NONE',  ( 1.000000000000000000, 0.000000000000000000, 0.000000000000000000 ) ) ;
#2595 = ADVANCED_FACE ( 'NONE', ( #457 ), #5438, .T. ) ;
#2596 = DIRECTION ( 'NONE',  ( 0.000000000000000000, 0.000000000000000000, 1.000000000000000000 ) ) ;
#2597 = CARTESIAN_POINT ( 'NONE',  ( 6.698513185684718430, -0.6699999999999952660, -0.1659194131552533813 ) ) ;
#2598 = VERTEX_POINT ( 'NONE', #1930 ) ;
#2599 = CARTESIAN_POINT ( 'NONE',  ( -6.349999999999999645, -4.400000000000000355, -0.2349999999999975719 ) ) ;
#2600 = FILL_AREA_STYLE_COLOUR ( '', #7980 ) ;
#2601 = DIRECTION ( 'NONE',  ( 2.345257230884581992E-17, -1.000000000000000000, -1.093611407104877670E-17 ) ) ;
#2602 = CARTESIAN_POINT ( 'NONE',  ( -3.436263126704568460, -0.6699999999999970424, -0.09531021239249255761 ) ) ;
#2603 = EDGE_LOOP ( 'NONE', ( #5264, #8258, #6274, #2204 ) ) ;
#2604 = ORIENTED_EDGE ( 'NONE', *, *, #520, .F. ) ;
#2605 = CARTESIAN_POINT ( 'NONE',  ( -3.810000000000000053, 7.490000000000000213, 0.000000000000000000 ) ) ;
#2606 = VECTOR ( 'NONE', #2018, 1000.000000000000000 ) ;
#2607 = B_SPLINE_CURVE_WITH_KNOTS ( 'NONE', 3,
 ( #750, #1296, #6374, #3470, #8328, #61, #2038, #7611, #9063, #2855, #8974, #4118, #5682, #2766, #6920, #2170, #5589 ),
 .UNSPECIFIED., .F., .F.,
 ( 4, 2, 2, 2, 2, 1, 2, 2, 4 ),
 ( 0.000000000000000000, 0.1249999999999999167, 0.2499999999999998335, 0.3749999999999997780, 0.4999999999999996669, 0.6249999999999995559, 0.6874999999999996669, 0.7499999999999996669, 1.000000000000000000 ),
 .UNSPECIFIED. ) ;
#2608 = VERTEX_POINT ( 'NONE', #7551 ) ;
#2609 = EDGE_CURVE ( 'NONE', #7408, #5690, #3360, .T. ) ;
#2610 = EDGE_CURVE ( 'NONE', #7552, #4800, #97, .T. ) ;
#2611 = CARTESIAN_POINT ( 'NONE',  ( -9.267926047749808660, 3.330000000000003624, -0.2866497515788639094 ) ) ;
#2612 = CARTESIAN_POINT ( 'NONE',  ( -9.359999999999995879, -4.399999999999999467, 0.2349999999999975719 ) ) ;
#2613 = CARTESIAN_POINT ( 'NONE',  ( -1.270000000000000018, -4.629945645751342376, -1.355252715606880543E-17 ) ) ;
#2614 = ORIENTED_EDGE ( 'NONE', *, *, #7360, .T. ) ;
#2615 = CARTESIAN_POINT ( 'NONE',  ( -6.990000000000001101, 7.175000000000000711, 0.3200000000000007838 ) ) ;
#2616 = CARTESIAN_POINT ( 'NONE',  ( -1.623480234547875822, -0.6699999999999434186, -0.1530092933619086326 ) ) ;
#2617 = CARTESIAN_POINT ( 'NONE',  ( 6.349999999999999645, 7.174999999999999822, -0.3200000000000007838 ) ) ;
#2618 = AXIS2_PLACEMENT_3D ( 'NONE', #3212, #2523, #7670 ) ;
#2619 = EDGE_LOOP ( 'NONE', ( #5202, #8672, #3978, #8778 ) ) ;
#2620 = DIRECTION ( 'NONE',  ( 0.000000000000000000, 0.000000000000000000, 1.000000000000000000 ) ) ;
#2621 = CARTESIAN_POINT ( 'NONE',  ( 1.739999999999996216, -0.7321320343559629684, 0.2349999999999980160 ) ) ;
#2622 = DIRECTION ( 'NONE',  ( 0.000000000000000000, 1.000000000000000000, 0.000000000000000000 ) ) ;
#2623 = AXIS2_PLACEMENT_3D ( 'NONE', #3481, #7659, #4962 ) ;
#2624 = DIRECTION ( 'NONE',  ( 0.000000000000000000, 6.123031769111889989E-17, -1.000000000000000000 ) ) ;
#2625 = ORIENTED_EDGE ( 'NONE', *, *, #2863, .F. ) ;
#2626 = CARTESIAN_POINT ( 'NONE',  ( 1.543354489230223336, 3.330000000000000959, 0.3848621835879805775 ) ) ;
#2627 = CARTESIAN_POINT ( 'NONE',  ( -8.516339873321310705, 7.492926245181915412, -0.1868300633393451260 ) ) ;
#2628 = DIRECTION ( 'NONE',  ( 0.000000000000000000, 1.000000000000000000, 0.000000000000000000 ) ) ;
#2629 = AXIS2_PLACEMENT_3D ( 'NONE', #7812, #5613, #826 ) ;
#2630 = ORIENTED_EDGE ( 'NONE', *, *, #8091, .F. ) ;
#2631 = SURFACE_STYLE_FILL_AREA ( #6741 ) ;
#2632 = DIRECTION ( 'NONE',  ( 0.4226182617407031605, 0.000000000000000000, -0.9063077870366482713 ) ) ;
#2633 = CARTESIAN_POINT ( 'NONE',  ( 8.732004482623448638, 3.330000000000004068, 0.4429233660638091652 ) ) ;
#2634 = DIRECTION ( 'NONE',  ( 0.000000000000000000, 0.000000000000000000, 1.000000000000000000 ) ) ;
#2635 = FACE_BOUND ( 'NONE', #8222, .T. ) ;
#2636 = VECTOR ( 'NONE', #3982, 1000.000000000000000 ) ;
#2637 = LINE ( 'NONE', #2679, #8971 ) ;
#2638 = CARTESIAN_POINT ( 'NONE',  ( 3.652004482623463222, 3.330000000000003180, 0.4429233660638314252 ) ) ;
#2639 = DIRECTION ( 'NONE',  ( 8.659560562354932858E-17, 0.7071067811865474617, -0.7071067811865474617 ) ) ;
#2640 = EDGE_CURVE ( 'NONE', #7962, #5517, #8608, .T. ) ;
#2641 = CARTESIAN_POINT ( 'NONE',  ( 6.735000000000001208, -0.6699999999999979305, -0.02417445737793775043 ) ) ;
#2642 = ADVANCED_FACE ( 'NONE', ( #41 ), #1411, .T. ) ;
#2643 = ORIENTED_EDGE ( 'NONE', *, *, #2022, .F. ) ;
#2644 = AXIS2_PLACEMENT_3D ( 'NONE', #7781, #2999, #4294 ) ;
#2645 = CARTESIAN_POINT ( 'NONE',  ( -9.205670412532160896, -0.6699999999999460831, -0.2232947942794862584 ) ) ;
#2646 = CARTESIAN_POINT ( 'NONE',  ( -6.349999999999999645, -0.6699999999999866063, 0.3850000000000000089 ) ) ;
#2647 = EDGE_CURVE ( 'NONE', #134, #4114, #680, .T. ) ;
#2648 = CARTESIAN_POINT ( 'NONE',  ( -3.556051383962957058, -0.6699999999999884936, -0.2906971332467622182 ) ) ;
#2649 = ORIENTED_EDGE ( 'NONE', *, *, #7283, .T. ) ;
#2650 = CARTESIAN_POINT ( 'NONE',  ( -3.810000000000000053, -4.400000000000000355, -0.2349999999999975719 ) ) ;
#2651 = VERTEX_POINT ( 'NONE', #5659 ) ;
#2652 = DIRECTION ( 'NONE',  ( -0.9063077870366482713, 2.587705042845171132E-17, -0.4226182617407031605 ) ) ;
#2653 = CIRCLE ( 'NONE', #3834, 0.2349999999999980160 ) ;
#2654 = ORIENTED_EDGE ( 'NONE', *, *, #6264, .T. ) ;
#2655 = DIRECTION ( 'NONE',  ( 0.000000000000000000, 0.000000000000000000, 1.000000000000000000 ) ) ;
#2656 = PRESENTATION_LAYER_ASSIGNMENT (  '', '', ( #454 ) ) ;
#2657 = CARTESIAN_POINT ( 'NONE',  ( 8.889999999999998792, -0.7321320343559629684, -0.2349999999999980715 ) ) ;
#2658 = EDGE_CURVE ( 'NONE', #7493, #6739, #3545, .T. ) ;
#2659 = DIRECTION ( 'NONE',  ( 0.4226182617407031605, 0.000000000000000000, -0.9063077870366482713 ) ) ;
#2660 = ORIENTED_EDGE ( 'NONE', *, *, #2364, .F. ) ;
#2661 = CARTESIAN_POINT ( 'NONE',  ( 1.270000000000000018, 3.479999999999999982, -0.4700000000000009726 ) ) ;
#2662 = CARTESIAN_POINT ( 'NONE',  ( 5.880000000000005222, -4.399999999999999467, -0.2349999999999975719 ) ) ;
#2663 = CIRCLE ( 'NONE', #7798, 0.6650000000000000355 ) ;
#2664 = ORIENTED_EDGE ( 'NONE', *, *, #5493, .T. ) ;
#2665 = CARTESIAN_POINT ( 'NONE',  ( -1.270000000000000018, -0.6699999999999866063, -0.3849999999999997868 ) ) ;
#2666 = CARTESIAN_POINT ( 'NONE',  ( 0.1999999999999992339, 6.551643992949719860E-17, -0.8699999999999998845 ) ) ;
#2667 = SURFACE_SIDE_STYLE ('',( #8965 ) ) ;
#2668 = DIRECTION ( 'NONE',  ( -1.000000000000000000, 0.000000000000000000, -1.224646799147353207E-16 ) ) ;
#2669 = ADVANCED_FACE ( 'NONE', ( #5868 ), #5230, .F. ) ;
#2670 = FACE_OUTER_BOUND ( 'NONE', #2954, .T. ) ;
#2671 = EDGE_LOOP ( 'NONE', ( #6061, #1833, #5388, #2746 ) ) ;
#2672 = MECHANICAL_DESIGN_GEOMETRIC_PRESENTATION_REPRESENTATION (  '', ( #1349 ), #615 ) ;
#2673 = VECTOR ( 'NONE', #1922, 1000.000000000000000 ) ;
#2674 = CARTESIAN_POINT ( 'NONE',  ( -3.400882780424007379, 3.330000000000000959, -0.2319339637930802334 ) ) ;
#2675 = VECTOR ( 'NONE', #7428, 1000.000000000000000 ) ;
#2676 = CARTESIAN_POINT ( 'NONE',  ( -4.786738468369000188, -6.551643992949719860E-17, 1.070000000000000062 ) ) ;
#2677 = CARTESIAN_POINT ( 'NONE',  ( -6.735033497883355480, -0.6699999999999410871, 0.02430434733788106039 ) ) ;
#2678 = CARTESIAN_POINT ( 'NONE',  ( -6.349999999999999645, 3.330000000000000071, 0.9150000000000000355 ) ) ;
#2679 = CARTESIAN_POINT ( 'NONE',  ( -7.674266901142090092, 2.799999999999999822, -0.8699999999999997735 ) ) ;
#2680 =( BOUNDED_SURFACE ( )  B_SPLINE_SURFACE ( 3, 3, ( 
 ( #5040, #6494, #3600, #7223 ),
 ( #7724, #2799, #98, #187 ),
 ( #7042, #1517, #738, #140 ),
 ( #8537, #8400, #830, #5671 ) ),
 .UNSPECIFIED., .F., .F., .F. ) 
 B_SPLINE_SURFACE_WITH_KNOTS ( ( 4, 4 ),
 ( 4, 4 ),
 ( 0.000000000000000000, 1.000000000000000000 ),
 ( 0.000000000000000000, 1.000000000000000000 ),
 .UNSPECIFIED. ) 
 GEOMETRIC_REPRESENTATION_ITEM ( )  RATIONAL_B_SPLINE_SURFACE ( (
 ( 1.000000000000000000, 0.3333333333333334259, 0.3333333333333334259, 1.000000000000000000),
 ( 0.8047378541243649375, 0.2682459513747884050, 0.2682459513747884050, 0.8047378541243649375),
 ( 0.8047378541243649375, 0.2682459513747884050, 0.2682459513747884050, 0.8047378541243649375),
 ( 1.000000000000000000, 0.3333333333333334259, 0.3333333333333334259, 1.000000000000000000) ) ) 
 REPRESENTATION_ITEM ( '' )  SURFACE ( )  );
#2681 =( GEOMETRIC_REPRESENTATION_CONTEXT ( 3 ) GLOBAL_UNCERTAINTY_ASSIGNED_CONTEXT ( ( #8912 ) ) GLOBAL_UNIT_ASSIGNED_CONTEXT ( ( #465, #5492, #6908 ) ) REPRESENTATION_CONTEXT ( 'NONE', 'WORKASPACE' ) );
#2682 = CARTESIAN_POINT ( 'NONE',  ( 1.270000000000000018, 7.361853603950962111, 0.3200000000000008948 ) ) ;
#2683 = VECTOR ( 'NONE', #1761, 1000.000000000000000 ) ;
#2684 = CARTESIAN_POINT ( 'NONE',  ( -0.9793028667532436282, -0.6699999999999910472, 0.2539486160370524881 ) ) ;
#2685 = EDGE_CURVE ( 'NONE', #3467, #3853, #7923, .T. ) ;
#2686 = ORIENTED_EDGE ( 'NONE', *, *, #5840, .F. ) ;
#2687 = CARTESIAN_POINT ( 'NONE',  ( 4.279999999999994920, -0.8199999999999998401, -0.2349999999999980715 ) ) ;
#2688 = AXIS2_PLACEMENT_3D ( 'NONE', #1492, #6348, #3629 ) ;
#2689 = CARTESIAN_POINT ( 'NONE',  ( -6.014872064815409480, -0.6699999999999942668, 0.1899884597028330124 ) ) ;
#2690 = CARTESIAN_POINT ( 'NONE',  ( 4.449999999999999289, 3.479999999999999538, -0.3199999999999999512 ) ) ;
#2691 = CARTESIAN_POINT ( 'NONE',  ( -3.442576193866626166, -0.6699999999999965983, -0.1175135132073614891 ) ) ;
#2692 = VERTEX_POINT ( 'NONE', #8390 ) ;
#2693 = CARTESIAN_POINT ( 'NONE',  ( 8.890000000000002345, 7.492926245181917189, 0.1868300633393450705 ) ) ;
#2694 = EDGE_CURVE ( 'NONE', #4595, #8433, #2215, .T. ) ;
#2695 = EDGE_LOOP ( 'NONE', ( #2436, #7648, #4894, #8120 ) ) ;
#2696 = FILL_AREA_STYLE_COLOUR ( '', #532 ) ;
#2697 = EDGE_LOOP ( 'NONE', ( #2391, #235, #4126, #1577 ) ) ;
#2698 = CARTESIAN_POINT ( 'NONE',  ( 6.990000000000001101, 7.361853603950959446, 0.3200000000000007838 ) ) ;
#2699 = CARTESIAN_POINT ( 'NONE',  ( -9.357300348649131294, 3.330000000000003624, -0.05898017951222110644 ) ) ;
#2700 =( LENGTH_UNIT ( ) NAMED_UNIT ( * ) SI_UNIT ( .MILLI., .METRE. ) );
#2701 = CARTESIAN_POINT ( 'NONE',  ( -4.580000000000000071, -0.6699999999999979305, -0.3849999999999999534 ) ) ;
#2702 = CIRCLE ( 'NONE', #3303, 0.2349999999999980160 ) ;
#2703 = VECTOR ( 'NONE', #1585, 1000.000000000000000 ) ;
#2704 = CARTESIAN_POINT ( 'NONE',  ( -2.339999999999999858, -5.327037639127342109E-17, 0.8700000000000001066 ) ) ;
#2705 = ORIENTED_EDGE ( 'NONE', *, *, #3155, .T. ) ;
#2706 = LINE ( 'NONE', #4796, #6587 ) ;
#2707 = CARTESIAN_POINT ( 'NONE',  ( -1.579523379934795413, -0.6699999999999464162, 0.2348443923207948758 ) ) ;
#2708 = DIRECTION ( 'NONE',  ( 0.000000000000000000, 1.000000000000000000, 0.000000000000000000 ) ) ;
#2709 = CARTESIAN_POINT ( 'NONE',  ( 8.890000000000000568, -0.6700000000137151801, -1.018987004225999129E-17 ) ) ;
#2710 = VECTOR ( 'NONE', #5472, 1000.000000000000000 ) ;
#2711 = EDGE_CURVE ( 'NONE', #3991, #8906, #3248, .T. ) ;
#2712 = CARTESIAN_POINT ( 'NONE',  ( -1.270000000000000018, -7.776250346772100076E-17, 1.270000000000000018 ) ) ;
#2713 = VERTEX_POINT ( 'NONE', #4395 ) ;
#2714 = CARTESIAN_POINT ( 'NONE',  ( 1.270000000000000018, -0.6699999999999978195, -0.2971320343559633037 ) ) ;
#2715 = LINE ( 'NONE', #554, #8506 ) ;
#2716 = MECHANICAL_DESIGN_GEOMETRIC_PRESENTATION_REPRESENTATION (  '', ( #516 ), #4799 ) ;
#2717 = CARTESIAN_POINT ( 'NONE',  ( -2.340000000000000746, -6.551643992949719860E-17, 0.8700000000000002176 ) ) ;
#2718 = EDGE_CURVE ( 'NONE', #8605, #959, #7337, .T. ) ;
#2719 = ORIENTED_EDGE ( 'NONE', *, *, #6813, .T. ) ;
#2720 = CARTESIAN_POINT ( 'NONE',  ( 8.504598142417961526, 3.330000000000003624, 0.2725355999313711641 ) ) ;
#2721 = DIRECTION ( 'NONE',  ( 0.4226182617407002184, 0.000000000000000000, -0.9063077870366496036 ) ) ;
#2722 = CARTESIAN_POINT ( 'NONE',  ( -6.819999999999995843, -0.7321320343559630794, -0.2349999999999963229 ) ) ;
#2723 = CYLINDRICAL_SURFACE ( 'NONE', #7073, 0.6650000000000000355 ) ;
#2724 = AXIS2_PLACEMENT_3D ( 'NONE', #7065, #5516, #7664 ) ;
#2725 = CARTESIAN_POINT ( 'NONE',  ( 8.420000000000005258, -4.399999999999999467, 0.2349999999999975719 ) ) ;
#2726 = CARTESIAN_POINT ( 'NONE',  ( 8.890000000000000568, -0.8199999999999999512, -0.2349999999999980438 ) ) ;
#2727 = ORIENTED_EDGE ( 'NONE', *, *, #1607, .F. ) ;
#2728 = EDGE_CURVE ( 'NONE', #2034, #2007, #392, .T. ) ;
#2729 = PRESENTATION_LAYER_ASSIGNMENT (  '', '', ( #3924 ) ) ;
#2730 = LINE ( 'NONE', #7786, #5140 ) ;
#2731 = FILL_AREA_STYLE ('',( #6193 ) ) ;
#2732 = AXIS2_PLACEMENT_3D ( 'NONE', #2468, #4458, #4409 ) ;
#2733 = CARTESIAN_POINT ( 'NONE',  ( -1.270000000000000018, -0.8199999999999999512, 0.000000000000000000 ) ) ;
#2734 =( BOUNDED_SURFACE ( )  B_SPLINE_SURFACE ( 3, 3, ( 
 ( #4728, #8252, #3994, #488 ),
 ( #6753, #1225, #7585, #5333 ),
 ( #442, #3245, #8982, #8114 ),
 ( #3302, #8207, #2690, #4044 ) ),
 .UNSPECIFIED., .F., .F., .T. ) 
 B_SPLINE_SURFACE_WITH_KNOTS ( ( 4, 4 ),
 ( 4, 4 ),
 ( 0.000000000000000000, 1.000000000000000000 ),
 ( 0.000000000000000000, 1.000000000000000000 ),
 .UNSPECIFIED. ) 
 GEOMETRIC_REPRESENTATION_ITEM ( )  RATIONAL_B_SPLINE_SURFACE ( (
 ( 1.000000000000000000, 0.3333333333333334259, 0.3333333333333334259, 1.000000000000000000),
 ( 0.8047378541243658256, 0.2682459513747886826, 0.2682459513747886826, 0.8047378541243658256),
 ( 0.8047378541243658256, 0.2682459513747886826, 0.2682459513747886826, 0.8047378541243658256),
 ( 1.000000000000000000, 0.3333333333333334259, 0.3333333333333334259, 1.000000000000000000) ) ) 
 REPRESENTATION_ITEM ( '' )  SURFACE ( )  );
#2735 = EDGE_CURVE ( 'NONE', #7533, #3999, #755, .T. ) ;
#2736 = CARTESIAN_POINT ( 'NONE',  ( -5.995122980192261863, 3.330000000000002292, -0.3100151936036647515 ) ) ;
#2737 = VERTEX_POINT ( 'NONE', #6793 ) ;
#2738 = CARTESIAN_POINT ( 'NONE',  ( -6.001486814315311058, -0.6699999999999952660, -0.1659194131552866602 ) ) ;
#2739 = VERTEX_POINT ( 'NONE', #6096 ) ;
#2740 =( NAMED_UNIT ( * ) SI_UNIT ( $, .STERADIAN. ) SOLID_ANGLE_UNIT ( ) );
#2741 = ORIENTED_EDGE ( 'NONE', *, *, #3559, .F. ) ;
#2742 = DIRECTION ( 'NONE',  ( 0.9063077870366516020, 2.587705042845131689E-17, -0.4226182617406961661 ) ) ;
#2743 = DIRECTION ( 'NONE',  ( 2.345257230884581992E-17, -1.000000000000000000, -1.093611407104877670E-17 ) ) ;
#2744 = DIRECTION ( 'NONE',  ( 0.000000000000000000, 1.000000000000000000, 4.075948017035275911E-17 ) ) ;
#2745 = CARTESIAN_POINT ( 'NONE',  ( 9.359999999999999432, 3.330000000000000071, 2.710505431213761085E-17 ) ) ;
#2746 = ORIENTED_EDGE ( 'NONE', *, *, #4119, .F. ) ;
#2747 = CARTESIAN_POINT ( 'NONE',  ( 8.580476620065207172, -0.6699999999999463052, 0.2348443923208096695 ) ) ;
#2748 = DIRECTION ( 'NONE',  ( 0.000000000000000000, 0.000000000000000000, 1.000000000000000000 ) ) ;
#2749 = ORIENTED_EDGE ( 'NONE', *, *, #5200, .T. ) ;
#2750 = CARTESIAN_POINT ( 'NONE',  ( -0.3865230632620022533, 2.799999999999999822, 1.270000000000000240 ) ) ;
#2751 = PLANE ( 'NONE',  #1663 ) ;
#2752 = ADVANCED_FACE ( 'NONE', ( #991, #1128 ), #6003, .T. ) ;
#2753 = CARTESIAN_POINT ( 'NONE',  ( 1.270000000000000018, -0.4200000000196268957, 0.000000000000000000 ) ) ;
#2754 = EDGE_CURVE ( 'NONE', #611, #719, #8706, .T. ) ;
#2755 = VERTEX_POINT ( 'NONE', #8891 ) ;
#2756 = FACE_OUTER_BOUND ( 'NONE', #5127, .T. ) ;
#2757 = EDGE_CURVE ( 'NONE', #1738, #4271, #6645, .T. ) ;
#2758 = DIRECTION ( 'NONE',  ( 0.000000000000000000, 0.000000000000000000, 1.000000000000000000 ) ) ;
#2759 = VECTOR ( 'NONE', #7456, 1000.000000000000000 ) ;
#2760 = ORIENTED_EDGE ( 'NONE', *, *, #5196, .F. ) ;
#2761 = DIRECTION ( 'NONE',  ( 0.000000000000000000, 1.000000000000000000, 0.000000000000000000 ) ) ;
#2762 = ORIENTED_EDGE ( 'NONE', *, *, #8575, .F. ) ;
#2763 = VECTOR ( 'NONE', #7326, 1000.000000000000000 ) ;
#2764 = ORIENTED_EDGE ( 'NONE', *, *, #2581, .T. ) ;
#2765 = CARTESIAN_POINT ( 'NONE',  ( 8.422699651350868066, 3.330000000000003624, -0.05898017951221888600 ) ) ;
#2766 = CARTESIAN_POINT ( 'NONE',  ( 1.623463245227208196, -0.6699999999999955991, 0.1529475060216547166 ) ) ;
#2767 = EDGE_CURVE ( 'NONE', #5740, #2755, #8954, .T. ) ;
#2768 = DIRECTION ( 'NONE',  ( 0.000000000000000000, 1.000000000000000000, 0.000000000000000000 ) ) ;
#2769 = DIRECTION ( 'NONE',  ( 0.000000000000000000, 0.000000000000000000, 1.000000000000000000 ) ) ;
#2770 = CARTESIAN_POINT ( 'NONE',  ( 3.810000000000000053, 3.330000000000000515, 0.4700000000000000844 ) ) ;
#2771 = CARTESIAN_POINT ( 'NONE',  ( -0.9547405517417646426, -0.6699999999999924905, 0.2239180390502884810 ) ) ;
#2772 = VERTEX_POINT ( 'NONE', #1726 ) ;
#2773 = CARTESIAN_POINT ( 'NONE',  ( 3.810000000000000053, 1.967086183247610087, -0.9150000000000000355 ) ) ;
#2774 = CARTESIAN_POINT ( 'NONE',  ( -6.002669479772328565, -0.6699999999999950440, 0.1665022951688514274 ) ) ;
#2775 = CARTESIAN_POINT ( 'NONE',  ( 7.420000000000000817, -5.939340816038532217E-17, 0.8700000000000001066 ) ) ;
#2776 = LINE ( 'NONE', #2142, #954 ) ;
#2777 = CARTESIAN_POINT ( 'NONE',  ( -5.967252625340913497, -0.6699999999999977085, -0.04807139133206295850 ) ) ;
#2778 = VERTEX_POINT ( 'NONE', #2593 ) ;
#2779 = CARTESIAN_POINT ( 'NONE',  ( -8.420000000000007034, -4.537064994640259030, 0.2349999999999976275 ) ) ;
#2780 = ORIENTED_EDGE ( 'NONE', *, *, #6405, .T. ) ;
#2781 = CARTESIAN_POINT ( 'NONE',  ( -8.772486486792629989, -0.6699999999999780576, 0.3674238061333685579 ) ) ;
#2782 = VECTOR ( 'NONE', #9019, 1000.000000000000000 ) ;
#2783 = ORIENTED_EDGE ( 'NONE', *, *, #1803, .T. ) ;
#2784 = DIRECTION ( 'NONE',  ( 1.000000000000000000, 0.000000000000000000, 0.000000000000000000 ) ) ;
#2785 = DIRECTION ( 'NONE',  ( 0.000000000000000000, 0.000000000000000000, 1.000000000000000000 ) ) ;
#2786 = B_SPLINE_CURVE_WITH_KNOTS ( 'NONE', 3,
 ( #6521, #298, #1633, #4348, #5148, #7157, #4495, #3100, #210, #5915, #3626, #5240, #7838, #7251, #3012, #852, #7970, #3672, #947, #1727, #808, #2913, #6433, #6472, #164, #5734, #5191, #5869, #7302 ),
 .UNSPECIFIED., .F., .F.,
 ( 4, 1, 2, 2, 2, 1, 2, 2, 2, 2, 2, 2, 1, 2, 2, 4 ),
 ( 0.000000000000000000, 0.06249999999999983347, 0.09374999999999975020, 0.1249999999999996669, 0.2499999999999994449, 0.3124999999999987232, 0.3437499999999988898, 0.3749999999999990008, 0.5000000000000000000, 0.5625000000000004441, 0.6250000000000009992, 0.7500000000000018874, 0.8125000000000022204, 0.8437500000000024425, 0.8750000000000025535, 1.000000000000000000 ),
 .UNSPECIFIED. ) ;
#2787 = AXIS2_PLACEMENT_3D ( 'NONE', #5442, #2708, #8873 ) ;
#2788 = CARTESIAN_POINT ( 'NONE',  ( 8.599068030025085463, -0.6699999999999477485, -0.2535924761677337824 ) ) ;
#2789 = VECTOR ( 'NONE', #7643, 1000.000000000000000 ) ;
#2790 = CARTESIAN_POINT ( 'NONE',  ( 8.890000000000000568, 3.329999999999999183, -0.4700000000000004730 ) ) ;
#2791 = LINE ( 'NONE', #4143, #3172 ) ;
#2792 = ORIENTED_EDGE ( 'NONE', *, *, #5524, .F. ) ;
#2793 =( NAMED_UNIT ( * ) PLANE_ANGLE_UNIT ( ) SI_UNIT ( $, .RADIAN. ) );
#2794 = AXIS2_PLACEMENT_3D ( 'NONE', #1789, #6542, #2659 ) ;
#2795 = CARTESIAN_POINT ( 'NONE',  ( 2.339999999999999858, -5.939340816038532217E-17, 0.8700000000000001066 ) ) ;
#2796 = CARTESIAN_POINT ( 'NONE',  ( -8.890000000000000568, -4.400000000000000355, 0.000000000000000000 ) ) ;
#2797 = VERTEX_POINT ( 'NONE', #3939 ) ;
#2798 = CYLINDRICAL_SURFACE ( 'NONE', #3145, 0.2349999999999989875 ) ;
#2799 = CARTESIAN_POINT ( 'NONE',  ( 3.340000000000004299, -0.7321320343559630794, -0.2349999999999980160 ) ) ;
#2800 = CIRCLE ( 'NONE', #7937, 0.3150000000000000022 ) ;
#2801 = EDGE_CURVE ( 'NONE', #4826, #6495, #8104, .T. ) ;
#2802 = EDGE_LOOP ( 'NONE', ( #7120, #7906, #2308, #6458 ) ) ;
#2803 = CARTESIAN_POINT ( 'NONE',  ( -1.126541944915668836, 3.330000000000001847, -0.4485433477472223207 ) ) ;
#2804 = ORIENTED_EDGE ( 'NONE', *, *, #5846, .T. ) ;
#2805 = VERTEX_POINT ( 'NONE', #3150 ) ;
#2806 = AXIS2_PLACEMENT_3D ( 'NONE', #657, #4209, #7614 ) ;
#2807 = CARTESIAN_POINT ( 'NONE',  ( 8.773344125346046241, 3.330000000000003180, 0.4555627194059622131 ) ) ;
#2808 = CARTESIAN_POINT ( 'NONE',  ( -4.125670412532321585, -0.6699999999999460831, -0.2232947942791740914 ) ) ;
#2809 = CARTESIAN_POINT ( 'NONE',  ( -6.349999999999999645, 3.330000000000000515, 0.4700000000000000844 ) ) ;
#2810 =( NAMED_UNIT ( * ) PLANE_ANGLE_UNIT ( ) SI_UNIT ( $, .RADIAN. ) );
#2811 = FACE_OUTER_BOUND ( 'NONE', #2158, .T. ) ;
#2812 = CARTESIAN_POINT ( 'NONE',  ( -0.8850000000000007860, -0.6699999999999979305, 2.710505431213761085E-17 ) ) ;
#2813 = VECTOR ( 'NONE', #3239, 1000.000000000000000 ) ;
#2814 = EDGE_CURVE ( 'NONE', #3858, #8621, #3551, .T. ) ;
#2815 = ORIENTED_EDGE ( 'NONE', *, *, #832, .F. ) ;
#2816 = VECTOR ( 'NONE', #4210, 1000.000000000000000 ) ;
#2817 = ORIENTED_EDGE ( 'NONE', *, *, #4895, .F. ) ;
#2818 = DIRECTION ( 'NONE',  ( 0.4226182617407002184, 0.000000000000000000, 0.9063077870366496036 ) ) ;
#2819 = SURFACE_SIDE_STYLE ('',( #6927 ) ) ;
#2820 = CARTESIAN_POINT ( 'NONE',  ( -5.973922232181527292, 3.330000000000000071, 0.2837140651352277332 ) ) ;
#2821 = VECTOR ( 'NONE', #3753, 1000.000000000000000 ) ;
#2822 = FACE_OUTER_BOUND ( 'NONE', #5275, .T. ) ;
#2823 = EDGE_LOOP ( 'NONE', ( #8937, #1447 ) ) ;
#2824 = FACE_OUTER_BOUND ( 'NONE', #138, .T. ) ;
#2825 = CARTESIAN_POINT ( 'NONE',  ( -8.006523063262001472, 2.799999999999999822, -1.269999999999999796 ) ) ;
#2826 = LINE ( 'NONE', #5651, #8554 ) ;
#2827 = VERTEX_POINT ( 'NONE', #1818 ) ;
#2828 = MECHANICAL_DESIGN_GEOMETRIC_PRESENTATION_REPRESENTATION (  '', ( #4462 ), #5060 ) ;
#2829 = CARTESIAN_POINT ( 'NONE',  ( 8.890000000000000568, -2.609999999999999876, -0.2349999999999989875 ) ) ;
#2830 = CARTESIAN_POINT ( 'NONE',  ( 8.890000000000000568, 3.479999999999999982, 0.3199999999999999512 ) ) ;
#2831 = ORIENTED_EDGE ( 'NONE', *, *, #946, .F. ) ;
#2832 = CARTESIAN_POINT ( 'NONE',  ( -6.349999999999999645, -0.2100000000000000200, 0.000000000000000000 ) ) ;
#2833 = AXIS2_PLACEMENT_3D ( 'NONE', #4737, #8261, #624 ) ;
#2834 = FACE_OUTER_BOUND ( 'NONE', #4636, .T. ) ;
#2835 = VERTEX_POINT ( 'NONE', #3099 ) ;
#2836 = VERTEX_POINT ( 'NONE', #3802 ) ;
#2837 = FILL_AREA_STYLE_COLOUR ( '', #6222 ) ;
#2838 = SURFACE_SIDE_STYLE ('',( #960 ) ) ;
#2839 = CARTESIAN_POINT ( 'NONE',  ( 6.349999999999999645, 3.330000000000000071, 0.000000000000000000 ) ) ;
#2840 = AXIS2_PLACEMENT_3D ( 'NONE', #1246, #4840, #5496 ) ;
#2841 = FILL_AREA_STYLE ('',( #48 ) ) ;
#2842 = ORIENTED_EDGE ( 'NONE', *, *, #1032, .F. ) ;
#2843 = DIRECTION ( 'NONE',  ( -0.000000000000000000, -1.000000000000000000, -0.000000000000000000 ) ) ;
#2844 = DIRECTION ( 'NONE',  ( 0.000000000000000000, 0.000000000000000000, 1.000000000000000000 ) ) ;
#2845 = ADVANCED_FACE ( 'NONE', ( #5911, #8844, #2415, #4582, #1866, #4537, #7342, #1037, #3846 ), #5962, .T. ) ;
#2846 = CARTESIAN_POINT ( 'NONE',  ( 1.909999999999999920, 3.479999999999999538, 0.3199999999999999512 ) ) ;
#2847 = VECTOR ( 'NONE', #7867, 1000.000000000000000 ) ;
#2848 = VERTEX_POINT ( 'NONE', #9065 ) ;
#2849 = CARTESIAN_POINT ( 'NONE',  ( 8.890000000000000568, 3.479999999999999982, 0.3199999999999999512 ) ) ;
#2850 = EDGE_LOOP ( 'NONE', ( #1093, #6242, #2582, #5985 ) ) ;
#2851 = MECHANICAL_DESIGN_GEOMETRIC_PRESENTATION_REPRESENTATION (  '', ( #5086 ), #9018 ) ;
#2852 = ORIENTED_EDGE ( 'NONE', *, *, #4242, .T. ) ;
#2853 = EDGE_CURVE ( 'NONE', #5930, #6499, #1935, .T. ) ;
#2854 = CARTESIAN_POINT ( 'NONE',  ( -6.349999999999998757, -0.6699999999999979305, -0.2971320343559630262 ) ) ;
#2855 = CARTESIAN_POINT ( 'NONE',  ( 1.560697133246756962, -0.6699999999999909361, 0.2539486160370574286 ) ) ;
#2856 = CYLINDRICAL_SURFACE ( 'NONE', #8296, 0.9150000000000000355 ) ;
#2857 = FACE_BOUND ( 'NONE', #4410, .T. ) ;
#2858 = CARTESIAN_POINT ( 'NONE',  ( 1.910000000000001474, 7.361853603950959446, -0.3200000000000003952 ) ) ;
#2859 = CIRCLE ( 'NONE', #5963, 0.6650000000000000355 ) ;
#2860 = CARTESIAN_POINT ( 'NONE',  ( 9.359999999999997655, -0.7321320343559630794, 0.2349999999999980160 ) ) ;
#2861 = EDGE_LOOP ( 'NONE', ( #1278, #7884, #123, #7822 ) ) ;
#2862 = CARTESIAN_POINT ( 'NONE',  ( -3.810000000000000053, -4.400000000000000355, 0.2349999999999989875 ) ) ;
#2863 = EDGE_CURVE ( 'NONE', #5974, #9006, #8368, .T. ) ;
#2864 = DIRECTION ( 'NONE',  ( 0.000000000000000000, -1.000000000000000000, -6.123031769111889989E-17 ) ) ;
#2865 = LINE ( 'NONE', #8337, #1404 ) ;
#2866 = CIRCLE ( 'NONE', #8005, 0.1500000000000020206 ) ;
#2867 = CARTESIAN_POINT ( 'NONE',  ( -6.231837981414559913, 3.330000000000001847, 0.4590001671664473148 ) ) ;
#2868 = EDGE_CURVE ( 'NONE', #3319, #8212, #6788, .T. ) ;
#2869 = CARTESIAN_POINT ( 'NONE',  ( 9.263660126678690432, 7.492926245181915412, -0.1868300633393451260 ) ) ;
#2870 = CARTESIAN_POINT ( 'NONE',  ( 9.164065206108331196, -4.632925319547867460, 0.1370326030541655082 ) ) ;
#2871 = VERTEX_POINT ( 'NONE', #2086 ) ;
#2872 = CARTESIAN_POINT ( 'NONE',  ( -8.536536754772789948, -0.6699999999999953770, 0.1529475060216411719 ) ) ;
#2873 = CARTESIAN_POINT ( 'NONE',  ( 8.990000000000000213, 2.799999999999999822, 1.270000000000000240 ) ) ;
#2874 = PRESENTATION_LAYER_ASSIGNMENT (  '', '', ( #8594 ) ) ;
#2875 = AXIS2_PLACEMENT_3D ( 'NONE', #9093, #3683, #44 ) ;
#2876 = CARTESIAN_POINT ( 'NONE',  ( 8.890000000000000568, -0.8199999999999999512, 0.000000000000000000 ) ) ;
#2877 = DIRECTION ( 'NONE',  ( -0.4226182617407031605, 0.000000000000000000, -0.9063077870366482713 ) ) ;
#2878 =( NAMED_UNIT ( * ) PLANE_ANGLE_UNIT ( ) SI_UNIT ( $, .RADIAN. ) );
#2879 = VERTEX_POINT ( 'NONE', #5632 ) ;
#2880 = EDGE_CURVE ( 'NONE', #6851, #102, #4081, .T. ) ;
#2881 = ADVANCED_FACE ( 'NONE', ( #3381 ), #2723, .T. ) ;
#2882 = CARTESIAN_POINT ( 'NONE',  ( -1.270000000000000240, -4.629945645751342376, -1.355252715606880543E-17 ) ) ;
#2883 = EDGE_LOOP ( 'NONE', ( #1382, #8590, #3450 ) ) ;
#2884 = CARTESIAN_POINT ( 'NONE',  ( 6.075934793891669017, -4.632925319547867460, 0.1370326030541655082 ) ) ;
#2885 = FILL_AREA_STYLE ('',( #2837 ) ) ;
#2886 = CARTESIAN_POINT ( 'NONE',  ( 1.606641165143205541, -0.6699999999999943778, -0.1888975254401784043 ) ) ;
#2887 = FACE_OUTER_BOUND ( 'NONE', #2056, .T. ) ;
#2888 = ORIENTED_EDGE ( 'NONE', *, *, #1332, .T. ) ;
#2889 = DIRECTION ( 'NONE',  ( 0.000000000000000000, 1.000000000000000000, 0.000000000000000000 ) ) ;
#2890 = DIRECTION ( 'NONE',  ( -0.000000000000000000, 1.000000000000000000, 6.123031769111889989E-17 ) ) ;
#2891 = CARTESIAN_POINT ( 'NONE',  ( 0.8000000000000039302, -0.7321320343559629684, -0.2349999999999980160 ) ) ;
#2892 = DIRECTION ( 'NONE',  ( 0.000000000000000000, 0.000000000000000000, 1.000000000000000000 ) ) ;
#2893 = ORIENTED_EDGE ( 'NONE', *, *, #545, .F. ) ;
#2894 = DIRECTION ( 'NONE',  ( 0.000000000000000000, 0.000000000000000000, 1.000000000000000000 ) ) ;
#2895 = EDGE_LOOP ( 'NONE', ( #3744, #5136, #6707, #1418 ) ) ;
#2896 = EDGE_LOOP ( 'NONE', ( #7448, #5431, #4011, #6874 ) ) ;
#2897 = DIRECTION ( 'NONE',  ( 0.000000000000000000, 0.000000000000000000, 1.000000000000000000 ) ) ;
#2898 = VECTOR ( 'NONE', #7273, 1000.000000000000000 ) ;
#2899 = CARTESIAN_POINT ( 'NONE',  ( -3.859135335354946239, -0.6699999999999656231, 0.3849999999999999534 ) ) ;
#2900 = CARTESIAN_POINT ( 'NONE',  ( -6.349999999999998757, -0.7321320343559629684, 0.2349999999999980715 ) ) ;
#2901 = VERTEX_POINT ( 'NONE', #7654 ) ;
#2902 = DIRECTION ( 'NONE',  ( 0.000000000000000000, 0.000000000000000000, 1.000000000000000000 ) ) ;
#2903 = DIRECTION ( 'NONE',  ( 0.000000000000000000, 0.000000000000000000, -1.000000000000000000 ) ) ;
#2904 = CARTESIAN_POINT ( 'NONE',  ( -2.339999999999999858, 2.799999999999999822, 0.8700000000000001066 ) ) ;
#2905 = AXIS2_PLACEMENT_3D ( 'NONE', #1826, #1135, #5285 ) ;
#2906 = ORIENTED_EDGE ( 'NONE', *, *, #4874, .T. ) ;
#2907 = CARTESIAN_POINT ( 'NONE',  ( -8.250000000000000000, 3.479999999999999538, 0.3199999999999999512 ) ) ;
#2908 = CARTESIAN_POINT ( 'NONE',  ( 6.350000000000000533, -0.7321320343559627464, 0.2349999999999980438 ) ) ;
#2909 = B_SPLINE_CURVE_WITH_KNOTS ( 'NONE', 3,
 ( #5181, #7957, #285, #3279, #2584, #6178, #2029, #4111, #4845, #1334, #6273, #9056, #8493, #7280, #6453, #6497, #7945 ),
 .UNSPECIFIED., .F., .F.,
 ( 4, 2, 2, 2, 2, 1, 2, 2, 4 ),
 ( 0.000000000000000000, 0.1250000000000001110, 0.2500000000000002220, 0.3750000000000003331, 0.5000000000000004441, 0.6250000000000005551, 0.6875000000000006661, 0.7500000000000006661, 1.000000000000000000 ),
 .UNSPECIFIED. ) ;
#2910 = SURFACE_SIDE_STYLE ('',( #1484 ) ) ;
#2911 = DIRECTION ( 'NONE',  ( 0.000000000000000000, 0.000000000000000000, 1.000000000000000000 ) ) ;
#2912 = ADVANCED_FACE ( 'NONE', ( #5548, #8330 ), #8414, .T. ) ;
#2913 = CARTESIAN_POINT ( 'NONE',  ( -6.659547256861613640, 3.330000000000003624, -0.3551854049470841712 ) ) ;
#2914 = VERTEX_POINT ( 'NONE', #8289 ) ;
#2915 = CARTESIAN_POINT ( 'NONE',  ( 1.270000000000000018, 5.327499999999999680, 0.000000000000000000 ) ) ;
#2916 = CARTESIAN_POINT ( 'NONE',  ( 2.246738468369000152, 5.327037639127342725E-17, -1.070000000000000062 ) ) ;
#2917 = ADVANCED_FACE ( 'NONE', ( #7697, #8932 ), #8244, .T. ) ;
#2918 = DIRECTION ( 'NONE',  ( 0.4226182617407031605, 0.000000000000000000, -0.9063077870366482713 ) ) ;
#2919 = ORIENTED_EDGE ( 'NONE', *, *, #7174, .T. ) ;
#2920 = AXIS2_PLACEMENT_3D ( 'NONE', #3547, #1462, #4371 ) ;
#2921 = EDGE_CURVE ( 'NONE', #4980, #2739, #2367, .T. ) ;
#2922 = CARTESIAN_POINT ( 'NONE',  ( -0.9794763945234087332, -0.6699999999999909361, -0.2537750882668816654 ) ) ;
#2923 = CARTESIAN_POINT ( 'NONE',  ( 9.830000000000001847, 3.329999999999999183, -0.4700000000000004730 ) ) ;
#2924 = LINE ( 'NONE', #7715, #4625 ) ;
#2925 = ORIENTED_EDGE ( 'NONE', *, *, #3087, .F. ) ;
#2926 = FILL_AREA_STYLE ('',( #3637 ) ) ;
#2927 = ORIENTED_EDGE ( 'NONE', *, *, #1824, .F. ) ;
#2928 = DIRECTION ( 'NONE',  ( 0.000000000000000000, 1.000000000000000000, 0.000000000000000000 ) ) ;
#2929 = ORIENTED_EDGE ( 'NONE', *, *, #3155, .F. ) ;
#2930 = DIRECTION ( 'NONE',  ( 0.000000000000000000, 0.000000000000000000, 1.000000000000000000 ) ) ;
#2931 = CARTESIAN_POINT ( 'NONE',  ( 1.618513185684715916, -0.6699999999999951550, -0.1659194131552536866 ) ) ;
#2933 = EDGE_CURVE ( 'NONE', #8212, #5906, #6285, .T. ) ;
#2932 = CARTESIAN_POINT ( 'NONE',  ( 5.466523063261999660, 2.799999999999999822, 1.270000000000000018 ) ) ;
#2934 = ORIENTED_EDGE ( 'NONE', *, *, #5568, .F. ) ;
#2935 = VECTOR ( 'NONE', #936, 1000.000000000000000 ) ;
#2936 =( NAMED_UNIT ( * ) PLANE_ANGLE_UNIT ( ) SI_UNIT ( $, .RADIAN. ) );
#2937 = ORIENTED_EDGE ( 'NONE', *, *, #6195, .F. ) ;
#2938 = CARTESIAN_POINT ( 'NONE',  ( -1.270000000000000018, -0.6699999999999979305, -0.3849999999999999534 ) ) ;
#2939 =( NAMED_UNIT ( * ) PLANE_ANGLE_UNIT ( ) SI_UNIT ( $, .RADIAN. ) );
#2940 = CARTESIAN_POINT ( 'NONE',  ( 1.270000000000000018, 3.392132034355963555, -0.3199999999999999512 ) ) ;
#2941 =( GEOMETRIC_REPRESENTATION_CONTEXT ( 3 ) GLOBAL_UNCERTAINTY_ASSIGNED_CONTEXT ( ( #6068 ) ) GLOBAL_UNIT_ASSIGNED_CONTEXT ( ( #6952, #3413, #1986 ) ) REPRESENTATION_CONTEXT ( 'NONE', 'WORKASPACE' ) );
#2942 = VERTEX_POINT ( 'NONE', #6186 ) ;
#2943 = ORIENTED_EDGE ( 'NONE', *, *, #6688, .F. ) ;
#2944 = ORIENTED_EDGE ( 'NONE', *, *, #2728, .T. ) ;
#2945 = LINE ( 'NONE', #791, #6479 ) ;
#2946 = AXIS2_PLACEMENT_3D ( 'NONE', #6118, #1191, #2569 ) ;
#2947 = CARTESIAN_POINT ( 'NONE',  ( 3.810000000000000053, -0.2100000000000000200, -0.6650000000000000355 ) ) ;
#2948 = EDGE_CURVE ( 'NONE', #2713, #322, #313, .T. ) ;
#2949 =( NAMED_UNIT ( * ) PLANE_ANGLE_UNIT ( ) SI_UNIT ( $, .RADIAN. ) );
#2950 = ORIENTED_EDGE ( 'NONE', *, *, #8960, .F. ) ;
#2951 = LINE ( 'NONE', #6376, #2347 ) ;
#2952 = CARTESIAN_POINT ( 'NONE',  ( 6.349999999999999645, -4.400000000000000355, 0.2349999999999975719 ) ) ;
#2953 = CARTESIAN_POINT ( 'NONE',  ( 1.270000000000000018, -0.6699999999999866063, -0.3850000000000000089 ) ) ;
#2954 = EDGE_LOOP ( 'NONE', ( #4434, #6831, #3648, #8002 ) ) ;
#2955 =( GEOMETRIC_REPRESENTATION_CONTEXT ( 3 ) GLOBAL_UNCERTAINTY_ASSIGNED_CONTEXT ( ( #6722 ) ) GLOBAL_UNIT_ASSIGNED_CONTEXT ( ( #5100, #71, #1538 ) ) REPRESENTATION_CONTEXT ( 'NONE', 'WORKASPACE' ) );
#2956 = SURFACE_STYLE_FILL_AREA ( #8558 ) ;
#2957 = FACE_OUTER_BOUND ( 'NONE', #2262, .T. ) ;
#2958 = DIRECTION ( 'NONE',  ( -1.000000000000000000, -0.000000000000000000, -0.000000000000000000 ) ) ;
#2959 = FILL_AREA_STYLE ('',( #5187 ) ) ;
#2960 = CARTESIAN_POINT ( 'NONE',  ( 6.183809327216700957, -0.6699999999999570743, 0.3475360023647101060 ) ) ;
#2961 = CARTESIAN_POINT ( 'NONE',  ( -1.270000000000000018, -4.630000000000003446, -7.625571271977343211E-17 ) ) ;
#2962 = EDGE_CURVE ( 'NONE', #3178, #2561, #2637, .T. ) ;
#2963 = DIRECTION ( 'NONE',  ( -0.000000000000000000, -1.000000000000000000, -0.000000000000000000 ) ) ;
#2964 = VERTEX_POINT ( 'NONE', #5507 ) ;
#2965 = CARTESIAN_POINT ( 'NONE',  ( 6.820000000000003837, 3.330000000000001403, 0.02951167524061622943 ) ) ;
#2966 = CIRCLE ( 'NONE', #2091, 0.6650000000000000355 ) ;
#2967 = VERTEX_POINT ( 'NONE', #3426 ) ;
#2968 = CARTESIAN_POINT ( 'NONE',  ( -3.169999999999998153, 7.361853603950959446, -0.3200000000000007838 ) ) ;
#2969 = AXIS2_PLACEMENT_3D ( 'NONE', #5182, #6559, #5903 ) ;
#2970 = LINE ( 'NONE', #8615, #1562 ) ;
#2971 = ADVANCED_FACE ( 'NONE', ( #1954, #2857 ), #1578, .T. ) ;
#2973 = DIRECTION ( 'NONE',  ( 0.000000000000000000, 0.000000000000000000, 1.000000000000000000 ) ) ;
#2972 = VECTOR ( 'NONE', #2628, 1000.000000000000000 ) ;
#2974 = ORIENTED_EDGE ( 'NONE', *, *, #3329, .F. ) ;
#2975 = SURFACE_STYLE_FILL_AREA ( #6532 ) ;
#2976 = ORIENTED_EDGE ( 'NONE', *, *, #7269, .F. ) ;
#2977 = VERTEX_POINT ( 'NONE', #8553 ) ;
#2978 = LINE ( 'NONE', #3816, #1360 ) ;
#2979 = FILL_AREA_STYLE_COLOUR ( '', #6516 ) ;
#2980 = STYLED_ITEM ( 'NONE', ( #5998 ), #550 ) ;
#2981 = CONICAL_SURFACE ( 'NONE', #3283, 0.6649999999614377710, 0.7853981633974482790 ) ;
#2982 = AXIS2_PLACEMENT_3D ( 'NONE', #3758, #6564, #2409 ) ;
#2983 = CARTESIAN_POINT ( 'NONE',  ( 8.890000000000000568, 7.174999999999999822, 0.3200000000000000067 ) ) ;
#2984 = FILL_AREA_STYLE_COLOUR ( '', #2186 ) ;
#2985 = CARTESIAN_POINT ( 'NONE',  ( -8.990000000000000213, 7.776250346772101309E-17, -1.270000000000000018 ) ) ;
#2986 = AXIS2_PLACEMENT_3D ( 'NONE', #5242, #8019, #8109 ) ;
#2987 = FACE_OUTER_BOUND ( 'NONE', #535, .T. ) ;
#2988 = ORIENTED_EDGE ( 'NONE', *, *, #2035, .T. ) ;
#2989 = DIRECTION ( 'NONE',  ( 0.000000000000000000, -1.000000000000000000, -6.123031769111889989E-17 ) ) ;
#2990 = EDGE_CURVE ( 'NONE', #134, #3128, #5855, .T. ) ;
#2991 = LINE ( 'NONE', #5806, #4026 ) ;
#2992 = VERTEX_POINT ( 'NONE', #152 ) ;
#2993 = ORIENTED_EDGE ( 'NONE', *, *, #6159, .F. ) ;
#2994 = CARTESIAN_POINT ( 'NONE',  ( -4.145450835685646318, -0.6699999999999446398, -0.1894987673826967756 ) ) ;
#2995 = AXIS2_PLACEMENT_3D ( 'NONE', #5769, #8597, #2307 ) ;
#2996 = CIRCLE ( 'NONE', #3890, 0.1500000000000020206 ) ;
#2997 =( NAMED_UNIT ( * ) SI_UNIT ( $, .STERADIAN. ) SOLID_ANGLE_UNIT ( ) );
#2998 = EDGE_LOOP ( 'NONE', ( #8495, #2287, #1537, #5404 ) ) ;
#2999 = DIRECTION ( 'NONE',  ( 0.000000000000000000, 1.000000000000000000, 0.000000000000000000 ) ) ;
#3000 = SURFACE_STYLE_USAGE ( .BOTH. , #2219 ) ;
#3001 = CARTESIAN_POINT ( 'NONE',  ( 1.270000000000000018, -4.400000000000000355, -0.2349999999999975719 ) ) ;
#3002 = EDGE_CURVE ( 'NONE', #3906, #5758, #3660, .T. ) ;
#3003 = AXIS2_PLACEMENT_3D ( 'NONE', #8424, #3437, #6294 ) ;
#3004 = EDGE_LOOP ( 'NONE', ( #2654, #4655, #6462, #4133 ) ) ;
#3005 = FILL_AREA_STYLE_COLOUR ( '', #7240 ) ;
#3006 = CARTESIAN_POINT ( 'NONE',  ( -0.2000000000000012323, 2.799999999999999822, -0.8699999999999998845 ) ) ;
#3007 =( NAMED_UNIT ( * ) PLANE_ANGLE_UNIT ( ) SI_UNIT ( $, .RADIAN. ) );
#3008 = CARTESIAN_POINT ( 'NONE',  ( 6.254367532877235902, -0.6699999999999625144, -0.3737368732954317041 ) ) ;
#3009 = FACE_BOUND ( 'NONE', #472, .T. ) ;
#3010 = DIRECTION ( 'NONE',  ( 0.000000000000000000, 0.000000000000000000, 1.000000000000000000 ) ) ;
#3011 = CIRCLE ( 'NONE', #5384, 0.1500000000000009936 ) ;
#3012 = CARTESIAN_POINT ( 'NONE',  ( -6.819932924189926915, 3.330000000000004068, 0.05941751562793925329 ) ) ;
#3013 = CARTESIAN_POINT ( 'NONE',  ( 8.890000000000000568, -4.632925319547866572, -0.1370326030541654527 ) ) ;
#3014 = ORIENTED_EDGE ( 'NONE', *, *, #4447, .F. ) ;
#3015 = CARTESIAN_POINT ( 'NONE',  ( -8.890000000000000568, 3.479999999999999982, -0.4700000000000009726 ) ) ;
#3016 = ADVANCED_FACE ( 'NONE', ( #7055 ), #2132, .T. ) ;
#3017 = ORIENTED_EDGE ( 'NONE', *, *, #8829, .F. ) ;
#3018 = VECTOR ( 'NONE', #1557, 1000.000000000000000 ) ;
#3019 = DIRECTION ( 'NONE',  ( 0.000000000000000000, 1.000000000000000000, 0.000000000000000000 ) ) ;
#3020 = CARTESIAN_POINT ( 'NONE',  ( 4.450000000000001954, 7.361853603950959446, 0.3200000000000007838 ) ) ;
#3021 = EDGE_LOOP ( 'NONE', ( #31, #2110, #1546, #8204, #309 ) ) ;
#3022 = CARTESIAN_POINT ( 'NONE',  ( 0.3299999999999993494, 3.329999999999999183, 0.4700000000000004730 ) ) ;
#3023 = AXIS2_PLACEMENT_3D ( 'NONE', #3537, #2744, #37 ) ;
#3024 = CARTESIAN_POINT ( 'NONE',  ( 1.578063703425800490, -0.6699999999999923794, -0.2324040746320116257 ) ) ;
#3025 = LINE ( 'NONE', #4555, #707 ) ;
#3026 = CARTESIAN_POINT ( 'NONE',  ( 3.436212879879552595, -0.6699999999999418643, 0.09550504733240866573 ) ) ;
#3027 = PRESENTATION_STYLE_ASSIGNMENT (( #1055 ) ) ;
#3028 =( BOUNDED_SURFACE ( )  B_SPLINE_SURFACE ( 3, 3, ( 
 ( #5737, #3532, #4310, #4971 ),
 ( #126, #7750, #1446, #8518 ),
 ( #4264, #5019, #7069, #812 ),
 ( #1635, #6614, #5110, #6662 ) ),
 .UNSPECIFIED., .F., .F., .F. ) 
 B_SPLINE_SURFACE_WITH_KNOTS ( ( 4, 4 ),
 ( 4, 4 ),
 ( 0.000000000000000000, 1.000000000000000000 ),
 ( 0.000000000000000000, 1.000000000000000000 ),
 .UNSPECIFIED. ) 
 GEOMETRIC_REPRESENTATION_ITEM ( )  RATIONAL_B_SPLINE_SURFACE ( (
 ( 1.000000000000000000, 0.3333333333333334259, 0.3333333333333334259, 1.000000000000000000),
 ( 0.8009815829414672628, 0.2669938609804891616, 0.2669938609804891616, 0.8009815829414672628),
 ( 0.8009815829414672628, 0.2669938609804891616, 0.2669938609804891616, 0.8009815829414672628),
 ( 1.000000000000000000, 0.3333333333333334259, 0.3333333333333334259, 1.000000000000000000) ) ) 
 REPRESENTATION_ITEM ( '' )  SURFACE ( )  );
#3029 =( LENGTH_UNIT ( ) NAMED_UNIT ( * ) SI_UNIT ( .MILLI., .METRE. ) );
#3030 = ORIENTED_EDGE ( 'NONE', *, *, #8091, .T. ) ;
#3031 = CARTESIAN_POINT ( 'NONE',  ( 9.275000000000002132, -0.6699999999999978195, -0.02417445737795425112 ) ) ;
#3032 = DIRECTION ( 'NONE',  ( -0.000000000000000000, -1.000000000000000000, -0.000000000000000000 ) ) ;
#3033 = ORIENTED_EDGE ( 'NONE', *, *, #2293, .F. ) ;
#3034 = ADVANCED_FACE ( 'NONE', ( #5813 ), #2218, .T. ) ;
#3035 = ORIENTED_EDGE ( 'NONE', *, *, #2609, .F. ) ;
#3036 = FILL_AREA_STYLE ('',( #5947 ) ) ;
#3037 = EDGE_CURVE ( 'NONE', #7689, #2967, #2800, .T. ) ;
#3038 = FACE_BOUND ( 'NONE', #1048, .T. ) ;
#3039 = CARTESIAN_POINT ( 'NONE',  ( 8.890000000000000568, 3.479999999999999982, -0.3199999999999999512 ) ) ;
#3040 = DIRECTION ( 'NONE',  ( 0.9063077870366482713, -2.587705042845171132E-17, 0.4226182617407031605 ) ) ;
#3041 = EDGE_LOOP ( 'NONE', ( #3487, #2976, #8325 ) ) ;
#3042 = CARTESIAN_POINT ( 'NONE',  ( -2.926523063262000068, 2.799999999999999822, -1.270000000000000018 ) ) ;
#3043 = PRESENTATION_STYLE_ASSIGNMENT (( #3000 ) ) ;
#3044 = CARTESIAN_POINT ( 'NONE',  ( 1.270000000000000018, -4.629945645751342376, -1.355252715606880543E-17 ) ) ;
#3045 = EDGE_CURVE ( 'NONE', #5722, #9052, #5042, .T. ) ;
#3046 = ORIENTED_EDGE ( 'NONE', *, *, #6327, .F. ) ;
#3047 = FACE_OUTER_BOUND ( 'NONE', #7732, .T. ) ;
#3048 = AXIS2_PLACEMENT_3D ( 'NONE', #7810, #688, #3456 ) ;
#3049 = DIRECTION ( 'NONE',  ( 0.000000000000000000, 0.000000000000000000, 1.000000000000000000 ) ) ;
#3050 = EDGE_CURVE ( 'NONE', #244, #925, #3996, .T. ) ;
#3051 = PRESENTATION_STYLE_ASSIGNMENT (( #6514 ) ) ;
#3052 = CARTESIAN_POINT ( 'NONE',  ( 6.002463997635220316, -0.6699999999999434186, -0.1661906727832152819 ) ) ;
#3053 = CARTESIAN_POINT ( 'NONE',  ( -3.809999999999999609, 7.489960314960472765, -2.117582368135750848E-17 ) ) ;
#3054 = CARTESIAN_POINT ( 'NONE',  ( 2.153476936737999115, 2.799999999999999822, 1.270000000000000018 ) ) ;
#3055 = CARTESIAN_POINT ( 'NONE',  ( -8.890000000000000568, -2.609999999999999876, -0.2349999999999989875 ) ) ;
#3056 =( NAMED_UNIT ( * ) SI_UNIT ( $, .STERADIAN. ) SOLID_ANGLE_UNIT ( ) );
#3057 = VECTOR ( 'NONE', #3688, 1000.000000000000000 ) ;
#3058 = CARTESIAN_POINT ( 'NONE',  ( -1.270000000000000018, 0.000000000000000000, -0.6650000000000000355 ) ) ;
#3059 = EDGE_LOOP ( 'NONE', ( #7806, #2888, #8969, #8566 ) ) ;
#3060 = DIRECTION ( 'NONE',  ( -1.000000000000000000, -0.000000000000000000, -0.000000000000000000 ) ) ;
#3061 = AXIS2_PLACEMENT_3D ( 'NONE', #4838, #1284, #2620 ) ;
#3062 = DIRECTION ( 'NONE',  ( -0.000000000000000000, 6.123031769111889989E-17, -1.000000000000000000 ) ) ;
#3063 = CARTESIAN_POINT ( 'NONE',  ( 1.270000000000000018, 0.000000000000000000, 0.000000000000000000 ) ) ;
#3064 = ORIENTED_EDGE ( 'NONE', *, *, #2610, .F. ) ;
#3065 = CARTESIAN_POINT ( 'NONE',  ( 3.975919413155255100, -0.6699999999999820544, 0.3485131856847151210 ) ) ;
#3066 = EDGE_LOOP ( 'NONE', ( #132, #8631, #2643, #6606 ) ) ;
#3067 = FACE_OUTER_BOUND ( 'NONE', #8403, .T. ) ;
#3068 = EDGE_LOOP ( 'NONE', ( #8300, #648, #5675, #1884 ) ) ;
#3069 = CARTESIAN_POINT ( 'NONE',  ( 8.890000000000000568, 7.174999999999999822, -0.3200000000000007838 ) ) ;
#3070 = VECTOR ( 'NONE', #5298, 1000.000000000000114 ) ;
#3071 = CARTESIAN_POINT ( 'NONE',  ( -9.973476936738002507, 2.799999999999999822, -1.270000000000000018 ) ) ;
#3072 = CARTESIAN_POINT ( 'NONE',  ( -3.410000000000000142, -0.6699999999999990408, 0.000000000000000000 ) ) ;
#3073 = CARTESIAN_POINT ( 'NONE',  ( 8.990000000000000213, 7.776250346772100076E-17, -1.270000000000000018 ) ) ;
#3074 = CARTESIAN_POINT ( 'NONE',  ( -1.365632467122765759, -0.6699999999999621814, -0.3737368732954315931 ) ) ;
#3075 = VERTEX_POINT ( 'NONE', #886 ) ;
#3076 = CARTESIAN_POINT ( 'NONE',  ( -0.3299999999999993494, 3.329999999999999183, 0.4700000000000004730 ) ) ;
#3077 = CARTESIAN_POINT ( 'NONE',  ( -6.349999999999999645, 0.000000000000000000, 0.000000000000000000 ) ) ;
#3078 = EDGE_CURVE ( 'NONE', #1887, #3638, #1197, .T. ) ;
#3079 = VERTEX_POINT ( 'NONE', #796 ) ;
#3080 = EDGE_CURVE ( 'NONE', #78, #6172, #6350, .T. ) ;
#3081 = COLOUR_RGB ( '',0.000000000000000000, 0.000000000000000000, 0.000000000000000000 ) ;
#3082 = CARTESIAN_POINT ( 'NONE',  ( -9.830000000000001847, 3.329999999999999183, 0.4700000000000004730 ) ) ;
#3083 =( NAMED_UNIT ( * ) PLANE_ANGLE_UNIT ( ) SI_UNIT ( $, .RADIAN. ) );
#3084 =( BOUNDED_SURFACE ( )  B_SPLINE_SURFACE ( 3, 3, ( 
 ( #4648, #6165, #8817, #8997 ),
 ( #5396, #7549, #8953, #3214 ),
 ( #1277, #1972, #8219, #1929 ),
 ( #4097, #2701, #3314, #5525 ) ),
 .UNSPECIFIED., .F., .F., .T. ) 
 B_SPLINE_SURFACE_WITH_KNOTS ( ( 4, 4 ),
 ( 4, 4 ),
 ( 0.000000000000000000, 1.000000000000000000 ),
 ( 0.000000000000000000, 1.000000000000000000 ),
 .UNSPECIFIED. ) 
 GEOMETRIC_REPRESENTATION_ITEM ( )  RATIONAL_B_SPLINE_SURFACE ( (
 ( 1.000000000000000000, 0.3333333333333334259, 0.3333333333333334259, 1.000000000000000000),
 ( 0.8047378541243649375, 0.2682459513747884050, 0.2682459513747884050, 0.8047378541243649375),
 ( 0.8047378541243649375, 0.2682459513747884050, 0.2682459513747884050, 0.8047378541243649375),
 ( 1.000000000000000000, 0.3333333333333334259, 0.3333333333333334259, 1.000000000000000000) ) ) 
 REPRESENTATION_ITEM ( '' )  SURFACE ( )  );
#3085 = CARTESIAN_POINT ( 'NONE',  ( 3.045735931288071185, 3.329999999999999627, 0.3821320343559643784 ) ) ;
#3086 = CARTESIAN_POINT ( 'NONE',  ( -8.890000000000000568, -0.2100000000000000200, 0.000000000000000000 ) ) ;
#3087 = EDGE_CURVE ( 'NONE', #4060, #2835, #2663, .T. ) ;
#3088 = VERTEX_POINT ( 'NONE', #7829 ) ;
#3089 = AXIS2_PLACEMENT_3D ( 'NONE', #3610, #7911, #2897 ) ;
#3090 = CARTESIAN_POINT ( 'NONE',  ( 6.163147460273516565, 3.330000000000004068, -0.4315005850825661682 ) ) ;
#3091 = FACE_OUTER_BOUND ( 'NONE', #6487, .T. ) ;
#3092 = VERTEX_POINT ( 'NONE', #3042 ) ;
#3093 =( LENGTH_UNIT ( ) NAMED_UNIT ( * ) SI_UNIT ( .MILLI., .METRE. ) );
#3094 = VECTOR ( 'NONE', #2321, 1000.000000000000000 ) ;
#3095 = LINE ( 'NONE', #5321, #7946 ) ;
#3096 = CARTESIAN_POINT ( 'NONE',  ( 8.890000000000000568, 1.967086183247610087, 0.9150000000000000355 ) ) ;
#3097 = CARTESIAN_POINT ( 'NONE',  ( 6.059068030025105855, -0.6699999999999477485, -0.2535924761677358363 ) ) ;
#3098 = FACE_BOUND ( 'NONE', #1797, .T. ) ;
#3099 = CARTESIAN_POINT ( 'NONE',  ( -8.890000000000000568, 0.000000000000000000, 0.6650000000000000355 ) ) ;
#3100 = CARTESIAN_POINT ( 'NONE',  ( -6.636649751578949541, 3.330000000000002292, 0.3779260477497276005 ) ) ;
#3101 = AXIS2_PLACEMENT_3D ( 'NONE', #1624, #6463, #7103 ) ;
#3102 = CARTESIAN_POINT ( 'NONE',  ( -8.464542344748549496, 3.330000000000000515, 0.2025509719038466883 ) ) ;
#3103 = EDGE_CURVE ( 'NONE', #5089, #3558, #5137, .T. ) ;
#3104 = DIRECTION ( 'NONE',  ( -0.000000000000000000, -1.000000000000000000, -6.123031769111889989E-17 ) ) ;
#3105 = FACE_OUTER_BOUND ( 'NONE', #1503, .T. ) ;
#3106 = FILL_AREA_STYLE_COLOUR ( '', #6718 ) ;
#3107 = CARTESIAN_POINT ( 'NONE',  ( -0.6757359312880740765, -0.6699999999999978195, 0.2971320343559630262 ) ) ;
#3108 = ORIENTED_EDGE ( 'NONE', *, *, #4116, .T. ) ;
#3109 = DIRECTION ( 'NONE',  ( -0.4226182617407031605, 0.000000000000000000, -0.9063077870366482713 ) ) ;
#3110 = ORIENTED_EDGE ( 'NONE', *, *, #8409, .F. ) ;
#3111 = CARTESIAN_POINT ( 'NONE',  ( 0.6300000000000004485, 3.392132034355963555, 0.3199999999999998956 ) ) ;
#3112 = ORIENTED_EDGE ( 'NONE', *, *, #1973, .T. ) ;
#3113 = DIRECTION ( 'NONE',  ( 0.000000000000000000, 1.000000000000000000, 6.123031769111889989E-17 ) ) ;
#3114 = FACE_OUTER_BOUND ( 'NONE', #8226, .T. ) ;
#3115 = CARTESIAN_POINT ( 'NONE',  ( 7.913261531631000878, -6.551643992949719860E-17, 1.070000000000000062 ) ) ;
#3116 = EDGE_CURVE ( 'NONE', #7626, #4114, #2951, .T. ) ;
#3117 = PRESENTATION_LAYER_ASSIGNMENT (  '', '', ( #4749 ) ) ;
#3118 = FACE_OUTER_BOUND ( 'NONE', #6148, .T. ) ;
#3119 = AXIS2_PLACEMENT_3D ( 'NONE', #2449, #515, #5316 ) ;
#3120 = CARTESIAN_POINT ( 'NONE',  ( -1.270000000000000018, 5.327499999999999680, -0.3200000000000000067 ) ) ;
#3121 = FACE_OUTER_BOUND ( 'NONE', #1946, .T. ) ;
#3122 = DIRECTION ( 'NONE',  ( 0.000000000000000000, 1.000000000000000000, 4.075948017064260386E-17 ) ) ;
#3123 = AXIS2_PLACEMENT_3D ( 'NONE', #8056, #1164, #3337 ) ;
#3124 = CARTESIAN_POINT ( 'NONE',  ( 6.349999999999999645, -0.8199999999999999512, 0.2349999999999980438 ) ) ;
#3125 = STYLED_ITEM ( 'NONE', ( #7720 ), #8131 ) ;
#3126 = ORIENTED_EDGE ( 'NONE', *, *, #7862, .F. ) ;
#3127 = CARTESIAN_POINT ( 'NONE',  ( 6.349999999999999645, -0.4200000000196268957, 0.6649999999671311057 ) ) ;
#3128 = VERTEX_POINT ( 'NONE', #4337 ) ;
#3129 = CARTESIAN_POINT ( 'NONE',  ( -0.8850000000000007860, -0.6699999999999979305, 2.710505431213761085E-17 ) ) ;
#3130 = AXIS2_PLACEMENT_3D ( 'NONE', #7134, #145, #5173 ) ;
#3131 = ORIENTED_EDGE ( 'NONE', *, *, #7747, .F. ) ;
#3132 = CARTESIAN_POINT ( 'NONE',  ( -0.8939222321815047945, 3.330000000000000515, 0.2837140651352009213 ) ) ;
#3133 = UNCERTAINTY_MEASURE_WITH_UNIT (LENGTH_MEASURE( 1.000000000000000082E-05 ), #1857, 'distance_accuracy_value', 'NONE');
#3134 = DIRECTION ( 'NONE',  ( 0.000000000000000000, 0.000000000000000000, 1.000000000000000000 ) ) ;
#3135 = DIRECTION ( 'NONE',  ( 0.000000000000000000, 0.000000000000000000, 1.000000000000000000 ) ) ;
#3136 = EDGE_CURVE ( 'NONE', #1532, #260, #3534, .T. ) ;
#3137 = CARTESIAN_POINT ( 'NONE',  ( 0.8026996513508881659, 3.330000000000004068, -0.05898017951231276923 ) ) ;
#3138 = ORIENTED_EDGE ( 'NONE', *, *, #3344, .F. ) ;
#3139 = CARTESIAN_POINT ( 'NONE',  ( 6.233344125345979592, 3.330000000000003624, 0.4555627194059622131 ) ) ;
#3140 = CIRCLE ( 'NONE', #7695, 0.2349999999999989875 ) ;
#3141 = CARTESIAN_POINT ( 'NONE',  ( -3.045735931288071185, 3.329999999999999627, 0.3821320343559643784 ) ) ;
#3142 =( NAMED_UNIT ( * ) PLANE_ANGLE_UNIT ( ) SI_UNIT ( $, .RADIAN. ) );
#3143 = ORIENTED_EDGE ( 'NONE', *, *, #6441, .F. ) ;
#3144 =( NAMED_UNIT ( * ) PLANE_ANGLE_UNIT ( ) SI_UNIT ( $, .RADIAN. ) );
#3145 = AXIS2_PLACEMENT_3D ( 'NONE', #5615, #2889, #6361 ) ;
#3146 = DIRECTION ( 'NONE',  ( 0.000000000000000000, 0.000000000000000000, 1.000000000000000000 ) ) ;
#3147 = CARTESIAN_POINT ( 'NONE',  ( 9.275000000000000355, -0.6699999999999979305, 2.710505431213761085E-17 ) ) ;
#3148 = B_SPLINE_CURVE_WITH_KNOTS ( 'NONE', 3,
 ( #695, #2641, #8404, #8896, #1469, #2597, #4289, #788, #5465, #1908, #1957, #3605, #7730, #6415, #4723, #7532, #4946 ),
 .UNSPECIFIED., .F., .F.,
 ( 4, 2, 2, 2, 2, 1, 2, 2, 4 ),
 ( 0.000000000000000000, 0.1249999999999989453, 0.2499999999999978906, 0.3749999999999968914, 0.4999999999999958922, 0.6249999999999948930, 0.6874999999999944489, 0.7499999999999938938, 1.000000000000000000 ),
 .UNSPECIFIED. ) ;
#3149 = CARTESIAN_POINT ( 'NONE',  ( 5.280000000000000249, 2.799999999999999822, -0.8699999999999998845 ) ) ;
#3150 = CARTESIAN_POINT ( 'NONE',  ( 3.810000000000000053, -0.6699999999999866063, 0.3850000000000000089 ) ) ;
#3151 = CARTESIAN_POINT ( 'NONE',  ( 3.537464400068435211, 3.330000000000003624, -0.3854018575818947689 ) ) ;
#3152 = CARTESIAN_POINT ( 'NONE',  ( 1.270000000000000018, 3.330000000000000071, 0.000000000000000000 ) ) ;
#3153 = AXIS2_PLACEMENT_3D ( 'NONE', #2489, #4617, #425 ) ;
#3154 = CARTESIAN_POINT ( 'NONE',  ( -8.686737457845811861, 3.330000000000002736, 0.4240138818363742290 ) ) ;
#3155 = EDGE_CURVE ( 'NONE', #8181, #2191, #5165, .T. ) ;
#3156 = CARTESIAN_POINT ( 'NONE',  ( -5.709999999999999076, 7.361853603950959446, 0.3200000000000007838 ) ) ;
#3157 = EDGE_CURVE ( 'NONE', #7195, #8922, #8461, .T. ) ;
#3158 = VERTEX_POINT ( 'NONE', #3752 ) ;
#3159 = CARTESIAN_POINT ( 'NONE',  ( 5.373261531630999954, -5.327037639127341492E-17, 1.070000000000000062 ) ) ;
#3160 = FILL_AREA_STYLE ('',( #3106 ) ) ;
#3161 = ADVANCED_FACE ( 'NONE', ( #6557 ), #4954, .T. ) ;
#3162 = DIRECTION ( 'NONE',  ( 0.000000000000000000, 0.7071067811865474617, 0.7071067811865474617 ) ) ;
#3163 = CARTESIAN_POINT ( 'NONE',  ( 4.042404074632012900, -0.6699999999999866063, 0.3080637034257987517 ) ) ;
#3164 = ORIENTED_EDGE ( 'NONE', *, *, #2035, .F. ) ;
#3165 = ORIENTED_EDGE ( 'NONE', *, *, #2419, .F. ) ;
#3166 = SURFACE_SIDE_STYLE ('',( #8075 ) ) ;
#3167 = VECTOR ( 'NONE', #6921, 1000.000000000000000 ) ;
#3168 = CARTESIAN_POINT ( 'NONE',  ( -4.450000000000000178, 3.392132034355963555, -0.3199999999999998956 ) ) ;
#3169 = LINE ( 'NONE', #8677, #4379 ) ;
#3170 = EDGE_CURVE ( 'NONE', #439, #7096, #1180, .T. ) ;
#3171 = EDGE_CURVE ( 'NONE', #7933, #7195, #4665, .T. ) ;
#3172 = VECTOR ( 'NONE', #9046, 1000.000000000000000 ) ;
#3173 = ADVANCED_FACE ( 'NONE', ( #3930 ), #3835, .T. ) ;
#3174 = CARTESIAN_POINT ( 'NONE',  ( 6.349999999999999645, -0.6699999999999979305, 0.3850000000000007860 ) ) ;
#3175 = ORIENTED_EDGE ( 'NONE', *, *, #3495, .F. ) ;
#3176 = CARTESIAN_POINT ( 'NONE',  ( -1.270000000000000018, 3.392132034355963555, 0.3199999999999999512 ) ) ;
#3177 = ORIENTED_EDGE ( 'NONE', *, *, #2880, .T. ) ;
#3178 = VERTEX_POINT ( 'NONE', #4483 ) ;
#3179 = CARTESIAN_POINT ( 'NONE',  ( -2.339999999999999858, 2.799999999999999822, -0.8699999999999998845 ) ) ;
#3180 = STYLED_ITEM ( 'NONE', ( #4931 ), #3727 ) ;
#3181 = CARTESIAN_POINT ( 'NONE',  ( 7.420000000000000817, 2.799999999999999822, -0.8699999999999999956 ) ) ;
#3182 = DIRECTION ( 'NONE',  ( 0.000000000000000000, -1.000000000000000000, -6.123031769111889989E-17 ) ) ;
#3183 = CARTESIAN_POINT ( 'NONE',  ( 0.9604527431384307645, 3.330000000000003624, -0.3551854049471199204 ) ) ;
#3184 = CARTESIAN_POINT ( 'NONE',  ( 6.204989869699861771, 3.330000000000003624, 0.4473128447807977470 ) ) ;
#3185 = CARTESIAN_POINT ( 'NONE',  ( -1.270000000000000018, 7.174999999999999822, 0.000000000000000000 ) ) ;
#3186 = FILL_AREA_STYLE ('',( #8835 ) ) ;
#3187 = VERTEX_POINT ( 'NONE', #3975 ) ;
#3188 = DIRECTION ( 'NONE',  ( 0.000000000000000000, 0.000000000000000000, 1.000000000000000000 ) ) ;
#3189 = SURFACE_STYLE_USAGE ( .BOTH. , #5959 ) ;
#3190 = DIRECTION ( 'NONE',  ( 0.000000000000000000, 0.000000000000000000, 1.000000000000000000 ) ) ;
#3191 = CARTESIAN_POINT ( 'NONE',  ( -0.6299999999999986722, 7.175000000000000711, -0.3200000000000007838 ) ) ;
#3192 = CARTESIAN_POINT ( 'NONE',  ( -8.535122980192259234, 3.330000000000000959, -0.3100151936036651401 ) ) ;
#3193 = CARTESIAN_POINT ( 'NONE',  ( 3.810000000000000053, 3.330000000000000515, -0.4700000000000001954 ) ) ;
#3194 = CARTESIAN_POINT ( 'NONE',  ( -8.890000000000002345, 7.492926245181917189, 0.1868300633393450705 ) ) ;
#3195 = DIRECTION ( 'NONE',  ( 0.000000000000000000, 0.000000000000000000, 1.000000000000000000 ) ) ;
#3196 = CARTESIAN_POINT ( 'NONE',  ( 5.585735931288071221, 3.329999999999999183, -0.3821320343559646004 ) ) ;
#3197 = EDGE_LOOP ( 'NONE', ( #6191, #8074, #6206 ) ) ;
#3198 = CARTESIAN_POINT ( 'NONE',  ( -8.890000000000000568, -0.6699999999999866063, -0.3849999999999998979 ) ) ;
#3199 = CARTESIAN_POINT ( 'NONE',  ( 3.713625843584613673, -0.6699999999999622924, 0.3759894986363452318 ) ) ;
#3200 = CARTESIAN_POINT ( 'NONE',  ( -9.359999999999997655, -0.8199999999999998401, -0.2349999999999980715 ) ) ;
#3201 = CARTESIAN_POINT ( 'NONE',  ( 3.810000000000000053, 7.174999999999999822, 0.3200000000000007838 ) ) ;
#3202 = PRESENTATION_LAYER_ASSIGNMENT (  '', '', ( #3364 ) ) ;
#3203 = ORIENTED_EDGE ( 'NONE', *, *, #2801, .T. ) ;
#3204 = EDGE_CURVE ( 'NONE', #4013, #4800, #6478, .T. ) ;
#3205 = CARTESIAN_POINT ( 'NONE',  ( -1.270000000000000018, -0.6700000000137151801, 0.4149999999986176413 ) ) ;
#3206 = ORIENTED_EDGE ( 'NONE', *, *, #6239, .T. ) ;
#3207 = ORIENTED_EDGE ( 'NONE', *, *, #4618, .T. ) ;
#3208 = CARTESIAN_POINT ( 'NONE',  ( -3.810000000000000053, -2.609999999999999876, 0.000000000000000000 ) ) ;
#3209 = SURFACE_SIDE_STYLE ('',( #6762 ) ) ;
#3210 = CARTESIAN_POINT ( 'NONE',  ( -3.810000000000000053, 3.329999999999999183, 0.4700000000000004730 ) ) ;
#3211 =( GEOMETRIC_REPRESENTATION_CONTEXT ( 3 ) GLOBAL_UNCERTAINTY_ASSIGNED_CONTEXT ( ( #5987 ) ) GLOBAL_UNIT_ASSIGNED_CONTEXT ( ( #6218, #4019, #4753 ) ) REPRESENTATION_CONTEXT ( 'NONE', 'WORKASPACE' ) );
#3212 = CARTESIAN_POINT ( 'NONE',  ( -6.349999999999999645, 2.799999999999999822, 0.000000000000000000 ) ) ;
#3213 = UNCERTAINTY_MEASURE_WITH_UNIT (LENGTH_MEASURE( 1.000000000000000082E-05 ), #7936, 'distance_accuracy_value', 'NONE');
#3214 = CARTESIAN_POINT ( 'NONE',  ( -3.810000000000000053, -0.7321320343559629684, 0.2349999999999980715 ) ) ;
#3215 = DIRECTION ( 'NONE',  ( 0.000000000000000000, 1.000000000000000000, 0.000000000000000000 ) ) ;
#3216 = CARTESIAN_POINT ( 'NONE',  ( -3.340000000000003411, -0.8199999999999998401, -0.2349999999999980715 ) ) ;
#3217 = CARTESIAN_POINT ( 'NONE',  ( -6.349999999999999645, -0.4200000000000000400, 0.000000000000000000 ) ) ;
#3218 = VERTEX_POINT ( 'NONE', #426 ) ;
#3219 = DIRECTION ( 'NONE',  ( 1.000000000000000000, 0.000000000000000000, 0.000000000000000000 ) ) ;
#3220 = VERTEX_POINT ( 'NONE', #3278 ) ;
#3221 = CIRCLE ( 'NONE', #4706, 0.9150000000000000355 ) ;
#3222 = CARTESIAN_POINT ( 'NONE',  ( 10.15999999999999837, 2.800000000000000266, 0.8699999999999996625 ) ) ;
#3223 = CARTESIAN_POINT ( 'NONE',  ( -8.553358834856876314, -0.6699999999999943778, -0.1888975254402602277 ) ) ;
#3224 = CARTESIAN_POINT ( 'NONE',  ( 3.169999999999998153, 7.361853603950959446, -0.3200000000000007838 ) ) ;
#3225 = DIRECTION ( 'NONE',  ( 0.000000000000000000, 0.000000000000000000, 1.000000000000000000 ) ) ;
#3226 = DIRECTION ( 'NONE',  ( 0.000000000000000000, 1.000000000000000000, 0.000000000000000000 ) ) ;
#3227 = DIRECTION ( 'NONE',  ( 0.000000000000000000, 0.000000000000000000, 1.000000000000000000 ) ) ;
#3228 = DIRECTION ( 'NONE',  ( 0.000000000000000000, 6.123031769111889989E-17, -1.000000000000000000 ) ) ;
#3229 = ORIENTED_EDGE ( 'NONE', *, *, #3344, .T. ) ;
#3230 = CARTESIAN_POINT ( 'NONE',  ( 2.339999999999999414, 2.799999999999999822, -0.8700000000000001066 ) ) ;
#3231 = EDGE_CURVE ( 'NONE', #2161, #4889, #8745, .T. ) ;
#3232 = CARTESIAN_POINT ( 'NONE',  ( -1.270000000000000018, -0.2100000000000000200, 0.6650000000000000355 ) ) ;
#3233 = VECTOR ( 'NONE', #6086, 1000.000000000000000 ) ;
#3234 = CARTESIAN_POINT ( 'NONE',  ( -3.810000000000000053, 7.174999999999999822, 0.000000000000000000 ) ) ;
#3235 = CARTESIAN_POINT ( 'NONE',  ( -6.349999999999999645, 7.174999999999999822, -0.3200000000000000067 ) ) ;
#3236 = CARTESIAN_POINT ( 'NONE',  ( -0.6299999999999983391, 7.361853603950959446, 0.3200000000000003952 ) ) ;
#3237 = DIRECTION ( 'NONE',  ( 0.000000000000000000, 1.000000000000000000, 0.000000000000000000 ) ) ;
#3238 = CARTESIAN_POINT ( 'NONE',  ( 3.750055762600110754, 3.330000000000002736, -0.4699999999999999734 ) ) ;
#3239 = DIRECTION ( 'NONE',  ( 2.345257230884581992E-17, 1.000000000000000000, 1.093611407104877670E-17 ) ) ;
#3240 = CARTESIAN_POINT ( 'NONE',  ( 6.349999999999999645, 3.329999999999999627, 0.3821320343559646004 ) ) ;
#3241 = VECTOR ( 'NONE', #3215, 1000.000000000000000 ) ;
#3242 = ORIENTED_EDGE ( 'NONE', *, *, #8699, .T. ) ;
#3243 = CARTESIAN_POINT ( 'NONE',  ( -6.819999999999994955, -4.537064994640259030, -0.2349999999999976275 ) ) ;
#3244 = DIRECTION ( 'NONE',  ( 0.000000000000000000, 1.000000000000000000, 0.000000000000000000 ) ) ;
#3245 = CARTESIAN_POINT ( 'NONE',  ( 4.450000000000000178, 3.392132034355963555, 0.3199999999999998956 ) ) ;
#3246 = EDGE_CURVE ( 'NONE', #1433, #147, #2072, .T. ) ;
#3247 = CARTESIAN_POINT ( 'NONE',  ( -3.519476394523402440, -0.6699999999999908251, -0.2537750882668795560 ) ) ;
#3248 = CIRCLE ( 'NONE', #7053, 0.6650000000000000355 ) ;
#3249 = EDGE_LOOP ( 'NONE', ( #6248, #5766, #7377 ) ) ;
#3250 = EDGE_CURVE ( 'NONE', #3355, #756, #1070, .T. ) ;
#3251 = CARTESIAN_POINT ( 'NONE',  ( 4.158513185684726388, -0.6699999999999952660, -0.1659194131552425844 ) ) ;
#3252 = ORIENTED_EDGE ( 'NONE', *, *, #6955, .T. ) ;
#3253 = CARTESIAN_POINT ( 'NONE',  ( -3.810000000000000053, 3.330000000000000515, 0.4700000000000000844 ) ) ;
#3254 = ORIENTED_EDGE ( 'NONE', *, *, #4103, .T. ) ;
#3255 = DIRECTION ( 'NONE',  ( 0.000000000000000000, 0.000000000000000000, 1.000000000000000000 ) ) ;
#3256 = CARTESIAN_POINT ( 'NONE',  ( 3.810000000000000053, 3.330000000000000515, -0.4700000000000001954 ) ) ;
#3257 = CIRCLE ( 'NONE', #5783, 0.3150000000000000022 ) ;
#3258 = ADVANCED_FACE ( 'NONE', ( #7956, #1118 ), #7290, .T. ) ;
#3259 = CARTESIAN_POINT ( 'NONE',  ( 8.420000000000003482, -0.8199999999999998401, 0.2349999999999980715 ) ) ;
#3260 = CARTESIAN_POINT ( 'NONE',  ( 9.033458055084333083, 3.330000000000001403, -0.4485433477472196007 ) ) ;
#3261 = DIRECTION ( 'NONE',  ( 0.000000000000000000, 0.000000000000000000, 1.000000000000000000 ) ) ;
#3262 = CARTESIAN_POINT ( 'NONE',  ( -1.269999999999999796, 3.330000000000000071, -0.9150000000000000355 ) ) ;
#3263 = ORIENTED_EDGE ( 'NONE', *, *, #8730, .F. ) ;
#3264 = DIRECTION ( 'NONE',  ( 0.000000000000000000, 0.000000000000000000, -1.000000000000000000 ) ) ;
#3265 = VERTEX_POINT ( 'NONE', #2401 ) ;
#3266 = VERTEX_POINT ( 'NONE', #5228 ) ;
#3267 = AXIS2_PLACEMENT_3D ( 'NONE', #5871, #299, #168 ) ;
#3268 = AXIS2_PLACEMENT_3D ( 'NONE', #1431, #8504, #6426 ) ;
#3269 = ADVANCED_FACE ( 'NONE', ( #4072 ), #6177, .T. ) ;
#3270 = CARTESIAN_POINT ( 'NONE',  ( 6.349999999999999645, -4.400000000000000355, -0.004999999999994560011 ) ) ;
#3271 = CARTESIAN_POINT ( 'NONE',  ( 1.270000000000000018, -0.8199999999999999512, 0.2349999999999980438 ) ) ;
#3272 = PRESENTATION_LAYER_ASSIGNMENT (  '', '', ( #1496 ) ) ;
#3273 = AXIS2_PLACEMENT_3D ( 'NONE', #3185, #9005, #4573 ) ;
#3274 = CARTESIAN_POINT ( 'NONE',  ( 3.810000000000000053, 7.492926245181917189, 0.1868300633393450705 ) ) ;
#3275 = CARTESIAN_POINT ( 'NONE',  ( 1.036959502035788461, 3.330000000000003180, 0.4133090432414024962 ) ) ;
#3276 = EDGE_CURVE ( 'NONE', #6866, #3299, #1331, .T. ) ;
#3277 = EDGE_CURVE ( 'NONE', #3335, #78, #5305, .T. ) ;
#3278 = CARTESIAN_POINT ( 'NONE',  ( -1.270000000000000018, 7.174999999999999822, -0.3200000000000000067 ) ) ;
#3279 = CARTESIAN_POINT ( 'NONE',  ( 1.386352726816782566, 3.330000000000002292, -0.4562502089580591225 ) ) ;
#3280 = B_SPLINE_CURVE_WITH_KNOTS ( 'NONE', 3,
 ( #8038, #3031, #3873, #3919, #7321, #6634, #1749, #8681, #5984, #6726, #1657, #6027, #2392, #320, #8821, #7278, #8776 ),
 .UNSPECIFIED., .F., .F.,
 ( 4, 2, 2, 2, 2, 1, 2, 2, 4 ),
 ( 0.000000000000000000, 0.1249999999999983624, 0.2499999999999967248, 0.3749999999999951150, 0.4999999999999934497, 0.6249999999999917843, 0.6874999999999945599, 0.7499999999999972244, 1.000000000000000000 ),
 .UNSPECIFIED. ) ;
#3281 = FACE_OUTER_BOUND ( 'NONE', #2421, .T. ) ;
#3282 = MECHANICAL_DESIGN_GEOMETRIC_PRESENTATION_REPRESENTATION (  '', ( #2980 ), #7097 ) ;
#3283 = AXIS2_PLACEMENT_3D ( 'NONE', #2021, #5229, #4145 ) ;
#3284 = ORIENTED_EDGE ( 'NONE', *, *, #6955, .F. ) ;
#3285 = LINE ( 'NONE', #6090, #927 ) ;
#3286 = VECTOR ( 'NONE', #1660, 1000.000000000000000 ) ;
#3287 = CARTESIAN_POINT ( 'NONE',  ( -3.607449028096167520, 3.330000000000002292, -0.4254576552514628407 ) ) ;
#3288 = DIRECTION ( 'NONE',  ( 0.000000000000000000, 0.000000000000000000, 1.000000000000000000 ) ) ;
#3289 = CARTESIAN_POINT ( 'NONE',  ( 9.180697133246757957, -0.6699999999999908251, 0.2539486160370660883 ) ) ;
#3290 = EDGE_CURVE ( 'NONE', #215, #6990, #742, .T. ) ;
#3291 = EDGE_CURVE ( 'NONE', #2007, #6026, #8881, .T. ) ;
#3292 = VECTOR ( 'NONE', #8709, 1000.000000000000000 ) ;
#3293 = CARTESIAN_POINT ( 'NONE',  ( -6.349999999999999645, -4.629945645751342376, 1.355252715606880543E-17 ) ) ;
#3294 = DIRECTION ( 'NONE',  ( -1.000000000000000000, 3.492836481966780137E-15, 0.000000000000000000 ) ) ;
#3295 = ADVANCED_FACE ( 'NONE', ( #7003 ), #8967, .T. ) ;
#3296 = CARTESIAN_POINT ( 'NONE',  ( 6.349999999999999645, 3.392132034355963555, -0.3199999999999999512 ) ) ;
#3297 = LINE ( 'NONE', #7579, #5055 ) ;
#3298 = CARTESIAN_POINT ( 'NONE',  ( -0.8000000000000021538, 3.330000000000001403, -0.06049384742074562227 ) ) ;
#3299 = VERTEX_POINT ( 'NONE', #514 ) ;
#3300 = CARTESIAN_POINT ( 'NONE',  ( -9.079498767382835567, -0.6699999999999552980, 0.3354508356856350515 ) ) ;
#3301 = CARTESIAN_POINT ( 'NONE',  ( 1.270000000000000240, 1.967086183247610087, -0.9150000000000000355 ) ) ;
#3302 = CARTESIAN_POINT ( 'NONE',  ( 3.810000000000000053, 3.479999999999999982, 0.3199999999999999512 ) ) ;
#3303 = AXIS2_PLACEMENT_3D ( 'NONE', #3611, #6460, #149 ) ;
#3304 = CARTESIAN_POINT ( 'NONE',  ( 3.810000000000000053, -0.6699999999999866063, -0.3849999999999998979 ) ) ;
#3305 = VERTEX_POINT ( 'NONE', #1895 ) ;
#3306 = CARTESIAN_POINT ( 'NONE',  ( -4.277300348649130335, 3.330000000000004512, -0.05898017951202964154 ) ) ;
#3307 = EDGE_CURVE ( 'NONE', #8692, #4865, #6913, .T. ) ;
#3308 = EDGE_LOOP ( 'NONE', ( #9017, #8275, #6198, #262 ) ) ;
#3309 = CARTESIAN_POINT ( 'NONE',  ( 6.349999999999999645, -0.6699999999568717612, -1.018987004010278335E-17 ) ) ;
#3310 = CARTESIAN_POINT ( 'NONE',  ( -9.348932303851933412, 3.330000000000004512, 0.1177832789724676255 ) ) ;
#3311 = AXIS2_PLACEMENT_3D ( 'NONE', #5961, #2454, #8563 ) ;
#3312 = SURFACE_STYLE_USAGE ( .BOTH. , #1100 ) ;
#3313 = UNCERTAINTY_MEASURE_WITH_UNIT (LENGTH_MEASURE( 1.000000000000000082E-05 ), #560, 'distance_accuracy_value', 'NONE');
#3314 = CARTESIAN_POINT ( 'NONE',  ( -4.580000000000000071, -0.6699999999999979305, 0.3849999999999999534 ) ) ;
#3315 = CARTESIAN_POINT ( 'NONE',  ( -0.2000000000000012323, -6.551643992949719860E-17, 0.8699999999999998845 ) ) ;
#3316 = ORIENTED_EDGE ( 'NONE', *, *, #7046, .F. ) ;
#3317 = CARTESIAN_POINT ( 'NONE',  ( -6.990000000000001101, 7.361853603950959446, 0.3200000000000007838 ) ) ;
#3318 = CARTESIAN_POINT ( 'NONE',  ( -1.608596939881876020, -0.6699999999999443068, 0.1908403552268012893 ) ) ;
#3319 = VERTEX_POINT ( 'NONE', #4110 ) ;
#3320 = CARTESIAN_POINT ( 'NONE',  ( 9.973476936738000731, 2.799999999999999822, 1.270000000000000018 ) ) ;
#3321 = AXIS2_PLACEMENT_3D ( 'NONE', #6965, #655, #3472 ) ;
#3322 = ORIENTED_EDGE ( 'NONE', *, *, #6597, .T. ) ;
#3323 = CARTESIAN_POINT ( 'NONE',  ( -6.349999999999999645, 3.330000000000000071, -0.3821320343559643784 ) ) ;
#3324 = LINE ( 'NONE', #7640, #4694 ) ;
#3325 = VECTOR ( 'NONE', #2006, 1000.000000000000000 ) ;
#3326 = SURFACE_STYLE_USAGE ( .BOTH. , #8321 ) ;
#3327 = DIRECTION ( 'NONE',  ( 0.000000000000000000, 1.000000000000000000, 6.123031769111889989E-17 ) ) ;
#3328 = CARTESIAN_POINT ( 'NONE',  ( 1.112004482623452528, 3.330000000000003180, 0.4429233660638271508 ) ) ;
#3329 = EDGE_CURVE ( 'NONE', #260, #1532, #446, .T. ) ;
#3330 = CARTESIAN_POINT ( 'NONE',  ( 3.810000000000000053, 2.799999999999999822, 0.000000000000000000 ) ) ;
#3331 = EDGE_CURVE ( 'NONE', #8530, #2126, #2511, .T. ) ;
#3332 = CARTESIAN_POINT ( 'NONE',  ( -3.462669479772342296, -0.6699999999999950440, 0.1665022951688741315 ) ) ;
#3333 = AXIS2_PLACEMENT_3D ( 'NONE', #5881, #5251, #6622 ) ;
#3334 = EDGE_CURVE ( 'NONE', #7510, #6251, #587, .T. ) ;
#3335 = VERTEX_POINT ( 'NONE', #645 ) ;
#3336 = ADVANCED_FACE ( 'NONE', ( #5500 ), #8356, .T. ) ;
#3337 = DIRECTION ( 'NONE',  ( 0.000000000000000000, -1.000000000000000000, -6.123031769111889989E-17 ) ) ;
#3338 = DIRECTION ( 'NONE',  ( 0.000000000000000000, 0.000000000000000000, 1.000000000000000000 ) ) ;
#3339 = CARTESIAN_POINT ( 'NONE',  ( 8.431067696148067725, 3.330000000000004068, 0.1177832789719606699 ) ) ;
#3340 = CARTESIAN_POINT ( 'NONE',  ( 3.809999999999999609, -4.629945645751342376, -1.355252715606880543E-17 ) ) ;
#3341 = FACE_OUTER_BOUND ( 'NONE', #2146, .T. ) ;
#3342 = DIRECTION ( 'NONE',  ( 0.000000000000000000, 0.000000000000000000, 1.000000000000000000 ) ) ;
#3343 =( BOUNDED_SURFACE ( )  B_SPLINE_SURFACE ( 3, 3, ( 
 ( #8336, #2044, #2687, #8980 ),
 ( #4168, #8466, #6972, #6291 ),
 ( #5010, #663, #4085, #5597 ),
 ( #4819, #612, #6887, #571 ) ),
 .UNSPECIFIED., .F., .F., .F. ) 
 B_SPLINE_SURFACE_WITH_KNOTS ( ( 4, 4 ),
 ( 4, 4 ),
 ( 0.000000000000000000, 1.000000000000000000 ),
 ( 0.000000000000000000, 1.000000000000000000 ),
 .UNSPECIFIED. ) 
 GEOMETRIC_REPRESENTATION_ITEM ( )  RATIONAL_B_SPLINE_SURFACE ( (
 ( 1.000000000000000000, 0.3333333333333334259, 0.3333333333333334259, 1.000000000000000000),
 ( 0.8047378541243649375, 0.2682459513747884050, 0.2682459513747884050, 0.8047378541243649375),
 ( 0.8047378541243649375, 0.2682459513747884050, 0.2682459513747884050, 0.8047378541243649375),
 ( 1.000000000000000000, 0.3333333333333334259, 0.3333333333333334259, 1.000000000000000000) ) ) 
 REPRESENTATION_ITEM ( '' )  SURFACE ( )  );
#3344 = EDGE_CURVE ( 'NONE', #3218, #4713, #7606, .T. ) ;
#3345 = CARTESIAN_POINT ( 'NONE',  ( 7.114264068711928957, 3.329999999999999183, -0.3821320343559646004 ) ) ;
#3346 = DIRECTION ( 'NONE',  ( -0.000000000000000000, -1.000000000000000000, -0.000000000000000000 ) ) ;
#3347 = DIRECTION ( 'NONE',  ( 0.000000000000000000, 0.000000000000000000, 1.000000000000000000 ) ) ;
#3348 = EDGE_CURVE ( 'NONE', #8858, #2572, #9012, .T. ) ;
#3349 = CARTESIAN_POINT ( 'NONE',  ( -8.890000000000000568, -0.6699999999999866063, 0.3850000000000000089 ) ) ;
#3350 = CARTESIAN_POINT ( 'NONE',  ( 3.809999999999999609, -4.629945645751342376, 1.355252715606880543E-17 ) ) ;
#3351 = ORIENTED_EDGE ( 'NONE', *, *, #2591, .T. ) ;
#3352 = ORIENTED_EDGE ( 'NONE', *, *, #387, .F. ) ;
#3353 = CARTESIAN_POINT ( 'NONE',  ( -8.420000000000005258, -4.399999999999999467, -0.2349999999999975719 ) ) ;
#3354 = COLOUR_RGB ( '',0.000000000000000000, 0.000000000000000000, 0.000000000000000000 ) ;
#3355 = VERTEX_POINT ( 'NONE', #7644 ) ;
#3356 = FILL_AREA_STYLE ('',( #6855 ) ) ;
#3357 =( LENGTH_UNIT ( ) NAMED_UNIT ( * ) SI_UNIT ( .MILLI., .METRE. ) );
#3358 = VECTOR ( 'NONE', #2197, 1000.000000000000000 ) ;
#3359 = DIRECTION ( 'NONE',  ( 1.000000000000000000, 0.000000000000000000, 0.000000000000000000 ) ) ;
#3360 = LINE ( 'NONE', #6166, #1928 ) ;
#3361 = ORIENTED_EDGE ( 'NONE', *, *, #8323, .T. ) ;
#3362 = CARTESIAN_POINT ( 'NONE',  ( -3.340000000000003411, -0.8199999999999998401, 0.2349999999999980715 ) ) ;
#3363 = CARTESIAN_POINT ( 'NONE',  ( -1.270000000000000018, 5.327499999999999680, 0.000000000000000000 ) ) ;
#3364 = STYLED_ITEM ( 'NONE', ( #3865 ), #4374 ) ;
#3365 = ORIENTED_EDGE ( 'NONE', *, *, #8572, .T. ) ;
#3366 = PLANE ( 'NONE',  #1750 ) ;
#3367 = CARTESIAN_POINT ( 'NONE',  ( 2.040000000000000036, -0.6699999999999979305, 0.3850000000000002864 ) ) ;
#3368 = CARTESIAN_POINT ( 'NONE',  ( -7.820000000000000284, -6.551643992949719860E-17, 0.8700000000000002176 ) ) ;
#3369 = VECTOR ( 'NONE', #72, 1000.000000000000000 ) ;
#3370 = CARTESIAN_POINT ( 'NONE',  ( 1.210055762600123153, 3.330000000000001403, -0.4699999999999998068 ) ) ;
#3371 = EDGE_CURVE ( 'NONE', #5758, #773, #143, .T. ) ;
#3372 = CARTESIAN_POINT ( 'NONE',  ( 1.726250208958058918, 3.330000000000000071, 0.1163527268167804524 ) ) ;
#3373 = DIRECTION ( 'NONE',  ( -1.000000000000000000, 0.000000000000000000, 4.516826007693179614E-16 ) ) ;
#3374 = DIRECTION ( 'NONE',  ( -0.000000000000000000, -1.000000000000000000, -0.000000000000000000 ) ) ;
#3375 = MECHANICAL_DESIGN_GEOMETRIC_PRESENTATION_REPRESENTATION (  '', ( #7488 ), #1017 ) ;
#3376 = ORIENTED_EDGE ( 'NONE', *, *, #6127, .F. ) ;
#3377 = ADVANCED_FACE ( 'NONE', ( #53 ), #3640, .F. ) ;
#3378 = PLANE ( 'NONE',  #3690 ) ;
#3379 = CARTESIAN_POINT ( 'NONE',  ( -6.697536002364707031, -0.6699999999999435296, -0.1661906727833100672 ) ) ;
#3380 = DIRECTION ( 'NONE',  ( 0.000000000000000000, 0.000000000000000000, 1.000000000000000000 ) ) ;
#3381 = FACE_OUTER_BOUND ( 'NONE', #8874, .T. ) ;
#3382 = CARTESIAN_POINT ( 'NONE',  ( 1.270000000000000018, 7.492926245181917189, 0.1868300633393450705 ) ) ;
#3383 = CARTESIAN_POINT ( 'NONE',  ( -8.890000000000000568, 5.327499999999999680, -0.3200000000000000067 ) ) ;
#3384 = ORIENTED_EDGE ( 'NONE', *, *, #946, .T. ) ;
#3385 = VECTOR ( 'NONE', #5353, 1000.000000000000114 ) ;
#3386 = CARTESIAN_POINT ( 'NONE',  ( 2.153476936737999115, 6.551643992949721092E-17, -1.269999999999999796 ) ) ;
#3387 = DIRECTION ( 'NONE',  ( 0.000000000000000000, 1.000000000000000000, 0.000000000000000000 ) ) ;
#3388 = LINE ( 'NONE', #7444, #5398 ) ;
#3389 =( BOUNDED_SURFACE ( )  B_SPLINE_SURFACE ( 3, 3, ( 
 ( #2069, #4106, #1371, #3410 ),
 ( #3323, #8227, #4750, #8276 ),
 ( #4837, #1981, #7639, #8107 ),
 ( #2506, #1820, #7345, #349 ) ),
 .UNSPECIFIED., .F., .F., .T. ) 
 B_SPLINE_SURFACE_WITH_KNOTS ( ( 4, 4 ),
 ( 4, 4 ),
 ( 0.000000000000000000, 1.000000000000000000 ),
 ( 0.000000000000000000, 1.000000000000000000 ),
 .UNSPECIFIED. ) 
 GEOMETRIC_REPRESENTATION_ITEM ( )  RATIONAL_B_SPLINE_SURFACE ( (
 ( 1.000000000000000000, 0.3333333333333334259, 0.3333333333333334259, 1.000000000000000000),
 ( 0.8047378541243658256, 0.2682459513747886826, 0.2682459513747886826, 0.8047378541243658256),
 ( 0.8047378541243658256, 0.2682459513747886826, 0.2682459513747886826, 0.8047378541243658256),
 ( 1.000000000000000000, 0.3333333333333334259, 0.3333333333333334259, 1.000000000000000000) ) ) 
 REPRESENTATION_ITEM ( '' )  SURFACE ( )  );
#3390 = DIRECTION ( 'NONE',  ( 0.000000000000000000, 6.123031769111889989E-17, -1.000000000000000000 ) ) ;
#3391 = ORIENTED_EDGE ( 'NONE', *, *, #385, .T. ) ;
#3392 = ADVANCED_FACE ( 'NONE', ( #7818 ), #7095, .F. ) ;
#3393 = CARTESIAN_POINT ( 'NONE',  ( 9.530000000000002913, 7.175000000000000711, -0.3200000000000007838 ) ) ;
#3394 = ORIENTED_EDGE ( 'NONE', *, *, #4777, .F. ) ;
#3395 = CARTESIAN_POINT ( 'NONE',  ( -4.165185404947012948, 3.330000000000004068, 0.3095472568616536857 ) ) ;
#3396 = AXIS2_PLACEMENT_3D ( 'NONE', #6825, #7001, #3327 ) ;
#3397 = ORIENTED_EDGE ( 'NONE', *, *, #2315, .F. ) ;
#3398 = DIRECTION ( 'NONE',  ( 0.000000000000000000, 0.000000000000000000, 1.000000000000000000 ) ) ;
#3399 = CARTESIAN_POINT ( 'NONE',  ( -8.990000000000000213, 7.776250346772101309E-17, -1.270000000000000018 ) ) ;
#3400 = UNCERTAINTY_MEASURE_WITH_UNIT (LENGTH_MEASURE( 1.000000000000000082E-05 ), #3574, 'distance_accuracy_value', 'NONE');
#3401 = CIRCLE ( 'NONE', #8233, 0.1500000000000009936 ) ;
#3402 = FACE_OUTER_BOUND ( 'NONE', #311, .T. ) ;
#3403 = DIRECTION ( 'NONE',  ( 2.345257230884581992E-17, 1.000000000000000000, 1.093611407104877670E-17 ) ) ;
#3404 = ORIENTED_EDGE ( 'NONE', *, *, #3556, .F. ) ;
#3405 = CARTESIAN_POINT ( 'NONE',  ( 6.553262542154187464, 3.330000000000001847, 0.4240138818363777262 ) ) ;
#3406 = CARTESIAN_POINT ( 'NONE',  ( -1.523592476167834109, -0.6699999999999507461, 0.2909319699748338373 ) ) ;
#3407 = CARTESIAN_POINT ( 'NONE',  ( 5.709999999999998188, 7.175000000000000711, 0.3200000000000007838 ) ) ;
#3408 = DIRECTION ( 'NONE',  ( 0.000000000000000000, 0.000000000000000000, 1.000000000000000000 ) ) ;
#3409 = ORIENTED_EDGE ( 'NONE', *, *, #8209, .F. ) ;
#3410 = CARTESIAN_POINT ( 'NONE',  ( -6.349999999999999645, 3.329999999999999183, 0.4700000000000004730 ) ) ;
#3411 = ORIENTED_EDGE ( 'NONE', *, *, #7774, .T. ) ;
#3412 =( LENGTH_UNIT ( ) NAMED_UNIT ( * ) SI_UNIT ( .MILLI., .METRE. ) );
#3413 =( NAMED_UNIT ( * ) PLANE_ANGLE_UNIT ( ) SI_UNIT ( $, .RADIAN. ) );
#3414 = VERTEX_POINT ( 'NONE', #2205 ) ;
#3415 = CARTESIAN_POINT ( 'NONE',  ( 4.693476936737999594, 2.799999999999999822, 1.270000000000000018 ) ) ;
#3416 = MECHANICAL_DESIGN_GEOMETRIC_PRESENTATION_REPRESENTATION (  '', ( #609 ), #8534 ) ;
#3417 = FILL_AREA_STYLE ('',( #1423 ) ) ;
#3418 = VERTEX_POINT ( 'NONE', #6363 ) ;
#3419 = PRESENTATION_LAYER_ASSIGNMENT (  '', '', ( #3576 ) ) ;
#3420 = EDGE_CURVE ( 'NONE', #2836, #6672, #7460, .T. ) ;
#3421 = CIRCLE ( 'NONE', #4758, 0.3199999999999999512 ) ;
#3422 = CARTESIAN_POINT ( 'NONE',  ( 3.810000000000000053, 3.479999999999999982, -0.3199999999999999512 ) ) ;
#3423 = CARTESIAN_POINT ( 'NONE',  ( 8.433699484184421280, 3.330000000000004512, -0.1166483506769122325 ) ) ;
#3424 = CARTESIAN_POINT ( 'NONE',  ( -6.659523379934890741, -0.6699999999999463052, 0.2348443923207527984 ) ) ;
#3425 = CARTESIAN_POINT ( 'NONE',  ( -6.349999999999999645, 1.967086183247610087, -0.9150000000000000355 ) ) ;
#3426 = CARTESIAN_POINT ( 'NONE',  ( 6.349999999999999645, 7.174999999999999822, -0.3200000000000000067 ) ) ;
#3427 = VECTOR ( 'NONE', #6325, 1000.000000000000000 ) ;
#3428 = CARTESIAN_POINT ( 'NONE',  ( 3.928162018585440229, 3.330000000000001847, 0.4590001671664473704 ) ) ;
#3429 = MECHANICAL_DESIGN_GEOMETRIC_PRESENTATION_REPRESENTATION (  '', ( #3125 ), #5635 ) ;
#3430 = COLOUR_RGB ( '',0.8117647058823529438, 0.8117647058823529438, 0.8117647058823529438 ) ;
#3431 = CARTESIAN_POINT ( 'NONE',  ( -0.9226694797723378194, -0.6699999999999950440, 0.1665022951688674424 ) ) ;
#3432 = ORIENTED_EDGE ( 'NONE', *, *, #1226, .T. ) ;
#3433 = LINE ( 'NONE', #9027, #6605 ) ;
#3434 = VECTOR ( 'NONE', #5066, 1000.000000000000000 ) ;
#3435 = CARTESIAN_POINT ( 'NONE',  ( 3.535934793891668981, -4.632925319547867460, 0.1370326030541655082 ) ) ;
#3436 = CARTESIAN_POINT ( 'NONE',  ( 7.233476936738000518, 2.799999999999999822, -1.269999999999999796 ) ) ;
#3437 = DIRECTION ( 'NONE',  ( -1.000000000000000000, 0.000000000000000000, -1.224646799147353207E-16 ) ) ;
#3438 = CARTESIAN_POINT ( 'NONE',  ( 8.890000000000002345, 7.361853603950962111, 0.3200000000000008948 ) ) ;
#3439 = ORIENTED_EDGE ( 'NONE', *, *, #9096, .T. ) ;
#3440 = FACE_OUTER_BOUND ( 'NONE', #2516, .T. ) ;
#3441 = VERTEX_POINT ( 'NONE', #2530 ) ;
#3442 = EDGE_CURVE ( 'NONE', #7962, #2213, #274, .T. ) ;
#3443 = AXIS2_PLACEMENT_3D ( 'NONE', #50, #2843, #8450 ) ;
#3444 = PRESENTATION_STYLE_ASSIGNMENT (( #540 ) ) ;
#3445 = ADVANCED_FACE ( 'NONE', ( #1011 ), #1792, .T. ) ;
#3446 = CARTESIAN_POINT ( 'NONE',  ( -2.833261531631000363, 6.551643992949719860E-17, -1.070000000000000062 ) ) ;
#3447 = AXIS2_PLACEMENT_3D ( 'NONE', #2216, #4335, #5811 ) ;
#3448 = VECTOR ( 'NONE', #3387, 1000.000000000000000 ) ;
#3449 = LINE ( 'NONE', #1974, #3841 ) ;
#3450 = ORIENTED_EDGE ( 'NONE', *, *, #1923, .F. ) ;
#3451 = CARTESIAN_POINT ( 'NONE',  ( -10.16000000000000014, 0.000000000000000000, 0.000000000000000000 ) ) ;
#3452 = DIRECTION ( 'NONE',  ( 0.000000000000000000, 0.000000000000000000, 1.000000000000000000 ) ) ;
#3453 = CARTESIAN_POINT ( 'NONE',  ( 5.025733098857910086, 5.327037639127340260E-17, -0.8699999999999999956 ) ) ;
#3454 = CARTESIAN_POINT ( 'NONE',  ( 6.349999999999999645, -4.629945645751342376, -1.355252715606880543E-17 ) ) ;
#3455 = AXIS2_PLACEMENT_3D ( 'NONE', #3856, #2464, #3726 ) ;
#3457 = ADVANCED_FACE ( 'NONE', ( #1058 ), #1104, .F. ) ;
#3456 = DIRECTION ( 'NONE',  ( 0.000000000000000000, 0.000000000000000000, 1.000000000000000000 ) ) ;
#3458 = EDGE_CURVE ( 'NONE', #5262, #1489, #921, .T. ) ;
#3459 = ORIENTED_EDGE ( 'NONE', *, *, #6899, .F. ) ;
#3460 = CARTESIAN_POINT ( 'NONE',  ( 3.810000000000000053, 2.799999999999999822, 0.9150000000000000355 ) ) ;
#3461 = DIRECTION ( 'NONE',  ( 0.000000000000000000, 0.000000000000000000, 1.000000000000000000 ) ) ;
#3462 = CIRCLE ( 'NONE', #4639, 0.4149999999521968852 ) ;
#3463 = DIRECTION ( 'NONE',  ( 0.000000000000000000, 1.000000000000000000, 0.000000000000000000 ) ) ;
#3464 = ORIENTED_EDGE ( 'NONE', *, *, #8684, .T. ) ;
#3465 = DIRECTION ( 'NONE',  ( 0.000000000000000000, 1.000000000000000000, 4.075948016907505713E-17 ) ) ;
#3466 = CIRCLE ( 'NONE', #4646, 0.6650000000000000355 ) ;
#3467 = VERTEX_POINT ( 'NONE', #3826 ) ;
#3468 = ORIENTED_EDGE ( 'NONE', *, *, #6250, .T. ) ;
#3469 = CARTESIAN_POINT ( 'NONE',  ( -7.233476936738000518, 2.799999999999999822, -1.269999999999999796 ) ) ;
#3470 = CARTESIAN_POINT ( 'NONE',  ( 1.365310212392470524, -0.6699999999999763922, 0.3737368732954315376 ) ) ;
#3471 = B_SPLINE_CURVE_WITH_KNOTS ( 'NONE', 3,
 ( #1229, #7447, #5475, #1140, #445, #3251, #4686, #1271, #7587, #2560, #1875, #4090, #5387, #1179, #4048, #3998, #3304 ),
 .UNSPECIFIED., .F., .F.,
 ( 4, 2, 2, 2, 2, 1, 2, 2, 4 ),
 ( 0.000000000000000000, 0.1249999999999985012, 0.2499999999999970024, 0.3749999999999955036, 0.4999999999999940048, 0.6249999999999924505, 0.6874999999999916733, 0.7499999999999907851, 1.000000000000000000 ),
 .UNSPECIFIED. ) ;
#3472 = DIRECTION ( 'NONE',  ( 0.000000000000000000, 0.000000000000000000, 1.000000000000000000 ) ) ;
#3473 = DIRECTION ( 'NONE',  ( 1.000000000000000000, -7.401486830834319717E-14, 0.000000000000000000 ) ) ;
#3474 = AXIS2_PLACEMENT_3D ( 'NONE', #7755, #3586, #1450 ) ;
#3475 = CARTESIAN_POINT ( 'NONE',  ( 4.235457655251456899, 3.330000000000001847, 0.2025509719038358913 ) ) ;
#3476 = CARTESIAN_POINT ( 'NONE',  ( 9.484264068711922846, -0.6699999999999978195, -0.2971320343559630262 ) ) ;
#3477 = B_SPLINE_CURVE_WITH_KNOTS ( 'NONE', 3,
 ( #3253, #1142, #491, #6933, #6759, #8259, #2562, #6893, #3395, #3951, #4000, #578, #448, #1877, #2008, #6807, #3306, #7449, #1832, #4050, #6111, #4825, #6199, #1273, #7543, #1231, #5389, #8989, #7625 ),
 .UNSPECIFIED., .F., .F.,
 ( 4, 1, 2, 2, 2, 1, 2, 2, 2, 2, 2, 2, 1, 2, 2, 4 ),
 ( 0.000000000000000000, 0.06250000000000001388, 0.09375000000000002776, 0.1250000000000000278, 0.2499999999999984457, 0.3124999999999971134, 0.3437499999999968914, 0.3749999999999966693, 0.4999999999999966138, 0.5624999999999965583, 0.6249999999999965583, 0.7499999999999965583, 0.8124999999999966693, 0.8437499999999966693, 0.8749999999999966693, 1.000000000000000000 ),
 .UNSPECIFIED. ) ;
#3478 = ORIENTED_EDGE ( 'NONE', *, *, #5212, .F. ) ;
#3479 = PRESENTATION_LAYER_ASSIGNMENT (  '', '', ( #5829 ) ) ;
#3480 = PLANE ( 'NONE',  #6797 ) ;
#3481 = CARTESIAN_POINT ( 'NONE',  ( 3.810000000000000053, 7.174999999999999822, -0.005000000000000779862 ) ) ;
#3482 = B_SPLINE_CURVE_WITH_KNOTS ( 'NONE', 3,
 ( #7230, #3831, #2536, #8138, #3926, #422, #3223, #4615, #279, #325, #6033, #930, #8826, #2348, #1755, #7327, #7950 ),
 .UNSPECIFIED., .F., .F.,
 ( 4, 2, 2, 2, 2, 1, 2, 2, 4 ),
 ( 0.000000000000000000, 0.1249999999999983902, 0.2499999999999968914, 0.3749999999999953926, 0.4999999999999938938, 0.6249999999999923395, 0.6874999999999950040, 0.7499999999999976685, 1.000000000000000000 ),
 .UNSPECIFIED. ) ;
#3483 = PRESENTATION_STYLE_ASSIGNMENT (( #664 ) ) ;
#3484 = DIRECTION ( 'NONE',  ( -0.000000000000000000, -1.000000000000000000, -6.123031769111889989E-17 ) ) ;
#3485 = CARTESIAN_POINT ( 'NONE',  ( -6.147449028096168000, 3.330000000000002736, -0.4254576552514566234 ) ) ;
#3486 = CARTESIAN_POINT ( 'NONE',  ( -4.084065206108330237, -4.632925319547867460, -0.1370326030541655082 ) ) ;
#3487 = ORIENTED_EDGE ( 'NONE', *, *, #981, .F. ) ;
#3488 = CARTESIAN_POINT ( 'NONE',  ( -2.926523063262000068, 2.799999999999999822, 1.270000000000000018 ) ) ;
#3489 = ORIENTED_EDGE ( 'NONE', *, *, #5541, .F. ) ;
#3490 = CARTESIAN_POINT ( 'NONE',  ( -8.505000000000000782, -0.6699999999999981526, 0.04955347075960079423 ) ) ;
#3491 = AXIS2_PLACEMENT_3D ( 'NONE', #5560, #2145, #1592 ) ;
#3492 = SURFACE_STYLE_USAGE ( .BOTH. , #7242 ) ;
#3493 = DIRECTION ( 'NONE',  ( 0.000000000000000000, 0.000000000000000000, -1.000000000000000000 ) ) ;
#3494 = CARTESIAN_POINT ( 'NONE',  ( 9.654264068711929880, 3.329999999999999627, -0.3821320343559643784 ) ) ;
#3495 = EDGE_CURVE ( 'NONE', #4504, #7552, #3280, .T. ) ;
#3496 = CARTESIAN_POINT ( 'NONE',  ( 8.655155607679375862, -0.6699999999999521894, -0.3095233799349952353 ) ) ;
#3497 = B_SPLINE_CURVE_WITH_KNOTS ( 'NONE', 3,
 ( #4671, #4769, #8150, #6880, #6791, #389, #4079, #478, #7574, #3289, #6001, #8196, #4719, #7527, #1213, #1258, #3147 ),
 .UNSPECIFIED., .F., .F.,
 ( 4, 2, 2, 2, 2, 1, 2, 2, 4 ),
 ( 0.000000000000000000, 0.1250000000000003886, 0.2500000000000007772, 0.3750000000000011657, 0.5000000000000015543, 0.6250000000000019984, 0.6875000000000022204, 0.7500000000000025535, 1.000000000000000000 ),
 .UNSPECIFIED. ) ;
#3498 = VERTEX_POINT ( 'NONE', #5941 ) ;
#3499 = DIRECTION ( 'NONE',  ( 0.000000000000000000, 0.000000000000000000, 1.000000000000000000 ) ) ;
#3500 = CARTESIAN_POINT ( 'NONE',  ( -1.270000000000000240, -4.632925319547866572, -0.1370326030541654527 ) ) ;
#3501 = ORIENTED_EDGE ( 'NONE', *, *, #22, .T. ) ;
#3502 = CARTESIAN_POINT ( 'NONE',  ( -0.05426690114209350990, 5.327037639127340260E-17, -0.8699999999999999956 ) ) ;
#3503 = CIRCLE ( 'NONE', #4996, 0.2349999999999989875 ) ;
#3504 = CARTESIAN_POINT ( 'NONE',  ( 0.3865230632619994222, 2.799999999999999822, -1.269999999999999796 ) ) ;
#3505 =( NAMED_UNIT ( * ) SI_UNIT ( $, .STERADIAN. ) SOLID_ANGLE_UNIT ( ) );
#3506 = ORIENTED_EDGE ( 'NONE', *, *, #4731, .T. ) ;
#3507 = CARTESIAN_POINT ( 'NONE',  ( -3.809999999999999609, -4.629945645751342376, 1.355252715606880543E-17 ) ) ;
#3508 =( LENGTH_UNIT ( ) NAMED_UNIT ( * ) SI_UNIT ( .MILLI., .METRE. ) );
#3509 = CARTESIAN_POINT ( 'NONE',  ( -1.737300348649130077, 3.330000000000004512, -0.05898017951221937866 ) ) ;
#3510 = VECTOR ( 'NONE', #6349, 1000.000000000000114 ) ;
#3511 = ORIENTED_EDGE ( 'NONE', *, *, #2481, .F. ) ;
#3512 = CARTESIAN_POINT ( 'NONE',  ( 3.810000000000000053, 5.327499999999999680, -0.3200000000000000067 ) ) ;
#3513 = CARTESIAN_POINT ( 'NONE',  ( -1.270000000000000018, -0.8199999999999999512, -0.2349999999999980438 ) ) ;
#3514 = ORIENTED_EDGE ( 'NONE', *, *, #7972, .T. ) ;
#3515 = COLOUR_RGB ( '',0.000000000000000000, 0.000000000000000000, 0.000000000000000000 ) ;
#3516 = ORIENTED_EDGE ( 'NONE', *, *, #6930, .F. ) ;
#3517 = CARTESIAN_POINT ( 'NONE',  ( 8.420067075810024448, 3.330000000000003180, 0.05941751562806051046 ) ) ;
#3518 = CARTESIAN_POINT ( 'NONE',  ( -4.000840355226828571, -0.6699999999999552980, -0.3385969398818841625 ) ) ;
#3519 = CARTESIAN_POINT ( 'NONE',  ( 2.485733098857910051, 2.799999999999999822, -0.8699999999999997735 ) ) ;
#3520 = DIRECTION ( 'NONE',  ( 0.000000000000000000, -6.123031769111889989E-17, 1.000000000000000000 ) ) ;
#3521 = CARTESIAN_POINT ( 'NONE',  ( -3.810000000000000053, -0.6700000000705585990, 0.000000000000000000 ) ) ;
#3522 = DIRECTION ( 'NONE',  ( 0.000000000000000000, 0.000000000000000000, 1.000000000000000000 ) ) ;
#3523 = EDGE_CURVE ( 'NONE', #5157, #362, #3784, .T. ) ;
#3524 = ORIENTED_EDGE ( 'NONE', *, *, #3307, .F. ) ;
#3525 = DIRECTION ( 'NONE',  ( 3.492836481966780137E-15, 1.000000000000000000, 0.000000000000000000 ) ) ;
#3526 = CARTESIAN_POINT ( 'NONE',  ( -6.349999999999999645, 3.479999999999999982, 0.3199999999999999512 ) ) ;
#3527 = CARTESIAN_POINT ( 'NONE',  ( 7.574202835634090469, -5.327037639127340260E-17, 0.8699999999999999956 ) ) ;
#3528 = CARTESIAN_POINT ( 'NONE',  ( 8.890000000000000568, 3.330000000000000515, 0.4700000000000000844 ) ) ;
#3529 = CARTESIAN_POINT ( 'NONE',  ( -5.939035460734308991, 3.330000000000001847, 0.2306021739140288185 ) ) ;
#3530 = ORIENTED_EDGE ( 'NONE', *, *, #848, .T. ) ;
#3531 = CYLINDRICAL_SURFACE ( 'NONE', #8603, 0.6650000000000000355 ) ;
#3532 = CARTESIAN_POINT ( 'NONE',  ( 1.270000000000000240, 7.489960314960472765, -2.117582368135750848E-17 ) ) ;
#3533 = CARTESIAN_POINT ( 'NONE',  ( -7.233476936737999630, 2.799999999999999822, 1.270000000000000018 ) ) ;
#3534 = CIRCLE ( 'NONE', #7502, 0.9150000000000000355 ) ;
#3535 = CARTESIAN_POINT ( 'NONE',  ( -6.349999999999999645, -0.4200000000196268957, 0.000000000000000000 ) ) ;
#3536 = ADVANCED_FACE ( 'NONE', ( #4560 ), #2097, .T. ) ;
#3537 = CARTESIAN_POINT ( 'NONE',  ( -6.349999999999999645, -0.6700000000137151801, -1.018987004234723129E-17 ) ) ;
#3538 = AXIS2_PLACEMENT_3D ( 'NONE', #2077, #5540, #4197 ) ;
#3539 = CIRCLE ( 'NONE', #7927, 0.9150000000000000355 ) ;
#3540 = ORIENTED_EDGE ( 'NONE', *, *, #3523, .F. ) ;
#3541 = CARTESIAN_POINT ( 'NONE',  ( 8.250000000000000000, 3.392132034355963555, -0.3199999999999998956 ) ) ;
#3542 = VERTEX_POINT ( 'NONE', #504 ) ;
#3543 = CYLINDRICAL_SURFACE ( 'NONE', #4964, 0.2349999999999989875 ) ;
#3544 = EDGE_CURVE ( 'NONE', #5955, #8380, #5739, .T. ) ;
#3545 = CIRCLE ( 'NONE', #6636, 0.4150000000194631888 ) ;
#3546 = CARTESIAN_POINT ( 'NONE',  ( -5.134266901142090056, -5.327037639127340260E-17, 0.8699999999999999956 ) ) ;
#3547 = CARTESIAN_POINT ( 'NONE',  ( 8.890000000000000568, -4.400000000000000355, 0.000000000000000000 ) ) ;
#3548 = ORIENTED_EDGE ( 'NONE', *, *, #3618, .F. ) ;
#3549 = CARTESIAN_POINT ( 'NONE',  ( 1.270000000000000018, 5.327499999999999680, -0.3200000000000000067 ) ) ;
#3550 = CARTESIAN_POINT ( 'NONE',  ( -0.05426690114209350990, -5.327037639127340260E-17, 0.8699999999999999956 ) ) ;
#3551 = CIRCLE ( 'NONE', #6043, 0.3150000000000000022 ) ;
#3552 = CARTESIAN_POINT ( 'NONE',  ( 1.270000000000000018, -0.7321320343559629684, 0.2349999999999980993 ) ) ;
#3553 = ORIENTED_EDGE ( 'NONE', *, *, #6022, .F. ) ;
#3554 = CARTESIAN_POINT ( 'NONE',  ( -1.067449028096171482, 3.330000000000002292, -0.4254576552514624521 ) ) ;
#3555 = DIRECTION ( 'NONE',  ( 0.4226182617407031605, 0.000000000000000000, 0.9063077870366482713 ) ) ;
#3556 = EDGE_CURVE ( 'NONE', #5096, #4891, #1196, .T. ) ;
#3557 = VERTEX_POINT ( 'NONE', #5532 ) ;
#3558 = VERTEX_POINT ( 'NONE', #2750 ) ;
#3559 = EDGE_CURVE ( 'NONE', #3075, #8269, #2199, .T. ) ;
#3560 = CARTESIAN_POINT ( 'NONE',  ( -6.349999999999999645, -0.6699999999999979305, 0.2971320343559630262 ) ) ;
#3561 = CARTESIAN_POINT ( 'NONE',  ( -6.725921541353646838, -0.6699999999999420863, -0.09654514245912525217 ) ) ;
#3562 = FACE_OUTER_BOUND ( 'NONE', #1556, .T. ) ;
#3563 = DIRECTION ( 'NONE',  ( -1.000000000000000000, 3.492836481966780137E-15, 0.000000000000000000 ) ) ;
#3564 = CARTESIAN_POINT ( 'NONE',  ( 1.910000000000001696, 7.175000000000000711, -0.3200000000000007838 ) ) ;
#3565 = CYLINDRICAL_SURFACE ( 'NONE', #619, 0.9150000000000000355 ) ;
#3566 = PRESENTATION_LAYER_ASSIGNMENT (  '', '', ( #1349 ) ) ;
#3567 = AXIS2_PLACEMENT_3D ( 'NONE', #7394, #5283, #6843 ) ;
#3568 = B_SPLINE_CURVE_WITH_KNOTS ( 'NONE', 3,
 ( #5693, #7114, #3625, #4260, #4219, #3485, #7022, #6431, #8377, #2736, #3577, #8468, #1544, #8338, #121, #806, #5556 ),
 .UNSPECIFIED., .F., .F.,
 ( 4, 2, 2, 2, 2, 1, 2, 2, 4 ),
 ( 0.000000000000000000, 0.1250000000000008882, 0.2500000000000017764, 0.3750000000000026645, 0.5000000000000035527, 0.6250000000000044409, 0.6875000000000039968, 0.7500000000000035527, 1.000000000000000000 ),
 .UNSPECIFIED. ) ;
#3569 = ORIENTED_EDGE ( 'NONE', *, *, #2329, .T. ) ;
#3570 = AXIS2_PLACEMENT_3D ( 'NONE', #5688, #1997, #3522 ) ;
#3571 = CARTESIAN_POINT ( 'NONE',  ( -1.270000000000000018, -0.2100000000000000200, -0.6650000000000000355 ) ) ;
#3572 = CARTESIAN_POINT ( 'NONE',  ( 6.349999999999999645, -0.4200000000000000400, -0.6649999999867579614 ) ) ;
#3573 = EDGE_CURVE ( 'NONE', #4157, #8552, #6771, .T. ) ;
#3574 =( LENGTH_UNIT ( ) NAMED_UNIT ( * ) SI_UNIT ( .MILLI., .METRE. ) );
#3575 = FILL_AREA_STYLE_COLOUR ( '', #980 ) ;
#3576 = STYLED_ITEM ( 'NONE', ( #7271 ), #346 ) ;
#3577 = CARTESIAN_POINT ( 'NONE',  ( -5.965137816412007687, 3.330000000000000515, -0.2733544892302058882 ) ) ;
#3578 = VECTOR ( 'NONE', #3661, 1000.000000000000000 ) ;
#3579 = AXIS2_PLACEMENT_3D ( 'NONE', #2505, #2594, #6659 ) ;
#3580 = CYLINDRICAL_SURFACE ( 'NONE', #2724, 0.9150000000000000355 ) ;
#3581 = VERTEX_POINT ( 'NONE', #1281 ) ;
#3582 = CARTESIAN_POINT ( 'NONE',  ( 6.349999999999999645, 0.000000000000000000, -0.6650000000000000355 ) ) ;
#3583 = LINE ( 'NONE', #4223, #7090 ) ;
#3584 = AXIS2_PLACEMENT_3D ( 'NONE', #3077, #3032, #2892 ) ;
#3585 = DIRECTION ( 'NONE',  ( 0.000000000000000000, 0.000000000000000000, 1.000000000000000000 ) ) ;
#3586 = DIRECTION ( 'NONE',  ( 0.000000000000000000, 1.000000000000000000, 0.000000000000000000 ) ) ;
#3587 = SURFACE_SIDE_STYLE ('',( #2190 ) ) ;
#3588 = ORIENTED_EDGE ( 'NONE', *, *, #4888, .T. ) ;
#3589 =( GEOMETRIC_REPRESENTATION_CONTEXT ( 3 ) GLOBAL_UNCERTAINTY_ASSIGNED_CONTEXT ( ( #1745 ) ) GLOBAL_UNIT_ASSIGNED_CONTEXT ( ( #7344, #5452, #3056 ) ) REPRESENTATION_CONTEXT ( 'NONE', 'WORKASPACE' ) );
#3590 = FACE_OUTER_BOUND ( 'NONE', #5304, .T. ) ;
#3591 =( LENGTH_UNIT ( ) NAMED_UNIT ( * ) SI_UNIT ( .MILLI., .METRE. ) );
#3592 = ORIENTED_EDGE ( 'NONE', *, *, #5343, .F. ) ;
#3593 =( NAMED_UNIT ( * ) PLANE_ANGLE_UNIT ( ) SI_UNIT ( $, .RADIAN. ) );
#3594 = DIRECTION ( 'NONE',  ( 0.000000000000000000, 0.000000000000000000, 1.000000000000000000 ) ) ;
#3595 = DIRECTION ( 'NONE',  ( 0.000000000000000000, 1.000000000000000000, 4.075948017540437167E-17 ) ) ;
#3596 =( GEOMETRIC_REPRESENTATION_CONTEXT ( 3 ) GLOBAL_UNCERTAINTY_ASSIGNED_CONTEXT ( ( #1101 ) ) GLOBAL_UNIT_ASSIGNED_CONTEXT ( ( #3412, #8187, #1286 ) ) REPRESENTATION_CONTEXT ( 'NONE', 'WORKASPACE' ) );
#3597 = DIRECTION ( 'NONE',  ( 0.000000000000000000, 1.000000000000000000, 0.000000000000000000 ) ) ;
#3598 = EDGE_LOOP ( 'NONE', ( #5973, #1783, #2760, #8458, #5247 ) ) ;
#3599 = CARTESIAN_POINT ( 'NONE',  ( -1.270000000000000018, -0.6699999999999979305, 0.3849999999999999534 ) ) ;
#3600 = CARTESIAN_POINT ( 'NONE',  ( 3.340000000000003411, -0.8199999999999998401, 0.2349999999999980715 ) ) ;
#3601 = ORIENTED_EDGE ( 'NONE', *, *, #2921, .T. ) ;
#3602 = CARTESIAN_POINT ( 'NONE',  ( 0.6757359312880736324, -0.6699999999999978195, 0.2971320343559631927 ) ) ;
#3603 = VECTOR ( 'NONE', #8550, 1000.000000000000000 ) ;
#3604 = ORIENTED_EDGE ( 'NONE', *, *, #2868, .T. ) ;
#3605 = CARTESIAN_POINT ( 'NONE',  ( 6.539988459702851031, -0.6699999999999834976, -0.3351279351845873333 ) ) ;
#3606 = ORIENTED_EDGE ( 'NONE', *, *, #4844, .F. ) ;
#3607 = MECHANICAL_DESIGN_GEOMETRIC_PRESENTATION_REPRESENTATION (  '', ( #6403 ), #513 ) ;
#3608 = ORIENTED_EDGE ( 'NONE', *, *, #7558, .T. ) ;
#3609 = EDGE_CURVE ( 'NONE', #7150, #7504, #4012, .T. ) ;
#3610 = CARTESIAN_POINT ( 'NONE',  ( -3.810000000000000053, -0.4200000001333137334, 0.000000000000000000 ) ) ;
#3611 = CARTESIAN_POINT ( 'NONE',  ( 6.349999999999999645, -0.8199999999999999512, 0.000000000000000000 ) ) ;
#3612 = EDGE_CURVE ( 'NONE', #5582, #2901, #6170, .T. ) ;
#3613 = DIRECTION ( 'NONE',  ( 0.000000000000000000, 1.000000000000000000, 0.000000000000000000 ) ) ;
#3614 = VERTEX_POINT ( 'NONE', #4798 ) ;
#3615 = DIRECTION ( 'NONE',  ( -0.000000000000000000, -1.000000000000000000, -0.000000000000000000 ) ) ;
#3616 = AXIS2_PLACEMENT_3D ( 'NONE', #1840, #7462, #5487 ) ;
#3617 = CARTESIAN_POINT ( 'NONE',  ( -1.016224911733115910, -0.6699999999999883826, 0.2905236054765895082 ) ) ;
#3618 = EDGE_CURVE ( 'NONE', #6640, #935, #8225, .T. ) ;
#3619 = VERTEX_POINT ( 'NONE', #4102 ) ;
#3620 = FACE_OUTER_BOUND ( 'NONE', #4930, .T. ) ;
#3621 = CARTESIAN_POINT ( 'NONE',  ( 6.819999999999994955, -0.7321320343559627464, 0.2349999999999980160 ) ) ;
#3622 =( NAMED_UNIT ( * ) SI_UNIT ( $, .STERADIAN. ) SOLID_ANGLE_UNIT ( ) );
#3623 = LINE ( 'NONE', #8376, #4659 ) ;
#3624 = MECHANICAL_DESIGN_GEOMETRIC_PRESENTATION_REPRESENTATION (  '', ( #4948 ), #1704 ) ;
#3625 = CARTESIAN_POINT ( 'NONE',  ( -6.291315444347898911, 3.330000000000002292, -0.4672500417916118365 ) ) ;
#3626 = CARTESIAN_POINT ( 'NONE',  ( -6.759541249142532848, 3.330000000000004068, 0.2312905507728190146 ) ) ;
#3627 = ORIENTED_EDGE ( 'NONE', *, *, #6647, .T. ) ;
#3628 = EDGE_CURVE ( 'NONE', #2191, #2942, #1934, .T. ) ;
#3629 = DIRECTION ( 'NONE',  ( 0.000000000000000000, 0.000000000000000000, 1.000000000000000000 ) ) ;
#3630 = VECTOR ( 'NONE', #7403, 1000.000000000000000 ) ;
#3631 = ORIENTED_EDGE ( 'NONE', *, *, #3037, .T. ) ;
#3632 = COLOUR_RGB ( '',0.000000000000000000, 0.000000000000000000, 0.000000000000000000 ) ;
#3633 = FACE_OUTER_BOUND ( 'NONE', #5427, .T. ) ;
#3634 = CARTESIAN_POINT ( 'NONE',  ( 7.042500000000000426, 3.330000000000000071, 0.000000000000000000 ) ) ;
#3635 = DIRECTION ( 'NONE',  ( 0.000000000000000000, 1.000000000000000000, 0.000000000000000000 ) ) ;
#3636 = ORIENTED_EDGE ( 'NONE', *, *, #5626, .F. ) ;
#3637 = FILL_AREA_STYLE_COLOUR ( '', #2434 ) ;
#3638 = VERTEX_POINT ( 'NONE', #1888 ) ;
#3639 = ORIENTED_EDGE ( 'NONE', *, *, #8040, .T. ) ;
#3640 =( BOUNDED_SURFACE ( )  B_SPLINE_SURFACE ( 3, 3, ( 
 ( #741, #101, #8539, #5043 ),
 ( #5762, #2891, #5085, #3552 ),
 ( #5128, #4420, #3602, #7132 ),
 ( #7769, #878, #2252, #4995 ) ),
 .UNSPECIFIED., .F., .F., .F. ) 
 B_SPLINE_SURFACE_WITH_KNOTS ( ( 4, 4 ),
 ( 4, 4 ),
 ( 0.000000000000000000, 1.000000000000000000 ),
 ( 0.000000000000000000, 1.000000000000000000 ),
 .UNSPECIFIED. ) 
 GEOMETRIC_REPRESENTATION_ITEM ( )  RATIONAL_B_SPLINE_SURFACE ( (
 ( 1.000000000000000000, 0.3333333333333334259, 0.3333333333333334259, 1.000000000000000000),
 ( 0.8047378541243646044, 0.2682459513747882940, 0.2682459513747882940, 0.8047378541243646044),
 ( 0.8047378541243646044, 0.2682459513747882940, 0.2682459513747882940, 0.8047378541243646044),
 ( 1.000000000000000000, 0.3333333333333334259, 0.3333333333333334259, 1.000000000000000000) ) ) 
 REPRESENTATION_ITEM ( '' )  SURFACE ( )  );
#3641 = CARTESIAN_POINT ( 'NONE',  ( -10.06673846836899955, -6.551643992949719860E-17, 1.070000000000000062 ) ) ;
#3642 = CARTESIAN_POINT ( 'NONE',  ( 1.366792291819989513, -0.6699999999999765032, -0.3759894986363452318 ) ) ;
#3643 = EDGE_CURVE ( 'NONE', #8273, #877, #7301, .T. ) ;
#3644 = FILL_AREA_STYLE ('',( #137 ) ) ;
#3645 = ORIENTED_EDGE ( 'NONE', *, *, #181, .F. ) ;
#3646 = DIRECTION ( 'NONE',  ( -0.4226182617407031605, 0.000000000000000000, 0.9063077870366482713 ) ) ;
#3647 = DIRECTION ( 'NONE',  ( 0.000000000000000000, 1.000000000000000000, 4.075948016907505713E-17 ) ) ;
#3648 = ORIENTED_EDGE ( 'NONE', *, *, #6119, .F. ) ;
#3649 = CARTESIAN_POINT ( 'NONE',  ( 1.270000000000000018, 3.329999999999999183, -0.4700000000000004730 ) ) ;
#3650 = EDGE_LOOP ( 'NONE', ( #4243, #4942, #6786, #319 ) ) ;
#3651 =( NAMED_UNIT ( * ) PLANE_ANGLE_UNIT ( ) SI_UNIT ( $, .RADIAN. ) );
#3652 = ORIENTED_EDGE ( 'NONE', *, *, #110, .F. ) ;
#3653 = VERTEX_POINT ( 'NONE', #4702 ) ;
#3654 = EDGE_CURVE ( 'NONE', #3305, #3441, #1414, .T. ) ;
#3655 = PLANE ( 'NONE',  #885 ) ;
#3656 = CARTESIAN_POINT ( 'NONE',  ( -3.906374156415387322, -0.6699999999999622924, 0.3759894986363452318 ) ) ;
#3657 = EDGE_CURVE ( 'NONE', #2080, #7533, #4357, .T. ) ;
#3658 = FACE_OUTER_BOUND ( 'NONE', #1041, .T. ) ;
#3659 = ORIENTED_EDGE ( 'NONE', *, *, #4004, .F. ) ;
#3660 = LINE ( 'NONE', #7192, #3828 ) ;
#3661 = DIRECTION ( 'NONE',  ( 0.000000000000000000, 1.000000000000000000, 0.000000000000000000 ) ) ;
#3662 = CARTESIAN_POINT ( 'NONE',  ( 1.174367532877225839, -0.6699999999999624034, -0.3737368732954316486 ) ) ;
#3663 = COLOUR_RGB ( '',0.000000000000000000, 0.000000000000000000, 0.000000000000000000 ) ;
#3664 = ORIENTED_EDGE ( 'NONE', *, *, #610, .F. ) ;
#3665 = ADVANCED_FACE ( 'NONE', ( #1241 ), #8182, .T. ) ;
#3666 = CARTESIAN_POINT ( 'NONE',  ( 2.833261531631000363, -6.551643992949719860E-17, 1.070000000000000062 ) ) ;
#3667 = LINE ( 'NONE', #3571, #4146 ) ;
#3668 = CARTESIAN_POINT ( 'NONE',  ( 8.890000000000000568, -0.4200000000000000400, 0.000000000000000000 ) ) ;
#3669 = CARTESIAN_POINT ( 'NONE',  ( 9.093262542154203487, 3.330000000000002736, 0.4240138818363743956 ) ) ;
#3670 = CARTESIAN_POINT ( 'NONE',  ( 3.810000000000000053, -0.6699999999568717612, 0.4150000000194631888 ) ) ;
#3671 = AXIS2_PLACEMENT_3D ( 'NONE', #4937, #3597, #2200 ) ;
#3672 = CARTESIAN_POINT ( 'NONE',  ( -6.806300515815613572, 3.330000000000003624, -0.1166483506768212219 ) ) ;
#3673 = ORIENTED_EDGE ( 'NONE', *, *, #8862, .T. ) ;
#3674 = CARTESIAN_POINT ( 'NONE',  ( 6.806250208958058323, 3.330000000000000515, 0.1163527268167911799 ) ) ;
#3675 = ORIENTED_EDGE ( 'NONE', *, *, #6917, .T. ) ;
#3676 = AXIS2_PLACEMENT_3D ( 'NONE', #7112, #8652, #119 ) ;
#3677 = CARTESIAN_POINT ( 'NONE',  ( -6.349999999999999645, -4.630000000000003446, -7.625571271977343211E-17 ) ) ;
#3678 = CARTESIAN_POINT ( 'NONE',  ( -0.9619362965742116467, -0.6699999999999923794, -0.2324040746320280015 ) ) ;
#3679 = DIRECTION ( 'NONE',  ( 1.000000000000000000, 0.000000000000000000, 0.000000000000000000 ) ) ;
#3680 = ADVANCED_FACE ( 'NONE', ( #549 ), #1747, .T. ) ;
#3681 = ADVANCED_FACE ( 'NONE', ( #2194 ), #133, .T. ) ;
#3682 = SURFACE_STYLE_USAGE ( .BOTH. , #866 ) ;
#3683 = DIRECTION ( 'NONE',  ( 0.000000000000000000, 1.000000000000000000, 0.000000000000000000 ) ) ;
#3684 = STYLED_ITEM ( 'NONE', ( #1295 ), #2046 ) ;
#3685 = VERTEX_POINT ( 'NONE', #4189 ) ;
#3686 = LINE ( 'NONE', #4551, #3733 ) ;
#3687 = CARTESIAN_POINT ( 'NONE',  ( 8.890000000000000568, 7.489960314960471877, 2.117582368135750848E-17 ) ) ;
#3688 = DIRECTION ( 'NONE',  ( -1.000000000000000000, -0.000000000000000000, -0.000000000000000000 ) ) ;
#3689 = VECTOR ( 'NONE', #2989, 1000.000000000000000 ) ;
#3690 = AXIS2_PLACEMENT_3D ( 'NONE', #6419, #7777, #108 ) ;
#3691 = SURFACE_STYLE_USAGE ( .BOTH. , #7515 ) ;
#3692 = CARTESIAN_POINT ( 'NONE',  ( 1.270000000000000018, -4.400000000000000355, 0.000000000000000000 ) ) ;
#3693 = ADVANCED_FACE ( 'NONE', ( #5030 ), #3543, .T. ) ;
#3694 = DIRECTION ( 'NONE',  ( -0.000000000000000000, -1.000000000000000000, -0.000000000000000000 ) ) ;
#3695 =( BOUNDED_SURFACE ( )  B_SPLINE_SURFACE ( 3, 3, ( 
 ( #4225, #1408, #727, #770 ),
 ( #998, #5156, #6668, #1777 ),
 ( #8068, #4591, #3811, #355 ),
 ( #6619, #8716, #2335, #4404 ) ),
 .UNSPECIFIED., .F., .F., .F. ) 
 B_SPLINE_SURFACE_WITH_KNOTS ( ( 4, 4 ),
 ( 4, 4 ),
 ( 0.000000000000000000, 1.000000000000000000 ),
 ( 0.000000000000000000, 1.000000000000000000 ),
 .UNSPECIFIED. ) 
 GEOMETRIC_REPRESENTATION_ITEM ( )  RATIONAL_B_SPLINE_SURFACE ( (
 ( 1.000000000000000000, 0.3333333333333334259, 0.3333333333333334259, 1.000000000000000000),
 ( 0.7995857374534958151, 0.2665285791511653457, 0.2665285791511653457, 0.7995857374534958151),
 ( 0.7995857374534958151, 0.2665285791511653457, 0.2665285791511653457, 0.7995857374534958151),
 ( 1.000000000000000000, 0.3333333333333334259, 0.3333333333333334259, 1.000000000000000000) ) ) 
 REPRESENTATION_ITEM ( '' )  SURFACE ( )  );
#3696 = FACE_OUTER_BOUND ( 'NONE', #4141, .T. ) ;
#3697 = ORIENTED_EDGE ( 'NONE', *, *, #265, .T. ) ;
#3698 = CARTESIAN_POINT ( 'NONE',  ( -1.386655874654081577, 3.330000000000003180, 0.4555627194059621576 ) ) ;
#3699 = COLOUR_RGB ( '',0.000000000000000000, 0.000000000000000000, 0.000000000000000000 ) ;
#3700 = EDGE_LOOP ( 'NONE', ( #2032, #6414, #1221 ) ) ;
#3701 = DIRECTION ( 'NONE',  ( 0.000000000000000000, 1.000000000000000000, 0.000000000000000000 ) ) ;
#3702 = ORIENTED_EDGE ( 'NONE', *, *, #6228, .F. ) ;
#3703 = UNCERTAINTY_MEASURE_WITH_UNIT (LENGTH_MEASURE( 1.000000000000000082E-05 ), #6483, 'distance_accuracy_value', 'NONE');
#3704 = LINE ( 'NONE', #7733, #158 ) ;
#3705 = VECTOR ( 'NONE', #565, 1000.000000000000000 ) ;
#3706 = FACE_OUTER_BOUND ( 'NONE', #537, .T. ) ;
#3707 =( NAMED_UNIT ( * ) PLANE_ANGLE_UNIT ( ) SI_UNIT ( $, .RADIAN. ) );
#3708 = EDGE_LOOP ( 'NONE', ( #4610, #5317, #8025 ) ) ;
#3709 = CARTESIAN_POINT ( 'NONE',  ( 3.810000000000000053, 2.799999999999999822, 0.000000000000000000 ) ) ;
#3710 = CARTESIAN_POINT ( 'NONE',  ( 6.819999999999994955, -4.537064994640259030, 0.2349999999999976275 ) ) ;
#3711 = CARTESIAN_POINT ( 'NONE',  ( 0.8000000000000050404, -4.399999999999999467, -0.2349999999999975719 ) ) ;
#3712 = EDGE_CURVE ( 'NONE', #5862, #2967, #6311, .T. ) ;
#3713 = ORIENTED_EDGE ( 'NONE', *, *, #7809, .F. ) ;
#3714 = MECHANICAL_DESIGN_GEOMETRIC_PRESENTATION_REPRESENTATION (  '', ( #4904 ), #4436 ) ;
#3715 = SURFACE_STYLE_FILL_AREA ( #7336 ) ;
#3716 = CARTESIAN_POINT ( 'NONE',  ( 9.338543347747245704, 3.330000000000001403, 0.1434580550843123359 ) ) ;
#3717 = CARTESIAN_POINT ( 'NONE',  ( -4.183660126678689473, 7.492926245181915412, -0.1868300633393451260 ) ) ;
#3718 = CARTESIAN_POINT ( 'NONE',  ( -8.659397826086001615, 3.330000000000001847, -0.4109645392657207408 ) ) ;
#3719 = DIRECTION ( 'NONE',  ( -0.000000000000000000, -1.000000000000000000, -0.000000000000000000 ) ) ;
#3720 = ORIENTED_EDGE ( 'NONE', *, *, #6480, .T. ) ;
#3721 = CARTESIAN_POINT ( 'NONE',  ( -3.810000000000000053, 7.489960314960471877, 2.117582368135750848E-17 ) ) ;
#3722 = COLOUR_RGB ( '',0.000000000000000000, 0.000000000000000000, 0.000000000000000000 ) ;
#3723 = VECTOR ( 'NONE', #1534, 1000.000000000000000 ) ;
#3724 = AXIS2_PLACEMENT_3D ( 'NONE', #3940, #6097, #8847 ) ;
#3725 = DIRECTION ( 'NONE',  ( 0.000000000000000000, 0.000000000000000000, -1.000000000000000000 ) ) ;
#3726 = DIRECTION ( 'NONE',  ( 0.000000000000000000, 0.000000000000000000, -1.000000000000000000 ) ) ;
#3727 = ADVANCED_FACE ( 'NONE', ( #5662 ), #2153, .T. ) ;
#3728 = VERTEX_POINT ( 'NONE', #4880 ) ;
#3729 = DIRECTION ( 'NONE',  ( -0.000000000000000000, 1.000000000000000000, 6.123031769111889989E-17 ) ) ;
#3730 = CARTESIAN_POINT ( 'NONE',  ( -1.270000000000000018, 7.776250346772100076E-17, -1.270000000000000018 ) ) ;
#3731 = CARTESIAN_POINT ( 'NONE',  ( 1.652747374659086388, -0.6699999999999977085, -0.04807139133201725895 ) ) ;
#3732 = PRESENTATION_LAYER_ASSIGNMENT (  '', '', ( #2543 ) ) ;
#3733 = VECTOR ( 'NONE', #2339, 1000.000000000000000 ) ;
#3734 = VECTOR ( 'NONE', #8650, 1000.000000000000114 ) ;
#3735 = EDGE_CURVE ( 'NONE', #4174, #7962, #1506, .T. ) ;
#3736 = ADVANCED_FACE ( 'NONE', ( #1369 ), #5075, .T. ) ;
#3737 = CIRCLE ( 'NONE', #5062, 0.4149999999986176413 ) ;
#3738 = CARTESIAN_POINT ( 'NONE',  ( 9.289999999999999147, -0.6699999999999990408, 0.000000000000000000 ) ) ;
#3739 = SURFACE_STYLE_FILL_AREA ( #4415 ) ;
#3740 = CARTESIAN_POINT ( 'NONE',  ( 3.424966502116653988, -0.6699999999999408651, 0.02430434733790547835 ) ) ;
#3741 = VECTOR ( 'NONE', #2918, 1000.000000000000000 ) ;
#3742 = EDGE_CURVE ( 'NONE', #8169, #5250, #5900, .T. ) ;
#3743 = CARTESIAN_POINT ( 'NONE',  ( 5.880000000000004334, -0.7321320343559627464, 0.2349999999999980160 ) ) ;
#3744 = ORIENTED_EDGE ( 'NONE', *, *, #7094, .F. ) ;
#3745 = EDGE_LOOP ( 'NONE', ( #948, #8648, #221, #4273 ) ) ;
#3746 = VECTOR ( 'NONE', #8586, 1000.000000000000000 ) ;
#3747 = EDGE_LOOP ( 'NONE', ( #4561, #2762 ) ) ;
#3748 = DIRECTION ( 'NONE',  ( 0.000000000000000000, -1.000000000000000000, -6.123031769111889989E-17 ) ) ;
#3749 = LINE ( 'NONE', #6553, #593 ) ;
#3750 = CARTESIAN_POINT ( 'NONE',  ( -8.890000000000000568, -2.609999999999999876, 0.2349999999999989875 ) ) ;
#3751 = ORIENTED_EDGE ( 'NONE', *, *, #3170, .T. ) ;
#3752 = CARTESIAN_POINT ( 'NONE',  ( 6.349999999999999645, -4.630000000000003446, -1.912855166529865779E-16 ) ) ;
#3753 = DIRECTION ( 'NONE',  ( 0.000000000000000000, -1.000000000000000000, -6.123031769111889989E-17 ) ) ;
#3754 = CARTESIAN_POINT ( 'NONE',  ( 0.8850669957666944532, -0.6699999999999410871, -0.04860869467582487613 ) ) ;
#3755 = VECTOR ( 'NONE', #1502, 1000.000000000000000 ) ;
#3756 = VERTEX_POINT ( 'NONE', #5292 ) ;
#3757 = LINE ( 'NONE', #6467, #4892 ) ;
#3758 = CARTESIAN_POINT ( 'NONE',  ( 8.890000000000000568, 3.479999999999999982, 0.000000000000000000 ) ) ;
#3759 = CARTESIAN_POINT ( 'NONE',  ( 6.301606353937674321, -0.6699999999999660671, -0.3827473746590864256 ) ) ;
#3760 = CARTESIAN_POINT ( 'NONE',  ( 8.636407523832163591, -0.6699999999999507461, 0.2909319699748265098 ) ) ;
#3761 = CIRCLE ( 'NONE', #961, 0.6650000000000000355 ) ;
#3762 = DIRECTION ( 'NONE',  ( 0.000000000000000000, 0.000000000000000000, 1.000000000000000000 ) ) ;
#3763 = VERTEX_POINT ( 'NONE', #1604 ) ;
#3764 = FILL_AREA_STYLE_COLOUR ( '', #2383 ) ;
#3765 = CARTESIAN_POINT ( 'NONE',  ( 0.3865230632619999773, 7.776250346772100076E-17, -1.270000000000000018 ) ) ;
#3766 = ORIENTED_EDGE ( 'NONE', *, *, #1441, .T. ) ;
#3767 = AXIS2_PLACEMENT_3D ( 'NONE', #1602, #909, #5927 ) ;
#3768 = CARTESIAN_POINT ( 'NONE',  ( -8.890000000000000568, -0.6699999999999979305, -0.3849999999999999534 ) ) ;
#3769 = DIRECTION ( 'NONE',  ( -1.000000000000000000, -0.000000000000000000, -0.000000000000000000 ) ) ;
#3770 = CARTESIAN_POINT ( 'NONE',  ( 4.450000000000001954, 7.175000000000000711, -0.3200000000000007838 ) ) ;
#3771 = PLANE ( 'NONE',  #665 ) ;
#3772 = CARTESIAN_POINT ( 'NONE',  ( -0.8962631267045694239, -0.6699999999999970424, -0.09531021239246956211 ) ) ;
#3773 = EDGE_LOOP ( 'NONE', ( #5339, #485, #8072, #8918 ) ) ;
#3774 = ORIENTED_EDGE ( 'NONE', *, *, #3045, .F. ) ;
#3775 = VECTOR ( 'NONE', #8423, 1000.000000000000000 ) ;
#3776 = DIRECTION ( 'NONE',  ( 0.000000000000000000, 0.000000000000000000, 1.000000000000000000 ) ) ;
#3777 = ADVANCED_FACE ( 'NONE', ( #8073 ), #6570, .F. ) ;
#3778 = UNCERTAINTY_MEASURE_WITH_UNIT (LENGTH_MEASURE( 1.000000000000000082E-05 ), #3591, 'distance_accuracy_value', 'NONE');
#3779 = DIRECTION ( 'NONE',  ( 0.000000000000000000, 1.000000000000000000, 0.000000000000000000 ) ) ;
#3780 = AXIS2_PLACEMENT_3D ( 'NONE', #2049, #4303, #7744 ) ;
#3781 = SURFACE_STYLE_FILL_AREA ( #3915 ) ;
#3782 = PRESENTATION_LAYER_ASSIGNMENT (  '', '', ( #4809 ) ) ;
#3783 = CARTESIAN_POINT ( 'NONE',  ( -4.880000000000000782, -5.327037639127342109E-17, 0.8700000000000001066 ) ) ;
#3784 = LINE ( 'NONE', #3127, #3385 ) ;
#3785 = ORIENTED_EDGE ( 'NONE', *, *, #6597, .F. ) ;
#3786 = DIRECTION ( 'NONE',  ( 0.000000000000000000, 0.000000000000000000, 1.000000000000000000 ) ) ;
#3787 =( LENGTH_UNIT ( ) NAMED_UNIT ( * ) SI_UNIT ( .MILLI., .METRE. ) );
#3788 = CARTESIAN_POINT ( 'NONE',  ( 3.169999999999999929, 3.479999999999999538, -0.3199999999999999512 ) ) ;
#3789 = CARTESIAN_POINT ( 'NONE',  ( -0.2932615316310019926, -7.776250346772098844E-17, 1.070000000000000062 ) ) ;
#3790 = ADVANCED_FACE ( 'NONE', ( #3067 ), #7896, .T. ) ;
#3791 = FILL_AREA_STYLE ('',( #1667 ) ) ;
#3792 = ORIENTED_EDGE ( 'NONE', *, *, #1733, .F. ) ;
#3793 = DIRECTION ( 'NONE',  ( 0.000000000000000000, 0.000000000000000000, 1.000000000000000000 ) ) ;
#3794 = CARTESIAN_POINT ( 'NONE',  ( -0.05426690114209350990, -5.327037639127340260E-17, 0.8699999999999999956 ) ) ;
#3795 = CARTESIAN_POINT ( 'NONE',  ( -3.644080586844731240, -0.6699999999999818323, 0.3485131856847026866 ) ) ;
#3796 = ORIENTED_EDGE ( 'NONE', *, *, #4281, .T. ) ;
#3797 = CIRCLE ( 'NONE', #4987, 0.3199999999999999512 ) ;
#3798 = CARTESIAN_POINT ( 'NONE',  ( -5.280000000000000249, 6.551643992949719860E-17, -0.8700000000000002176 ) ) ;
#3799 = DIRECTION ( 'NONE',  ( 0.000000000000000000, 1.000000000000000000, 0.000000000000000000 ) ) ;
#3800 = CARTESIAN_POINT ( 'NONE',  ( 5.965066995766666658, -0.6699999999999406430, -0.04860869467606916683 ) ) ;
#3801 = SURFACE_STYLE_FILL_AREA ( #5910 ) ;
#3802 = CARTESIAN_POINT ( 'NONE',  ( -1.270000000000000018, 3.330000000000000515, 0.4699999999999997513 ) ) ;
#3803 = CARTESIAN_POINT ( 'NONE',  ( -1.270000000000000018, 3.330000000000000071, 0.000000000000000000 ) ) ;
#3804 = PRESENTATION_STYLE_ASSIGNMENT (( #809 ) ) ;
#3805 = STYLED_ITEM ( 'NONE', ( #8911 ), #4391 ) ;
#3806 = EDGE_CURVE ( 'NONE', #8733, #215, #5929, .T. ) ;
#3807 = ORIENTED_EDGE ( 'NONE', *, *, #3643, .T. ) ;
#3808 = CARTESIAN_POINT ( 'NONE',  ( -3.169999999999998597, 7.175000000000000711, 0.3200000000000007838 ) ) ;
#3809 = AXIS2_PLACEMENT_3D ( 'NONE', #8574, #1731, #4543 ) ;
#3810 = CARTESIAN_POINT ( 'NONE',  ( 8.890000000000000568, -0.6700000000137151801, -0.4149999999834650399 ) ) ;
#3811 = CARTESIAN_POINT ( 'NONE',  ( 1.544065206108331312, -4.632925319547867460, -0.1370326030541655082 ) ) ;
#3812 = ORIENTED_EDGE ( 'NONE', *, *, #6978, .F. ) ;
#3813 = EDGE_LOOP ( 'NONE', ( #5716, #7256, #3404, #7813 ) ) ;
#3814 = CARTESIAN_POINT ( 'NONE',  ( 1.270000000000000018, 3.329999999999999183, 0.4700000000000004730 ) ) ;
#3815 = EDGE_LOOP ( 'NONE', ( #8481, #4870, #1622, #7833 ) ) ;
#3816 = CARTESIAN_POINT ( 'NONE',  ( 4.880000000000000782, 6.551643992949719860E-17, -0.8700000000000005507 ) ) ;
#3817 = DIRECTION ( 'NONE',  ( -0.4226182617407031605, 0.000000000000000000, 0.9063077870366482713 ) ) ;
#3818 = EDGE_CURVE ( 'NONE', #7933, #3218, #911, .T. ) ;
#3819 =( NAMED_UNIT ( * ) PLANE_ANGLE_UNIT ( ) SI_UNIT ( $, .RADIAN. ) );
#3820 = LINE ( 'NONE', #7988, #3057 ) ;
#3821 =( NAMED_UNIT ( * ) PLANE_ANGLE_UNIT ( ) SI_UNIT ( $, .RADIAN. ) );
#3822 = FACE_OUTER_BOUND ( 'NONE', #1674, .T. ) ;
#3823 = AXIS2_PLACEMENT_3D ( 'NONE', #3843, #1768, #6000 ) ;
#3824 = CARTESIAN_POINT ( 'NONE',  ( -1.387154517158603273, -0.6699999999999608491, -0.3676542739225975853 ) ) ;
#3825 = VERTEX_POINT ( 'NONE', #1739 ) ;
#3826 = CARTESIAN_POINT ( 'NONE',  ( -10.16000000000000014, 6.551643992949717395E-17, -0.8699999999999994404 ) ) ;
#3827 = ORIENTED_EDGE ( 'NONE', *, *, #3612, .F. ) ;
#3828 = VECTOR ( 'NONE', #4383, 1000.000000000000000 ) ;
#3829 = CARTESIAN_POINT ( 'NONE',  ( 1.962499999999999911, 3.330000000000000071, 0.000000000000000000 ) ) ;
#3830 = CARTESIAN_POINT ( 'NONE',  ( 3.810000000000000053, -0.2100000000000000200, 0.000000000000000000 ) ) ;
#3831 = CARTESIAN_POINT ( 'NONE',  ( -8.505000000000002558, -0.6699999999999980416, -0.02417445737801592748 ) ) ;
#3832 = CARTESIAN_POINT ( 'NONE',  ( 3.810000000000000497, 3.392132034355963555, 0.3199999999999999512 ) ) ;
#3833 = CARTESIAN_POINT ( 'NONE',  ( 0.8000670758099998059, 3.330000000000003624, 0.05941751562818570198 ) ) ;
#3834 = AXIS2_PLACEMENT_3D ( 'NONE', #4373, #3694, #2844 ) ;
#3835 = CYLINDRICAL_SURFACE ( 'NONE', #7354, 0.6650000000000000355 ) ;
#3836 = EDGE_CURVE ( 'NONE', #5740, #877, #4549, .T. ) ;
#3837 = DIRECTION ( 'NONE',  ( 0.000000000000000000, 0.000000000000000000, 1.000000000000000000 ) ) ;
#3838 = EDGE_CURVE ( 'NONE', #3558, #7463, #4092, .T. ) ;
#3839 = ORIENTED_EDGE ( 'NONE', *, *, #6322, .T. ) ;
#3840 = DIRECTION ( 'NONE',  ( 0.000000000000000000, 1.000000000000000000, 0.000000000000000000 ) ) ;
#3841 = VECTOR ( 'NONE', #631, 1000.000000000000000 ) ;
#3842 = FILL_AREA_STYLE_COLOUR ( '', #8547 ) ;
#3843 = CARTESIAN_POINT ( 'NONE',  ( 5.373261531630999954, 6.551643992949719860E-17, -1.070000000000000062 ) ) ;
#3844 = CYLINDRICAL_SURFACE ( 'NONE', #6537, 0.9150000000000000355 ) ;
#3845 = CARTESIAN_POINT ( 'NONE',  ( 1.270000000000000018, -4.630000000000003446, 2.584939414229660400E-17 ) ) ;
#3846 = FACE_BOUND ( 'NONE', #6324, .T. ) ;
#3847 = CARTESIAN_POINT ( 'NONE',  ( 6.349999999999999645, 3.392132034355963555, 0.3199999999999999512 ) ) ;
#3848 = AXIS2_PLACEMENT_3D ( 'NONE', #6840, #4720, #2769 ) ;
#3849 = FACE_OUTER_BOUND ( 'NONE', #3922, .T. ) ;
#3850 = CARTESIAN_POINT ( 'NONE',  ( 6.349999999999999645, 3.329999999999999627, -0.3821320343559646004 ) ) ;
#3851 = EDGE_CURVE ( 'NONE', #8798, #2772, #3477, .T. ) ;
#3852 = ADVANCED_FACE ( 'NONE', ( #3440 ), #621, .T. ) ;
#3853 = VERTEX_POINT ( 'NONE', #6853 ) ;
#3854 = CARTESIAN_POINT ( 'NONE',  ( 0.3865230632620001994, -6.551643992949719860E-17, 1.269999999999999796 ) ) ;
#3855 = CARTESIAN_POINT ( 'NONE',  ( -8.890000000000000568, 7.489960314960471877, 2.117582368135750848E-17 ) ) ;
#3856 = CARTESIAN_POINT ( 'NONE',  ( 3.810000000000000053, 3.479999999999999982, -0.4700000000000009726 ) ) ;
#3857 = AXIS2_PLACEMENT_3D ( 'NONE', #8760, #4352, #856 ) ;
#3858 = VERTEX_POINT ( 'NONE', #2605 ) ;
#3859 = CARTESIAN_POINT ( 'NONE',  ( 3.834174457377941714, -0.6699999999999713962, 0.3850000000000001199 ) ) ;
#3860 = ORIENTED_EDGE ( 'NONE', *, *, #2329, .F. ) ;
#3861 = EDGE_LOOP ( 'NONE', ( #2030, #7348, #1748, #2664 ) ) ;
#3862 = CARTESIAN_POINT ( 'NONE',  ( -1.270000000000000018, -0.8199999999999999512, 0.000000000000000000 ) ) ;
#3863 = AXIS2_PLACEMENT_3D ( 'NONE', #8927, #8148, #2632 ) ;
#3864 = CIRCLE ( 'NONE', #7538, 0.2349999999999989875 ) ;
#3865 = PRESENTATION_STYLE_ASSIGNMENT (( #1053 ) ) ;
#3866 = UNCERTAINTY_MEASURE_WITH_UNIT (LENGTH_MEASURE( 1.000000000000000082E-05 ), #4069, 'distance_accuracy_value', 'NONE');
#3867 = DIRECTION ( 'NONE',  ( 0.4226182617407031605, 0.000000000000000000, 0.9063077870366482713 ) ) ;
#3868 = CARTESIAN_POINT ( 'NONE',  ( 0.2932615316309999942, -6.551643992949719860E-17, 1.070000000000000062 ) ) ;
#3869 = VECTOR ( 'NONE', #3840, 1000.000000000000000 ) ;
#3870 = CARTESIAN_POINT ( 'NONE',  ( 6.350000000000000533, -0.7321320343559627464, -0.2349999999999980438 ) ) ;
#3871 = VECTOR ( 'NONE', #1718, 1000.000000000000000 ) ;
#3872 = VERTEX_POINT ( 'NONE', #2519 ) ;
#3873 = CARTESIAN_POINT ( 'NONE',  ( 9.272747374659086717, -0.6699999999999977085, -0.04807139133204148956 ) ) ;
#3874 = ORIENTED_EDGE ( 'NONE', *, *, #3291, .F. ) ;
#3875 = ORIENTED_EDGE ( 'NONE', *, *, #2361, .F. ) ;
#3876 = FILL_AREA_STYLE_COLOUR ( '', #1509 ) ;
#3877 = CIRCLE ( 'NONE', #7411, 0.1500000000000009936 ) ;
#3878 = FACE_OUTER_BOUND ( 'NONE', #8183, .T. ) ;
#3879 = FILL_AREA_STYLE_COLOUR ( '', #6919 ) ;
#3880 = CARTESIAN_POINT ( 'NONE',  ( 1.196235381267281905, 3.330000000000001847, 0.4658750626874176848 ) ) ;
#3881 = CARTESIAN_POINT ( 'NONE',  ( -5.950000000000000178, -0.6699999999999990408, 0.000000000000000000 ) ) ;
#3882 = AXIS2_PLACEMENT_3D ( 'NONE', #2119, #1376, #3646 ) ;
#3883 = CARTESIAN_POINT ( 'NONE',  ( 2.153476936737998670, 2.799999999999999822, 1.270000000000000240 ) ) ;
#3884 =( NAMED_UNIT ( * ) SI_UNIT ( $, .STERADIAN. ) SOLID_ANGLE_UNIT ( ) );
#3885 = ADVANCED_FACE ( 'NONE', ( #5337 ), #5280, .T. ) ;
#3886 = ORIENTED_EDGE ( 'NONE', *, *, #933, .F. ) ;
#3887 = CIRCLE ( 'NONE', #3153, 0.6650000000000000355 ) ;
#3888 = LINE ( 'NONE', #8701, #5351 ) ;
#3889 = ADVANCED_FACE ( 'NONE', ( #4970 ), #1490, .T. ) ;
#3890 = AXIS2_PLACEMENT_3D ( 'NONE', #6150, #8939, #6244 ) ;
#3891 = DIRECTION ( 'NONE',  ( 0.000000000000000000, 1.000000000000000000, 0.000000000000000000 ) ) ;
#3892 = CARTESIAN_POINT ( 'NONE',  ( 4.279999999999994031, -4.399999999999999467, -0.2349999999999975719 ) ) ;
#3893 = CARTESIAN_POINT ( 'NONE',  ( -6.350000000000001421, -4.632925319547866572, -0.1370326030541654527 ) ) ;
#3894 = FILL_AREA_STYLE ('',( #8756 ) ) ;
#3895 = ADVANCED_FACE ( 'NONE', ( #4308, #1547 ), #7067, .T. ) ;
#3896 = CARTESIAN_POINT ( 'NONE',  ( 3.385716281166609054, 3.330000000000003624, 0.2028530975047948548 ) ) ;
#3897 = VECTOR ( 'NONE', #666, 1000.000000000000000 ) ;
#3898 = DIRECTION ( 'NONE',  ( 0.000000000000000000, 0.000000000000000000, 1.000000000000000000 ) ) ;
#3899 = CARTESIAN_POINT ( 'NONE',  ( -5.976339873321310669, 7.492926245181915412, 0.1868300633393451260 ) ) ;
#3900 = VERTEX_POINT ( 'NONE', #6345 ) ;
#3901 = CARTESIAN_POINT ( 'NONE',  ( -8.986374156415305237, -0.6699999999999624034, 0.3759894986363451763 ) ) ;
#3902 = CARTESIAN_POINT ( 'NONE',  ( 3.761606353937658298, -0.6699999999999660671, -0.3827473746590864256 ) ) ;
#3903 = CARTESIAN_POINT ( 'NONE',  ( -8.889999999999998792, -0.6699999999999979305, 0.2971320343559630262 ) ) ;
#3904 = CARTESIAN_POINT ( 'NONE',  ( 3.810000000000000053, 7.492926245181917189, 0.1868300633393450705 ) ) ;
#3905 = CARTESIAN_POINT ( 'NONE',  ( -3.810000000000000053, -7.776250346772100076E-17, 1.270000000000000018 ) ) ;
#3906 = VERTEX_POINT ( 'NONE', #3488 ) ;
#3907 = CARTESIAN_POINT ( 'NONE',  ( -6.349999999999999645, -2.609999999999999876, -0.2349999999999989875 ) ) ;
#3908 = ORIENTED_EDGE ( 'NONE', *, *, #933, .T. ) ;
#3909 = CARTESIAN_POINT ( 'NONE',  ( 1.270000000000000018, -7.776250346772100076E-17, 1.270000000000000018 ) ) ;
#3910 = CARTESIAN_POINT ( 'NONE',  ( -10.16000000000000014, 2.799999999999999822, -0.8699999999999995515 ) ) ;
#3911 = VECTOR ( 'NONE', #6613, 1000.000000000000000 ) ;
#3912 = CARTESIAN_POINT ( 'NONE',  ( -8.890000000000000568, -4.537064994640259918, -0.2349999999999975719 ) ) ;
#3913 = DIRECTION ( 'NONE',  ( -0.4226182617407031605, 0.000000000000000000, 0.9063077870366482713 ) ) ;
#3914 = EDGE_CURVE ( 'NONE', #6815, #4891, #5064, .T. ) ;
#3915 = FILL_AREA_STYLE ('',( #8081 ) ) ;
#3916 = AXIS2_PLACEMENT_3D ( 'NONE', #3803, #3719, #992 ) ;
#3917 = CARTESIAN_POINT ( 'NONE',  ( -1.366374156415356200, -0.6699999999999622924, 0.3759894986363451763 ) ) ;
#3918 = ORIENTED_EDGE ( 'NONE', *, *, #6598, .T. ) ;
#3919 = CARTESIAN_POINT ( 'NONE',  ( 9.263736873295432162, -0.6699999999999970424, -0.09531021239248183008 ) ) ;
#3920 = ORIENTED_EDGE ( 'NONE', *, *, #8995, .F. ) ;
#3921 = ADVANCED_FACE ( 'NONE', ( #6298 ), #7793, .T. ) ;
#3922 = EDGE_LOOP ( 'NONE', ( #1057, #8129 ) ) ;
#3923 = PRESENTATION_STYLE_ASSIGNMENT (( #1795 ) ) ;
#3924 = STYLED_ITEM ( 'NONE', ( #6104 ), #5586 ) ;
#3925 = VERTEX_POINT ( 'NONE', #3582 ) ;
#3926 = CARTESIAN_POINT ( 'NONE',  ( -8.522576193866592931, -0.6699999999999964873, -0.1175135132073338307 ) ) ;
#3927 = CARTESIAN_POINT ( 'NONE',  ( 3.810000000000000053, 3.479999999999999982, -0.3199999999999999512 ) ) ;
#3928 = SURFACE_STYLE_FILL_AREA ( #2580 ) ;
#3929 = EDGE_LOOP ( 'NONE', ( #5233, #2749, #7658, #6870 ) ) ;
#3930 = FACE_OUTER_BOUND ( 'NONE', #6180, .T. ) ;
#3931 = CARTESIAN_POINT ( 'NONE',  ( -3.810000000000000497, 3.330000000000000071, 0.3821320343559643784 ) ) ;
#3932 = CARTESIAN_POINT ( 'NONE',  ( -7.420000000000000817, 6.551643992949719860E-17, -0.8700000000000002176 ) ) ;
#3933 = ORIENTED_EDGE ( 'NONE', *, *, #193, .F. ) ;
#3934 = ADVANCED_FACE ( 'NONE', ( #1401 ), #3531, .T. ) ;
#3935 = CARTESIAN_POINT ( 'NONE',  ( 3.810000000000000053, 7.174999999999999822, 0.000000000000000000 ) ) ;
#3936 = CARTESIAN_POINT ( 'NONE',  ( 6.349999999999999645, 5.327499999999999680, 0.000000000000000000 ) ) ;
#3937 = ADVANCED_FACE ( 'NONE', ( #2824 ), #6435, .T. ) ;
#3938 = FACE_OUTER_BOUND ( 'NONE', #6915, .T. ) ;
#3939 = CARTESIAN_POINT ( 'NONE',  ( 1.655000000000000249, -0.6699999999999979305, 2.710505431213761085E-17 ) ) ;
#3940 = CARTESIAN_POINT ( 'NONE',  ( -1.270000000000000018, -0.8199999999999999512, 0.3850000000000000089 ) ) ;
#3941 = CARTESIAN_POINT ( 'NONE',  ( -8.990000000000000213, -7.776250346772101309E-17, 1.270000000000000018 ) ) ;
#3942 = CARTESIAN_POINT ( 'NONE',  ( 6.349999999999999645, 3.392132034355963555, 0.3199999999999999512 ) ) ;
#3943 = EDGE_CURVE ( 'NONE', #8380, #5955, #8173, .T. ) ;
#3944 = CARTESIAN_POINT ( 'NONE',  ( -3.810000000000000053, -0.8199999999999999512, -0.2349999999999980438 ) ) ;
#3945 = CARTESIAN_POINT ( 'NONE',  ( 3.714367532877219436, -0.6699999999999622924, -0.3737368732954316486 ) ) ;
#3946 = CARTESIAN_POINT ( 'NONE',  ( -8.889999999999998792, -0.7321320343559629684, 0.2349999999999980715 ) ) ;
#3947 = CARTESIAN_POINT ( 'NONE',  ( 0.2932615316309999942, 7.776250346772098844E-17, -1.070000000000000062 ) ) ;
#3948 = CIRCLE ( 'NONE', #5566, 0.2300000000000030076 ) ;
#3949 = EDGE_LOOP ( 'NONE', ( #1326, #5746, #1751 ) ) ;
#3950 = ORIENTED_EDGE ( 'NONE', *, *, #2754, .F. ) ;
#3951 = CARTESIAN_POINT ( 'NONE',  ( -4.195401857581724236, 3.330000000000003624, 0.2725355999316859679 ) ) ;
#3952 = EDGE_LOOP ( 'NONE', ( #2893, #7418, #1915, #6621, #2792, #7701, #4949, #986, #7597, #5792, #1596, #3394, #1160, #2406, #2576, #3920, #533, #6466, #6318, #8042, #8956, #8214, #6288, #255, #7366, #5584, #3659, #4202, #6982, #6616, #926, #6219, #6798, #7872, #5036, #8389, #1466, #4178, #2137, #3592, #7066, #7322, #8947, #2927, #6108, #5874, #6556, #2344, #8396, #4286, #5227, #8505, #321, #1720, #5130, #5087, #2175, #2330, #771, #4307, #3548, #8097, #1455, #2229 ) ) ;
#3953 = CARTESIAN_POINT ( 'NONE',  ( 6.349999999999999645, 7.174999999999999822, 0.3200000000000007838 ) ) ;
#3954 = EDGE_CURVE ( 'NONE', #7096, #439, #407, .T. ) ;
#3955 = FILL_AREA_STYLE ('',( #5932 ) ) ;
#3956 = PLANE ( 'NONE',  #8105 ) ;
#3957 = AXIS2_PLACEMENT_3D ( 'NONE', #7061, #1435, #6192 ) ;
#3958 = EDGE_CURVE ( 'NONE', #3872, #1433, #4351, .T. ) ;
#3959 = EDGE_CURVE ( 'NONE', #1163, #6499, #5553, .T. ) ;
#3960 = UNCERTAINTY_MEASURE_WITH_UNIT (LENGTH_MEASURE( 1.000000000000000082E-05 ), #7825, 'distance_accuracy_value', 'NONE');
#3961 = CARTESIAN_POINT ( 'NONE',  ( -1.270000000000000240, -4.632925319547866572, -0.1370326030541654527 ) ) ;
#3962 = CARTESIAN_POINT ( 'NONE',  ( -3.340000000000004299, -0.7321320343559630794, -0.2349999999999980160 ) ) ;
#3963 = CARTESIAN_POINT ( 'NONE',  ( 5.280000000000000249, 6.551643992949719860E-17, -0.8700000000000002176 ) ) ;
#3964 = ORIENTED_EDGE ( 'NONE', *, *, #1670, .T. ) ;
#3965 = DIRECTION ( 'NONE',  ( 0.000000000000000000, 0.000000000000000000, 1.000000000000000000 ) ) ;
#3966 = ORIENTED_EDGE ( 'NONE', *, *, #5088, .F. ) ;
#3967 = CARTESIAN_POINT ( 'NONE',  ( -8.890000000000000568, 3.479999999999999982, -0.3199999999999999512 ) ) ;
#3968 = ADVANCED_FACE ( 'NONE', ( #8127 ), #162, .T. ) ;
#3969 =( GEOMETRIC_REPRESENTATION_CONTEXT ( 3 ) GLOBAL_UNCERTAINTY_ASSIGNED_CONTEXT ( ( #7457 ) ) GLOBAL_UNIT_ASSIGNED_CONTEXT ( ( #8791, #1815, #7650 ) ) REPRESENTATION_CONTEXT ( 'NONE', 'WORKASPACE' ) );
#3970 = FILL_AREA_STYLE ('',( #510 ) ) ;
#3971 = FILL_AREA_STYLE ('',( #1327 ) ) ;
#3972 = CARTESIAN_POINT ( 'NONE',  ( 3.810000000000000053, 3.329999999999999183, 0.4700000000000004730 ) ) ;
#3973 = DIRECTION ( 'NONE',  ( 0.000000000000000000, 1.000000000000000000, 0.000000000000000000 ) ) ;
#3974 = ORIENTED_EDGE ( 'NONE', *, *, #5908, .F. ) ;
#3975 = CARTESIAN_POINT ( 'NONE',  ( -8.890000000000000568, -0.6699999999999866063, 0.3850000000000000089 ) ) ;
#3976 = DIRECTION ( 'NONE',  ( 0.000000000000000000, 0.000000000000000000, 1.000000000000000000 ) ) ;
#3977 = FACE_OUTER_BOUND ( 'NONE', #3815, .T. ) ;
#3978 = ORIENTED_EDGE ( 'NONE', *, *, #5689, .T. ) ;
#3979 = DIRECTION ( 'NONE',  ( 0.000000000000000000, 0.000000000000000000, 1.000000000000000000 ) ) ;
#3980 = DIRECTION ( 'NONE',  ( 0.000000000000000000, 0.000000000000000000, 1.000000000000000000 ) ) ;
#3981 = VECTOR ( 'NONE', #5573, 1000.000000000000000 ) ;
#3982 = DIRECTION ( 'NONE',  ( 0.000000000000000000, 1.000000000000000000, 0.000000000000000000 ) ) ;
#3983 = CARTESIAN_POINT ( 'NONE',  ( 4.084065206108330237, -4.632925319547867460, 0.1370326030541655082 ) ) ;
#3984 = CARTESIAN_POINT ( 'NONE',  ( -5.880000000000005222, -4.537064994640259030, -0.2349999999999976275 ) ) ;
#3985 = DIRECTION ( 'NONE',  ( 0.000000000000000000, 1.000000000000000000, 0.000000000000000000 ) ) ;
#3986 =( BOUNDED_SURFACE ( )  B_SPLINE_SURFACE ( 3, 3, ( 
 ( #1089, #5246, #5971, #5288 ),
 ( #3904, #2284, #6712, #6530 ),
 ( #2374, #3020, #403, #1644 ),
 ( #3201, #8578, #3770, #306 ) ),
 .UNSPECIFIED., .F., .F., .F. ) 
 B_SPLINE_SURFACE_WITH_KNOTS ( ( 4, 4 ),
 ( 4, 4 ),
 ( 0.000000000000000000, 1.000000000000000000 ),
 ( 0.000000000000000000, 1.000000000000000000 ),
 .UNSPECIFIED. ) 
 GEOMETRIC_REPRESENTATION_ITEM ( )  RATIONAL_B_SPLINE_SURFACE ( (
 ( 1.000000000000000000, 0.3333333333333334259, 0.3333333333333334259, 1.000000000000000000),
 ( 0.8009815829414672628, 0.2669938609804891616, 0.2669938609804891616, 0.8009815829414672628),
 ( 0.8009815829414672628, 0.2669938609804891616, 0.2669938609804891616, 0.8009815829414672628),
 ( 1.000000000000000000, 0.3333333333333334259, 0.3333333333333334259, 1.000000000000000000) ) ) 
 REPRESENTATION_ITEM ( '' )  SURFACE ( )  );
#3987 = CARTESIAN_POINT ( 'NONE',  ( 6.349999999999999645, 3.479999999999999982, -0.3199999999999999512 ) ) ;
#3988 = LINE ( 'NONE', #7531, #5619 ) ;
#3989 = CARTESIAN_POINT ( 'NONE',  ( -0.8851378164120189407, 3.330000000000001403, -0.2733544892302188778 ) ) ;
#3990 = CIRCLE ( 'NONE', #5467, 0.9150000000000000355 ) ;
#3991 = VERTEX_POINT ( 'NONE', #1839 ) ;
#3992 = CARTESIAN_POINT ( 'NONE',  ( -9.257654273922543808, -0.6699999999999423084, 0.1171545171587328599 ) ) ;
#3993 = CARTESIAN_POINT ( 'NONE',  ( 3.692845482841440763, -0.6699999999999608491, -0.3676542739226189571 ) ) ;
#3994 = CARTESIAN_POINT ( 'NONE',  ( 4.750000000000000888, 3.329999999999999183, -0.4700000000000004730 ) ) ;
#3995 =( NAMED_UNIT ( * ) PLANE_ANGLE_UNIT ( ) SI_UNIT ( $, .RADIAN. ) );
#3996 = CIRCLE ( 'NONE', #3101, 0.1500000000000020206 ) ;
#3997 = ORIENTED_EDGE ( 'NONE', *, *, #2481, .T. ) ;
#3998 = CARTESIAN_POINT ( 'NONE',  ( 3.859553470759552241, -0.6699999999999730615, -0.3850000000000000089 ) ) ;
#3999 = VERTEX_POINT ( 'NONE', #1932 ) ;
#4000 = CARTESIAN_POINT ( 'NONE',  ( -4.219541249142492845, 3.330000000000004068, 0.2312905507728209575 ) ) ;
#4001 = ORIENTED_EDGE ( 'NONE', *, *, #2084, .T. ) ;
#4002 = CARTESIAN_POINT ( 'NONE',  ( 6.349999999999999645, 1.967086183247610087, 0.9150000000000000355 ) ) ;
#4003 = CARTESIAN_POINT ( 'NONE',  ( -8.890000000000000568, -4.629945645751342376, -1.355252715606880543E-17 ) ) ;
#4004 = EDGE_CURVE ( 'NONE', #773, #3355, #2706, .T. ) ;
#4005 = VECTOR ( 'NONE', #7108, 1000.000000000000000 ) ;
#4006 = CARTESIAN_POINT ( 'NONE',  ( 8.295735931288076515, -0.6699999999999978195, -0.2971320343559630262 ) ) ;
#4007 = EDGE_CURVE ( 'NONE', #650, #5262, #7598, .T. ) ;
#4008 = EDGE_LOOP ( 'NONE', ( #9035, #4587, #3645, #3627 ) ) ;
#4009 = DIRECTION ( 'NONE',  ( 1.000000000000000000, 0.000000000000000000, 0.000000000000000000 ) ) ;
#4010 = DIRECTION ( 'NONE',  ( 0.000000000000000000, 0.000000000000000000, 1.000000000000000000 ) ) ;
#4011 = ORIENTED_EDGE ( 'NONE', *, *, #1938, .T. ) ;
#4012 = LINE ( 'NONE', #1323, #882 ) ;
#4013 = VERTEX_POINT ( 'NONE', #4831 ) ;
#4014 = EDGE_CURVE ( 'NONE', #6059, #6727, #7749, .T. ) ;
#4015 = EDGE_CURVE ( 'NONE', #6672, #4444, #4677, .T. ) ;
#4016 = ORIENTED_EDGE ( 'NONE', *, *, #7876, .T. ) ;
#4017 = PRESENTATION_LAYER_ASSIGNMENT (  '', '', ( #609 ) ) ;
#4018 = VECTOR ( 'NONE', #7057, 1000.000000000000000 ) ;
#4019 =( NAMED_UNIT ( * ) PLANE_ANGLE_UNIT ( ) SI_UNIT ( $, .RADIAN. ) );
#4020 = FACE_OUTER_BOUND ( 'NONE', #5172, .T. ) ;
#4021 = ADVANCED_FACE ( 'NONE', ( #5486 ), #558, .F. ) ;
#4022 = AXIS2_PLACEMENT_3D ( 'NONE', #3666, #290, #674 ) ;
#4023 = CARTESIAN_POINT ( 'NONE',  ( 0.8604587508573456889, 3.330000000000003624, 0.2312905507726948362 ) ) ;
#4024 = AXIS2_PLACEMENT_3D ( 'NONE', #8968, #8456, #5622 ) ;
#4025 = CARTESIAN_POINT ( 'NONE',  ( 1.624665180711680090, 3.330000000000001403, 0.3098033545076231965 ) ) ;
#4026 = VECTOR ( 'NONE', #232, 1000.000000000000000 ) ;
#4027 = CIRCLE ( 'NONE', #7098, 0.6650000000000000355 ) ;
#4028 = AXIS2_PLACEMENT_3D ( 'NONE', #6237, #5592, #8369 ) ;
#4029 = ORIENTED_EDGE ( 'NONE', *, *, #3544, .F. ) ;
#4030 = LINE ( 'NONE', #6696, #3869 ) ;
#4031 = CARTESIAN_POINT ( 'NONE',  ( 3.810000000000000053, 2.799999999999999822, -0.9150000000000000355 ) ) ;
#4032 = CARTESIAN_POINT ( 'NONE',  ( 8.744989869699908880, 3.330000000000003624, 0.4473128447807979136 ) ) ;
#4033 = CARTESIAN_POINT ( 'NONE',  ( -8.890000000000000568, 3.479999999999999982, -0.3199999999999999512 ) ) ;
#4034 = MECHANICAL_DESIGN_GEOMETRIC_PRESENTATION_REPRESENTATION (  '', ( #494 ), #3589 ) ;
#4035 = CARTESIAN_POINT ( 'NONE',  ( -6.349999999999999645, -0.8199999999999999512, -0.2349999999999980438 ) ) ;
#4036 = DIRECTION ( 'NONE',  ( 0.000000000000000000, 0.000000000000000000, 1.000000000000000000 ) ) ;
#4037 = CARTESIAN_POINT ( 'NONE',  ( 3.810000000000000053, 3.479999999999999982, 0.000000000000000000 ) ) ;
#4038 = DIRECTION ( 'NONE',  ( 0.000000000000000000, 1.000000000000000000, 0.000000000000000000 ) ) ;
#4039 = CARTESIAN_POINT ( 'NONE',  ( -8.990000000000000213, -7.776250346772101309E-17, 1.270000000000000018 ) ) ;
#4040 = AXIS2_PLACEMENT_3D ( 'NONE', #6643, #7998, #8090 ) ;
#4041 = EDGE_LOOP ( 'NONE', ( #8592, #8749, #3796 ) ) ;
#4042 = CARTESIAN_POINT ( 'NONE',  ( -9.243480234547895691, -0.6699999999999435296, -0.1530092933618188711 ) ) ;
#4043 = CARTESIAN_POINT ( 'NONE',  ( 3.456519765452123139, -0.6699999999999434186, -0.1530092933619088824 ) ) ;
#4044 = CARTESIAN_POINT ( 'NONE',  ( 3.810000000000000053, 3.479999999999999982, -0.3199999999999999512 ) ) ;
#4045 =( BOUNDED_SURFACE ( )  B_SPLINE_SURFACE ( 3, 3, ( 
 ( #2502, #5278, #3892, #7479 ),
 ( #1167, #8058, #6094, #522 ),
 ( #6744, #3983, #4627, #8889 ),
 ( #6699, #3340, #433, #8841 ) ),
 .UNSPECIFIED., .F., .F., .F. ) 
 B_SPLINE_SURFACE_WITH_KNOTS ( ( 4, 4 ),
 ( 4, 4 ),
 ( 0.000000000000000000, 1.000000000000000000 ),
 ( 0.000000000000000000, 1.000000000000000000 ),
 .UNSPECIFIED. ) 
 GEOMETRIC_REPRESENTATION_ITEM ( )  RATIONAL_B_SPLINE_SURFACE ( (
 ( 1.000000000000000000, 0.3333333333333334259, 0.3333333333333334259, 1.000000000000000000),
 ( 0.7995857374534958151, 0.2665285791511653457, 0.2665285791511653457, 0.7995857374534958151),
 ( 0.7995857374534958151, 0.2665285791511653457, 0.2665285791511653457, 0.7995857374534958151),
 ( 1.000000000000000000, 0.3333333333333334259, 0.3333333333333334259, 1.000000000000000000) ) ) 
 REPRESENTATION_ITEM ( '' )  SURFACE ( )  );
#4046 = VECTOR ( 'NONE', #1117, 1000.000000000000000 ) ;
#4047 = ORIENTED_EDGE ( 'NONE', *, *, #7774, .F. ) ;
#4048 = CARTESIAN_POINT ( 'NONE',  ( 3.906792291819991103, -0.6699999999999766143, -0.3759894986363453429 ) ) ;
#4049 = EDGE_LOOP ( 'NONE', ( #5673, #5703, #4325, #4267 ) ) ;
#4050 = CARTESIAN_POINT ( 'NONE',  ( -4.223309043241556537, 3.330000000000004512, -0.2330404979641030883 ) ) ;
#4051 = ORIENTED_EDGE ( 'NONE', *, *, #1690, .T. ) ;
#4052 = FACE_OUTER_BOUND ( 'NONE', #6328, .T. ) ;
#4053 =( LENGTH_UNIT ( ) NAMED_UNIT ( * ) SI_UNIT ( .MILLI., .METRE. ) );
#4054 = VECTOR ( 'NONE', #4080, 1000.000000000000000 ) ;
#4055 = DIRECTION ( 'NONE',  ( 0.9063077870366482713, -2.587705042845171132E-17, 0.4226182617407031605 ) ) ;
#4056 = EDGE_CURVE ( 'NONE', #7993, #1424, #6440, .T. ) ;
#4057 = UNCERTAINTY_MEASURE_WITH_UNIT (LENGTH_MEASURE( 1.000000000000000082E-05 ), #4059, 'distance_accuracy_value', 'NONE');
#4058 = CARTESIAN_POINT ( 'NONE',  ( 6.349999999999999645, -0.2100000000000000200, -0.6650000000000000355 ) ) ;
#4059 =( LENGTH_UNIT ( ) NAMED_UNIT ( * ) SI_UNIT ( .MILLI., .METRE. ) );
#4060 = VERTEX_POINT ( 'NONE', #7082 ) ;
#4061 = CARTESIAN_POINT ( 'NONE',  ( 1.270000000000000018, -4.400000000000000355, 0.004999999999994560011 ) ) ;
#4062 = DIRECTION ( 'NONE',  ( 0.000000000000000000, 1.000000000000000000, 0.000000000000000000 ) ) ;
#4063 = CARTESIAN_POINT ( 'NONE',  ( 5.976339873321310669, 7.492926245181915412, -0.1868300633393451260 ) ) ;
#4064 = AXIS2_PLACEMENT_3D ( 'NONE', #2085, #4120, #5005 ) ;
#4065 = EDGE_LOOP ( 'NONE', ( #54, #7622, #4741, #8573 ) ) ;
#4066 = EDGE_CURVE ( 'NONE', #683, #8621, #825, .T. ) ;
#4067 = DIRECTION ( 'NONE',  ( 0.000000000000000000, -6.123031769111889989E-17, 1.000000000000000000 ) ) ;
#4068 = AXIS2_PLACEMENT_3D ( 'NONE', #8482, #5610, #3452 ) ;
#4069 =( LENGTH_UNIT ( ) NAMED_UNIT ( * ) SI_UNIT ( .MILLI., .METRE. ) );
#4070 = CARTESIAN_POINT ( 'NONE',  ( -3.810000000000000053, 7.174999999999999822, 0.000000000000000000 ) ) ;
#4071 = CARTESIAN_POINT ( 'NONE',  ( 1.270000000000000018, 3.330000000000000515, -0.4700000000000001954 ) ) ;
#4072 = FACE_OUTER_BOUND ( 'NONE', #4593, .T. ) ;
#4073 = FACE_OUTER_BOUND ( 'NONE', #4203, .T. ) ;
#4074 = CIRCLE ( 'NONE', #7871, 0.9150000000000000355 ) ;
#4075 = VECTOR ( 'NONE', #4983, 1000.000000000000000 ) ;
#4076 = ORIENTED_EDGE ( 'NONE', *, *, #2293, .T. ) ;
#4077 = CARTESIAN_POINT ( 'NONE',  ( -9.973476936738002507, 2.799999999999999822, 1.270000000000000018 ) ) ;
#4078 = LINE ( 'NONE', #3232, #45 ) ;
#4079 = CARTESIAN_POINT ( 'NONE',  ( 9.078897525440178029, -0.6699999999999834976, 0.3366411651431963636 ) ) ;
#4080 = DIRECTION ( 'NONE',  ( 1.000000000000000000, -0.000000000000000000, 0.000000000000000000 ) ) ;
#4081 = LINE ( 'NONE', #9022, #2076 ) ;
#4082 = CARTESIAN_POINT ( 'NONE',  ( 1.270000000000000018, 7.489960314960471877, 2.117582368135750848E-17 ) ) ;
#4083 = CARTESIAN_POINT ( 'NONE',  ( 8.890000000000000568, -0.8199999999999999512, 0.2349999999999980438 ) ) ;
#4084 = EDGE_LOOP ( 'NONE', ( #2604, #5489, #7633 ) ) ;
#4085 = CARTESIAN_POINT ( 'NONE',  ( 4.404264068711926328, -0.6699999999999978195, -0.2971320343559630262 ) ) ;
#4086 = CARTESIAN_POINT ( 'NONE',  ( 3.810000000000000053, -4.629945645751342376, 1.355252715606880543E-17 ) ) ;
#4087 =( NAMED_UNIT ( * ) SI_UNIT ( $, .STERADIAN. ) SOLID_ANGLE_UNIT ( ) );
#4088 = PLANE ( 'NONE',  #7279 ) ;
#4089 = ORIENTED_EDGE ( 'NONE', *, *, #8158, .T. ) ;
#4090 = CARTESIAN_POINT ( 'NONE',  ( 3.999988459702862098, -0.6699999999999830536, -0.3351279351845753429 ) ) ;
#4091 = ORIENTED_EDGE ( 'NONE', *, *, #3045, .T. ) ;
#4092 = LINE ( 'NONE', #8861, #99 ) ;
#4093 = ORIENTED_EDGE ( 'NONE', *, *, #1244, .T. ) ;
#4094 = CYLINDRICAL_SURFACE ( 'NONE', #8838, 0.2349999999999989875 ) ;
#4095 = CARTESIAN_POINT ( 'NONE',  ( -2.153476936738000003, 2.799999999999999822, -1.269999999999999796 ) ) ;
#4096 = CIRCLE ( 'NONE', #2618, 0.9150000000000000355 ) ;
#4097 = CARTESIAN_POINT ( 'NONE',  ( -3.810000000000000053, -0.6699999999999979305, -0.3849999999999999534 ) ) ;
#4098 = CARTESIAN_POINT ( 'NONE',  ( 8.890000000000000568, -0.6699999999999866063, -0.3849999999999998979 ) ) ;
#4099 = ORIENTED_EDGE ( 'NONE', *, *, #6004, .T. ) ;
#4100 = CARTESIAN_POINT ( 'NONE',  ( 6.704665180711698369, 3.330000000000001403, 0.3098033545076138706 ) ) ;
#4101 = CARTESIAN_POINT ( 'NONE',  ( -1.655033497883340310, -0.6699999999999409761, 0.02430434733794454086 ) ) ;
#4102 = CARTESIAN_POINT ( 'NONE',  ( 8.890000000000000568, -0.4200000000000000400, -0.6649999999971801801 ) ) ;
#4103 = EDGE_CURVE ( 'NONE', #3614, #7078, #6315, .T. ) ;
#4104 = CIRCLE ( 'NONE', #3957, 0.3199999999999999512 ) ;
#4105 = VERTEX_POINT ( 'NONE', #4323 ) ;
#4106 = CARTESIAN_POINT ( 'NONE',  ( -7.290000000000000036, 3.329999999999999183, -0.4700000000000004730 ) ) ;
#4107 = PRESENTATION_STYLE_ASSIGNMENT (( #3326 ) ) ;
#4108 = CARTESIAN_POINT ( 'NONE',  ( -7.233476936737999630, -6.551643992949721092E-17, 1.269999999999999796 ) ) ;
#4109 = EDGE_LOOP ( 'NONE', ( #6215, #7466, #105, #5669 ) ) ;
#4110 = CARTESIAN_POINT ( 'NONE',  ( -3.810000000000000053, -0.4200000000000000400, -0.6650000000587533711 ) ) ;
#4111 = CARTESIAN_POINT ( 'NONE',  ( 1.553714065135196387, 3.330000000000000959, -0.3760777678184974437 ) ) ;
#4112 = DIRECTION ( 'NONE',  ( 0.000000000000000000, 0.000000000000000000, 1.000000000000000000 ) ) ;
#4113 = CIRCLE ( 'NONE', #141, 0.3200000000000000067 ) ;
#4114 = VERTEX_POINT ( 'NONE', #5708 ) ;
#4115 = CARTESIAN_POINT ( 'NONE',  ( -7.420000000000000817, 2.799999999999999822, 0.8699999999999999956 ) ) ;
#4116 = EDGE_CURVE ( 'NONE', #7352, #3763, #9062, .T. ) ;
#4117 = DIRECTION ( 'NONE',  ( -0.4226182617407017728, 0.000000000000000000, 0.9063077870366488265 ) ) ;
#4118 = CARTESIAN_POINT ( 'NONE',  ( 1.605127935184576859, -0.6699999999999943778, 0.1899884597028650979 ) ) ;
#4119 = EDGE_CURVE ( 'NONE', #6637, #6886, #8352, .T. ) ;
#4120 = DIRECTION ( 'NONE',  ( 0.000000000000000000, 1.000000000000000000, 0.000000000000000000 ) ) ;
#4121 = CIRCLE ( 'NONE', #3676, 0.2349999999999989875 ) ;
#4122 = DIRECTION ( 'NONE',  ( 1.000000000000000000, 0.000000000000000000, 0.000000000000000000 ) ) ;
#4123 = CARTESIAN_POINT ( 'NONE',  ( 4.041933963793096218, 3.330000000000001847, 0.4091172195759820163 ) ) ;
#4124 = EDGE_CURVE ( 'NONE', #6851, #5862, #5423, .T. ) ;
#4125 = CARTESIAN_POINT ( 'NONE',  ( 8.890000000000000568, -0.6699999999999979305, -0.3849999999999999534 ) ) ;
#4126 = ORIENTED_EDGE ( 'NONE', *, *, #7714, .T. ) ;
#4127 = AXIS2_PLACEMENT_3D ( 'NONE', #3881, #5993, #8785 ) ;
#4128 = CARTESIAN_POINT ( 'NONE',  ( -5.709999999999999964, 3.479999999999999538, 0.3199999999999999512 ) ) ;
#4129 = CARTESIAN_POINT ( 'NONE',  ( -6.059302866753232486, -0.6699999999999909361, 0.2539486160370341694 ) ) ;
#4130 = DIRECTION ( 'NONE',  ( 0.000000000000000000, 1.000000000000000000, 0.000000000000000000 ) ) ;
#4131 =( NAMED_UNIT ( * ) PLANE_ANGLE_UNIT ( ) SI_UNIT ( $, .RADIAN. ) );
#4132 = CARTESIAN_POINT ( 'NONE',  ( -6.253207708180019253, -0.6699999999999765032, -0.3759894986363452873 ) ) ;
#4133 = ORIENTED_EDGE ( 'NONE', *, *, #8040, .F. ) ;
#4134 = STYLED_ITEM ( 'NONE', ( #6269 ), #2314 ) ;
#4135 = VERTEX_POINT ( 'NONE', #3504 ) ;
#4136 = EDGE_CURVE ( 'NONE', #4114, #40, #779, .T. ) ;
#4137 = CARTESIAN_POINT ( 'NONE',  ( -9.346300515815579857, 3.330000000000004956, -0.1166483506769144946 ) ) ;
#4138 = DIRECTION ( 'NONE',  ( -1.000000000000000000, 0.000000000000000000, -1.224646799147353207E-16 ) ) ;
#4139 = CARTESIAN_POINT ( 'NONE',  ( -1.270000000000000018, -4.400000000000000355, 0.2349999999999975719 ) ) ;
#4140 = CARTESIAN_POINT ( 'NONE',  ( 9.299117219575935067, 3.330000000000000959, -0.2319339637931466247 ) ) ;
#4141 = EDGE_LOOP ( 'NONE', ( #8876, #1781, #7184, #5557 ) ) ;
#4142 = CARTESIAN_POINT ( 'NONE',  ( -6.990000000000001101, 7.175000000000000711, -0.3200000000000007838 ) ) ;
#4143 = CARTESIAN_POINT ( 'NONE',  ( 6.349999999999999645, -2.609999999999999876, 0.2349999999999989875 ) ) ;
#4144 = DIRECTION ( 'NONE',  ( -1.000000000000000000, -0.000000000000000000, -0.000000000000000000 ) ) ;
#4145 = DIRECTION ( 'NONE',  ( 0.000000000000000000, 0.000000000000000000, 1.000000000000000000 ) ) ;
#4146 = VECTOR ( 'NONE', #117, 1000.000000000000000 ) ;
#4147 = DIRECTION ( 'NONE',  ( -0.000000000000000000, -1.000000000000000000, -0.000000000000000000 ) ) ;
#4148 = DIRECTION ( 'NONE',  ( -0.000000000000000000, -1.000000000000000000, -0.000000000000000000 ) ) ;
#4149 = ORIENTED_EDGE ( 'NONE', *, *, #8710, .T. ) ;
#4150 = DIRECTION ( 'NONE',  ( 2.345257230884581992E-17, 1.000000000000000000, 1.093611407104877670E-17 ) ) ;
#4151 =( NAMED_UNIT ( * ) SI_UNIT ( $, .STERADIAN. ) SOLID_ANGLE_UNIT ( ) );
#4152 = CARTESIAN_POINT ( 'NONE',  ( 1.680964539265719759, 3.330000000000001403, 0.2306021739139975657 ) ) ;
#4153 = AXIS2_PLACEMENT_3D ( 'NONE', #7795, #2232, #4919 ) ;
#4154 = ORIENTED_EDGE ( 'NONE', *, *, #5565, .T. ) ;
#4155 = CYLINDRICAL_SURFACE ( 'NONE', #1658, 0.2349999999999989875 ) ;
#4156 = ORIENTED_EDGE ( 'NONE', *, *, #6037, .F. ) ;
#4157 = VERTEX_POINT ( 'NONE', #2795 ) ;
#4158 = COLOUR_RGB ( '',0.000000000000000000, 0.000000000000000000, 0.000000000000000000 ) ;
#4159 = CARTESIAN_POINT ( 'NONE',  ( 5.025733098857910086, 2.799999999999999822, -0.8699999999999997735 ) ) ;
#4160 = CARTESIAN_POINT ( 'NONE',  ( -6.516190672783258364, -0.6699999999999570743, 0.3475360023647481866 ) ) ;
#4161 = DIRECTION ( 'NONE',  ( 0.000000000000000000, 1.000000000000000000, 0.000000000000000000 ) ) ;
#4162 = CIRCLE ( 'NONE', #3584, 0.6650000000000000355 ) ;
#4163 = CARTESIAN_POINT ( 'NONE',  ( 1.270000000000000240, 7.492926245181917189, -0.1868300633393450705 ) ) ;
#4164 = AXIS2_PLACEMENT_3D ( 'NONE', #3862, #7409, #1606 ) ;
#4165 = CARTESIAN_POINT ( 'NONE',  ( -1.037595925367970962, -0.6699999999999864952, 0.3080637034257876494 ) ) ;
#4166 = EDGE_CURVE ( 'NONE', #5862, #6851, #3797, .T. ) ;
#4167 = ORIENTED_EDGE ( 'NONE', *, *, #3420, .F. ) ;
#4168 = CARTESIAN_POINT ( 'NONE',  ( 3.810000000000000053, -0.7321320343559629684, 0.2349999999999980715 ) ) ;
#4169 = PRESENTATION_LAYER_ASSIGNMENT (  '', '', ( #494 ) ) ;
#4170 = CARTESIAN_POINT ( 'NONE',  ( -6.034740551741745840, -0.6699999999999928235, 0.2239180390502567009 ) ) ;
#4171 = LINE ( 'NONE', #26, #7729 ) ;
#4172 = B_SPLINE_CURVE_WITH_KNOTS ( 'NONE', 3,
 ( #1224, #5800, #3902, #3945, #3993, #918, #8206, #6709, #2342, #401, #7443, #4043, #7941, #8629, #3740, #6847, #3026, #2513, #4680, #1136, #1609, #4416, #6103, #487, #7901, #3199, #6011, #441 ),
 .UNSPECIFIED., .F., .F.,
 ( 4, 2, 2, 2, 1, 2, 2, 2, 2, 2, 2, 1, 2, 2, 4 ),
 ( 0.000000000000000000, 0.06249999999999940326, 0.1249999999999988065, 0.2499999999999986122, 0.3124999999999985012, 0.3437499999999987788, 0.3749999999999990008, 0.4999999999999994449, 0.5624999999999996669, 0.6249999999999997780, 0.7499999999999998890, 0.8124999999999995559, 0.8437499999999994449, 0.8749999999999994449, 1.000000000000000000 ),
 .UNSPECIFIED. ) ;
#4173 = CARTESIAN_POINT ( 'NONE',  ( -8.890000000000000568, -0.8199999999999999512, 0.000000000000000000 ) ) ;
#4174 = VERTEX_POINT ( 'NONE', #1372 ) ;
#4175 = CARTESIAN_POINT ( 'NONE',  ( 8.890000000000000568, 3.330000000000000515, -0.4700000000000001954 ) ) ;
#4176 = ORIENTED_EDGE ( 'NONE', *, *, #2647, .T. ) ;
#4177 = CARTESIAN_POINT ( 'NONE',  ( 10.16000000000000014, 2.799999999999999822, 0.000000000000000000 ) ) ;
#4178 = ORIENTED_EDGE ( 'NONE', *, *, #177, .F. ) ;
#4179 = SURFACE_STYLE_USAGE ( .BOTH. , #6347 ) ;
#4180 = STYLED_ITEM ( 'NONE', ( #4107 ), #1526 ) ;
#4181 = DIRECTION ( 'NONE',  ( -1.000000000000000000, 0.000000000000000000, 0.000000000000000000 ) ) ;
#4182 = SURFACE_STYLE_USAGE ( .BOTH. , #7071 ) ;
#4183 =( NAMED_UNIT ( * ) SI_UNIT ( $, .STERADIAN. ) SOLID_ANGLE_UNIT ( ) );
#4184 = AXIS2_PLACEMENT_3D ( 'NONE', #5852, #8640, #3225 ) ;
#4185 = CARTESIAN_POINT ( 'NONE',  ( 8.536519765452107222, -0.6699999999999434186, -0.1530092933619225659 ) ) ;
#4186 = EDGE_LOOP ( 'NONE', ( #429, #4457 ) ) ;
#4187 = CARTESIAN_POINT ( 'NONE',  ( 8.250000000000000000, 3.479999999999999538, -0.3199999999999999512 ) ) ;
#4188 = CARTESIAN_POINT ( 'NONE',  ( -3.810000000000000053, -2.609999999999999876, -0.2349999999999989875 ) ) ;
#4189 = CARTESIAN_POINT ( 'NONE',  ( 1.270000000000000018, -0.6699999999568717612, 0.4149999999521968852 ) ) ;
#4190 = ORIENTED_EDGE ( 'NONE', *, *, #3204, .F. ) ;
#4191 = DIRECTION ( 'NONE',  ( 0.000000000000000000, 1.000000000000000000, 0.000000000000000000 ) ) ;
#4192 = PRESENTATION_LAYER_ASSIGNMENT (  '', '', ( #5086 ) ) ;
#4193 = SURFACE_STYLE_USAGE ( .BOTH. , #1512 ) ;
#4194 = CARTESIAN_POINT ( 'NONE',  ( 1.270000000000000018, 3.330000000000000071, 0.9150000000000000355 ) ) ;
#4195 = VERTEX_POINT ( 'NONE', #2932 ) ;
#4196 = CARTESIAN_POINT ( 'NONE',  ( -3.810000000000000497, -4.632925319547866572, -0.1370326030541654527 ) ) ;
#4197 = DIRECTION ( 'NONE',  ( 0.000000000000000000, 0.000000000000000000, -1.000000000000000000 ) ) ;
#4198 = ORIENTED_EDGE ( 'NONE', *, *, #4725, .F. ) ;
#4199 = CARTESIAN_POINT ( 'NONE',  ( -1.270000000000000018, 3.330000000000000515, -0.4700000000000001954 ) ) ;
#4200 = SURFACE_SIDE_STYLE ('',( #746 ) ) ;
#4201 = AXIS2_PLACEMENT_3D ( 'NONE', #5028, #2019, #2748 ) ;
#4202 = ORIENTED_EDGE ( 'NONE', *, *, #5577, .F. ) ;
#4203 = EDGE_LOOP ( 'NONE', ( #6121, #662, #5152 ) ) ;
#4204 = CARTESIAN_POINT ( 'NONE',  ( 8.534814595052807817, 3.330000000000004068, 0.3095472568614733300 ) ) ;
#4205 = CARTESIAN_POINT ( 'NONE',  ( -3.905632467122767348, -0.6699999999999624034, -0.3737368732954314821 ) ) ;
#4206 = CARTESIAN_POINT ( 'NONE',  ( -3.433922232181516598, 3.330000000000000071, 0.2837140651352204612 ) ) ;
#4207 = CARTESIAN_POINT ( 'NONE',  ( -8.990000000000000213, 2.799999999999999822, 1.714448895351330084E-16 ) ) ;
#4208 = AXIS2_PLACEMENT_3D ( 'NONE', #5833, #3679, #6618 ) ;
#4209 = DIRECTION ( 'NONE',  ( -0.000000000000000000, -1.000000000000000000, -0.000000000000000000 ) ) ;
#4210 = DIRECTION ( 'NONE',  ( 2.345257230884581992E-17, -1.000000000000000000, -1.093611407104877670E-17 ) ) ;
#4211 = ADVANCED_FACE ( 'NONE', ( #5667 ), #8446, .T. ) ;
#4212 = ORIENTED_EDGE ( 'NONE', *, *, #181, .T. ) ;
#4213 = CIRCLE ( 'NONE', #2296, 0.2349999999999980160 ) ;
#4214 = SURFACE_STYLE_FILL_AREA ( #1393 ) ;
#4215 = CARTESIAN_POINT ( 'NONE',  ( -5.585735931288071221, 3.329999999999999627, 0.3821320343559643784 ) ) ;
#4216 = CARTESIAN_POINT ( 'NONE',  ( -6.117595925367951715, -0.6699999999999868283, 0.3080637034257805440 ) ) ;
#4217 =( GEOMETRIC_REPRESENTATION_CONTEXT ( 3 ) GLOBAL_UNCERTAINTY_ASSIGNED_CONTEXT ( ( #3778 ) ) GLOBAL_UNIT_ASSIGNED_CONTEXT ( ( #3591, #2337, #7311 ) ) REPRESENTATION_CONTEXT ( 'NONE', 'WORKASPACE' ) );
#4218 = LINE ( 'NONE', #7063, #6575 ) ;
#4219 = CARTESIAN_POINT ( 'NONE',  ( -6.206541944915676901, 3.330000000000001847, -0.4485433477472281494 ) ) ;
#4220 = LINE ( 'NONE', #30, #7292 ) ;
#4221 = ADVANCED_FACE ( 'NONE', ( #2156 ), #6736, .T. ) ;
#4222 = ORIENTED_EDGE ( 'NONE', *, *, #6158, .F. ) ;
#4223 = CARTESIAN_POINT ( 'NONE',  ( 2.926523063262000068, 7.776250346772100076E-17, -1.270000000000000018 ) ) ;
#4224 = ORIENTED_EDGE ( 'NONE', *, *, #6004, .F. ) ;
#4225 = CARTESIAN_POINT ( 'NONE',  ( 1.270000000000000018, -4.400000000000000355, 0.2349999999999975719 ) ) ;
#4226 = EDGE_LOOP ( 'NONE', ( #7708, #869, #7168, #6434 ) ) ;
#4227 = CARTESIAN_POINT ( 'NONE',  ( 8.516212879879507369, -0.6699999999999417533, 0.09550504733245160360 ) ) ;
#4228 = EDGE_CURVE ( 'NONE', #9044, #3305, #7683, .T. ) ;
#4229 = CARTESIAN_POINT ( 'NONE',  ( -0.8000000000000051514, -4.537064994640259030, 0.2349999999999976275 ) ) ;
#4230 = EDGE_CURVE ( 'NONE', #9044, #2303, #1148, .T. ) ;
#4231 = VECTOR ( 'NONE', #5035, 1000.000000000000000 ) ;
#4232 = DIRECTION ( 'NONE',  ( 0.000000000000000000, 1.000000000000000000, 0.000000000000000000 ) ) ;
#4233 = CARTESIAN_POINT ( 'NONE',  ( 6.735000000000000320, -0.6699999999999979305, 2.710505431213761085E-17 ) ) ;
#4234 = ORIENTED_EDGE ( 'NONE', *, *, #4724, .F. ) ;
#4235 = DIRECTION ( 'NONE',  ( 0.000000000000000000, 0.000000000000000000, 1.000000000000000000 ) ) ;
#4236 = CARTESIAN_POINT ( 'NONE',  ( 1.270000000000000018, 3.479999999999999982, -0.3199999999999999512 ) ) ;
#4237 = PRESENTATION_LAYER_ASSIGNMENT (  '', '', ( #3805 ) ) ;
#4238 = ORIENTED_EDGE ( 'NONE', *, *, #2136, .T. ) ;
#4239 = CARTESIAN_POINT ( 'NONE',  ( -1.039397826085997734, 3.330000000000001847, -0.4109645392657169660 ) ) ;
#4240 = CARTESIAN_POINT ( 'NONE',  ( 4.879999999999999893, 2.799999999999999822, -0.8700000000000001066 ) ) ;
#4241 = ADVANCED_FACE ( 'NONE', ( #2887 ), #2389, .T. ) ;
#4242 = EDGE_CURVE ( 'NONE', #4271, #1738, #3503, .T. ) ;
#4243 = ORIENTED_EDGE ( 'NONE', *, *, #8593, .T. ) ;
#4244 = VECTOR ( 'NONE', #3060, 1000.000000000000000 ) ;
#4245 = ORIENTED_EDGE ( 'NONE', *, *, #174, .F. ) ;
#4246 =( NAMED_UNIT ( * ) SI_UNIT ( $, .STERADIAN. ) SOLID_ANGLE_UNIT ( ) );
#4247 = LINE ( 'NONE', #7052, #6969 ) ;
#4248 = DIRECTION ( 'NONE',  ( 0.000000000000000000, 0.000000000000000000, 1.000000000000000000 ) ) ;
#4249 = DIRECTION ( 'NONE',  ( 0.000000000000000000, 0.000000000000000000, 1.000000000000000000 ) ) ;
#4250 = EDGE_CURVE ( 'NONE', #6381, #2977, #3820, .T. ) ;
#4251 = CARTESIAN_POINT ( 'NONE',  ( 8.890000000000000568, -4.632925319547866572, 0.1370326030541654527 ) ) ;
#4252 = CARTESIAN_POINT ( 'NONE',  ( -1.245825542622053472, -0.6699999999999713962, 0.3849999999999998979 ) ) ;
#4253 = ORIENTED_EDGE ( 'NONE', *, *, #4844, .T. ) ;
#4254 = B_SPLINE_CURVE_WITH_KNOTS ( 'NONE', 3,
 ( #8753, #8411, #604, #1386, #2130, #5629, #7651, #8287, #1340, #5505, #3379, #4952, #3561, #1993, #2677, #562, #7734, #4813, #6184, #3424, #6234, #4853, #9020, #4160, #8366, #5004, #8459, #654 ),
 .UNSPECIFIED., .F., .F.,
 ( 4, 2, 2, 2, 1, 2, 2, 2, 2, 2, 2, 1, 2, 2, 4 ),
 ( 0.000000000000000000, 0.06250000000000001388, 0.1250000000000000278, 0.2500000000000000555, 0.3125000000000008327, 0.3437500000000012212, 0.3750000000000016653, 0.5000000000000025535, 0.5625000000000029976, 0.6250000000000034417, 0.7500000000000036637, 0.8125000000000036637, 0.8437500000000037748, 0.8750000000000037748, 1.000000000000000000 ),
 .UNSPECIFIED. ) ;
#4255 = CARTESIAN_POINT ( 'NONE',  ( -8.890000000000000568, 3.392132034355963555, 0.3199999999999999512 ) ) ;
#4256 = CARTESIAN_POINT ( 'NONE',  ( -6.349999999999999645, 3.329999999999999183, 0.4700000000000004730 ) ) ;
#4257 = CARTESIAN_POINT ( 'NONE',  ( 3.810000000000000497, -4.537064994640259918, 0.2349999999999975719 ) ) ;
#4258 = AXIS2_PLACEMENT_3D ( 'NONE', #6093, #8149, #8840 ) ;
#4259 = DIRECTION ( 'NONE',  ( 0.000000000000000000, 0.000000000000000000, 1.000000000000000000 ) ) ;
#4260 = CARTESIAN_POINT ( 'NONE',  ( -6.233647273183207105, 3.330000000000002292, -0.4562502089580592890 ) ) ;
#4261 = CARTESIAN_POINT ( 'NONE',  ( -6.349999999999999645, -0.6699999999999866063, -0.3849999999999998979 ) ) ;
#4262 = EDGE_LOOP ( 'NONE', ( #1152, #1141, #3514, #1481 ) ) ;
#4263 = CARTESIAN_POINT ( 'NONE',  ( -8.615934793891671717, -4.632925319547867460, 0.1370326030541655082 ) ) ;
#4264 = CARTESIAN_POINT ( 'NONE',  ( 1.270000000000000018, 7.361853603950962111, -0.3200000000000008948 ) ) ;
#4265 = CARTESIAN_POINT ( 'NONE',  ( -1.270000000000000018, -0.4200000000196268957, -0.6649999999927059813 ) ) ;
#4266 = MECHANICAL_DESIGN_GEOMETRIC_PRESENTATION_REPRESENTATION (  '', ( #4428 ), #4287 ) ;
#4267 = ORIENTED_EDGE ( 'NONE', *, *, #3735, .F. ) ;
#4268 = CARTESIAN_POINT ( 'NONE',  ( -1.270000000000000018, 0.000000000000000000, 0.6650000000000000355 ) ) ;
#4269 = SURFACE_SIDE_STYLE ('',( #4922 ) ) ;
#4270 = CARTESIAN_POINT ( 'NONE',  ( 1.270000000000000018, -0.2100000000000000200, -0.6650000000000000355 ) ) ;
#4271 = VERTEX_POINT ( 'NONE', #2294 ) ;
#4272 = CARTESIAN_POINT ( 'NONE',  ( 7.820000000000000284, 2.799999999999999822, 0.8700000000000001066 ) ) ;
#4273 = ORIENTED_EDGE ( 'NONE', *, *, #1642, .T. ) ;
#4274 = SURFACE_SIDE_STYLE ('',( #1456 ) ) ;
#4275 = ORIENTED_EDGE ( 'NONE', *, *, #8255, .T. ) ;
#4276 =( BOUNDED_SURFACE ( )  B_SPLINE_SURFACE ( 3, 3, ( 
 ( #5555, #25, #4820, #8251 ),
 ( #8375, #1436, #1961, #4257 ),
 ( #1269, #6926, #3435, #2047 ),
 ( #4086, #3350, #6973, #7704 ) ),
 .UNSPECIFIED., .F., .F., .T. ) 
 B_SPLINE_SURFACE_WITH_KNOTS ( ( 4, 4 ),
 ( 4, 4 ),
 ( 0.000000000000000000, 1.000000000000000000 ),
 ( 0.000000000000000000, 1.000000000000000000 ),
 .UNSPECIFIED. ) 
 GEOMETRIC_REPRESENTATION_ITEM ( )  RATIONAL_B_SPLINE_SURFACE ( (
 ( 1.000000000000000000, 0.3333333333333334259, 0.3333333333333334259, 1.000000000000000000),
 ( 0.7995857374534958151, 0.2665285791511653457, 0.2665285791511653457, 0.7995857374534958151),
 ( 0.7995857374534958151, 0.2665285791511653457, 0.2665285791511653457, 0.7995857374534958151),
 ( 1.000000000000000000, 0.3333333333333334259, 0.3333333333333334259, 1.000000000000000000) ) ) 
 REPRESENTATION_ITEM ( '' )  SURFACE ( )  );
#4277 = FACE_OUTER_BOUND ( 'NONE', #5854, .T. ) ;
#4278 = CARTESIAN_POINT ( 'NONE',  ( 1.270000000000000018, -0.6699999999999866063, -0.3850000000000000089 ) ) ;
#4279 = EDGE_CURVE ( 'NONE', #408, #3265, #5796, .T. ) ;
#4280 = DIRECTION ( 'NONE',  ( 0.000000000000000000, 1.000000000000000000, 0.000000000000000000 ) ) ;
#4281 = EDGE_CURVE ( 'NONE', #1738, #7312, #7329, .T. ) ;
#4282 = EDGE_LOOP ( 'NONE', ( #5390, #8914, #8147, #7665 ) ) ;
#4283 = CARTESIAN_POINT ( 'NONE',  ( -3.810000000000000053, -4.629945645751342376, 1.355252715606880543E-17 ) ) ;
#4284 = CARTESIAN_POINT ( 'NONE',  ( -1.270000000000000018, -0.4200000000196268957, 0.000000000000000000 ) ) ;
#4285 = EDGE_CURVE ( 'NONE', #7663, #6381, #2431, .T. ) ;
#4286 = ORIENTED_EDGE ( 'NONE', *, *, #5765, .F. ) ;
#4287 =( GEOMETRIC_REPRESENTATION_CONTEXT ( 3 ) GLOBAL_UNCERTAINTY_ASSIGNED_CONTEXT ( ( #541 ) ) GLOBAL_UNIT_ASSIGNED_CONTEXT ( ( #6966, #2810, #7014 ) ) REPRESENTATION_CONTEXT ( 'NONE', 'WORKASPACE' ) );
#4288 = ORIENTED_EDGE ( 'NONE', *, *, #7485, .F. ) ;
#4289 = CARTESIAN_POINT ( 'NONE',  ( 6.686641165143206500, -0.6699999999999943778, -0.1888975254401778769 ) ) ;
#4290 = ORIENTED_EDGE ( 'NONE', *, *, #4285, .T. ) ;
#4291 = ORIENTED_EDGE ( 'NONE', *, *, #1700, .F. ) ;
#4292 = DIRECTION ( 'NONE',  ( 2.345257230884581992E-17, 1.000000000000000000, 1.093611407104877670E-17 ) ) ;
#4293 = CARTESIAN_POINT ( 'NONE',  ( -1.270000000000000018, 1.967086183247610087, 0.000000000000000000 ) ) ;
#4294 = DIRECTION ( 'NONE',  ( 0.000000000000000000, 0.000000000000000000, 1.000000000000000000 ) ) ;
#4295 = CARTESIAN_POINT ( 'NONE',  ( -1.152486486792623444, -0.6699999999999781686, 0.3674238061333633398 ) ) ;
#4296 = STYLED_ITEM ( 'NONE', ( #6985 ), #453 ) ;
#4297 = VECTOR ( 'NONE', #2429, 1000.000000000000000 ) ;
#4298 = ORIENTED_EDGE ( 'NONE', *, *, #2088, .T. ) ;
#4299 = CIRCLE ( 'NONE', #1355, 0.6650000000000000355 ) ;
#4300 = LINE ( 'NONE', #20, #175 ) ;
#4301 = CARTESIAN_POINT ( 'NONE',  ( 6.819999999999995843, -0.8199999999999998401, -0.2349999999999980715 ) ) ;
#4302 = DIRECTION ( 'NONE',  ( 0.000000000000000000, -6.123031769111889989E-17, 1.000000000000000000 ) ) ;
#4303 = DIRECTION ( 'NONE',  ( 0.000000000000000000, 1.000000000000000000, 0.000000000000000000 ) ) ;
#4304 = LINE ( 'NONE', #1036, #4486 ) ;
#4305 = CARTESIAN_POINT ( 'NONE',  ( 9.530000000000002913, 7.175000000000000711, 0.3200000000000007838 ) ) ;
#4306 = SURFACE_SIDE_STYLE ('',( #762 ) ) ;
#4307 = ORIENTED_EDGE ( 'NONE', *, *, #7396, .F. ) ;
#4308 = FACE_BOUND ( 'NONE', #747, .T. ) ;
#4309 = EDGE_CURVE ( 'NONE', #6336, #5089, #5886, .T. ) ;
#4310 = CARTESIAN_POINT ( 'NONE',  ( 1.270000000000000240, 7.489960314960472765, 2.117582368135750848E-17 ) ) ;
#4311 = PRESENTATION_LAYER_ASSIGNMENT (  '', '', ( #6080 ) ) ;
#4312 = VERTEX_POINT ( 'NONE', #2983 ) ;
#4313 = FACE_OUTER_BOUND ( 'NONE', #5793, .T. ) ;
#4314 = CARTESIAN_POINT ( 'NONE',  ( 6.349999999999999645, 0.000000000000000000, 0.6650000000000000355 ) ) ;
#4315 = EDGE_LOOP ( 'NONE', ( #384, #1302, #86 ) ) ;
#4316 = VECTOR ( 'NONE', #3244, 1000.000000000000000 ) ;
#4317 = CARTESIAN_POINT ( 'NONE',  ( -1.270000000000000240, -4.632925319547866572, 0.1370326030541654527 ) ) ;
#4318 = ORIENTED_EDGE ( 'NONE', *, *, #5480, .T. ) ;
#4319 = FILL_AREA_STYLE_COLOUR ( '', #3632 ) ;
#4320 = CARTESIAN_POINT ( 'NONE',  ( 1.655000000000000027, -0.6699999999999978195, -0.02417445737793810778 ) ) ;
#4321 = EDGE_CURVE ( 'NONE', #3178, #546, #3169, .T. ) ;
#4322 = EDGE_CURVE ( 'NONE', #134, #5531, #3025, .T. ) ;
#4323 = CARTESIAN_POINT ( 'NONE',  ( 3.810000000000000053, -0.6699999999999866063, -0.3849999999999998979 ) ) ;
#4324 = FACE_OUTER_BOUND ( 'NONE', #2469, .T. ) ;
#4325 = ORIENTED_EDGE ( 'NONE', *, *, #2640, .F. ) ;
#4326 = LINE ( 'NONE', #3549, #8718 ) ;
#4327 =( BOUNDED_SURFACE ( )  B_SPLINE_SURFACE ( 3, 3, ( 
 ( #4334, #5719, #2306, #7139 ),
 ( #748, #8549, #6500, #1573 ),
 ( #3560, #8497, #7231, #2854 ),
 ( #6459, #148, #5132, #4951 ) ),
 .UNSPECIFIED., .F., .F., .F. ) 
 B_SPLINE_SURFACE_WITH_KNOTS ( ( 4, 4 ),
 ( 4, 4 ),
 ( 0.000000000000000000, 1.000000000000000000 ),
 ( 0.000000000000000000, 1.000000000000000000 ),
 .UNSPECIFIED. ) 
 GEOMETRIC_REPRESENTATION_ITEM ( )  RATIONAL_B_SPLINE_SURFACE ( (
 ( 1.000000000000000000, 0.3333333333333334259, 0.3333333333333334259, 1.000000000000000000),
 ( 0.8047378541243649375, 0.2682459513747884050, 0.2682459513747884050, 0.8047378541243649375),
 ( 0.8047378541243649375, 0.2682459513747884050, 0.2682459513747884050, 0.8047378541243649375),
 ( 1.000000000000000000, 0.3333333333333334259, 0.3333333333333334259, 1.000000000000000000) ) ) 
 REPRESENTATION_ITEM ( '' )  SURFACE ( )  );
#4328 = CARTESIAN_POINT ( 'NONE',  ( -1.415010130300175417, 3.330000000000002292, 0.4473128447807978025 ) ) ;
#4329 = COLOUR_RGB ( '',0.000000000000000000, 0.000000000000000000, 0.000000000000000000 ) ;
#4330 = ORIENTED_EDGE ( 'NONE', *, *, #5297, .T. ) ;
#4331 = ORIENTED_EDGE ( 'NONE', *, *, #4927, .T. ) ;
#4332 = AXIS2_PLACEMENT_3D ( 'NONE', #4173, #7837, #2911 ) ;
#4333 = EDGE_LOOP ( 'NONE', ( #1919, #49, #3664 ) ) ;
#4334 = CARTESIAN_POINT ( 'NONE',  ( -6.349999999999999645, -0.8199999999999999512, 0.2349999999999980438 ) ) ;
#4335 = DIRECTION ( 'NONE',  ( 0.000000000000000000, 1.000000000000000000, 0.000000000000000000 ) ) ;
#4336 = EDGE_LOOP ( 'NONE', ( #5827, #1764, #8037, #289 ) ) ;
#4337 = CARTESIAN_POINT ( 'NONE',  ( -0.3865230632620018092, 2.799999999999999822, -1.270000000000000018 ) ) ;
#4338 = MECHANICAL_DESIGN_GEOMETRIC_PRESENTATION_REPRESENTATION (  '', ( #8434 ), #5533 ) ;
#4339 = LINE ( 'NONE', #1626, #1950 ) ;
#4340 = ADVANCED_FACE ( 'NONE', ( #5979, #315 ), #5164, .T. ) ;
#4341 = ORIENTED_EDGE ( 'NONE', *, *, #3573, .T. ) ;
#4342 = PLANE ( 'NONE',  #2098 ) ;
#4343 = CARTESIAN_POINT ( 'NONE',  ( -8.250000000000000000, 3.479999999999999538, -0.3199999999999999512 ) ) ;
#4344 = CARTESIAN_POINT ( 'NONE',  ( 4.219117219575961641, 3.330000000000000959, -0.2319339637931160381 ) ) ;
#4345 =( LENGTH_UNIT ( ) NAMED_UNIT ( * ) SI_UNIT ( .MILLI., .METRE. ) );
#4346 = CARTESIAN_POINT ( 'NONE',  ( 6.159159644773101405, -0.6699999999999552980, -0.3385969398818562404 ) ) ;
#4347 = CARTESIAN_POINT ( 'NONE',  ( 8.890000000000000568, 7.174999999999999822, -0.3200000000000000067 ) ) ;
#4348 = CARTESIAN_POINT ( 'NONE',  ( -6.466655874654125391, 3.330000000000003624, 0.4555627194059622687 ) ) ;
#4349 = ORIENTED_EDGE ( 'NONE', *, *, #4502, .T. ) ;
#4350 = CARTESIAN_POINT ( 'NONE',  ( -6.349999999999999645, -2.609999999999999876, 0.000000000000000000 ) ) ;
#4351 = B_SPLINE_CURVE_WITH_KNOTS ( 'NONE', 3,
 ( #4399, #2965, #5786, #3674, #8567, #166, #2278, #7885, #4100, #5400, #5348, #6122, #3405, #8179, #7634, #8915, #6816 ),
 .UNSPECIFIED., .F., .F.,
 ( 4, 2, 2, 2, 2, 1, 2, 2, 4 ),
 ( 0.000000000000000000, 0.1249999999999996114, 0.2499999999999992228, 0.3749999999999988343, 0.4999999999999983347, 0.6249999999999978906, 0.6874999999999976685, 0.7499999999999974465, 1.000000000000000000 ),
 .UNSPECIFIED. ) ;
#4352 = DIRECTION ( 'NONE',  ( -7.401486830834319717E-14, -1.000000000000000000, 0.000000000000000000 ) ) ;
#4353 = DIRECTION ( 'NONE',  ( 0.000000000000000000, 0.7071067811865474617, 0.7071067811865474617 ) ) ;
#4354 = AXIS2_PLACEMENT_3D ( 'NONE', #8023, #3019, #218 ) ;
#4355 = B_SPLINE_CURVE_WITH_KNOTS ( 'NONE', 3,
 ( #1508, #4320, #3731, #6402, #7897, #2931, #2886, #3024, #5033, #4986, #5753, #5839, #5077, #4368, #3642, #180, #4278 ),
 .UNSPECIFIED., .F., .F.,
 ( 4, 2, 2, 2, 2, 1, 2, 2, 4 ),
 ( 0.000000000000000000, 0.1249999999999999445, 0.2499999999999999445, 0.3749999999999999445, 0.5000000000000000000, 0.6249999999999998890, 0.6875000000000004441, 0.7500000000000009992, 1.000000000000000000 ),
 .UNSPECIFIED. ) ;
#4356 = ORIENTED_EDGE ( 'NONE', *, *, #1021, .T. ) ;
#4357 = CIRCLE ( 'NONE', #5408, 0.2349999999999989875 ) ;
#4358 = CARTESIAN_POINT ( 'NONE',  ( -3.810000000000000053, 7.492926245181917189, 0.1868300633393450705 ) ) ;
#4359 = DIRECTION ( 'NONE',  ( -0.4226182617407031605, 0.000000000000000000, -0.9063077870366482713 ) ) ;
#4360 = DIRECTION ( 'NONE',  ( 0.000000000000000000, 0.000000000000000000, -1.000000000000000000 ) ) ;
#4361 = LINE ( 'NONE', #8437, #4935 ) ;
#4362 = ORIENTED_EDGE ( 'NONE', *, *, #6823, .T. ) ;
#4363 = CARTESIAN_POINT ( 'NONE',  ( 3.810000000000000053, -0.6699999999999866063, 0.3850000000000000089 ) ) ;
#4364 = ORIENTED_EDGE ( 'NONE', *, *, #3495, .T. ) ;
#4365 = CARTESIAN_POINT ( 'NONE',  ( 6.349999999999999645, -4.629945645751342376, 1.355252715606880543E-17 ) ) ;
#4366 = ORIENTED_EDGE ( 'NONE', *, *, #3806, .T. ) ;
#4367 =( LENGTH_UNIT ( ) NAMED_UNIT ( * ) SI_UNIT ( .MILLI., .METRE. ) );
#4368 = CARTESIAN_POINT ( 'NONE',  ( 1.422947506021654096, -0.6699999999999807221, -0.3534632452272084002 ) ) ;
#4369 = FACE_OUTER_BOUND ( 'NONE', #5002, .T. ) ;
#4370 = ADVANCED_FACE ( 'NONE', ( #2473, #3118 ), #7857, .T. ) ;
#4371 = DIRECTION ( 'NONE',  ( 0.000000000000000000, 0.000000000000000000, 1.000000000000000000 ) ) ;
#4372 = CARTESIAN_POINT ( 'NONE',  ( -1.739999999999995994, -0.8199999999999998401, -0.2349999999999980715 ) ) ;
#4373 = CARTESIAN_POINT ( 'NONE',  ( 8.890000000000000568, -0.8199999999999999512, 0.000000000000000000 ) ) ;
#4374 = ADVANCED_FACE ( 'NONE', ( #4369 ), #7362, .T. ) ;
#4375 = CARTESIAN_POINT ( 'NONE',  ( 2.034264068711928442, 3.329999999999999627, -0.3821320343559643784 ) ) ;
#4376 = EDGE_LOOP ( 'NONE', ( #5835, #2121, #1143, #8820 ) ) ;
#4377 = VERTEX_POINT ( 'NONE', #3256 ) ;
#4378 =( NAMED_UNIT ( * ) PLANE_ANGLE_UNIT ( ) SI_UNIT ( $, .RADIAN. ) );
#4379 = VECTOR ( 'NONE', #268, 1000.000000000000000 ) ;
#4380 = FACE_OUTER_BOUND ( 'NONE', #1291, .T. ) ;
#4381 =( LENGTH_UNIT ( ) NAMED_UNIT ( * ) SI_UNIT ( .MILLI., .METRE. ) );
#4382 = ORIENTED_EDGE ( 'NONE', *, *, #357, .T. ) ;
#4383 = DIRECTION ( 'NONE',  ( -1.000000000000000000, -0.000000000000000000, -0.000000000000000000 ) ) ;
#4384 = EDGE_LOOP ( 'NONE', ( #200, #5817, #2531, #1634, #4224 ) ) ;
#4385 = CARTESIAN_POINT ( 'NONE',  ( 1.270000000000000018, 7.174999999999999822, -0.005000000000000779862 ) ) ;
#4386 = CARTESIAN_POINT ( 'NONE',  ( 1.079159644773183047, -0.6699999999999552980, -0.3385969398818837739 ) ) ;
#4387 = CIRCLE ( 'NONE', #8047, 0.2349999999999980160 ) ;
#4388 = ORIENTED_EDGE ( 'NONE', *, *, #1234, .T. ) ;
#4389 = FACE_OUTER_BOUND ( 'NONE', #4764, .T. ) ;
#4390 = FACE_BOUND ( 'NONE', #2370, .T. ) ;
#4391 = ADVANCED_FACE ( 'NONE', ( #4695 ), #7499, .T. ) ;
#4392 = PRESENTATION_STYLE_ASSIGNMENT (( #7244 ) ) ;
#4393 = DIRECTION ( 'NONE',  ( 0.000000000000000000, 6.123031769111889989E-17, -1.000000000000000000 ) ) ;
#4394 = FACE_OUTER_BOUND ( 'NONE', #2883, .T. ) ;
#4395 = CARTESIAN_POINT ( 'NONE',  ( 8.890000000000000568, -4.400000000000000355, 0.2349999999999989875 ) ) ;
#4396 = ADVANCED_FACE ( 'NONE', ( #7546 ), #9016, .T. ) ;
#4397 = CARTESIAN_POINT ( 'NONE',  ( -1.270000000000000018, 3.479999999999999982, 0.3199999999999999512 ) ) ;
#4398 = EDGE_LOOP ( 'NONE', ( #360, #2482, #3143, #679, #7017 ) ) ;
#4399 = CARTESIAN_POINT ( 'NONE',  ( 6.819999999999999396, 3.330000000000000071, 2.710505431213761085E-17 ) ) ;
#4400 = VERTEX_POINT ( 'NONE', #4095 ) ;
#4401 = PRESENTATION_LAYER_ASSIGNMENT (  '', '', ( #2484 ) ) ;
#4402 = CARTESIAN_POINT ( 'NONE',  ( -8.889999999999998792, -0.7321320343559629684, 0.2349999999999980715 ) ) ;
#4403 = CARTESIAN_POINT ( 'NONE',  ( 6.349999999999999645, 0.000000000000000000, 0.000000000000000000 ) ) ;
#4404 = CARTESIAN_POINT ( 'NONE',  ( 1.270000000000000018, -4.629945645751342376, 1.355252715606880543E-17 ) ) ;
#4405 = ORIENTED_EDGE ( 'NONE', *, *, #6823, .F. ) ;
#4406 = EDGE_CURVE ( 'NONE', #8249, #106, #6812, .T. ) ;
#4407 = CARTESIAN_POINT ( 'NONE',  ( 3.998897525440177958, -0.6699999999999833866, 0.3366411651432036911 ) ) ;
#4408 = ORIENTED_EDGE ( 'NONE', *, *, #177, .T. ) ;
#4409 = DIRECTION ( 'NONE',  ( 0.4226182617407031605, 0.000000000000000000, 0.9063077870366482713 ) ) ;
#4410 = EDGE_LOOP ( 'NONE', ( #7677, #853, #3351 ) ) ;
#4411 = FILL_AREA_STYLE ('',( #5254 ) ) ;
#4412 = CARTESIAN_POINT ( 'NONE',  ( 8.890000000000002345, 7.492926245181917189, -0.1868300633393450705 ) ) ;
#4413 = DIRECTION ( 'NONE',  ( -7.401486830834319717E-14, -1.000000000000000000, 0.000000000000000000 ) ) ;
#4414 = VECTOR ( 'NONE', #2622, 1000.000000000000000 ) ;
#4415 = FILL_AREA_STYLE ('',( #2984 ) ) ;
#4416 = CARTESIAN_POINT ( 'NONE',  ( 3.586705205720902789, -0.6699999999999527445, 0.3156704125323820387 ) ) ;
#4417 = FACE_OUTER_BOUND ( 'NONE', #2400, .T. ) ;
#4418 = CARTESIAN_POINT ( 'NONE',  ( 6.350000000000000533, -0.7321320343559627464, 0.2349999999999980438 ) ) ;
#4419 = VERTEX_POINT ( 'NONE', #5296 ) ;
#4420 = CARTESIAN_POINT ( 'NONE',  ( 0.6757359312880736324, -0.6699999999999978195, -0.2971320343559631927 ) ) ;
#4421 = COLOUR_RGB ( '',0.000000000000000000, 0.000000000000000000, 0.000000000000000000 ) ;
#4422 = ORIENTED_EDGE ( 'NONE', *, *, #1733, .T. ) ;
#4423 = CARTESIAN_POINT ( 'NONE',  ( 0.000000000000000000, 0.000000000000000000, 0.000000000000000000 ) ) ;
#4424 = ORIENTED_EDGE ( 'NONE', *, *, #2407, .T. ) ;
#4425 = UNCERTAINTY_MEASURE_WITH_UNIT (LENGTH_MEASURE( 1.000000000000000082E-05 ), #8034, 'distance_accuracy_value', 'NONE');
#4426 = CARTESIAN_POINT ( 'NONE',  ( -1.270000000000000018, 2.799999999999999822, 1.270000000000000240 ) ) ;
#4427 = DIRECTION ( 'NONE',  ( -1.000000000000000000, 0.000000000000000000, -1.224646799147353207E-16 ) ) ;
#4428 = STYLED_ITEM ( 'NONE', ( #2504 ), #2845 ) ;
#4429 = CARTESIAN_POINT ( 'NONE',  ( -4.195033497883334128, -0.6699999999999408651, 0.02430434733793127716 ) ) ;
#4430 = ORIENTED_EDGE ( 'NONE', *, *, #5257, .F. ) ;
#4431 = DIRECTION ( 'NONE',  ( -0.4226182617407017728, 0.000000000000000000, -0.9063077870366488265 ) ) ;
#4432 = LINE ( 'NONE', #114, #2821 ) ;
#4433 = CARTESIAN_POINT ( 'NONE',  ( 0.9959347938916692788, -4.632925319547867460, 0.1370326030541655082 ) ) ;
#4434 = ORIENTED_EDGE ( 'NONE', *, *, #423, .T. ) ;
#4435 =( NAMED_UNIT ( * ) SI_UNIT ( $, .STERADIAN. ) SOLID_ANGLE_UNIT ( ) );
#4436 =( GEOMETRIC_REPRESENTATION_CONTEXT ( 3 ) GLOBAL_UNCERTAINTY_ASSIGNED_CONTEXT ( ( #1664 ) ) GLOBAL_UNIT_ASSIGNED_CONTEXT ( ( #1477, #797, #5724 ) ) REPRESENTATION_CONTEXT ( 'NONE', 'WORKASPACE' ) );
#4437 = CARTESIAN_POINT ( 'NONE',  ( -6.349999999999999645, 7.174999999999999822, -0.005000000000000779862 ) ) ;
#4438 = SURFACE_STYLE_FILL_AREA ( #2959 ) ;
#4439 = CARTESIAN_POINT ( 'NONE',  ( 9.163354489230219002, 3.330000000000000959, 0.3848621835879905140 ) ) ;
#4440 = CARTESIAN_POINT ( 'NONE',  ( -5.466523063261999660, -7.776250346772098844E-17, 1.269999999999999796 ) ) ;
#4441 = CARTESIAN_POINT ( 'NONE',  ( 8.736947960127194435, -0.6699999999999581846, 0.3534632452272082892 ) ) ;
#4442 = CARTESIAN_POINT ( 'NONE',  ( -1.270000000000000018, 7.174999999999999822, 0.000000000000000000 ) ) ;
#4443 = CARTESIAN_POINT ( 'NONE',  ( -8.890000000000002345, 7.361853603950962111, -0.3200000000000008948 ) ) ;
#4444 = VERTEX_POINT ( 'NONE', #1787 ) ;
#4445 = AXIS2_PLACEMENT_3D ( 'NONE', #6761, #1834, #3398 ) ;
#4446 = CARTESIAN_POINT ( 'NONE',  ( 5.025733098857910086, 5.327037639127340260E-17, -0.8699999999999999956 ) ) ;
#4447 = EDGE_CURVE ( 'NONE', #6959, #6344, #4096, .T. ) ;
#4448 = B_SPLINE_CURVE_WITH_KNOTS ( 'NONE', 3,
 ( #1906, #6841, #1130, #6144, #1038, #2638, #5281, #4674, #6747, #4583, #8199, #3896, #1170, #5463, #7343, #1819, #4721, #8933, #2457, #8245, #4630, #1956, #3151, #5964, #8758, #7437, #7390, #3238, #3193 ),
 .UNSPECIFIED., .F., .F.,
 ( 4, 1, 2, 2, 2, 1, 2, 2, 2, 2, 2, 2, 1, 2, 2, 4 ),
 ( 0.000000000000000000, 0.06249999999999926448, 0.09374999999999888978, 0.1249999999999985290, 0.2499999999999979461, 0.3124999999999979461, 0.3437499999999979461, 0.3749999999999979461, 0.4999999999999990008, 0.5624999999999994449, 0.6250000000000000000, 0.7500000000000008882, 0.8125000000000011102, 0.8437500000000012212, 0.8750000000000012212, 1.000000000000000000 ),
 .UNSPECIFIED. ) ;
#4449 = CARTESIAN_POINT ( 'NONE',  ( 1.270000000000000018, 3.479999999999999982, -0.3199999999999999512 ) ) ;
#4450 = ORIENTED_EDGE ( 'NONE', *, *, #3231, .T. ) ;
#4451 = CARTESIAN_POINT ( 'NONE',  ( -8.119999999999999218, -0.6699999999999979305, -0.3849999999999999534 ) ) ;
#4452 =( GEOMETRIC_REPRESENTATION_CONTEXT ( 3 ) GLOBAL_UNCERTAINTY_ASSIGNED_CONTEXT ( ( #2474 ) ) GLOBAL_UNIT_ASSIGNED_CONTEXT ( ( #4599, #3819, #1835 ) ) REPRESENTATION_CONTEXT ( 'NONE', 'WORKASPACE' ) );
#4453 = CARTESIAN_POINT ( 'NONE',  ( -8.890000000000002345, 7.361853603950962111, -0.3200000000000008948 ) ) ;
#4455 = DIRECTION ( 'NONE',  ( 0.000000000000000000, 0.000000000000000000, 1.000000000000000000 ) ) ;
#4454 = AXIS2_PLACEMENT_3D ( 'NONE', #6549, #5764, #1570 ) ;
#4456 = CARTESIAN_POINT ( 'NONE',  ( 4.157330520227672466, -0.6699999999999952660, 0.1665022951688600039 ) ) ;
#4457 = ORIENTED_EDGE ( 'NONE', *, *, #5090, .F. ) ;
#4458 = DIRECTION ( 'NONE',  ( -0.9063077870366482713, -2.587705042845171132E-17, 0.4226182617407031605 ) ) ;
#4459 = ORIENTED_EDGE ( 'NONE', *, *, #1670, .F. ) ;
#4460 = DIRECTION ( 'NONE',  ( 2.345257230884581992E-17, -1.000000000000000000, -1.093611407104877670E-17 ) ) ;
#4461 =( NAMED_UNIT ( * ) PLANE_ANGLE_UNIT ( ) SI_UNIT ( $, .RADIAN. ) );
#4462 = STYLED_ITEM ( 'NONE', ( #7679 ), #8117 ) ;
#4463 = CARTESIAN_POINT ( 'NONE',  ( -4.449999999999999289, 3.479999999999999538, 0.3199999999999999512 ) ) ;
#4465 = EDGE_CURVE ( 'NONE', #8008, #4419, #7898, .T. ) ;
#4464 = CARTESIAN_POINT ( 'NONE',  ( 3.810000000000000053, -4.400000000000000355, 0.000000000000000000 ) ) ;
#4466 = DIRECTION ( 'NONE',  ( -0.4226182617407002184, 0.000000000000000000, -0.9063077870366496036 ) ) ;
#4467 =( NAMED_UNIT ( * ) PLANE_ANGLE_UNIT ( ) SI_UNIT ( $, .RADIAN. ) );
#4468 = VECTOR ( 'NONE', #4353, 1000.000000000000114 ) ;
#4469 = DIRECTION ( 'NONE',  ( 0.000000000000000000, 0.000000000000000000, 1.000000000000000000 ) ) ;
#4470 = CARTESIAN_POINT ( 'NONE',  ( 8.990000000000000213, 2.799999999999999822, -1.269999999999999796 ) ) ;
#4471 = ORIENTED_EDGE ( 'NONE', *, *, #3420, .T. ) ;
#4472 = CARTESIAN_POINT ( 'NONE',  ( -1.270000000000000018, 3.330000000000000071, 0.3821320343559643784 ) ) ;
#4473 = ORIENTED_EDGE ( 'NONE', *, *, #8203, .F. ) ;
#4474 = DIRECTION ( 'NONE',  ( 0.000000000000000000, 0.000000000000000000, 1.000000000000000000 ) ) ;
#4475 = B_SPLINE_CURVE_WITH_KNOTS ( 'NONE', 3,
 ( #4199, #7093, #745, #8202, #2803, #3554, #4239, #6147, #6796, #8936, #3989, #4676, #55, #2165, #484, #3298, #8159 ),
 .UNSPECIFIED., .F., .F.,
 ( 4, 2, 2, 2, 2, 1, 2, 2, 4 ),
 ( 0.000000000000000000, 0.1250000000000000555, 0.2500000000000001110, 0.3750000000000001665, 0.5000000000000002220, 0.6249999999999998890, 0.6875000000000000000, 0.7500000000000000000, 1.000000000000000000 ),
 .UNSPECIFIED. ) ;
#4476 = CARTESIAN_POINT ( 'NONE',  ( -3.810000000000000053, 2.799999999999999822, -0.9150000000000000355 ) ) ;
#4477 = DIRECTION ( 'NONE',  ( -1.000000000000000000, 0.000000000000000000, -1.224646799147353207E-16 ) ) ;
#4478 = LINE ( 'NONE', #932, #2417 ) ;
#4479 = EDGE_CURVE ( 'NONE', #841, #7663, #4829, .T. ) ;
#4480 = PRESENTATION_LAYER_ASSIGNMENT (  '', '', ( #1378 ) ) ;
#4481 = SURFACE_SIDE_STYLE ('',( #5093 ) ) ;
#4482 = ORIENTED_EDGE ( 'NONE', *, *, #7222, .T. ) ;
#4483 = CARTESIAN_POINT ( 'NONE',  ( -7.820000000000000284, 2.799999999999999822, -0.8699999999999998845 ) ) ;
#4484 = CARTESIAN_POINT ( 'NONE',  ( -9.973476936738002507, 7.776250346772100076E-17, -1.270000000000000018 ) ) ;
#4485 = CARTESIAN_POINT ( 'NONE',  ( 0.8962128798795476747, -0.6699999999999416422, 0.09550504733241900468 ) ) ;
#4486 = VECTOR ( 'NONE', #8755, 1000.000000000000114 ) ;
#4487 = ORIENTED_EDGE ( 'NONE', *, *, #4124, .T. ) ;
#4488 = FILL_AREA_STYLE_COLOUR ( '', #2236 ) ;
#4489 = DIRECTION ( 'NONE',  ( 0.000000000000000000, 1.000000000000000000, 0.000000000000000000 ) ) ;
#4490 = CARTESIAN_POINT ( 'NONE',  ( 6.300864664644969970, -0.6699999999999655120, 0.3849999999999999534 ) ) ;
#4491 = PRESENTATION_STYLE_ASSIGNMENT (( #7922 ) ) ;
#4492 = CARTESIAN_POINT ( 'NONE',  ( 8.723809327216700993, -0.6699999999999574074, 0.3475360023647235952 ) ) ;
#4493 = COLOUR_RGB ( '',0.000000000000000000, 0.000000000000000000, 0.000000000000000000 ) ;
#4494 = ADVANCED_FACE ( 'NONE', ( #4313 ), #6447, .T. ) ;
#4495 = CARTESIAN_POINT ( 'NONE',  ( -6.583040497964281812, 3.330000000000003624, 0.4133090432413311088 ) ) ;
#4496 = CARTESIAN_POINT ( 'NONE',  ( -8.890000000000000568, 7.489960314960471877, -2.117582368135750848E-17 ) ) ;
#4497 = FACE_OUTER_BOUND ( 'NONE', #2895, .T. ) ;
#4498 = ORIENTED_EDGE ( 'NONE', *, *, #5797, .T. ) ;
#4499 = AXIS2_PLACEMENT_3D ( 'NONE', #404, #2517, #6714 ) ;
#4500 = CARTESIAN_POINT ( 'NONE',  ( -3.810000000000000053, 7.489960314960471877, -2.117582368135750848E-17 ) ) ;
#4501 = CARTESIAN_POINT ( 'NONE',  ( -9.530000000000002913, 7.175000000000000711, 0.3200000000000007838 ) ) ;
#4502 = EDGE_CURVE ( 'NONE', #8961, #7004, #1315, .T. ) ;
#4503 = CARTESIAN_POINT ( 'NONE',  ( -1.270000000000000018, -0.6699999999999979305, 0.3849999999999999534 ) ) ;
#4504 = VERTEX_POINT ( 'NONE', #9038 ) ;
#4505 = CARTESIAN_POINT ( 'NONE',  ( 0.5057359312880714830, 3.329999999999999627, 0.3821320343559643784 ) ) ;
#4506 = ORIENTED_EDGE ( 'NONE', *, *, #6480, .F. ) ;
#4507 = AXIS2_PLACEMENT_3D ( 'NONE', #7165, #6667, #1732 ) ;
#4508 =( NAMED_UNIT ( * ) PLANE_ANGLE_UNIT ( ) SI_UNIT ( $, .RADIAN. ) );
#4509 = CARTESIAN_POINT ( 'NONE',  ( 6.820000000000001172, 3.330000000000001403, -0.06049384742082015987 ) ) ;
#4510 = DIRECTION ( 'NONE',  ( 8.659560562354932858E-17, 0.7071067811865474617, -0.7071067811865474617 ) ) ;
#4511 = FILL_AREA_STYLE ('',( #226 ) ) ;
#4512 = UNCERTAINTY_MEASURE_WITH_UNIT (LENGTH_MEASURE( 1.000000000000000082E-05 ), #8751, 'distance_accuracy_value', 'NONE');
#4513 = PRESENTATION_STYLE_ASSIGNMENT (( #366 ) ) ;
#4514 = EDGE_CURVE ( 'NONE', #6956, #4997, #418, .T. ) ;
#4515 = CARTESIAN_POINT ( 'NONE',  ( 1.270000000000000018, 2.799999999999999822, -1.269999999999999796 ) ) ;
#4516 = CARTESIAN_POINT ( 'NONE',  ( -8.990000000000000213, 7.776250346772100076E-17, -1.270000000000000018 ) ) ;
#4517 = ORIENTED_EDGE ( 'NONE', *, *, #563, .F. ) ;
#4518 = CARTESIAN_POINT ( 'NONE',  ( -8.990000000000000213, -7.776250346772101309E-17, 1.270000000000000018 ) ) ;
#4519 = EDGE_CURVE ( 'NONE', #4974, #6781, #3948, .T. ) ;
#4520 = ORIENTED_EDGE ( 'NONE', *, *, #1407, .F. ) ;
#4521 = PLANE ( 'NONE',  #4901 ) ;
#4522 = UNCERTAINTY_MEASURE_WITH_UNIT (LENGTH_MEASURE( 1.000000000000000082E-05 ), #7953, 'distance_accuracy_value', 'NONE');
#4523 = CARTESIAN_POINT ( 'NONE',  ( 4.241500585082566666, 3.330000000000000959, -0.1867151372212290661 ) ) ;
#4524 = LINE ( 'NONE', #1115, #942 ) ;
#4525 = CARTESIAN_POINT ( 'NONE',  ( 3.810000000000000053, 7.489960314960471877, -2.117582368135750848E-17 ) ) ;
#4526 = DIRECTION ( 'NONE',  ( 0.000000000000000000, 1.000000000000000000, 6.123031769111889989E-17 ) ) ;
#4527 = CARTESIAN_POINT ( 'NONE',  ( 5.925716281166616639, 3.330000000000003180, 0.2028530975048142837 ) ) ;
#4528 = DIRECTION ( 'NONE',  ( -0.000000000000000000, -1.000000000000000000, -0.000000000000000000 ) ) ;
#4529 = CARTESIAN_POINT ( 'NONE',  ( 0.9604766200651769781, -0.6699999999999464162, 0.2348443923207880202 ) ) ;
#4530 = EDGE_CURVE ( 'NONE', #2126, #7125, #4684, .T. ) ;
#4531 = VERTEX_POINT ( 'NONE', #6988 ) ;
#4532 = DIRECTION ( 'NONE',  ( 0.000000000000000000, 1.000000000000000000, 0.000000000000000000 ) ) ;
#4533 =( NAMED_UNIT ( * ) SI_UNIT ( $, .STERADIAN. ) SOLID_ANGLE_UNIT ( ) );
#4534 = DIRECTION ( 'NONE',  ( -0.000000000000000000, -1.000000000000000000, -0.000000000000000000 ) ) ;
#4535 = CARTESIAN_POINT ( 'NONE',  ( -3.810000000000000053, 0.000000000000000000, 0.6650000000000000355 ) ) ;
#4536 = FACE_BOUND ( 'NONE', #8335, .T. ) ;
#4537 = FACE_BOUND ( 'NONE', #1692, .T. ) ;
#4538 = CARTESIAN_POINT ( 'NONE',  ( -1.909999999999999920, 3.392132034355963555, -0.3199999999999998956 ) ) ;
#4539 = AXIS2_PLACEMENT_3D ( 'NONE', #6857, #1837, #6898 ) ;
#4540 = CARTESIAN_POINT ( 'NONE',  ( 0.2932615316309999942, -5.327037639127339643E-17, 1.070000000000000062 ) ) ;
#4541 = FACE_OUTER_BOUND ( 'NONE', #4336, .T. ) ;
#4542 = ORIENTED_EDGE ( 'NONE', *, *, #5840, .T. ) ;
#4543 = DIRECTION ( 'NONE',  ( 0.000000000000000000, 0.000000000000000000, -1.000000000000000000 ) ) ;
#4544 = CIRCLE ( 'NONE', #8633, 0.9150000000000000355 ) ;
#4545 = DIRECTION ( 'NONE',  ( 0.000000000000000000, 0.000000000000000000, 1.000000000000000000 ) ) ;
#4546 = CARTESIAN_POINT ( 'NONE',  ( -0.8000000000000040412, -0.7321320343559630794, -0.2349999999999980160 ) ) ;
#4547 = LINE ( 'NONE', #999, #3018 ) ;
#4548 = VERTEX_POINT ( 'NONE', #4976 ) ;
#4549 = LINE ( 'NONE', #7356, #7874 ) ;
#4550 = ORIENTED_EDGE ( 'NONE', *, *, #5912, .F. ) ;
#4551 = CARTESIAN_POINT ( 'NONE',  ( -7.420000000000000817, -6.551643992949719860E-17, 0.8700000000000002176 ) ) ;
#4552 = CARTESIAN_POINT ( 'NONE',  ( 8.890000000000002345, 7.492926245181917189, 0.1868300633393450705 ) ) ;
#4553 = MECHANICAL_DESIGN_GEOMETRIC_PRESENTATION_REPRESENTATION (  '', ( #7341 ), #5253 ) ;
#4554 = CARTESIAN_POINT ( 'NONE',  ( -9.035010130300179299, 3.330000000000003180, 0.4473128447807979691 ) ) ;
#4555 = CARTESIAN_POINT ( 'NONE',  ( -0.05426690114209350990, 2.799999999999999822, -0.8699999999999997735 ) ) ;
#4556 = FILL_AREA_STYLE ('',( #2387 ) ) ;
#4557 = CARTESIAN_POINT ( 'NONE',  ( 1.270000000000000018, -2.609999999999999876, 0.000000000000000000 ) ) ;
#4558 = CARTESIAN_POINT ( 'NONE',  ( 3.810000000000000053, -2.609999999999999876, 0.000000000000000000 ) ) ;
#4559 = ORIENTED_EDGE ( 'NONE', *, *, #7638, .T. ) ;
#4560 = FACE_OUTER_BOUND ( 'NONE', #5727, .T. ) ;
#4561 = ORIENTED_EDGE ( 'NONE', *, *, #2711, .F. ) ;
#4562 = EDGE_CURVE ( 'NONE', #7127, #858, #81, .T. ) ;
#4563 = ORIENTED_EDGE ( 'NONE', *, *, #6558, .T. ) ;
#4564 = EDGE_CURVE ( 'NONE', #4013, #858, #1735, .T. ) ;
#4565 = AXIS2_PLACEMENT_3D ( 'NONE', #636, #7636, #6124 ) ;
#4566 = CARTESIAN_POINT ( 'NONE',  ( -1.066737457845798431, 3.330000000000002292, 0.4240138818363687334 ) ) ;
#4567 = FACE_OUTER_BOUND ( 'NONE', #4384, .T. ) ;
#4568 = DIRECTION ( 'NONE',  ( -0.000000000000000000, 1.000000000000000000, 6.123031769111889989E-17 ) ) ;
#4569 = ADVANCED_FACE ( 'NONE', ( #6304 ), #5999, .T. ) ;
#4570 = CARTESIAN_POINT ( 'NONE',  ( 3.810000000000000053, 3.329999999999999183, -0.4700000000000004730 ) ) ;
#4571 = CARTESIAN_POINT ( 'NONE',  ( 0.8384824490888111992, 3.330000000000004068, 0.1868098221245941271 ) ) ;
#4572 = CARTESIAN_POINT ( 'NONE',  ( 6.077464400068589789, 3.330000000000003180, -0.3854018575820034598 ) ) ;
#4573 = DIRECTION ( 'NONE',  ( 0.000000000000000000, 0.000000000000000000, 1.000000000000000000 ) ) ;
#4574 =( BOUNDED_SURFACE ( )  B_SPLINE_SURFACE ( 3, 3, ( 
 ( #8565, #1682, #2276, #8513 ),
 ( #8707, #122, #2227, #2416 ),
 ( #5061, #4538, #1545, #5107 ),
 ( #250, #7883, #1589, #4397 ) ),
 .UNSPECIFIED., .F., .F., .F. ) 
 B_SPLINE_SURFACE_WITH_KNOTS ( ( 4, 4 ),
 ( 4, 4 ),
 ( 0.000000000000000000, 1.000000000000000000 ),
 ( 0.000000000000000000, 1.000000000000000000 ),
 .UNSPECIFIED. ) 
 GEOMETRIC_REPRESENTATION_ITEM ( )  RATIONAL_B_SPLINE_SURFACE ( (
 ( 1.000000000000000000, 0.3333333333333334259, 0.3333333333333334259, 1.000000000000000000),
 ( 0.8047378541243658256, 0.2682459513747886826, 0.2682459513747886826, 0.8047378541243658256),
 ( 0.8047378541243658256, 0.2682459513747886826, 0.2682459513747886826, 0.8047378541243658256),
 ( 1.000000000000000000, 0.3333333333333334259, 0.3333333333333334259, 1.000000000000000000) ) ) 
 REPRESENTATION_ITEM ( '' )  SURFACE ( )  );
#4575 = ORIENTED_EDGE ( 'NONE', *, *, #3246, .T. ) ;
#4576 = CARTESIAN_POINT ( 'NONE',  ( -5.280000000000000249, -6.551643992949719860E-17, 0.8700000000000002176 ) ) ;
#4577 = CARTESIAN_POINT ( 'NONE',  ( 1.270000000000000018, 7.174999999999999822, 0.3200000000000000067 ) ) ;
#4578 = EDGE_CURVE ( 'NONE', #2144, #3581, #5605, .T. ) ;
#4579 = FILL_AREA_STYLE_COLOUR ( '', #1305 ) ;
#4580 = LINE ( 'NONE', #5322, #5950 ) ;
#4581 = CARTESIAN_POINT ( 'NONE',  ( -3.810000000000000053, 7.174999999999999822, -0.3200000000000007838 ) ) ;
#4582 = FACE_BOUND ( 'NONE', #5710, .T. ) ;
#4583 = CARTESIAN_POINT ( 'NONE',  ( 3.424598142417976554, 3.330000000000003624, 0.2725355999314088007 ) ) ;
#4584 = LINE ( 'NONE', #1081, #5919 ) ;
#4585 = CARTESIAN_POINT ( 'NONE',  ( 8.890000000000000568, -4.400000000000000355, -0.2349999999999975719 ) ) ;
#4586 = STYLED_ITEM ( 'NONE', ( #5234 ), #69 ) ;
#4587 = ORIENTED_EDGE ( 'NONE', *, *, #1654, .T. ) ;
#4588 = ADVANCED_FACE ( 'NONE', ( #8384, #5654 ), #4873, .T. ) ;
#4589 = CARTESIAN_POINT ( 'NONE',  ( -6.819999999999994067, -4.399999999999999467, 0.2349999999999975719 ) ) ;
#4590 = FACE_OUTER_BOUND ( 'NONE', #9099, .T. ) ;
#4591 = CARTESIAN_POINT ( 'NONE',  ( 1.544065206108331312, -4.632925319547867460, 0.1370326030541655082 ) ) ;
#4592 = ADVANCED_FACE ( 'NONE', ( #1363 ), #5707, .T. ) ;
#4593 = EDGE_LOOP ( 'NONE', ( #4245, #4810, #3639, #6137 ) ) ;
#4594 =( NAMED_UNIT ( * ) PLANE_ANGLE_UNIT ( ) SI_UNIT ( $, .RADIAN. ) );
#4595 = VERTEX_POINT ( 'NONE', #4268 ) ;
#4596 = ORIENTED_EDGE ( 'NONE', *, *, #7031, .T. ) ;
#4597 = PLANE ( 'NONE',  #916 ) ;
#4598 = DIRECTION ( 'NONE',  ( 0.000000000000000000, 0.000000000000000000, 1.000000000000000000 ) ) ;
#4599 =( LENGTH_UNIT ( ) NAMED_UNIT ( * ) SI_UNIT ( .MILLI., .METRE. ) );
#4600 = CIRCLE ( 'NONE', #3579, 0.2300000000000030076 ) ;
#4601 = CARTESIAN_POINT ( 'NONE',  ( -8.890000000000000568, -4.400000000000000355, -0.2349999999999975719 ) ) ;
#4602 = MECHANICAL_DESIGN_GEOMETRIC_PRESENTATION_REPRESENTATION (  '', ( #6367 ), #1069 ) ;
#4603 = PLANE ( 'NONE',  #8309 ) ;
#4604 = PRESENTATION_STYLE_ASSIGNMENT (( #6023 ) ) ;
#4605 = CIRCLE ( 'NONE', #1808, 0.9150000000000000355 ) ;
#4606 = CARTESIAN_POINT ( 'NONE',  ( -1.605450835685663158, -0.6699999999999445288, -0.1894987673827072394 ) ) ;
#4607 = AXIS2_PLACEMENT_3D ( 'NONE', #7427, #1119, #3976 ) ;
#4608 = VERTEX_POINT ( 'NONE', #2012 ) ;
#4609 = ADVANCED_FACE ( 'NONE', ( #3633 ), #6393, .T. ) ;
#4610 = ORIENTED_EDGE ( 'NONE', *, *, #5551, .F. ) ;
#4611 = CARTESIAN_POINT ( 'NONE',  ( -0.9599848063963263289, 3.330000000000000071, 0.3548770198077306204 ) ) ;
#4612 =( GEOMETRIC_REPRESENTATION_CONTEXT ( 3 ) GLOBAL_UNCERTAINTY_ASSIGNED_CONTEXT ( ( #3213 ) ) GLOBAL_UNIT_ASSIGNED_CONTEXT ( ( #7936, #4461, #6585 ) ) REPRESENTATION_CONTEXT ( 'NONE', 'WORKASPACE' ) );
#4613 = UNCERTAINTY_MEASURE_WITH_UNIT (LENGTH_MEASURE( 1.000000000000000082E-05 ), #4381, 'distance_accuracy_value', 'NONE');
#4614 = CARTESIAN_POINT ( 'NONE',  ( 4.012550971903833030, 3.330000000000002292, -0.4254576552514610088 ) ) ;
#4615 = CARTESIAN_POINT ( 'NONE',  ( -8.581936296574278700, -0.6699999999999922684, -0.2324040746320934769 ) ) ;
#4616 = CARTESIAN_POINT ( 'NONE',  ( 3.436339873321309746, 7.492926245181915412, 0.1868300633393451260 ) ) ;
#4617 = DIRECTION ( 'NONE',  ( 0.000000000000000000, 1.000000000000000000, 0.000000000000000000 ) ) ;
#4618 = EDGE_CURVE ( 'NONE', #2737, #880, #5114, .T. ) ;
#4619 = CARTESIAN_POINT ( 'NONE',  ( 5.880067075810025301, 3.330000000000004068, 0.05941751562793283481 ) ) ;
#4620 = CIRCLE ( 'NONE', #639, 0.6650000000000000355 ) ;
#4621 = CARTESIAN_POINT ( 'NONE',  ( -3.810000000000000053, 3.479999999999999982, -0.3199999999999999512 ) ) ;
#4622 = LINE ( 'NONE', #3932, #2675 ) ;
#4623 = ORIENTED_EDGE ( 'NONE', *, *, #6638, .F. ) ;
#4624 =( NAMED_UNIT ( * ) PLANE_ANGLE_UNIT ( ) SI_UNIT ( $, .RADIAN. ) );
#4625 = VECTOR ( 'NONE', #83, 1000.000000000000000 ) ;
#4626 = CARTESIAN_POINT ( 'NONE',  ( -3.526285934864793692, 3.330000000000002292, -0.3760777678184962225 ) ) ;
#4627 = CARTESIAN_POINT ( 'NONE',  ( 4.084065206108330237, -4.632925319547867460, -0.1370326030541655082 ) ) ;
#4628 = CARTESIAN_POINT ( 'NONE',  ( -3.810000000000000053, 2.799999999999999822, -1.269999999999999796 ) ) ;
#4629 =( BOUNDED_SURFACE ( )  B_SPLINE_SURFACE ( 3, 3, ( 
 ( #6394, #630, #2923, #7800 ),
 ( #5655, #8436, #3494, #5023 ),
 ( #726, #5744, #8522, #2150 ),
 ( #2830, #4978, #7074, #676 ) ),
 .UNSPECIFIED., .F., .F., .F. ) 
 B_SPLINE_SURFACE_WITH_KNOTS ( ( 4, 4 ),
 ( 4, 4 ),
 ( 0.000000000000000000, 1.000000000000000000 ),
 ( 0.000000000000000000, 1.000000000000000000 ),
 .UNSPECIFIED. ) 
 GEOMETRIC_REPRESENTATION_ITEM ( )  RATIONAL_B_SPLINE_SURFACE ( (
 ( 1.000000000000000000, 0.3333333333333334259, 0.3333333333333334259, 1.000000000000000000),
 ( 0.8047378541243658256, 0.2682459513747886826, 0.2682459513747886826, 0.8047378541243658256),
 ( 0.8047378541243658256, 0.2682459513747886826, 0.2682459513747886826, 0.8047378541243658256),
 ( 1.000000000000000000, 0.3333333333333334259, 0.3333333333333334259, 1.000000000000000000) ) ) 
 REPRESENTATION_ITEM ( '' )  SURFACE ( )  );
#4630 = CARTESIAN_POINT ( 'NONE',  ( 3.432073952250138227, 3.330000000000004068, -0.2866497515788097306 ) ) ;
#4631 = CIRCLE ( 'NONE', #6098, 0.6650000000000000355 ) ;
#4632 = EDGE_CURVE ( 'NONE', #1656, #7663, #1640, .T. ) ;
#4633 = DIRECTION ( 'NONE',  ( 0.000000000000000000, 1.000000000000000000, 0.000000000000000000 ) ) ;
#4634 = ADVANCED_FACE ( 'NONE', ( #3105 ), #859, .T. ) ;
#4635 = CARTESIAN_POINT ( 'NONE',  ( 6.349999999999999645, 3.479999999999999982, -0.3199999999999999512 ) ) ;
#4636 = EDGE_LOOP ( 'NONE', ( #3439, #5402, #8668, #790 ) ) ;
#4637 = CARTESIAN_POINT ( 'NONE',  ( -9.263787120120490215, -0.6699999999999416422, 0.09550504733229674137 ) ) ;
#4638 = DIRECTION ( 'NONE',  ( 0.000000000000000000, 1.000000000000000000, 0.000000000000000000 ) ) ;
#4639 = AXIS2_PLACEMENT_3D ( 'NONE', #1886, #4700, #502 ) ;
#4640 = FACE_OUTER_BOUND ( 'NONE', #5848, .T. ) ;
#4641 = CARTESIAN_POINT ( 'NONE',  ( 3.810000000000000053, -0.6699999999568717612, -0.4150000000194631888 ) ) ;
#4642 = ORIENTED_EDGE ( 'NONE', *, *, #2328, .T. ) ;
#4643 = PRESENTATION_STYLE_ASSIGNMENT (( #8946 ) ) ;
#4644 = VERTEX_POINT ( 'NONE', #3677 ) ;
#4645 = CARTESIAN_POINT ( 'NONE',  ( 6.349999999999999645, 7.489960314960471877, -2.117582368135750848E-17 ) ) ;
#4646 = AXIS2_PLACEMENT_3D ( 'NONE', #6353, #9091, #42 ) ;
#4647 = CARTESIAN_POINT ( 'NONE',  ( -9.164065206108331196, -4.632925319547867460, -0.1370326030541655082 ) ) ;
#4648 = CARTESIAN_POINT ( 'NONE',  ( -3.810000000000000053, -0.8199999999999999512, -0.2349999999999980438 ) ) ;
#4649 = FACE_OUTER_BOUND ( 'NONE', #8988, .T. ) ;
#4650 = COLOUR_RGB ( '',0.000000000000000000, 0.000000000000000000, 0.000000000000000000 ) ;
#4651 = DIRECTION ( 'NONE',  ( -1.000000000000000000, 0.000000000000000000, -1.224646799147353207E-16 ) ) ;
#4652 = CARTESIAN_POINT ( 'NONE',  ( -1.493294794279156568, -0.6699999999999528555, 0.3156704125323703258 ) ) ;
#4653 = VERTEX_POINT ( 'NONE', #1597 ) ;
#4654 = CARTESIAN_POINT ( 'NONE',  ( -1.270000000000000018, 3.330000000000000071, -0.3821320343559643784 ) ) ;
#4655 = ORIENTED_EDGE ( 'NONE', *, *, #174, .T. ) ;
#4656 = CARTESIAN_POINT ( 'NONE',  ( -0.8872526253409147579, -0.6699999999999977085, -0.04807139133202923548 ) ) ;
#4657 = ORIENTED_EDGE ( 'NONE', *, *, #6592, .F. ) ;
#4658 = EDGE_CURVE ( 'NONE', #7127, #322, #5434, .T. ) ;
#4659 = VECTOR ( 'NONE', #6245, 1000.000000000000000 ) ;
#4660 = AXIS2_PLACEMENT_3D ( 'NONE', #4745, #5488, #6864 ) ;
#4661 = DIRECTION ( 'NONE',  ( 1.000000000000000000, 0.000000000000000000, 0.000000000000000000 ) ) ;
#4662 = ORIENTED_EDGE ( 'NONE', *, *, #2658, .T. ) ;
#4663 = CARTESIAN_POINT ( 'NONE',  ( 1.864264068711926514, -0.6699999999999978195, 0.2971320343559631927 ) ) ;
#4664 = CARTESIAN_POINT ( 'NONE',  ( 3.810000000000000053, 7.361853603950962111, -0.3200000000000008948 ) ) ;
#4665 = LINE ( 'NONE', #979, #1317 ) ;
#4666 = CARTESIAN_POINT ( 'NONE',  ( 6.349999999999999645, -4.629945645751342376, 1.355252715606880543E-17 ) ) ;
#4667 = CARTESIAN_POINT ( 'NONE',  ( 1.270000000000000240, 3.330000000000000071, -0.9150000000000000355 ) ) ;
#4668 = EDGE_LOOP ( 'NONE', ( #7264, #3604, #4969, #4851 ) ) ;
#4669 = CARTESIAN_POINT ( 'NONE',  ( -7.820000000000000284, 5.327037639127341492E-17, -0.8700000000000001066 ) ) ;
#4670 = CARTESIAN_POINT ( 'NONE',  ( -3.500196645492386516, 3.330000000000001847, -0.3546651807116945054 ) ) ;
#4671 = CARTESIAN_POINT ( 'NONE',  ( 8.890000000000000568, -0.6699999999999866063, 0.3850000000000000089 ) ) ;
#4672 = CARTESIAN_POINT ( 'NONE',  ( -8.890000000000000568, -0.8199999999999999512, 0.3850000000000000089 ) ) ;
#4673 = CARTESIAN_POINT ( 'NONE',  ( -8.505137816412007723, 3.330000000000001403, -0.2733544892302067209 ) ) ;
#4674 = CARTESIAN_POINT ( 'NONE',  ( 3.523350248421339259, 3.330000000000004068, 0.3779260477500419046 ) ) ;
#4675 = LINE ( 'NONE', #6099, #5195 ) ;
#4676 = CARTESIAN_POINT ( 'NONE',  ( -0.8608827804240195558, 3.330000000000000959, -0.2319339637930968034 ) ) ;
#4677 = CIRCLE ( 'NONE', #1283, 0.1500000000000009936 ) ;
#4678 = ADVANCED_FACE ( 'NONE', ( #5875 ), #6456, .F. ) ;
#4679 = CARTESIAN_POINT ( 'NONE',  ( -9.080840355226573735, -0.6699999999999552980, -0.3385969398819670406 ) ) ;
#4680 = CARTESIAN_POINT ( 'NONE',  ( 3.471403060118123829, -0.6699999999999444178, 0.1908403552268532199 ) ) ;
#4681 = CARTESIAN_POINT ( 'NONE',  ( -9.660000000000000142, -0.6699999999999979305, 0.3849999999999999534 ) ) ;
#4682 = EDGE_CURVE ( 'NONE', #7183, #7877, #1598, .T. ) ;
#4683 = DIRECTION ( 'NONE',  ( 0.000000000000000000, 1.000000000000000000, 6.123031769111889989E-17 ) ) ;
#4684 = CIRCLE ( 'NONE', #5851, 0.1500000000000009936 ) ;
#4685 = ORIENTED_EDGE ( 'NONE', *, *, #9087, .T. ) ;
#4686 = CARTESIAN_POINT ( 'NONE',  ( 4.146641165143221563, -0.6699999999999940448, -0.1888975254401616954 ) ) ;
#4687 = ORIENTED_EDGE ( 'NONE', *, *, #8789, .T. ) ;
#4688 = ORIENTED_EDGE ( 'NONE', *, *, #4562, .F. ) ;
#4689 = DIRECTION ( 'NONE',  ( 0.000000000000000000, 0.7071067811865474617, 0.7071067811865474617 ) ) ;
#4690 = CARTESIAN_POINT ( 'NONE',  ( 6.809000167166446182, 3.329999999999999627, -0.1181620185855135063 ) ) ;
#4691 = B_SPLINE_CURVE_WITH_KNOTS ( 'NONE', 3,
 ( #6876, #4765, #7570, #1948, #1255, #1753, #278, #3132, #7370, #4611, #5265, #2534, #4566, #1661, #6729, #7421, #1110 ),
 .UNSPECIFIED., .F., .F.,
 ( 4, 2, 2, 2, 2, 1, 2, 2, 4 ),
 ( 0.000000000000000000, 0.1249999999999997224, 0.2499999999999994449, 0.3749999999999991673, 0.4999999999999990008, 0.6249999999999987788, 0.6874999999999991118, 0.7499999999999994449, 1.000000000000000000 ),
 .UNSPECIFIED. ) ;
#4692 = EDGE_CURVE ( 'NONE', #8362, #5330, #4544, .T. ) ;
#4693 = CARTESIAN_POINT ( 'NONE',  ( -9.199547256861613675, 3.330000000000003624, -0.3551854049470841712 ) ) ;
#4694 = VECTOR ( 'NONE', #6778, 1000.000000000000000 ) ;
#4695 = FACE_OUTER_BOUND ( 'NONE', #1106, .T. ) ;
#4696 = CARTESIAN_POINT ( 'NONE',  ( -1.270000000000000240, -4.537064994640259918, 0.2349999999999975719 ) ) ;
#4697 = LINE ( 'NONE', #3315, #8816 ) ;
#4698 = ORIENTED_EDGE ( 'NONE', *, *, #1068, .F. ) ;
#4699 = CARTESIAN_POINT ( 'NONE',  ( -6.350000000000000533, 7.492926245181917189, 0.1868300633393450705 ) ) ;
#4700 = DIRECTION ( 'NONE',  ( 0.000000000000000000, 1.000000000000000000, 4.075948017540437167E-17 ) ) ;
#4701 = VERTEX_POINT ( 'NONE', #3854 ) ;
#4702 = CARTESIAN_POINT ( 'NONE',  ( 7.233476936737998741, 6.551643992949721092E-17, -1.270000000000000018 ) ) ;
#4703 = AXIS2_PLACEMENT_3D ( 'NONE', #7039, #93, #7129 ) ;
#4704 = ORIENTED_EDGE ( 'NONE', *, *, #6028, .F. ) ;
#4705 = CARTESIAN_POINT ( 'NONE',  ( 2.485733098857910051, 5.327037639127340260E-17, -0.8699999999999999956 ) ) ;
#4706 = AXIS2_PLACEMENT_3D ( 'NONE', #2588, #4534, #6698 ) ;
#4707 = UNCERTAINTY_MEASURE_WITH_UNIT (LENGTH_MEASURE( 1.000000000000000082E-05 ), #5976, 'distance_accuracy_value', 'NONE');
#4708 = FILL_AREA_STYLE ('',( #1892 ) ) ;
#4709 = ORIENTED_EDGE ( 'NONE', *, *, #7141, .F. ) ;
#4710 = CARTESIAN_POINT ( 'NONE',  ( 1.737250041791611688, 3.330000000000001403, 0.05868455565208698099 ) ) ;
#4711 = AXIS2_PLACEMENT_3D ( 'NONE', #1215, #6143, #3473 ) ;
#4712 = CARTESIAN_POINT ( 'NONE',  ( -3.474872064815432093, -0.6699999999999942668, 0.1899884597028686506 ) ) ;
#4713 = VERTEX_POINT ( 'NONE', #7442 ) ;
#4714 = SURFACE_SIDE_STYLE ('',( #2631 ) ) ;
#4715 = PRESENTATION_STYLE_ASSIGNMENT (( #4767 ) ) ;
#4716 = VECTOR ( 'NONE', #6227, 1000.000000000000114 ) ;
#4717 = DIRECTION ( 'NONE',  ( -0.4226182617407017728, 0.000000000000000000, -0.9063077870366488265 ) ) ;
#4718 = PRESENTATION_LAYER_ASSIGNMENT (  '', '', ( #4134 ) ) ;
#4719 = CARTESIAN_POINT ( 'NONE',  ( 9.237330520227660102, -0.6699999999999953770, 0.1665022951688794883 ) ) ;
#4720 = DIRECTION ( 'NONE',  ( 0.000000000000000000, 1.000000000000000000, 0.000000000000000000 ) ) ;
#4721 = CARTESIAN_POINT ( 'NONE',  ( 3.342699651350906187, 3.330000000000004068, -0.05898017951235813572 ) ) ;
#4722 = CARTESIAN_POINT ( 'NONE',  ( -3.810000000000000053, 7.174999999999999822, -0.3200000000000000067 ) ) ;
#4723 = CARTESIAN_POINT ( 'NONE',  ( 6.446792291819967602, -0.6699999999999765032, -0.3759894986363452873 ) ) ;
#4724 = EDGE_CURVE ( 'NONE', #7009, #3187, #7323, .T. ) ;
#4725 = EDGE_CURVE ( 'NONE', #2772, #683, #2180, .T. ) ;
#4726 = FACE_OUTER_BOUND ( 'NONE', #3700, .T. ) ;
#4727 = DIRECTION ( 'NONE',  ( -1.000000000000000000, 0.000000000000000000, -0.000000000000000000 ) ) ;
#4728 = CARTESIAN_POINT ( 'NONE',  ( 3.810000000000000053, 3.329999999999999183, 0.4700000000000004730 ) ) ;
#4729 = AXIS2_PLACEMENT_3D ( 'NONE', #8600, #6423, #2902 ) ;
#4730 = ORIENTED_EDGE ( 'NONE', *, *, #508, .F. ) ;
#4731 = EDGE_CURVE ( 'NONE', #3581, #7955, #2556, .T. ) ;
#4732 = PLANE ( 'NONE',  #5537 ) ;
#4733 = EDGE_LOOP ( 'NONE', ( #1285, #1073, #1707, #2625 ) ) ;
#4734 = CARTESIAN_POINT ( 'NONE',  ( -8.420000000000005258, -4.399999999999999467, 0.2349999999999975719 ) ) ;
#4735 = VERTEX_POINT ( 'NONE', #3944 ) ;
#4736 = DIRECTION ( 'NONE',  ( 0.000000000000000000, 0.000000000000000000, 1.000000000000000000 ) ) ;
#4737 = CARTESIAN_POINT ( 'NONE',  ( -0.2932615316310019926, 6.551643992949719860E-17, -1.070000000000000062 ) ) ;
#4738 = CARTESIAN_POINT ( 'NONE',  ( -9.164065206108331196, -4.632925319547867460, 0.1370326030541655082 ) ) ;
#4739 = DIRECTION ( 'NONE',  ( 0.000000000000000000, 1.000000000000000000, 0.000000000000000000 ) ) ;
#4740 = CARTESIAN_POINT ( 'NONE',  ( 9.092550971903829549, 3.330000000000002292, -0.4254576552514650056 ) ) ;
#4741 = ORIENTED_EDGE ( 'NONE', *, *, #5797, .F. ) ;
#4742 = CARTESIAN_POINT ( 'NONE',  ( -6.350000000000000533, 7.361853603950962111, -0.3200000000000008948 ) ) ;
#4743 = CARTESIAN_POINT ( 'NONE',  ( -1.560931969974819644, -0.6699999999999475264, -0.2535924761678519102 ) ) ;
#4744 = ORIENTED_EDGE ( 'NONE', *, *, #80, .F. ) ;
#4745 = CARTESIAN_POINT ( 'NONE',  ( -8.890000000000000568, 5.327499999999999680, 0.000000000000000000 ) ) ;
#4746 = VECTOR ( 'NONE', #5885, 999.9999999999998863 ) ;
#4747 = AXIS2_PLACEMENT_3D ( 'NONE', #8052, #1071, #6212 ) ;
#4748 = ORIENTED_EDGE ( 'NONE', *, *, #7046, .T. ) ;
#4749 = STYLED_ITEM ( 'NONE', ( #8030 ), #8208 ) ;
#4750 = CARTESIAN_POINT ( 'NONE',  ( -7.114264068711928068, 3.329999999999999627, 0.3821320343559643784 ) ) ;
#4751 = ADVANCED_FACE ( 'NONE', ( #6799 ), #6149, .T. ) ;
#4752 = VECTOR ( 'NONE', #7016, 1000.000000000000000 ) ;
#4753 =( NAMED_UNIT ( * ) SI_UNIT ( $, .STERADIAN. ) SOLID_ANGLE_UNIT ( ) );
#4754 = PLANE ( 'NONE',  #3882 ) ;
#4755 = VECTOR ( 'NONE', #4532, 1000.000000000000000 ) ;
#4756 = LINE ( 'NONE', #7564, #4414 ) ;
#4757 = CARTESIAN_POINT ( 'NONE',  ( 1.067146902495140326, 3.330000000000003624, -0.4242837188333344334 ) ) ;
#4758 = AXIS2_PLACEMENT_3D ( 'NONE', #4037, #8155, #8106 ) ;
#4759 = VECTOR ( 'NONE', #3555, 1000.000000000000000 ) ;
#4760 = CARTESIAN_POINT ( 'NONE',  ( 1.330493847420743281, 3.330000000000001403, 0.4699999999999998623 ) ) ;
#4761 = SURFACE_STYLE_USAGE ( .BOTH. , #8145 ) ;
#4762 = CONICAL_SURFACE ( 'NONE', #6221, 0.6649999999671311057, 0.7853981633974482790 ) ;
#4763 = COLOUR_RGB ( '',0.000000000000000000, 0.000000000000000000, 0.000000000000000000 ) ;
#4764 = EDGE_LOOP ( 'NONE', ( #8836, #5771, #5301, #2804 ) ) ;
#4765 = CARTESIAN_POINT ( 'NONE',  ( -0.8000000000000020428, 3.330000000000000515, 0.02951167524060990116 ) ) ;
#4766 = ADVANCED_FACE ( 'NONE', ( #4726 ), #5913, .T. ) ;
#4767 = SURFACE_STYLE_USAGE ( .BOTH. , #6092 ) ;
#4768 = CARTESIAN_POINT ( 'NONE',  ( 8.890000000000000568, 3.330000000000000515, -0.4700000000000001954 ) ) ;
#4769 = CARTESIAN_POINT ( 'NONE',  ( 8.914174457377953331, -0.6699999999999713962, 0.3850000000000000644 ) ) ;
#4770 = CIRCLE ( 'NONE', #7104, 0.9150000000000000355 ) ;
#4771 = CARTESIAN_POINT ( 'NONE',  ( -1.270000000000000018, 7.489960314960471877, -2.117582368135750848E-17 ) ) ;
#4772 = CARTESIAN_POINT ( 'NONE',  ( 4.164665180711683234, 3.330000000000000959, 0.3098033545076220308 ) ) ;
#4773 = LINE ( 'NONE', #5327, #1651 ) ;
#4774 = CARTESIAN_POINT ( 'NONE',  ( 8.890000000000000568, 1.967086183247610087, 0.000000000000000000 ) ) ;
#4775 = VECTOR ( 'NONE', #1871, 1000.000000000000000 ) ;
#4776 = ORIENTED_EDGE ( 'NONE', *, *, #2251, .T. ) ;
#4777 = EDGE_CURVE ( 'NONE', #8922, #5445, #6665, .T. ) ;
#4778 = CARTESIAN_POINT ( 'NONE',  ( -6.624065206108329384, -4.632925319547867460, 0.1370326030541655082 ) ) ;
#4779 = CARTESIAN_POINT ( 'NONE',  ( -6.325825542622054876, -0.6699999999999712852, 0.3850000000000000644 ) ) ;
#4780 = CARTESIAN_POINT ( 'NONE',  ( -9.359999999999997655, -0.8199999999999998401, 0.2349999999999980715 ) ) ;
#4781 = ADVANCED_FACE ( 'NONE', ( #5331 ), #8964, .F. ) ;
#4782 = CARTESIAN_POINT ( 'NONE',  ( -3.643497704831140105, -0.6699999999999818323, -0.3473305202276672499 ) ) ;
#4783 = AXIS2_PLACEMENT_3D ( 'NONE', #5134, #6554, #7912 ) ;
#4784 = EDGE_LOOP ( 'NONE', ( #8494, #1936, #7215 ) ) ;
#4785 = APPLICATION_CONTEXT ( 'automotive_design' ) ;
#4786 = CARTESIAN_POINT ( 'NONE',  ( -1.269999999999999796, 1.967086183247610087, -0.9150000000000000355 ) ) ;
#4787 = VERTEX_POINT ( 'NONE', #2001 ) ;
#4788 = ORIENTED_EDGE ( 'NONE', *, *, #2407, .F. ) ;
#4789 = CYLINDRICAL_SURFACE ( 'NONE', #5490, 0.3200000000000000067 ) ;
#4790 = CARTESIAN_POINT ( 'NONE',  ( -9.007612408564661166, 3.330000000000003180, -0.4590001671664474814 ) ) ;
#4791 =( GEOMETRIC_REPRESENTATION_CONTEXT ( 3 ) GLOBAL_UNCERTAINTY_ASSIGNED_CONTEXT ( ( #3703 ) ) GLOBAL_UNIT_ASSIGNED_CONTEXT ( ( #6483, #2878, #8525 ) ) REPRESENTATION_CONTEXT ( 'NONE', 'WORKASPACE' ) );
#4792 = UNCERTAINTY_MEASURE_WITH_UNIT (LENGTH_MEASURE( 1.000000000000000082E-05 ), #1541, 'distance_accuracy_value', 'NONE');
#4793 = DIRECTION ( 'NONE',  ( 0.000000000000000000, 0.000000000000000000, 1.000000000000000000 ) ) ;
#4794 = CARTESIAN_POINT ( 'NONE',  ( 8.890000000000000568, 3.330000000000000515, -0.4700000000000001954 ) ) ;
#4795 = ORIENTED_EDGE ( 'NONE', *, *, #7581, .T. ) ;
#4796 = CARTESIAN_POINT ( 'NONE',  ( -8.990000000000000213, -7.776250346772101309E-17, 1.270000000000000018 ) ) ;
#4797 = CARTESIAN_POINT ( 'NONE',  ( -1.436190672783301148, -0.6699999999999571854, 0.3475360023647298680 ) ) ;
#4798 = CARTESIAN_POINT ( 'NONE',  ( -5.280000000000000249, -5.939340816038532217E-17, 0.8699999999999999956 ) ) ;
#4799 =( GEOMETRIC_REPRESENTATION_CONTEXT ( 3 ) GLOBAL_UNCERTAINTY_ASSIGNED_CONTEXT ( ( #4613 ) ) GLOBAL_UNIT_ASSIGNED_CONTEXT ( ( #4381, #3707, #6504 ) ) REPRESENTATION_CONTEXT ( 'NONE', 'WORKASPACE' ) );
#4800 = VERTEX_POINT ( 'NONE', #6925 ) ;
#4801 = EDGE_CURVE ( 'NONE', #2827, #650, #7703, .T. ) ;
#4802 = EDGE_CURVE ( 'NONE', #4997, #5284, #4104, .T. ) ;
#4803 = SURFACE_SIDE_STYLE ('',( #7469 ) ) ;
#4804 = SURFACE_STYLE_FILL_AREA ( #596 ) ;
#4805 = EDGE_CURVE ( 'NONE', #2351, #3088, #1440, .T. ) ;
#4806 = DIRECTION ( 'NONE',  ( 0.000000000000000000, 1.000000000000000000, 0.000000000000000000 ) ) ;
#4807 = AXIS2_PLACEMENT_3D ( 'NONE', #8467, #614, #6293 ) ;
#4808 = DIRECTION ( 'NONE',  ( 0.9063077870366482713, 2.587705042845171132E-17, -0.4226182617407031605 ) ) ;
#4809 = STYLED_ITEM ( 'NONE', ( #774 ), #3736 ) ;
#4810 = ORIENTED_EDGE ( 'NONE', *, *, #7161, .T. ) ;
#4811 = CARTESIAN_POINT ( 'NONE',  ( -3.350999832833552627, 3.330000000000000959, -0.1181620185854214966 ) ) ;
#4812 = CARTESIAN_POINT ( 'NONE',  ( 8.890000000000000568, 3.330000000000000515, 0.4700000000000000844 ) ) ;
#4813 = CARTESIAN_POINT ( 'NONE',  ( -6.717654273922618380, -0.6699999999999425304, 0.1171545171585550854 ) ) ;
#4814 = EDGE_CURVE ( 'NONE', #215, #7137, #4387, .T. ) ;
#4815 = CARTESIAN_POINT ( 'NONE',  ( -6.349999999999999645, -0.8199999999999999512, 0.2349999999999980438 ) ) ;
#4816 = CARTESIAN_POINT ( 'NONE',  ( 1.270000000000000018, 7.174999999999999822, -0.3200000000000007838 ) ) ;
#4817 = FACE_OUTER_BOUND ( 'NONE', #2113, .T. ) ;
#4818 = VERTEX_POINT ( 'NONE', #5641 ) ;
#4819 = CARTESIAN_POINT ( 'NONE',  ( 3.810000000000000053, -0.6699999999999979305, 0.3849999999999999534 ) ) ;
#4820 = CARTESIAN_POINT ( 'NONE',  ( 3.340000000000004743, -4.399999999999999467, 0.2349999999999975719 ) ) ;
#4821 =( LENGTH_UNIT ( ) NAMED_UNIT ( * ) SI_UNIT ( .MILLI., .METRE. ) );
#4822 = ORIENTED_EDGE ( 'NONE', *, *, #6502, .T. ) ;
#4823 = CARTESIAN_POINT ( 'NONE',  ( -5.982576193866620429, -0.6699999999999964873, -0.1175135132073554245 ) ) ;
#4824 = EDGE_LOOP ( 'NONE', ( #5031, #2426, #2944, #2520 ) ) ;
#4825 = CARTESIAN_POINT ( 'NONE',  ( -4.119547256861568307, 3.330000000000003624, -0.3551854049471015462 ) ) ;
#4826 = VERTEX_POINT ( 'NONE', #3386 ) ;
#4827 = CARTESIAN_POINT ( 'NONE',  ( 8.890000000000000568, -0.4200000000000000400, 0.000000000000000000 ) ) ;
#4828 = CARTESIAN_POINT ( 'NONE',  ( -9.360033537905010803, 3.330000000000004512, -0.02970875781403179219 ) ) ;
#4829 = LINE ( 'NONE', #725, #267 ) ;
#4830 = ORIENTED_EDGE ( 'NONE', *, *, #7190, .T. ) ;
#4831 = CARTESIAN_POINT ( 'NONE',  ( 8.890000000000000568, -0.8199999999999999512, 0.2349999999999980160 ) ) ;
#4832 = LINE ( 'NONE', #4188, #89 ) ;
#4833 = ORIENTED_EDGE ( 'NONE', *, *, #1021, .F. ) ;
#4834 = CARTESIAN_POINT ( 'NONE',  ( 5.709999999999998188, 7.175000000000000711, -0.3200000000000007838 ) ) ;
#4835 = CARTESIAN_POINT ( 'NONE',  ( 6.349999999999999645, -4.629945645751342376, -1.355252715606880543E-17 ) ) ;
#4836 = STYLED_ITEM ( 'NONE', ( #8535 ), #5163 ) ;
#4837 = CARTESIAN_POINT ( 'NONE',  ( -6.349999999999999645, 3.392132034355963555, -0.3199999999999999512 ) ) ;
#4838 = CARTESIAN_POINT ( 'NONE',  ( -6.349999999999999645, 3.479999999999999982, 0.000000000000000000 ) ) ;
#4839 = ORIENTED_EDGE ( 'NONE', *, *, #7557, .T. ) ;
#4840 = DIRECTION ( 'NONE',  ( 0.9063077870366482713, 2.587705042845171132E-17, -0.4226182617407031605 ) ) ;
#4841 = SURFACE_SIDE_STYLE ('',( #4804 ) ) ;
#4842 = CIRCLE ( 'NONE', #2629, 0.3200000000000000067 ) ;
#4843 = CARTESIAN_POINT ( 'NONE',  ( -5.466523063261999660, 7.776250346772100076E-17, -1.270000000000000018 ) ) ;
#4844 = EDGE_CURVE ( 'NONE', #2737, #1740, #2730, .T. ) ;
#4845 = CARTESIAN_POINT ( 'NONE',  ( 1.579803354507629098, 3.330000000000000515, -0.3546651807116734112 ) ) ;
#4846 = ORIENTED_EDGE ( 'NONE', *, *, #2868, .F. ) ;
#4847 = FACE_OUTER_BOUND ( 'NONE', #4262, .T. ) ;
#4848 = AXIS2_PLACEMENT_3D ( 'NONE', #8195, #3891, #7478 ) ;
#4849 = ORIENTED_EDGE ( 'NONE', *, *, #8385, .T. ) ;
#4850 = EDGE_CURVE ( 'NONE', #7150, #5758, #1394, .T. ) ;
#4851 = ORIENTED_EDGE ( 'NONE', *, *, #6432, .T. ) ;
#4852 = CARTESIAN_POINT ( 'NONE',  ( -5.466523063262000548, 2.799999999999999822, -1.270000000000000018 ) ) ;
#4853 = CARTESIAN_POINT ( 'NONE',  ( -6.573294794279069819, -0.6699999999999527445, 0.3156704125324071297 ) ) ;
#4854 = CARTESIAN_POINT ( 'NONE',  ( -3.340000000000000746, 3.330000000000000959, 0.02951167524061697189 ) ) ;
#4855 = DIRECTION ( 'NONE',  ( 1.000000000000000000, -7.401486830834319717E-14, 0.000000000000000000 ) ) ;
#4856 = DIRECTION ( 'NONE',  ( 0.000000000000000000, 0.000000000000000000, 1.000000000000000000 ) ) ;
#4857 = CARTESIAN_POINT ( 'NONE',  ( 8.889999999999998792, -0.7321320343559629684, 0.2349999999999980715 ) ) ;
#4858 = ORIENTED_EDGE ( 'NONE', *, *, #193, .T. ) ;
#4859 = VECTOR ( 'NONE', #2020, 1000.000000000000000 ) ;
#4860 = AXIS2_PLACEMENT_3D ( 'NONE', #6779, #4477, #2538 ) ;
#4861 = CARTESIAN_POINT ( 'NONE',  ( -5.709999999999999076, 3.392132034355963555, -0.3199999999999998956 ) ) ;
#4862 = SURFACE_STYLE_FILL_AREA ( #2731 ) ;
#4863 = CARTESIAN_POINT ( 'NONE',  ( -6.349999999999999645, 3.330000000000000071, 0.000000000000000000 ) ) ;
#4864 = DIRECTION ( 'NONE',  ( 1.000000000000000000, -0.000000000000000000, 0.000000000000000000 ) ) ;
#4865 = VERTEX_POINT ( 'NONE', #3572 ) ;
#4866 = CARTESIAN_POINT ( 'NONE',  ( 8.890000000000000568, -0.6699999999999866063, -0.3849999999999998979 ) ) ;
#4867 = ORIENTED_EDGE ( 'NONE', *, *, #7593, .T. ) ;
#4868 = DIRECTION ( 'NONE',  ( 0.4226182617407031605, 0.000000000000000000, -0.9063077870366482713 ) ) ;
#4869 = MECHANICAL_DESIGN_GEOMETRIC_PRESENTATION_REPRESENTATION (  '', ( #1330 ), #5320 ) ;
#4870 = ORIENTED_EDGE ( 'NONE', *, *, #6914, .T. ) ;
#4871 = CARTESIAN_POINT ( 'NONE',  ( -8.794689787607516962, -0.6699999999999765032, 0.3737368732954315376 ) ) ;
#4872 = CARTESIAN_POINT ( 'NONE',  ( -9.162535599931608488, 3.330000000000003180, -0.3854018575818476955 ) ) ;
#4873 = PLANE ( 'NONE',  #557 ) ;
#4874 = EDGE_CURVE ( 'NONE', #260, #7649, #6382, .T. ) ;
#4875 = PLANE ( 'NONE',  #6860 ) ;
#4876 = CARTESIAN_POINT ( 'NONE',  ( 8.505066995766750182, -0.6699999999999409761, -0.04860869467586834830 ) ) ;
#4877 = VERTEX_POINT ( 'NONE', #2862 ) ;
#4878 = CARTESIAN_POINT ( 'NONE',  ( 8.793625843584612412, -0.6699999999999622924, 0.3759894986363453429 ) ) ;
#4879 = CARTESIAN_POINT ( 'NONE',  ( -0.8000000000000051514, -4.537064994640259030, -0.2349999999999976275 ) ) ;
#4880 = CARTESIAN_POINT ( 'NONE',  ( 2.153476936737999115, 2.799999999999999822, -1.269999999999999796 ) ) ;
#4881 = LINE ( 'NONE', #7080, #626 ) ;
#4882 =( NAMED_UNIT ( * ) PLANE_ANGLE_UNIT ( ) SI_UNIT ( $, .RADIAN. ) );
#4883 = EDGE_LOOP ( 'NONE', ( #282, #5020, #5027, #920 ) ) ;
#4884 = CARTESIAN_POINT ( 'NONE',  ( -3.340000000000004743, -4.399999999999999467, 0.2349999999999975719 ) ) ;
#4885 = PLANE ( 'NONE',  #3396 ) ;
#4886 = ADVANCED_FACE ( 'NONE', ( #1346 ), #3343, .F. ) ;
#4887 = DIRECTION ( 'NONE',  ( 0.000000000000000000, 0.000000000000000000, 1.000000000000000000 ) ) ;
#4888 = EDGE_CURVE ( 'NONE', #841, #694, #3433, .T. ) ;
#4889 = VERTEX_POINT ( 'NONE', #1796 ) ;
#4890 =( NAMED_UNIT ( * ) SI_UNIT ( $, .STERADIAN. ) SOLID_ANGLE_UNIT ( ) );
#4891 = VERTEX_POINT ( 'NONE', #3222 ) ;
#4892 = VECTOR ( 'NONE', #1721, 1000.000000000000000 ) ;
#4893 = VECTOR ( 'NONE', #8795, 1000.000000000000000 ) ;
#4894 = ORIENTED_EDGE ( 'NONE', *, *, #7740, .T. ) ;
#4895 = EDGE_CURVE ( 'NONE', #2901, #3619, #7038, .T. ) ;
#4896 = VECTOR ( 'NONE', #2553, 1000.000000000000000 ) ;
#4897 = CARTESIAN_POINT ( 'NONE',  ( 8.658709449227334431, 3.330000000000003624, -0.4095412491426891899 ) ) ;
#4898 = CARTESIAN_POINT ( 'NONE',  ( -3.810000000000000053, -0.6699999999999866063, -0.3849999999999998979 ) ) ;
#4899 = CARTESIAN_POINT ( 'NONE',  ( 2.485733098857910051, 2.799999999999999822, 0.8700000000000002176 ) ) ;
#4900 = DIRECTION ( 'NONE',  ( 0.000000000000000000, 1.000000000000000000, 0.000000000000000000 ) ) ;
#4901 = AXIS2_PLACEMENT_3D ( 'NONE', #3829, #7284, #1155 ) ;
#4902 = CARTESIAN_POINT ( 'NONE',  ( 1.643660126678690325, 7.492926245181915412, -0.1868300633393446819 ) ) ;
#4903 = AXIS2_PLACEMENT_3D ( 'NONE', #7785, #5056, #4908 ) ;
#4904 = STYLED_ITEM ( 'NONE', ( #3043 ), #7788 ) ;
#4905 = CARTESIAN_POINT ( 'NONE',  ( -0.9348720648154235091, -0.6699999999999942668, 0.1899884597028581867 ) ) ;
#4906 =( GEOMETRIC_REPRESENTATION_CONTEXT ( 3 ) GLOBAL_UNCERTAINTY_ASSIGNED_CONTEXT ( ( #7186 ) ) GLOBAL_UNIT_ASSIGNED_CONTEXT ( ( #2255, #3651, #1522 ) ) REPRESENTATION_CONTEXT ( 'NONE', 'WORKASPACE' ) );
#4907 = ORIENTED_EDGE ( 'NONE', *, *, #6411, .T. ) ;
#4908 = DIRECTION ( 'NONE',  ( 0.000000000000000000, 0.000000000000000000, 1.000000000000000000 ) ) ;
#4909 = CARTESIAN_POINT ( 'NONE',  ( -5.409999999999999254, 3.329999999999999183, 0.4700000000000004730 ) ) ;
#4910 = ADVANCED_FACE ( 'NONE', ( #4567 ), #7509, .F. ) ;
#4911 = AXIS2_PLACEMENT_3D ( 'NONE', #1595, #6477, #5698 ) ;
#4912 = LINE ( 'NONE', #7021, #1409 ) ;
#4913 = CARTESIAN_POINT ( 'NONE',  ( 10.16000000000000014, 0.000000000000000000, -0.8699999999999999956 ) ) ;
#4914 = EDGE_CURVE ( 'NONE', #8637, #2598, #8934, .T. ) ;
#4915 = EDGE_CURVE ( 'NONE', #8858, #3266, #8089, .T. ) ;
#4916 = CARTESIAN_POINT ( 'NONE',  ( -3.809999999999999609, -4.629945645751342376, -1.355252715606880543E-17 ) ) ;
#4917 = ORIENTED_EDGE ( 'NONE', *, *, #4805, .F. ) ;
#4918 = DIRECTION ( 'NONE',  ( -0.000000000000000000, -0.000000000000000000, 1.000000000000000000 ) ) ;
#4919 = DIRECTION ( 'NONE',  ( 0.000000000000000000, 0.000000000000000000, 1.000000000000000000 ) ) ;
#4920 = VECTOR ( 'NONE', #1798, 1000.000000000000000 ) ;
#4921 = FILL_AREA_STYLE_COLOUR ( '', #1432 ) ;
#4922 = SURFACE_STYLE_FILL_AREA ( #2237 ) ;
#4923 = CIRCLE ( 'NONE', #1982, 0.2300000000000030076 ) ;
#4924 = CARTESIAN_POINT ( 'NONE',  ( -1.270000000000000018, 3.479999999999999982, 0.000000000000000000 ) ) ;
#4925 = EDGE_LOOP ( 'NONE', ( #2974, #2906, #7167, #2009 ) ) ;
#4926 = CARTESIAN_POINT ( 'NONE',  ( 8.840864664645057047, -0.6699999999999659561, 0.3850000000000001754 ) ) ;
#4927 = EDGE_CURVE ( 'NONE', #4377, #6583, #506, .T. ) ;
#4928 = EDGE_CURVE ( 'NONE', #7649, #7766, #8339, .T. ) ;
#4929 = DIRECTION ( 'NONE',  ( 2.345257230884581992E-17, 1.000000000000000000, 1.093611407104877670E-17 ) ) ;
#4930 = EDGE_LOOP ( 'NONE', ( #8904, #2686 ) ) ;
#4931 = PRESENTATION_STYLE_ASSIGNMENT (( #684 ) ) ;
#4932 =( BOUNDED_SURFACE ( )  B_SPLINE_SURFACE ( 3, 3, ( 
 ( #4083, #8977, #9025, #2726 ),
 ( #4857, #2860, #8417, #754 ),
 ( #659, #5550, #3476, #68 ),
 ( #8291, #17, #6335, #4125 ) ),
 .UNSPECIFIED., .F., .F., .T. ) 
 B_SPLINE_SURFACE_WITH_KNOTS ( ( 4, 4 ),
 ( 4, 4 ),
 ( 0.000000000000000000, 1.000000000000000000 ),
 ( 0.000000000000000000, 1.000000000000000000 ),
 .UNSPECIFIED. ) 
 GEOMETRIC_REPRESENTATION_ITEM ( )  RATIONAL_B_SPLINE_SURFACE ( (
 ( 1.000000000000000000, 0.3333333333333334259, 0.3333333333333334259, 1.000000000000000000),
 ( 0.8047378541243649375, 0.2682459513747884050, 0.2682459513747884050, 0.8047378541243649375),
 ( 0.8047378541243649375, 0.2682459513747884050, 0.2682459513747884050, 0.8047378541243649375),
 ( 1.000000000000000000, 0.3333333333333334259, 0.3333333333333334259, 1.000000000000000000) ) ) 
 REPRESENTATION_ITEM ( '' )  SURFACE ( )  );
#4933 = SURFACE_STYLE_FILL_AREA ( #5032 ) ;
#4934 = EDGE_CURVE ( 'NONE', #3092, #6381, #1713, .T. ) ;
#4935 = VECTOR ( 'NONE', #3635, 1000.000000000000000 ) ;
#4936 = DIRECTION ( 'NONE',  ( 0.000000000000000000, 1.000000000000000000, 6.123031769111889989E-17 ) ) ;
#4937 = CARTESIAN_POINT ( 'NONE',  ( -3.810000000000000053, 3.479999999999999982, 0.000000000000000000 ) ) ;
#4938 = ORIENTED_EDGE ( 'NONE', *, *, #7360, .F. ) ;
#4939 = CARTESIAN_POINT ( 'NONE',  ( -3.340000000000004743, -4.537064994640259030, -0.2349999999999976275 ) ) ;
#4940 = CARTESIAN_POINT ( 'NONE',  ( -6.349999999999999645, 3.479999999999999982, -0.4700000000000009726 ) ) ;
#4941 = VECTOR ( 'NONE', #7365, 1000.000000000000114 ) ;
#4942 = ORIENTED_EDGE ( 'NONE', *, *, #3735, .T. ) ;
#4943 = CARTESIAN_POINT ( 'NONE',  ( -1.739932924189975694, 3.330000000000003180, 0.05941751562806123904 ) ) ;
#4944 = ADVANCED_FACE ( 'NONE', ( #5267 ), #2443, .T. ) ;
#4945 = ORIENTED_EDGE ( 'NONE', *, *, #3806, .F. ) ;
#4946 = CARTESIAN_POINT ( 'NONE',  ( 6.349999999999999645, -0.6699999999999866063, -0.3850000000000002309 ) ) ;
#4947 = CARTESIAN_POINT ( 'NONE',  ( -1.270000000000000018, -0.8199999999999999512, 0.2349999999999980160 ) ) ;
#4948 = STYLED_ITEM ( 'NONE', ( #8719 ), #7379 ) ;
#4949 = ORIENTED_EDGE ( 'NONE', *, *, #4731, .F. ) ;
#4950 = EDGE_LOOP ( 'NONE', ( #3432, #4959, #5653, #3875 ) ) ;
#4951 = CARTESIAN_POINT ( 'NONE',  ( -6.349999999999999645, -0.6699999999999979305, -0.3849999999999999534 ) ) ;
#4952 = CARTESIAN_POINT ( 'NONE',  ( -6.703480234547882333, -0.6699999999999433076, -0.1530092933618699969 ) ) ;
#4953 = DIRECTION ( 'NONE',  ( 1.000000000000000000, -0.000000000000000000, 0.000000000000000000 ) ) ;
#4954 = CYLINDRICAL_SURFACE ( 'NONE', #8071, 0.3200000000000000067 ) ;
#4955 = AXIS2_PLACEMENT_3D ( 'NONE', #5700, #2189, #2785 ) ;
#4956 = CARTESIAN_POINT ( 'NONE',  ( 8.615934793891671717, -4.632925319547867460, 0.1370326030541655082 ) ) ;
#4957 = STYLED_ITEM ( 'NONE', ( #4643 ), #3852 ) ;
#4958 = CARTESIAN_POINT ( 'NONE',  ( -0.8850000000000013411, -0.6699999999999980416, 0.04955347075955530284 ) ) ;
#4959 = ORIENTED_EDGE ( 'NONE', *, *, #9069, .T. ) ;
#4960 = AXIS2_PLACEMENT_3D ( 'NONE', #9074, #7787, #1437 ) ;
#4961 = CARTESIAN_POINT ( 'NONE',  ( -0.8850000000000007860, -0.6699999999999979305, 2.710505431213761085E-17 ) ) ;
#4962 = DIRECTION ( 'NONE',  ( 0.000000000000000000, 0.000000000000000000, -1.000000000000000000 ) ) ;
#4963 = CARTESIAN_POINT ( 'NONE',  ( -3.810000000000000053, -0.4200000000000000400, 0.000000000000000000 ) ) ;
#4964 = AXIS2_PLACEMENT_3D ( 'NONE', #731, #2928, #5611 ) ;
#4965 = DIRECTION ( 'NONE',  ( -0.000000000000000000, -1.000000000000000000, -0.000000000000000000 ) ) ;
#4966 = CARTESIAN_POINT ( 'NONE',  ( -5.879999999999999893, 3.330000000000000071, 2.710505431213761085E-17 ) ) ;
#4967 = ADVANCED_FACE ( 'NONE', ( #3878 ), #7372, .T. ) ;
#4968 = CARTESIAN_POINT ( 'NONE',  ( -6.041936296574240473, -0.6699999999999923794, -0.2324040746320611417 ) ) ;
#4969 = ORIENTED_EDGE ( 'NONE', *, *, #2933, .T. ) ;
#4970 = FACE_OUTER_BOUND ( 'NONE', #3308, .T. ) ;
#4971 = CARTESIAN_POINT ( 'NONE',  ( 1.270000000000000018, 7.489960314960471877, 2.117582368135750848E-17 ) ) ;
#4972 = EDGE_CURVE ( 'NONE', #880, #5690, #1063, .T. ) ;
#4973 = DIRECTION ( 'NONE',  ( -0.4226182617406985531, 0.000000000000000000, -0.9063077870366503808 ) ) ;
#4974 = VERTEX_POINT ( 'NONE', #6265 ) ;
#4975 = EDGE_CURVE ( 'NONE', #1550, #5243, #3324, .T. ) ;
#4976 = CARTESIAN_POINT ( 'NONE',  ( -6.349999999999999645, -0.4200000000000000400, 0.6649999999914868454 ) ) ;
#4977 = EDGE_CURVE ( 'NONE', #2572, #6336, #6909, .T. ) ;
#4978 = CARTESIAN_POINT ( 'NONE',  ( 9.530000000000001137, 3.479999999999999538, 0.3199999999999999512 ) ) ;
#4979 = CARTESIAN_POINT ( 'NONE',  ( 1.270000000000000018, -4.400000000000000355, -0.2349999999999989875 ) ) ;
#4980 = VERTEX_POINT ( 'NONE', #1156 ) ;
#4981 = CARTESIAN_POINT ( 'NONE',  ( -8.006523063261999695, -7.776250346772100076E-17, 1.270000000000000018 ) ) ;
#4982 = EDGE_LOOP ( 'NONE', ( #2378, #8744, #5405, #3774, #5476 ) ) ;
#4983 = DIRECTION ( 'NONE',  ( -0.000000000000000000, 1.000000000000000000, 6.123031769111889989E-17 ) ) ;
#4984 = ORIENTED_EDGE ( 'NONE', *, *, #902, .T. ) ;
#4985 =( LENGTH_UNIT ( ) NAMED_UNIT ( * ) SI_UNIT ( .MILLI., .METRE. ) );
#4986 = CARTESIAN_POINT ( 'NONE',  ( 1.523948616037056558, -0.6699999999999884936, -0.2906971332467568336 ) ) ;
#4987 = AXIS2_PLACEMENT_3D ( 'NONE', #6404, #2116, #9051 ) ;
#4988 = CARTESIAN_POINT ( 'NONE',  ( -3.810000000000000053, 5.327499999999999680, -0.3200000000000000067 ) ) ;
#4989 =( LENGTH_UNIT ( ) NAMED_UNIT ( * ) SI_UNIT ( .MILLI., .METRE. ) );
#4990 = ORIENTED_EDGE ( 'NONE', *, *, #5565, .F. ) ;
#4991 = CARTESIAN_POINT ( 'NONE',  ( 2.926523063262000068, 2.799999999999999822, 1.270000000000000240 ) ) ;
#4992 = DIRECTION ( 'NONE',  ( -1.000000000000000000, -0.000000000000000000, -0.000000000000000000 ) ) ;
#4993 =( BOUNDED_SURFACE ( )  B_SPLINE_SURFACE ( 3, 3, ( 
 ( #4082, #1430, #2041, #8976 ),
 ( #3382, #7056, #4902, #4163 ),
 ( #2682, #6967, #2858, #5508 ),
 ( #1996, #753, #3564, #4816 ) ),
 .UNSPECIFIED., .F., .F., .F. ) 
 B_SPLINE_SURFACE_WITH_KNOTS ( ( 4, 4 ),
 ( 4, 4 ),
 ( 0.000000000000000000, 1.000000000000000000 ),
 ( 0.000000000000000000, 1.000000000000000000 ),
 .UNSPECIFIED. ) 
 GEOMETRIC_REPRESENTATION_ITEM ( )  RATIONAL_B_SPLINE_SURFACE ( (
 ( 1.000000000000000000, 0.3333333333333334259, 0.3333333333333334259, 1.000000000000000000),
 ( 0.8009815829414672628, 0.2669938609804891616, 0.2669938609804891616, 0.8009815829414672628),
 ( 0.8009815829414672628, 0.2669938609804891616, 0.2669938609804891616, 0.8009815829414672628),
 ( 1.000000000000000000, 0.3333333333333334259, 0.3333333333333334259, 1.000000000000000000) ) ) 
 REPRESENTATION_ITEM ( '' )  SURFACE ( )  );
#4994 = ORIENTED_EDGE ( 'NONE', *, *, #8575, .T. ) ;
#4995 = CARTESIAN_POINT ( 'NONE',  ( 1.270000000000000018, -0.6699999999999979305, 0.3850000000000002309 ) ) ;
#4996 = AXIS2_PLACEMENT_3D ( 'NONE', #4464, #8626, #3776 ) ;
#4997 = VERTEX_POINT ( 'NONE', #552 ) ;
#4998 = CARTESIAN_POINT ( 'NONE',  ( -4.693476936737999594, -6.551643992949722325E-17, 1.270000000000000018 ) ) ;
#4999 = CYLINDRICAL_SURFACE ( 'NONE', #7964, 0.3200000000000000067 ) ;
#5000 = ORIENTED_EDGE ( 'NONE', *, *, #7514, .T. ) ;
#5001 = VECTOR ( 'NONE', #2958, 1000.000000000000000 ) ;
#5002 = EDGE_LOOP ( 'NONE', ( #1931, #5113, #4788, #4938 ) ) ;
#5003 = CARTESIAN_POINT ( 'NONE',  ( -6.349999999999999645, -4.400000000000000355, 0.2349999999999989875 ) ) ;
#5004 = CARTESIAN_POINT ( 'NONE',  ( -6.446374156415345169, -0.6699999999999622924, 0.3759894986363451763 ) ) ;
#5005 = DIRECTION ( 'NONE',  ( 0.000000000000000000, 0.000000000000000000, 1.000000000000000000 ) ) ;
#5006 = DIRECTION ( 'NONE',  ( 0.000000000000000000, 1.000000000000000000, 0.000000000000000000 ) ) ;
#5007 = LINE ( 'NONE', #798, #5491 ) ;
#5008 = ORIENTED_EDGE ( 'NONE', *, *, #7771, .T. ) ;
#5009 = DIRECTION ( 'NONE',  ( 0.000000000000000000, -1.000000000000000000, -6.123031769111889989E-17 ) ) ;
#5010 = CARTESIAN_POINT ( 'NONE',  ( 3.810000000000000053, -0.6699999999999979305, 0.2971320343559630262 ) ) ;
#5011 = FILL_AREA_STYLE ('',( #6384 ) ) ;
#5012 = PRESENTATION_LAYER_ASSIGNMENT (  '', '', ( #8646 ) ) ;
#5013 = CARTESIAN_POINT ( 'NONE',  ( 2.739999999999999769, 6.551643992949719860E-17, -0.8700000000000003286 ) ) ;
#5014 = CARTESIAN_POINT ( 'NONE',  ( -6.289506152579254383, 3.330000000000002292, 0.4700000000000000289 ) ) ;
#5015 = ADVANCED_FACE ( 'NONE', ( #641 ), #3366, .T. ) ;
#5016 = FACE_OUTER_BOUND ( 'NONE', #3708, .T. ) ;
#5017 = ORIENTED_EDGE ( 'NONE', *, *, #1352, .F. ) ;
#5018 = FILL_AREA_STYLE_COLOUR ( '', #831 ) ;
#5019 = CARTESIAN_POINT ( 'NONE',  ( 0.6299999999999983391, 7.361853603950959446, -0.3200000000000003952 ) ) ;
#5020 = ORIENTED_EDGE ( 'NONE', *, *, #2364, .T. ) ;
#5021 = DIRECTION ( 'NONE',  ( -1.000000000000000000, 0.000000000000000000, -1.224646799147353207E-16 ) ) ;
#5022 = CARTESIAN_POINT ( 'NONE',  ( -1.220446529240454492, -0.6699999999999732836, -0.3850000000000001754 ) ) ;
#5023 = CARTESIAN_POINT ( 'NONE',  ( 8.890000000000000568, 3.330000000000000071, -0.3821320343559643784 ) ) ;
#5024 = EDGE_CURVE ( 'NONE', #9044, #3158, #1012, .T. ) ;
#5025 = DIRECTION ( 'NONE',  ( 0.000000000000000000, 0.7071067811865474617, 0.7071067811865474617 ) ) ;
#5026 =( GEOMETRIC_REPRESENTATION_CONTEXT ( 3 ) GLOBAL_UNCERTAINTY_ASSIGNED_CONTEXT ( ( #3960 ) ) GLOBAL_UNIT_ASSIGNED_CONTEXT ( ( #7825, #4378, #4246 ) ) REPRESENTATION_CONTEXT ( 'NONE', 'WORKASPACE' ) );
#5027 = ORIENTED_EDGE ( 'NONE', *, *, #7276, .F. ) ;
#5028 = CARTESIAN_POINT ( 'NONE',  ( -6.349999999999999645, -4.400000000000000355, 0.000000000000000000 ) ) ;
#5029 = ORIENTED_EDGE ( 'NONE', *, *, #5956, .T. ) ;
#5030 = FACE_OUTER_BOUND ( 'NONE', #4733, .T. ) ;
#5031 = ORIENTED_EDGE ( 'NONE', *, *, #8016, .T. ) ;
#5032 = FILL_AREA_STYLE ('',( #775 ) ) ;
#5033 = CARTESIAN_POINT ( 'NONE',  ( 1.560523605476586084, -0.6699999999999910472, -0.2537750882668848851 ) ) ;
#5034 = VECTOR ( 'NONE', #2274, 1000.000000000000000 ) ;
#5035 = DIRECTION ( 'NONE',  ( -0.4226182617407031605, 0.000000000000000000, -0.9063077870366482713 ) ) ;
#5036 = ORIENTED_EDGE ( 'NONE', *, *, #3458, .F. ) ;
#5037 =( LENGTH_UNIT ( ) NAMED_UNIT ( * ) SI_UNIT ( .MILLI., .METRE. ) );
#5038 = ORIENTED_EDGE ( 'NONE', *, *, #3559, .T. ) ;
#5039 = CARTESIAN_POINT ( 'NONE',  ( -1.739999999999996216, -0.7321320343559630794, -0.2349999999999980160 ) ) ;
#5040 = CARTESIAN_POINT ( 'NONE',  ( 3.810000000000000053, -0.8199999999999999512, -0.2349999999999980438 ) ) ;
#5041 = EDGE_LOOP ( 'NONE', ( #8027, #5944, #995, #3108 ) ) ;
#5042 = CIRCLE ( 'NONE', #4729, 0.1500000000000009936 ) ;
#5043 = CARTESIAN_POINT ( 'NONE',  ( 1.270000000000000018, -0.8199999999999999512, 0.2349999999999980438 ) ) ;
#5044 = ORIENTED_EDGE ( 'NONE', *, *, #4802, .F. ) ;
#5045 = EDGE_LOOP ( 'NONE', ( #8083, #8342, #3110, #6852, #1811 ) ) ;
#5046 = CARTESIAN_POINT ( 'NONE',  ( -4.194933004233329932, -0.6699999999999408651, -0.04860869467586266535 ) ) ;
#5047 = ORIENTED_EDGE ( 'NONE', *, *, #2694, .T. ) ;
#5048 = DIRECTION ( 'NONE',  ( 0.000000000000000000, 0.000000000000000000, 1.000000000000000000 ) ) ;
#5049 = LINE ( 'NONE', #4484, #7392 ) ;
#5050 = CARTESIAN_POINT ( 'NONE',  ( 1.046705205720869447, -0.6699999999999528555, 0.3156704125323763765 ) ) ;
#5051 =( GEOMETRIC_REPRESENTATION_CONTEXT ( 3 ) GLOBAL_UNCERTAINTY_ASSIGNED_CONTEXT ( ( #6629 ) ) GLOBAL_UNIT_ASSIGNED_CONTEXT ( ( #4053, #8264, #4435 ) ) REPRESENTATION_CONTEXT ( 'NONE', 'WORKASPACE' ) );
#5052 = CIRCLE ( 'NONE', #6371, 0.4149999999834650399 ) ;
#5053 = AXIS2_PLACEMENT_3D ( 'NONE', #2366, #898, #5825 ) ;
#5054 = EDGE_LOOP ( 'NONE', ( #835, #652, #5559, #3511 ) ) ;
#5055 = VECTOR ( 'NONE', #2639, 1000.000000000000114 ) ;
#5056 = DIRECTION ( 'NONE',  ( 0.000000000000000000, 1.000000000000000000, 4.075948017064260386E-17 ) ) ;
#5057 = CARTESIAN_POINT ( 'NONE',  ( 4.164877019807716962, 3.330000000000001847, -0.3100151936036865119 ) ) ;
#5058 =( NAMED_UNIT ( * ) SI_UNIT ( $, .STERADIAN. ) SOLID_ANGLE_UNIT ( ) );
#5059 = CARTESIAN_POINT ( 'NONE',  ( -5.924542344748553013, 3.330000000000000515, 0.2025509719038462164 ) ) ;
#5060 =( GEOMETRIC_REPRESENTATION_CONTEXT ( 3 ) GLOBAL_UNCERTAINTY_ASSIGNED_CONTEXT ( ( #5809 ) ) GLOBAL_UNIT_ASSIGNED_CONTEXT ( ( #6445, #3593, #5752 ) ) REPRESENTATION_CONTEXT ( 'NONE', 'WORKASPACE' ) );
#5061 = CARTESIAN_POINT ( 'NONE',  ( -1.270000000000000018, 3.392132034355963555, -0.3199999999999999512 ) ) ;
#5062 = AXIS2_PLACEMENT_3D ( 'NONE', #599, #3465, #6276 ) ;
#5063 = ORIENTED_EDGE ( 'NONE', *, *, #2174, .F. ) ;
#5064 = LINE ( 'NONE', #4177, #2299 ) ;
#5065 = CARTESIAN_POINT ( 'NONE',  ( -8.771837981414559948, 3.330000000000002736, 0.4590001671664474259 ) ) ;
#5066 = DIRECTION ( 'NONE',  ( -1.000000000000000000, -0.000000000000000000, -0.000000000000000000 ) ) ;
#5067 = AXIS2_PLACEMENT_3D ( 'NONE', #2327, #214, #34 ) ;
#5068 = ORIENTED_EDGE ( 'NONE', *, *, #3002, .F. ) ;
#5069 = CARTESIAN_POINT ( 'NONE',  ( -3.809999999999999609, 7.489960314960472765, 2.117582368135750848E-17 ) ) ;
#5070 = EDGE_CURVE ( 'NONE', #7473, #439, #1201, .T. ) ;
#5071 = CARTESIAN_POINT ( 'NONE',  ( -1.173207708180013853, -0.6699999999999766143, -0.3759894986363453984 ) ) ;
#5072 = CARTESIAN_POINT ( 'NONE',  ( 1.152387591435430014, 3.330000000000002292, -0.4590001671664473148 ) ) ;
#5073 = CIRCLE ( 'NONE', #7262, 0.3200000000000000067 ) ;
#5074 =( NAMED_UNIT ( * ) PLANE_ANGLE_UNIT ( ) SI_UNIT ( $, .RADIAN. ) );
#5075 = PLANE ( 'NONE',  #2732 ) ;
#5076 = SURFACE_STYLE_FILL_AREA ( #2885 ) ;
#5077 = CARTESIAN_POINT ( 'NONE',  ( 1.436502295168870624, -0.6699999999999817213, -0.3473305202276625314 ) ) ;
#5078 = CIRCLE ( 'NONE', #1090, 0.1500000000000020206 ) ;
#5079 = DIRECTION ( 'NONE',  ( 0.000000000000000000, 6.123031769111889989E-17, -1.000000000000000000 ) ) ;
#5080 = AXIS2_PLACEMENT_3D ( 'NONE', #8509, #5730, #7920 ) ;
#5081 = CARTESIAN_POINT ( 'NONE',  ( -6.349999999999999645, 3.479999999999999982, -0.3199999999999999512 ) ) ;
#5082 = CARTESIAN_POINT ( 'NONE',  ( -3.810000000000000053, -4.400000000000000355, -0.2349999999999975719 ) ) ;
#5083 = CARTESIAN_POINT ( 'NONE',  ( 0.3865230632619999773, -7.776250346772100076E-17, 1.270000000000000018 ) ) ;
#5084 = VERTEX_POINT ( 'NONE', #2665 ) ;
#5085 = CARTESIAN_POINT ( 'NONE',  ( 0.8000000000000039302, -0.7321320343559629684, 0.2349999999999980160 ) ) ;
#5086 = STYLED_ITEM ( 'NONE', ( #4491 ), #6711 ) ;
#5087 = ORIENTED_EDGE ( 'NONE', *, *, #8385, .F. ) ;
#5088 = EDGE_CURVE ( 'NONE', #5284, #4997, #1894, .T. ) ;
#5089 = VERTEX_POINT ( 'NONE', #7562 ) ;
#5090 = EDGE_CURVE ( 'NONE', #8433, #4595, #8200, .T. ) ;
#5091 = CARTESIAN_POINT ( 'NONE',  ( 8.006523063262001472, 2.799999999999999822, 1.269999999999999796 ) ) ;
#5092 = LINE ( 'NONE', #3789, #2847 ) ;
#5093 = SURFACE_STYLE_FILL_AREA ( #3791 ) ;
#5094 = ORIENTED_EDGE ( 'NONE', *, *, #2640, .T. ) ;
#5095 = CARTESIAN_POINT ( 'NONE',  ( 8.890000000000000568, 2.799999999999999822, 0.000000000000000000 ) ) ;
#5096 = VERTEX_POINT ( 'NONE', #6947 ) ;
#5097 = CIRCLE ( 'NONE', #1113, 0.3200000000000000067 ) ;
#5098 = CARTESIAN_POINT ( 'NONE',  ( 1.080501232617336882, -0.6699999999999554090, 0.3354508356856873430 ) ) ;
#5099 = ORIENTED_EDGE ( 'NONE', *, *, #357, .F. ) ;
#5100 =( LENGTH_UNIT ( ) NAMED_UNIT ( * ) SI_UNIT ( .MILLI., .METRE. ) );
#5101 = EDGE_CURVE ( 'NONE', #4877, #4419, #128, .T. ) ;
#5102 = EDGE_CURVE ( 'NONE', #4735, #244, #6452, .T. ) ;
#5103 = CARTESIAN_POINT ( 'NONE',  ( -5.373261531630999954, 5.327037639127341492E-17, -1.070000000000000062 ) ) ;
#5104 = CARTESIAN_POINT ( 'NONE',  ( 5.996519765452130279, -0.6699999999999435296, -0.1530092933619477402 ) ) ;
#5105 = AXIS2_PLACEMENT_3D ( 'NONE', #3446, #7030, #2877 ) ;
#5106 = FACE_BOUND ( 'NONE', #1335, .T. ) ;
#5107 = CARTESIAN_POINT ( 'NONE',  ( -1.270000000000000018, 3.392132034355963555, 0.3199999999999999512 ) ) ;
#5108 = ORIENTED_EDGE ( 'NONE', *, *, #5626, .T. ) ;
#5109 = DIRECTION ( 'NONE',  ( 0.000000000000000000, 0.000000000000000000, 1.000000000000000000 ) ) ;
#5110 = CARTESIAN_POINT ( 'NONE',  ( 0.6299999999999986722, 7.175000000000000711, 0.3200000000000007838 ) ) ;
#5111 = DIRECTION ( 'NONE',  ( 0.4226182617407031605, 0.000000000000000000, -0.9063077870366482713 ) ) ;
#5112 = VECTOR ( 'NONE', #2514, 1000.000000000000000 ) ;
#5113 = ORIENTED_EDGE ( 'NONE', *, *, #2310, .T. ) ;
#5114 = LINE ( 'NONE', #5832, #4244 ) ;
#5115 = CARTESIAN_POINT ( 'NONE',  ( -9.263660126678690432, 7.492926245181915412, 0.1868300633393451260 ) ) ;
#5116 = CYLINDRICAL_SURFACE ( 'NONE', #8577, 0.6650000000000000355 ) ;
#5117 = SURFACE_SIDE_STYLE ('',( #7263 ) ) ;
#5118 = ORIENTED_EDGE ( 'NONE', *, *, #1352, .T. ) ;
#5119 = CARTESIAN_POINT ( 'NONE',  ( 1.270000000000000018, 3.479999999999999982, 0.3199999999999999512 ) ) ;
#5120 = DIRECTION ( 'NONE',  ( 0.000000000000000000, 0.000000000000000000, -1.000000000000000000 ) ) ;
#5121 = CARTESIAN_POINT ( 'NONE',  ( -2.833261531631000363, 5.327037639127342725E-17, -1.070000000000000062 ) ) ;
#5122 = ORIENTED_EDGE ( 'NONE', *, *, #4007, .F. ) ;
#5123 = CARTESIAN_POINT ( 'NONE',  ( -2.246738468369000152, -6.551643992949719860E-17, 1.070000000000000062 ) ) ;
#5124 = LINE ( 'NONE', #5425, #7119 ) ;
#5125 = LINE ( 'NONE', #6409, #7068 ) ;
#5126 = LINE ( 'NONE', #4470, #7429 ) ;
#5127 = EDGE_LOOP ( 'NONE', ( #7667, #6728, #6200, #4016 ) ) ;
#5128 = CARTESIAN_POINT ( 'NONE',  ( 1.270000000000000018, -0.6699999999999978195, -0.2971320343559633037 ) ) ;
#5129 = AXIS2_PLACEMENT_3D ( 'NONE', #2753, #3595, #5578 ) ;
#5130 = ORIENTED_EDGE ( 'NONE', *, *, #2801, .F. ) ;
#5131 = ORIENTED_EDGE ( 'NONE', *, *, #5376, .T. ) ;
#5132 = CARTESIAN_POINT ( 'NONE',  ( -5.580000000000000071, -0.6699999999999979305, -0.3849999999999999534 ) ) ;
#5133 = VECTOR ( 'NONE', #7121, 1000.000000000000000 ) ;
#5134 = CARTESIAN_POINT ( 'NONE',  ( 3.810000000000000053, 3.330000000000000071, 0.000000000000000000 ) ) ;
#5135 = EDGE_CURVE ( 'NONE', #1028, #3467, #594, .T. ) ;
#5136 = ORIENTED_EDGE ( 'NONE', *, *, #3618, .T. ) ;
#5137 = LINE ( 'NONE', #1533, #1051 ) ;
#5138 = CARTESIAN_POINT ( 'NONE',  ( 6.349999999999999645, -4.400000000000000355, -0.2349999999999975719 ) ) ;
#5139 = CARTESIAN_POINT ( 'NONE',  ( 0.8000000000000050404, -4.399999999999999467, 0.2349999999999975719 ) ) ;
#5140 = VECTOR ( 'NONE', #758, 1000.000000000000000 ) ;
#5141 = ORIENTED_EDGE ( 'NONE', *, *, #3307, .T. ) ;
#5142 = DIRECTION ( 'NONE',  ( 0.000000000000000000, 1.000000000000000000, 0.000000000000000000 ) ) ;
#5143 = CARTESIAN_POINT ( 'NONE',  ( -3.810000000000000053, -0.4200000001333137334, -0.6649999999254396776 ) ) ;
#5144 = PLANE ( 'NONE',  #1530 ) ;
#5145 = FACE_BOUND ( 'NONE', #4186, .T. ) ;
#5146 = AXIS2_PLACEMENT_3D ( 'NONE', #5123, #5936, #3867 ) ;
#5147 = CARTESIAN_POINT ( 'NONE',  ( 8.890000000000000568, -0.6699999999999866063, 0.3850000000000000089 ) ) ;
#5148 = CARTESIAN_POINT ( 'NONE',  ( -6.495010130300202356, 3.330000000000004068, 0.4473128447807977470 ) ) ;
#5149 = ORIENTED_EDGE ( 'NONE', *, *, #5535, .F. ) ;
#5150 = SURFACE_STYLE_USAGE ( .BOTH. , #1594 ) ;
#5151 = DIRECTION ( 'NONE',  ( -1.000000000000000000, 0.000000000000000000, -1.224646799147353207E-16 ) ) ;
#5152 = ORIENTED_EDGE ( 'NONE', *, *, #1979, .F. ) ;
#5153 = COLOUR_RGB ( '',0.000000000000000000, 0.000000000000000000, 0.000000000000000000 ) ;
#5154 = CARTESIAN_POINT ( 'NONE',  ( -8.889999999999998792, -0.6699999999999979305, -0.2971320343559630262 ) ) ;
#5155 = CARTESIAN_POINT ( 'NONE',  ( -8.890000000000000568, 7.489960314960472765, -2.117582368135750848E-17 ) ) ;
#5156 = CARTESIAN_POINT ( 'NONE',  ( 1.739999999999995106, -4.537064994640259030, 0.2349999999999976275 ) ) ;
#5157 = VERTEX_POINT ( 'NONE', #1245 ) ;
#5158 = FILL_AREA_STYLE_COLOUR ( '', #9030 ) ;
#5159 = CARTESIAN_POINT ( 'NONE',  ( 6.538897525440206415, -0.6699999999999832756, 0.3366411651431842067 ) ) ;
#5160 = PRESENTATION_LAYER_ASSIGNMENT (  '', '', ( #3684 ) ) ;
#5161 =( LENGTH_UNIT ( ) NAMED_UNIT ( * ) SI_UNIT ( .MILLI., .METRE. ) );
#5162 = FACE_OUTER_BOUND ( 'NONE', #2052, .T. ) ;
#5163 = ADVANCED_FACE ( 'NONE', ( #8186 ), #1940, .T. ) ;
#5164 = PLANE ( 'NONE',  #6153 ) ;
#5165 = CIRCLE ( 'NONE', #1767, 0.4149999999673494866 ) ;
#5166 = MECHANICAL_DESIGN_GEOMETRIC_PRESENTATION_REPRESENTATION (  '', ( #6775 ), #2941 ) ;
#5167 = CARTESIAN_POINT ( 'NONE',  ( -7.326738468369000223, 6.551643992949719860E-17, -1.070000000000000062 ) ) ;
#5168 =( LENGTH_UNIT ( ) NAMED_UNIT ( * ) SI_UNIT ( .MILLI., .METRE. ) );
#5169 = DIRECTION ( 'NONE',  ( 0.000000000000000000, 1.000000000000000000, 6.123031769111889989E-17 ) ) ;
#5170 = EDGE_LOOP ( 'NONE', ( #6089, #2764, #2741 ) ) ;
#5171 = CARTESIAN_POINT ( 'NONE',  ( -0.5057359312880714830, 3.329999999999999627, 0.3821320343559643784 ) ) ;
#5172 = EDGE_LOOP ( 'NONE', ( #1525, #6511, #8823, #3376, #8464 ) ) ;
#5173 = DIRECTION ( 'NONE',  ( 0.000000000000000000, 0.000000000000000000, 1.000000000000000000 ) ) ;
#5174 = PRESENTATION_STYLE_ASSIGNMENT (( #7286 ) ) ;
#5175 = EDGE_CURVE ( 'NONE', #2713, #7127, #9083, .T. ) ;
#5176 = CARTESIAN_POINT ( 'NONE',  ( 8.890000000000000568, -0.4200000000196268957, 0.000000000000000000 ) ) ;
#5177 = CARTESIAN_POINT ( 'NONE',  ( -4.177654273922600581, -0.6699999999999424194, 0.1171545171585907930 ) ) ;
#5178 = SURFACE_SIDE_STYLE ('',( #8642 ) ) ;
#5179 = ORIENTED_EDGE ( 'NONE', *, *, #6195, .T. ) ;
#5180 = DIRECTION ( 'NONE',  ( 0.4226182617407031605, 0.000000000000000000, -0.9063077870366482713 ) ) ;
#5181 = CARTESIAN_POINT ( 'NONE',  ( 1.270000000000000018, 3.330000000000000515, -0.4700000000000001954 ) ) ;
#5182 = CARTESIAN_POINT ( 'NONE',  ( -3.117500000000000160, 3.330000000000000071, 0.000000000000000000 ) ) ;
#5183 = B_SPLINE_CURVE_WITH_KNOTS ( 'NONE', 3,
 ( #2953, #7332, #1535, #3662, #6465, #4386, #5184, #2355, #5904, #8556, #5725, #1719, #844, #3754, #203, #154, #4485, #2266, #6561, #4529, #2220, #5050, #5098, #7875, #1580, #7194, #889, #287 ),
 .UNSPECIFIED., .F., .F.,
 ( 4, 2, 2, 2, 1, 2, 2, 2, 2, 2, 2, 1, 2, 2, 4 ),
 ( 0.000000000000000000, 0.06249999999999998612, 0.1249999999999999722, 0.2499999999999999445, 0.3125000000000000555, 0.3437500000000001110, 0.3750000000000001110, 0.5000000000000000000, 0.5625000000000000000, 0.6250000000000000000, 0.7499999999999997780, 0.8124999999999997780, 0.8437499999999997780, 0.8749999999999997780, 1.000000000000000000 ),
 .UNSPECIFIED. ) ;
#5184 = CARTESIAN_POINT ( 'NONE',  ( 1.035155607679226097, -0.6699999999999521894, -0.3095233799348395265 ) ) ;
#5185 = VERTEX_POINT ( 'NONE', #4194 ) ;
#5186 = EDGE_CURVE ( 'NONE', #4400, #694, #5709, .T. ) ;
#5187 = FILL_AREA_STYLE_COLOUR ( '', #5153 ) ;
#5188 = CARTESIAN_POINT ( 'NONE',  ( 6.160501232617324519, -0.6699999999999555200, 0.3354508356856515383 ) ) ;
#5189 = CARTESIAN_POINT ( 'NONE',  ( -3.810000000000000053, 7.492926245181917189, -0.1868300633393450705 ) ) ;
#5190 = CARTESIAN_POINT ( 'NONE',  ( 7.949999999999999289, 3.329999999999999183, -0.4700000000000004730 ) ) ;
#5191 = CARTESIAN_POINT ( 'NONE',  ( -6.467612408564655802, 3.330000000000003180, -0.4590001671664473704 ) ) ;
#5192 = CARTESIAN_POINT ( 'NONE',  ( -8.890000000000000568, 7.174999999999999822, 0.3200000000000007838 ) ) ;
#5193 = DIRECTION ( 'NONE',  ( -0.000000000000000000, -1.000000000000000000, -0.000000000000000000 ) ) ;
#5194 = LINE ( 'NONE', #2508, #7560 ) ;
#5195 = VECTOR ( 'NONE', #7483, 1000.000000000000114 ) ;
#5196 = EDGE_CURVE ( 'NONE', #6637, #683, #5867, .T. ) ;
#5197 = ORIENTED_EDGE ( 'NONE', *, *, #7432, .T. ) ;
#5198 = DIRECTION ( 'NONE',  ( 0.000000000000000000, 0.000000000000000000, 1.000000000000000000 ) ) ;
#5199 = DIRECTION ( 'NONE',  ( 0.000000000000000000, 1.000000000000000000, 0.000000000000000000 ) ) ;
#5200 = EDGE_CURVE ( 'NONE', #3756, #1740, #1417, .T. ) ;
#5201 = DIRECTION ( 'NONE',  ( 0.000000000000000000, 0.000000000000000000, 1.000000000000000000 ) ) ;
#5202 = ORIENTED_EDGE ( 'NONE', *, *, #6520, .F. ) ;
#5203 = ORIENTED_EDGE ( 'NONE', *, *, #6365, .F. ) ;
#5204 = CARTESIAN_POINT ( 'NONE',  ( 6.445310212392476146, -0.6699999999999762812, 0.3737368732954314265 ) ) ;
#5205 = VERTEX_POINT ( 'NONE', #7176 ) ;
#5206 = CARTESIAN_POINT ( 'NONE',  ( -2.246738468369000152, 6.551643992949719860E-17, -1.070000000000000062 ) ) ;
#5207 = CARTESIAN_POINT ( 'NONE',  ( 6.408684555652091497, 3.330000000000002292, -0.4672500417916118365 ) ) ;
#5208 = COLOUR_RGB ( '',0.000000000000000000, 0.000000000000000000, 0.000000000000000000 ) ;
#5209 = CARTESIAN_POINT ( 'NONE',  ( -3.810000000000000497, 3.330000000000000071, -0.3821320343559643784 ) ) ;
#5210 = DIRECTION ( 'NONE',  ( 1.000000000000000000, -0.000000000000000000, 0.000000000000000000 ) ) ;
#5211 = PRESENTATION_STYLE_ASSIGNMENT (( #8772 ) ) ;
#5212 = EDGE_CURVE ( 'NONE', #3906, #3266, #6317, .T. ) ;
#5213 =( GEOMETRIC_REPRESENTATION_CONTEXT ( 3 ) GLOBAL_UNCERTAINTY_ASSIGNED_CONTEXT ( ( #2386 ) ) GLOBAL_UNIT_ASSIGNED_CONTEXT ( ( #539, #9036, #8949 ) ) REPRESENTATION_CONTEXT ( 'NONE', 'WORKASPACE' ) );
#5214 = DIRECTION ( 'NONE',  ( 0.000000000000000000, 0.000000000000000000, 1.000000000000000000 ) ) ;
#5215 = CARTESIAN_POINT ( 'NONE',  ( 5.755735931288071150, -0.6699999999999974865, -0.2971320343559635258 ) ) ;
#5216 = EDGE_LOOP ( 'NONE', ( #4408, #7163, #7281, #8735 ) ) ;
#5217 = CARTESIAN_POINT ( 'NONE',  ( -0.3299999999999993494, 3.329999999999999183, -0.4700000000000004730 ) ) ;
#5218 = CARTESIAN_POINT ( 'NONE',  ( 7.419999999999999929, 2.799999999999999822, -0.8700000000000001066 ) ) ;
#5219 = EDGE_LOOP ( 'NONE', ( #3524, #2585, #1002, #7820 ) ) ;
#5220 =( GEOMETRIC_REPRESENTATION_CONTEXT ( 3 ) GLOBAL_UNCERTAINTY_ASSIGNED_CONTEXT ( ( #3866 ) ) GLOBAL_UNIT_ASSIGNED_CONTEXT ( ( #4069, #1985, #7563 ) ) REPRESENTATION_CONTEXT ( 'NONE', 'WORKASPACE' ) );
#5221 = CARTESIAN_POINT ( 'NONE',  ( -9.830000000000001847, 3.329999999999999183, -0.4700000000000004730 ) ) ;
#5222 = DIRECTION ( 'NONE',  ( -0.000000000000000000, -1.000000000000000000, -0.000000000000000000 ) ) ;
#5223 =( NAMED_UNIT ( * ) SI_UNIT ( $, .STERADIAN. ) SOLID_ANGLE_UNIT ( ) );
#5224 = CARTESIAN_POINT ( 'NONE',  ( 3.810000000000000053, 7.174999999999999822, 0.3200000000000007838 ) ) ;
#5225 = CARTESIAN_POINT ( 'NONE',  ( -4.063592476167837475, -0.6699999999999507461, 0.2909319699748264543 ) ) ;
#5226 = PRESENTATION_LAYER_ASSIGNMENT (  '', '', ( #6684 ) ) ;
#5227 = ORIENTED_EDGE ( 'NONE', *, *, #1575, .F. ) ;
#5228 = CARTESIAN_POINT ( 'NONE',  ( -2.740000000000000213, 2.799999999999999822, 0.8700000000000001066 ) ) ;
#5229 = DIRECTION ( 'NONE',  ( 0.000000000000000000, 1.000000000000000000, 4.075948017099156388E-17 ) ) ;
#5230 =( BOUNDED_SURFACE ( )  B_SPLINE_SURFACE ( 3, 3, ( 
 ( #2790, #5190, #8564, #729 ),
 ( #249, #5571, #8654, #2363 ),
 ( #8349, #3541, #7969, #209 ),
 ( #6258, #4187, #6519, #9045 ) ),
 .UNSPECIFIED., .F., .F., .F. ) 
 B_SPLINE_SURFACE_WITH_KNOTS ( ( 4, 4 ),
 ( 4, 4 ),
 ( 0.000000000000000000, 1.000000000000000000 ),
 ( 0.000000000000000000, 1.000000000000000000 ),
 .UNSPECIFIED. ) 
 GEOMETRIC_REPRESENTATION_ITEM ( )  RATIONAL_B_SPLINE_SURFACE ( (
 ( 1.000000000000000000, 0.3333333333333334259, 0.3333333333333334259, 1.000000000000000000),
 ( 0.8047378541243658256, 0.2682459513747886826, 0.2682459513747886826, 0.8047378541243658256),
 ( 0.8047378541243658256, 0.2682459513747886826, 0.2682459513747886826, 0.8047378541243658256),
 ( 1.000000000000000000, 0.3333333333333334259, 0.3333333333333334259, 1.000000000000000000) ) ) 
 REPRESENTATION_ITEM ( '' )  SURFACE ( )  );
#5231 = CARTESIAN_POINT ( 'NONE',  ( -3.621102474559798612, -0.6699999999999834976, 0.3366411651431847618 ) ) ;
#5232 = VECTOR ( 'NONE', #5025, 1000.000000000000114 ) ;
#5233 = ORIENTED_EDGE ( 'NONE', *, *, #2372, .T. ) ;
#5234 = PRESENTATION_STYLE_ASSIGNMENT (( #893 ) ) ;
#5235 = FACE_OUTER_BOUND ( 'NONE', #5620, .T. ) ;
#5236 = CARTESIAN_POINT ( 'NONE',  ( 6.126705205720849534, -0.6699999999999528555, 0.3156704125323308574 ) ) ;
#5237 = SURFACE_SIDE_STYLE ('',( #3801 ) ) ;
#5238 = CARTESIAN_POINT ( 'NONE',  ( 1.270000000000000018, -0.4200000000000000400, 0.000000000000000000 ) ) ;
#5239 = AXIS2_PLACEMENT_3D ( 'NONE', #7415, #6724, #1977 ) ;
#5240 = CARTESIAN_POINT ( 'NONE',  ( -6.774283718833264523, 3.330000000000003624, 0.2028530975049323282 ) ) ;
#5241 = DIRECTION ( 'NONE',  ( 0.000000000000000000, 1.000000000000000000, 0.000000000000000000 ) ) ;
#5242 = CARTESIAN_POINT ( 'NONE',  ( 1.270000000000000018, -2.609999999999999876, 0.000000000000000000 ) ) ;
#5243 = VERTEX_POINT ( 'NONE', #5757 ) ;
#5244 = STYLED_ITEM ( 'NONE', ( #178 ), #7376 ) ;
#5245 = CARTESIAN_POINT ( 'NONE',  ( -6.349999999999999645, 3.330000000000000071, 0.000000000000000000 ) ) ;
#5246 = CARTESIAN_POINT ( 'NONE',  ( 3.809999999999999609, 7.489960314960472765, 2.117582368135750848E-17 ) ) ;
#5247 = ORIENTED_EDGE ( 'NONE', *, *, #6911, .F. ) ;
#5248 = EDGE_CURVE ( 'NONE', #4312, #6590, #4842, .T. ) ;
#5249 = CARTESIAN_POINT ( 'NONE',  ( -0.9025761938666380102, -0.6699999999999964873, -0.1175135132073775179 ) ) ;
#5250 = VERTEX_POINT ( 'NONE', #4233 ) ;
#5251 = DIRECTION ( 'NONE',  ( 0.000000000000000000, 1.000000000000000000, 0.000000000000000000 ) ) ;
#5252 = ORIENTED_EDGE ( 'NONE', *, *, #3331, .T. ) ;
#5253 =( GEOMETRIC_REPRESENTATION_CONTEXT ( 3 ) GLOBAL_UNCERTAINTY_ASSIGNED_CONTEXT ( ( #4425 ) ) GLOBAL_UNIT_ASSIGNED_CONTEXT ( ( #8034, #1054, #5799 ) ) REPRESENTATION_CONTEXT ( 'NONE', 'WORKASPACE' ) );
#5254 = FILL_AREA_STYLE_COLOUR ( '', #7671 ) ;
#5255 = CARTESIAN_POINT ( 'NONE',  ( 8.516339873321310705, 7.492926245181915412, -0.1868300633393451260 ) ) ;
#5256 = B_SPLINE_CURVE_WITH_KNOTS ( 'NONE', 3,
 ( #1186, #6063, #5207, #364, #8172, #1880, #5884, #5294, #8812, #8674, #2381, #7410, #7985, #1698, #4690, #4509, #7314 ),
 .UNSPECIFIED., .F., .F.,
 ( 4, 2, 2, 2, 2, 1, 2, 2, 4 ),
 ( 0.000000000000000000, 0.1250000000000010270, 0.2500000000000020539, 0.3750000000000031086, 0.5000000000000041078, 0.6250000000000051070, 0.6875000000000047740, 0.7500000000000043299, 1.000000000000000000 ),
 .UNSPECIFIED. ) ;
#5257 = EDGE_CURVE ( 'NONE', #7533, #2080, #6897, .T. ) ;
#5258 = CARTESIAN_POINT ( 'NONE',  ( -4.574264068711928033, 3.329999999999999627, 0.3821320343559643784 ) ) ;
#5259 = SURFACE_STYLE_FILL_AREA ( #4511 ) ;
#5260 = SURFACE_SIDE_STYLE ('',( #3739 ) ) ;
#5261 = SURFACE_STYLE_USAGE ( .BOTH. , #7179 ) ;
#5262 = VERTEX_POINT ( 'NONE', #8395 ) ;
#5263 = CARTESIAN_POINT ( 'NONE',  ( 1.270000000000000018, 2.799999999999999822, 1.270000000000000240 ) ) ;
#5264 = ORIENTED_EDGE ( 'NONE', *, *, #5524, .T. ) ;
#5265 = CARTESIAN_POINT ( 'NONE',  ( -0.9966455107697780313, 3.330000000000001847, 0.3848621835879788566 ) ) ;
#5266 = UNCERTAINTY_MEASURE_WITH_UNIT (LENGTH_MEASURE( 1.000000000000000082E-05 ), #5917, 'distance_accuracy_value', 'NONE');
#5267 = FACE_OUTER_BOUND ( 'NONE', #5354, .T. ) ;
#5268 = LINE ( 'NONE', #4426, #4920 ) ;
#5269 = FILL_AREA_STYLE ('',( #3879 ) ) ;
#5270 = CARTESIAN_POINT ( 'NONE',  ( 8.890000000000000568, 5.327499999999999680, -0.3200000000000000067 ) ) ;
#5271 = ORIENTED_EDGE ( 'NONE', *, *, #2361, .T. ) ;
#5272 = CARTESIAN_POINT ( 'NONE',  ( 5.972073952249962403, 3.330000000000004068, -0.2866497515786854411 ) ) ;
#5273 = CARTESIAN_POINT ( 'NONE',  ( -3.810000000000000497, 3.392132034355963555, -0.3199999999999999512 ) ) ;
#5274 = CARTESIAN_POINT ( 'NONE',  ( -3.434010501363654821, -0.6699999999999972644, 0.09679229182001053422 ) ) ;
#5275 = EDGE_LOOP ( 'NONE', ( #2217, #6015, #7143, #8945 ) ) ;
#5276 = AXIS2_PLACEMENT_3D ( 'NONE', #2187, #5021, #7028 ) ;
#5277 = DIRECTION ( 'NONE',  ( -1.000000000000000000, 0.000000000000000000, -1.224646799147353207E-16 ) ) ;
#5278 = CARTESIAN_POINT ( 'NONE',  ( 4.279999999999994031, -4.399999999999999467, 0.2349999999999975719 ) ) ;
#5279 = DIRECTION ( 'NONE',  ( 0.000000000000000000, 0.000000000000000000, -1.000000000000000000 ) ) ;
#5280 =( BOUNDED_SURFACE ( )  B_SPLINE_SURFACE ( 3, 3, ( 
 ( #536, #4734, #3353, #6155 ),
 ( #7840, #2779, #670, #6981 ),
 ( #1444, #4263, #124, #9034 ),
 ( #5736, #854, #8515, #2230 ) ),
 .UNSPECIFIED., .F., .F., .F. ) 
 B_SPLINE_SURFACE_WITH_KNOTS ( ( 4, 4 ),
 ( 4, 4 ),
 ( 0.000000000000000000, 1.000000000000000000 ),
 ( 0.000000000000000000, 1.000000000000000000 ),
 .UNSPECIFIED. ) 
 GEOMETRIC_REPRESENTATION_ITEM ( )  RATIONAL_B_SPLINE_SURFACE ( (
 ( 1.000000000000000000, 0.3333333333333334259, 0.3333333333333334259, 1.000000000000000000),
 ( 0.7995857374534958151, 0.2665285791511653457, 0.2665285791511653457, 0.7995857374534958151),
 ( 0.7995857374534958151, 0.2665285791511653457, 0.2665285791511653457, 0.7995857374534958151),
 ( 1.000000000000000000, 0.3333333333333334259, 0.3333333333333334259, 1.000000000000000000) ) ) 
 REPRESENTATION_ITEM ( '' )  SURFACE ( )  );
#5281 = CARTESIAN_POINT ( 'NONE',  ( 3.576959502035745420, 3.330000000000004068, 0.4133090432413853432 ) ) ;
#5282 = VECTOR ( 'NONE', #8319, 1000.000000000000114 ) ;
#5283 = DIRECTION ( 'NONE',  ( 0.000000000000000000, 1.000000000000000000, 0.000000000000000000 ) ) ;
#5284 = VERTEX_POINT ( 'NONE', #5081 ) ;
#5285 = DIRECTION ( 'NONE',  ( 0.000000000000000000, 0.000000000000000000, -1.000000000000000000 ) ) ;
#5286 = CARTESIAN_POINT ( 'NONE',  ( -6.349999999999999645, 2.799999999999999822, 1.270000000000000240 ) ) ;
#5287 = ADVANCED_FACE ( 'NONE', ( #4324 ), #2117, .T. ) ;
#5288 = CARTESIAN_POINT ( 'NONE',  ( 3.810000000000000053, 7.489960314960471877, -2.117582368135750848E-17 ) ) ;
#5289 = ORIENTED_EDGE ( 'NONE', *, *, #7547, .F. ) ;
#5290 = ADVANCED_FACE ( 'NONE', ( #1513 ), #735, .T. ) ;
#5291 = EDGE_LOOP ( 'NONE', ( #6252, #3242, #2630, #6758 ) ) ;
#5292 = CARTESIAN_POINT ( 'NONE',  ( 8.006523063261999695, 7.776250346772095146E-17, -1.269999999999999352 ) ) ;
#5293 = ORIENTED_EDGE ( 'NONE', *, *, #6594, .T. ) ;
#5294 = CARTESIAN_POINT ( 'NONE',  ( 6.633714065135206006, 3.330000000000002292, -0.3760777678184929473 ) ) ;
#5295 = CARTESIAN_POINT ( 'NONE',  ( -4.750000000000000888, 3.329999999999999183, -0.4700000000000004730 ) ) ;
#5296 = CARTESIAN_POINT ( 'NONE',  ( -3.809999999999999609, -4.630000000000003446, 2.584939414229660400E-17 ) ) ;
#5297 = EDGE_CURVE ( 'NONE', #4444, #3220, #2295, .T. ) ;
#5298 = DIRECTION ( 'NONE',  ( 0.000000000000000000, 0.7071067811865474617, 0.7071067811865474617 ) ) ;
#5299 = LINE ( 'NONE', #4515, #8516 ) ;
#5300 = VECTOR ( 'NONE', #4117, 1000.000000000000114 ) ;
#5301 = ORIENTED_EDGE ( 'NONE', *, *, #7222, .F. ) ;
#5302 = CARTESIAN_POINT ( 'NONE',  ( -0.6300000000000004485, 3.392132034355963555, -0.3199999999999998956 ) ) ;
#5303 = ORIENTED_EDGE ( 'NONE', *, *, #4692, .F. ) ;
#5304 = EDGE_LOOP ( 'NONE', ( #3506, #3766, #2280, #7516 ) ) ;
#5305 = CIRCLE ( 'NONE', #7511, 0.3150000000000000022 ) ;
#5306 = FACE_OUTER_BOUND ( 'NONE', #8137, .T. ) ;
#5307 = CARTESIAN_POINT ( 'NONE',  ( -2.594266901142090020, 2.799999999999999822, 0.8700000000000002176 ) ) ;
#5308 = CARTESIAN_POINT ( 'NONE',  ( -3.810000000000000053, 5.327499999999999680, 0.000000000000000000 ) ) ;
#5309 = CARTESIAN_POINT ( 'NONE',  ( 3.436339873321309746, 7.492926245181915412, -0.1868300633393451260 ) ) ;
#5310 = DIRECTION ( 'NONE',  ( -0.000000000000000000, -1.000000000000000000, -0.000000000000000000 ) ) ;
#5311 = EDGE_CURVE ( 'NONE', #3557, #8212, #6539, .T. ) ;
#5312 = ADVANCED_FACE ( 'NONE', ( #7900 ), #8628, .T. ) ;
#5313 = AXIS2_PLACEMENT_3D ( 'NONE', #2129, #4427, #5681 ) ;
#5314 = CARTESIAN_POINT ( 'NONE',  ( 6.349999999999999645, 3.330000000000000515, 0.4700000000000002509 ) ) ;
#5315 = CARTESIAN_POINT ( 'NONE',  ( -2.869999999999999218, 3.329999999999999183, 0.4700000000000004730 ) ) ;
#5316 = DIRECTION ( 'NONE',  ( 0.000000000000000000, 0.000000000000000000, 1.000000000000000000 ) ) ;
#5317 = ORIENTED_EDGE ( 'NONE', *, *, #1068, .T. ) ;
#5318 = FACE_OUTER_BOUND ( 'NONE', #5219, .T. ) ;
#5319 = CARTESIAN_POINT ( 'NONE',  ( 7.820000000000000284, -5.327037639127340260E-17, 0.8699999999999998845 ) ) ;
#5320 =( GEOMETRIC_REPRESENTATION_CONTEXT ( 3 ) GLOBAL_UNCERTAINTY_ASSIGNED_CONTEXT ( ( #1927 ) ) GLOBAL_UNIT_ASSIGNED_CONTEXT ( ( #7989, #5347, #5938 ) ) REPRESENTATION_CONTEXT ( 'NONE', 'WORKASPACE' ) );
#5321 = CARTESIAN_POINT ( 'NONE',  ( 8.890000000000000568, -2.609999999999999876, 0.2349999999999989875 ) ) ;
#5322 = CARTESIAN_POINT ( 'NONE',  ( -2.153476936738000003, 7.776250346772100076E-17, -1.270000000000000018 ) ) ;
#5323 = ADVANCED_FACE ( 'NONE', ( #8678 ), #4603, .T. ) ;
#5324 = CARTESIAN_POINT ( 'NONE',  ( 6.349999999999999645, 3.479999999999999982, 0.3199999999999999512 ) ) ;
#5325 = CARTESIAN_POINT ( 'NONE',  ( -8.458499414917437065, 3.330000000000000959, -0.1867151372212447757 ) ) ;
#5326 = CARTESIAN_POINT ( 'NONE',  ( 6.350000000000000533, 7.490000000000000213, 0.000000000000000000 ) ) ;
#5327 = CARTESIAN_POINT ( 'NONE',  ( 10.16000000000000014, 0.000000000000000000, 0.8699999999999999956 ) ) ;
#5328 = CYLINDRICAL_SURFACE ( 'NONE', #2986, 0.2349999999999989875 ) ;
#5329 = CIRCLE ( 'NONE', #4903, 0.4150000000298862401 ) ;
#5330 = VERTEX_POINT ( 'NONE', #8585 ) ;
#5331 = FACE_OUTER_BOUND ( 'NONE', #6261, .T. ) ;
#5332 = LINE ( 'NONE', #3301, #4316 ) ;
#5333 = CARTESIAN_POINT ( 'NONE',  ( 3.810000000000000497, 3.330000000000000071, -0.3821320343559643784 ) ) ;
#5334 = AXIS2_PLACEMENT_3D ( 'NONE', #3309, #6157, #5432 ) ;
#5335 = DIRECTION ( 'NONE',  ( 0.000000000000000000, 1.000000000000000000, 0.000000000000000000 ) ) ;
#5336 = ORIENTED_EDGE ( 'NONE', *, *, #7400, .F. ) ;
#5337 = FACE_OUTER_BOUND ( 'NONE', #6581, .T. ) ;
#5338 = EDGE_CURVE ( 'NONE', #4787, #2007, #7220, .T. ) ;
#5339 = ORIENTED_EDGE ( 'NONE', *, *, #6141, .F. ) ;
#5340 = CARTESIAN_POINT ( 'NONE',  ( 6.349999999999999645, 7.489960314960471877, 2.117582368135750848E-17 ) ) ;
#5341 = CARTESIAN_POINT ( 'NONE',  ( 8.890000000000002345, 7.361853603950962111, 0.3200000000000008948 ) ) ;
#5342 = MECHANICAL_DESIGN_GEOMETRIC_PRESENTATION_REPRESENTATION (  '', ( #6658 ), #5914 ) ;
#5343 = EDGE_CURVE ( 'NONE', #546, #8249, #8867, .T. ) ;
#5344 = SURFACE_STYLE_USAGE ( .BOTH. , #2472 ) ;
#5345 = UNCERTAINTY_MEASURE_WITH_UNIT (LENGTH_MEASURE( 1.000000000000000082E-05 ), #4345, 'distance_accuracy_value', 'NONE');
#5346 = CARTESIAN_POINT ( 'NONE',  ( 8.890000000000000568, -0.6699999999999979305, 0.3849999999999999534 ) ) ;
#5347 =( NAMED_UNIT ( * ) PLANE_ANGLE_UNIT ( ) SI_UNIT ( $, .RADIAN. ) );
#5348 = CARTESIAN_POINT ( 'NONE',  ( 6.623354489230189657, 3.330000000000000515, 0.3848621835879968978 ) ) ;
#5349 = AXIS2_PLACEMENT_3D ( 'NONE', #5413, #7431, #7335 ) ;
#5350 = CARTESIAN_POINT ( 'NONE',  ( -1.269999999999999796, 2.799999999999999822, -0.9150000000000000355 ) ) ;
#5351 = VECTOR ( 'NONE', #4489, 1000.000000000000000 ) ;
#5352 = VERTEX_POINT ( 'NONE', #7501 ) ;
#5353 = DIRECTION ( 'NONE',  ( 0.000000000000000000, 0.7071067811865474617, 0.7071067811865474617 ) ) ;
#5354 = EDGE_LOOP ( 'NONE', ( #2815, #8260, #3997, #1365 ) ) ;
#5355 = ORIENTED_EDGE ( 'NONE', *, *, #2251, .F. ) ;
#5356 = DIRECTION ( 'NONE',  ( 0.000000000000000000, 1.000000000000000000, 0.000000000000000000 ) ) ;
#5357 = AXIS2_PLACEMENT_3D ( 'NONE', #251, #6660, #3373 ) ;
#5358 = UNCERTAINTY_MEASURE_WITH_UNIT (LENGTH_MEASURE( 1.000000000000000082E-05 ), #2700, 'distance_accuracy_value', 'NONE');
#5359 = CARTESIAN_POINT ( 'NONE',  ( 3.839511675240612210, 3.330000000000002736, -0.4700000000000000844 ) ) ;
#5360 = CARTESIAN_POINT ( 'NONE',  ( 6.349999999999999645, 3.330000000000000515, 0.4700000000000002509 ) ) ;
#5361 = CARTESIAN_POINT ( 'NONE',  ( 3.810000000000000053, 7.489960314960471877, 2.117582368135750848E-17 ) ) ;
#5362 = CARTESIAN_POINT ( 'NONE',  ( 6.063350248421317978, 3.330000000000003180, 0.3779260477499973847 ) ) ;
#5363 = ADVANCED_FACE ( 'NONE', ( #3402 ), #3084, .F. ) ;
#5364 = DIRECTION ( 'NONE',  ( 0.000000000000000000, 1.000000000000000000, 0.000000000000000000 ) ) ;
#5365 = SURFACE_STYLE_FILL_AREA ( #3186 ) ;
#5366 = ADVANCED_FACE ( 'NONE', ( #8267 ), #1799, .F. ) ;
#5367 = ORIENTED_EDGE ( 'NONE', *, *, #4447, .T. ) ;
#5368 = ADVANCED_FACE ( 'NONE', ( #8307 ), #6865, .T. ) ;
#5369 =( NAMED_UNIT ( * ) SI_UNIT ( $, .STERADIAN. ) SOLID_ANGLE_UNIT ( ) );
#5370 = AXIS2_PLACEMENT_3D ( 'NONE', #5410, #5310, #8093 ) ;
#5371 = FILL_AREA_STYLE ('',( #475 ) ) ;
#5372 = CYLINDRICAL_SURFACE ( 'NONE', #6464, 0.3200000000000000067 ) ;
#5373 = LINE ( 'NONE', #8792, #6395 ) ;
#5374 = CARTESIAN_POINT ( 'NONE',  ( -6.075934793891669017, -4.632925319547867460, 0.1370326030541655082 ) ) ;
#5375 = CARTESIAN_POINT ( 'NONE',  ( -6.349999999999999645, 2.799999999999999822, -1.269999999999999796 ) ) ;
#5376 = EDGE_CURVE ( 'NONE', #4865, #3925, #5437, .T. ) ;
#5377 = CARTESIAN_POINT ( 'NONE',  ( 6.989999999999999325, 3.479999999999999538, -0.3199999999999999512 ) ) ;
#5378 = DIRECTION ( 'NONE',  ( 0.000000000000000000, 1.000000000000000000, 0.000000000000000000 ) ) ;
#5379 = CARTESIAN_POINT ( 'NONE',  ( -6.350000000000000533, 7.492926245181917189, -0.1868300633393450705 ) ) ;
#5380 = EDGE_CURVE ( 'NONE', #2303, #3158, #7441, .T. ) ;
#5381 = ORIENTED_EDGE ( 'NONE', *, *, #1398, .T. ) ;
#5382 = CARTESIAN_POINT ( 'NONE',  ( -6.819999999999994955, -4.537064994640259030, 0.2349999999999976275 ) ) ;
#5383 = CARTESIAN_POINT ( 'NONE',  ( -8.889999999999998792, -0.6699999999999979305, -0.2971320343559630262 ) ) ;
#5384 = AXIS2_PLACEMENT_3D ( 'NONE', #2661, #590, #6025 ) ;
#5385 = FACE_OUTER_BOUND ( 'NONE', #8712, .T. ) ;
#5386 = ORIENTED_EDGE ( 'NONE', *, *, #4015, .F. ) ;
#5387 = CARTESIAN_POINT ( 'NONE',  ( 3.976502295168871104, -0.6699999999999818323, -0.3473305202276616432 ) ) ;
#5388 = ORIENTED_EDGE ( 'NONE', *, *, #2270, .T. ) ;
#5389 = CARTESIAN_POINT ( 'NONE',  ( -3.927612408564657542, 3.330000000000002736, -0.4590001671664474259 ) ) ;
#5390 = ORIENTED_EDGE ( 'NONE', *, *, #1353, .T. ) ;
#5391 = DIRECTION ( 'NONE',  ( 0.000000000000000000, 1.000000000000000000, 0.000000000000000000 ) ) ;
#5392 = CARTESIAN_POINT ( 'NONE',  ( 8.516339873321310705, 7.492926245181915412, 0.1868300633393451260 ) ) ;
#5393 = AXIS2_PLACEMENT_3D ( 'NONE', #3363, #8916, #5441 ) ;
#5394 = CARTESIAN_POINT ( 'NONE',  ( -8.949944237399968472, 3.330000000000002736, -0.4699999999999999734 ) ) ;
#5395 = CARTESIAN_POINT ( 'NONE',  ( -8.890000000000000568, -4.537064994640259918, 0.2349999999999975719 ) ) ;
#5396 = CARTESIAN_POINT ( 'NONE',  ( -3.810000000000000053, -0.7321320343559629684, -0.2349999999999980715 ) ) ;
#5397 = FILL_AREA_STYLE ('',( #6767 ) ) ;
#5398 = VECTOR ( 'NONE', #2601, 1000.000000000000000 ) ;
#5399 = ORIENTED_EDGE ( 'NONE', *, *, #6028, .T. ) ;
#5400 = CARTESIAN_POINT ( 'NONE',  ( 6.660015193603658012, 3.330000000000001847, 0.3548770198077410565 ) ) ;
#5401 = CARTESIAN_POINT ( 'NONE',  ( -1.637654273922616310, -0.6699999999999424194, 0.1171545171585808565 ) ) ;
#5402 = ORIENTED_EDGE ( 'NONE', *, *, #6279, .T. ) ;
#5403 = DIRECTION ( 'NONE',  ( 0.000000000000000000, 1.000000000000000000, 0.000000000000000000 ) ) ;
#5404 = ORIENTED_EDGE ( 'NONE', *, *, #8517, .T. ) ;
#5405 = ORIENTED_EDGE ( 'NONE', *, *, #9096, .F. ) ;
#5406 = CARTESIAN_POINT ( 'NONE',  ( -8.890000000000000568, 3.330000000000000071, 0.3821320343559643784 ) ) ;
#5407 = AXIS2_PLACEMENT_3D ( 'NONE', #714, #4130, #4259 ) ;
#5408 = AXIS2_PLACEMENT_3D ( 'NONE', #6076, #5403, #6821 ) ;
#5409 = DIRECTION ( 'NONE',  ( -0.000000000000000000, -1.000000000000000000, 0.000000000000000000 ) ) ;
#5410 = CARTESIAN_POINT ( 'NONE',  ( 1.270000000000000018, 7.174999999999999822, 0.000000000000000000 ) ) ;
#5411 = DIRECTION ( 'NONE',  ( 0.000000000000000000, 0.000000000000000000, 1.000000000000000000 ) ) ;
#5412 = ORIENTED_EDGE ( 'NONE', *, *, #1445, .T. ) ;
#5413 = CARTESIAN_POINT ( 'NONE',  ( -3.810000000000000053, -4.400000000000000355, 0.000000000000000000 ) ) ;
#5414 = CARTESIAN_POINT ( 'NONE',  ( -1.270000000000000018, 1.967086183247610087, 0.000000000000000000 ) ) ;
#5415 = EDGE_CURVE ( 'NONE', #116, #2992, #2000, .T. ) ;
#5416 = CARTESIAN_POINT ( 'NONE',  ( -8.890000000000000568, 7.174999999999999822, 0.000000000000000000 ) ) ;
#5417 = CARTESIAN_POINT ( 'NONE',  ( -5.466523063262000548, 6.551643992949721092E-17, -1.269999999999999796 ) ) ;
#5418 = FACE_OUTER_BOUND ( 'NONE', #1463, .T. ) ;
#5419 = CARTESIAN_POINT ( 'NONE',  ( -8.990000000000000213, 7.776250346772101309E-17, -1.270000000000000018 ) ) ;
#5420 = CARTESIAN_POINT ( 'NONE',  ( 6.989999999999999325, 3.392132034355963999, -0.3199999999999999512 ) ) ;
#5421 = FACE_OUTER_BOUND ( 'NONE', #6770, .T. ) ;
#5422 = FACE_OUTER_BOUND ( 'NONE', #7748, .T. ) ;
#5423 = CIRCLE ( 'NONE', #3048, 0.3199999999999999512 ) ;
#5424 = CARTESIAN_POINT ( 'NONE',  ( -8.990000000000000213, -7.776250346772101309E-17, 1.270000000000000018 ) ) ;
#5425 = CARTESIAN_POINT ( 'NONE',  ( -5.134266901142090056, 5.327037639127340260E-17, -0.8699999999999999956 ) ) ;
#5426 = AXIS2_PLACEMENT_3D ( 'NONE', #7712, #1495, #8306 ) ;
#5427 = EDGE_LOOP ( 'NONE', ( #3636, #8055, #8111, #3254 ) ) ;
#5428 = ADVANCED_FACE ( 'NONE', ( #9039 ), #4629, .F. ) ;
#5429 = SURFACE_STYLE_FILL_AREA ( #5972 ) ;
#5430 = ORIENTED_EDGE ( 'NONE', *, *, #4119, .T. ) ;
#5431 = ORIENTED_EDGE ( 'NONE', *, *, #8686, .T. ) ;
#5432 = DIRECTION ( 'NONE',  ( 0.000000000000000000, 0.000000000000000000, 1.000000000000000000 ) ) ;
#5433 = CARTESIAN_POINT ( 'NONE',  ( 9.973476936738002507, 2.800000000000000266, -1.269999999999999796 ) ) ;
#5434 = CIRCLE ( 'NONE', #3809, 0.2300000000000030076 ) ;
#5435 = CARTESIAN_POINT ( 'NONE',  ( -8.890000000000000568, -4.632925319547866572, -0.1370326030541654527 ) ) ;
#5436 = UNCERTAINTY_MEASURE_WITH_UNIT (LENGTH_MEASURE( 1.000000000000000082E-05 ), #3508, 'distance_accuracy_value', 'NONE');
#5437 = LINE ( 'NONE', #4058, #8013 ) ;
#5438 = PLANE ( 'NONE',  #1473 ) ;
#5439 = ORIENTED_EDGE ( 'NONE', *, *, #6277, .F. ) ;
#5440 = CARTESIAN_POINT ( 'NONE',  ( -3.810000000000000053, -0.6699999999999979305, 0.3849999999999999534 ) ) ;
#5441 = DIRECTION ( 'NONE',  ( 0.000000000000000000, 0.000000000000000000, 1.000000000000000000 ) ) ;
#5442 = CARTESIAN_POINT ( 'NONE',  ( -8.890000000000000568, 3.479999999999999982, 0.000000000000000000 ) ) ;
#5443 = MECHANICAL_DESIGN_GEOMETRIC_PRESENTATION_REPRESENTATION (  '', ( #4836 ), #2480 ) ;
#5444 = ADVANCED_FACE ( 'NONE', ( #2059, #82 ), #4875, .T. ) ;
#5445 = VERTEX_POINT ( 'NONE', #1500 ) ;
#5446 = LINE ( 'NONE', #4039, #195 ) ;
#5447 = SURFACE_STYLE_FILL_AREA ( #4708 ) ;
#5448 = SURFACE_STYLE_FILL_AREA ( #3971 ) ;
#5449 = LINE ( 'NONE', #3368, #2789 ) ;
#5450 = CARTESIAN_POINT ( 'NONE',  ( 1.240206254545166864, 3.330000000000002292, 0.4699999999999999734 ) ) ;
#5451 = CARTESIAN_POINT ( 'NONE',  ( 1.473262542154202492, 3.330000000000002292, 0.4240138818363696216 ) ) ;
#5452 =( NAMED_UNIT ( * ) PLANE_ANGLE_UNIT ( ) SI_UNIT ( $, .RADIAN. ) );
#5453 = ADVANCED_FACE ( 'NONE', ( #5606 ), #9086, .T. ) ;
#5454 = PRESENTATION_STYLE_ASSIGNMENT (( #4761 ) ) ;
#5455 = EDGE_LOOP ( 'NONE', ( #6156, #1759, #3468, #3322 ) ) ;
#5456 = ADVANCED_FACE ( 'NONE', ( #7672 ), #7847, .T. ) ;
#5457 = DIRECTION ( 'NONE',  ( -0.000000000000000000, -1.000000000000000000, -0.000000000000000000 ) ) ;
#5458 = DIRECTION ( 'NONE',  ( 0.000000000000000000, 1.000000000000000000, 0.000000000000000000 ) ) ;
#5459 = CIRCLE ( 'NONE', #1319, 0.3200000000000000067 ) ;
#5460 = DIRECTION ( 'NONE',  ( 1.000000000000000000, 0.000000000000000000, 0.000000000000000000 ) ) ;
#5461 = CARTESIAN_POINT ( 'NONE',  ( -0.8963398733213097103, 7.492926245181915412, 0.1868300633393446819 ) ) ;
#5462 = DIRECTION ( 'NONE',  ( 1.000000000000000000, -0.000000000000000000, 0.000000000000000000 ) ) ;
#5463 = CARTESIAN_POINT ( 'NONE',  ( 3.351067696148020580, 3.330000000000004512, 0.1177832789718360335 ) ) ;
#5464 = FACE_OUTER_BOUND ( 'NONE', #9010, .T. ) ;
#5465 = CARTESIAN_POINT ( 'NONE',  ( 6.640523605476593261, -0.6699999999999909361, -0.2537750882668771690 ) ) ;
#5466 = ADVANCED_FACE ( 'NONE', ( #6255 ), #817, .T. ) ;
#5467 = AXIS2_PLACEMENT_3D ( 'NONE', #8490, #5801, #4235 ) ;
#5468 = ORIENTED_EDGE ( 'NONE', *, *, #6279, .F. ) ;
#5469 = CARTESIAN_POINT ( 'NONE',  ( -6.349999999999999645, -4.400000000000000355, 0.2349999999999975719 ) ) ;
#5470 = CARTESIAN_POINT ( 'NONE',  ( -6.184080586844718397, -0.6699999999999818323, 0.3485131856847029641 ) ) ;
#5471 = CARTESIAN_POINT ( 'NONE',  ( -8.890000000000000568, -0.8199999999999999512, 0.2349999999999980438 ) ) ;
#5472 = DIRECTION ( 'NONE',  ( -0.4226182617407031605, 0.000000000000000000, 0.9063077870366482713 ) ) ;
#5473 = VECTOR ( 'NONE', #4431, 1000.000000000000114 ) ;
#5474 = ORIENTED_EDGE ( 'NONE', *, *, #7110, .T. ) ;
#5475 = CARTESIAN_POINT ( 'NONE',  ( 4.192747374659086645, -0.6699999999999977085, -0.04807139133199413855 ) ) ;
#5476 = ORIENTED_EDGE ( 'NONE', *, *, #5861, .F. ) ;
#5477 = DIRECTION ( 'NONE',  ( -0.4226182617407031605, 0.000000000000000000, 0.9063077870366482713 ) ) ;
#5478 = ORIENTED_EDGE ( 'NONE', *, *, #2246, .F. ) ;
#5479 = DIRECTION ( 'NONE',  ( 0.000000000000000000, 0.000000000000000000, 1.000000000000000000 ) ) ;
#5480 = EDGE_CURVE ( 'NONE', #252, #7334, #673, .T. ) ;
#5481 = EDGE_CURVE ( 'NONE', #6845, #7757, #4074, .T. ) ;
#5482 = CARTESIAN_POINT ( 'NONE',  ( -8.890000000000000568, -4.632925319547866572, 0.1370326030541654527 ) ) ;
#5483 = CARTESIAN_POINT ( 'NONE',  ( 8.119999999999999218, -0.6699999999999979305, -0.3849999999999999534 ) ) ;
#5484 = CARTESIAN_POINT ( 'NONE',  ( 5.280000000000000249, -6.551643992949719860E-17, 0.8700000000000002176 ) ) ;
#5485 = ORIENTED_EDGE ( 'NONE', *, *, #5754, .F. ) ;
#5486 = FACE_OUTER_BOUND ( 'NONE', #3021, .T. ) ;
#5487 = DIRECTION ( 'NONE',  ( 0.000000000000000000, 0.000000000000000000, 1.000000000000000000 ) ) ;
#5488 = DIRECTION ( 'NONE',  ( 0.000000000000000000, 1.000000000000000000, 0.000000000000000000 ) ) ;
#5489 = ORIENTED_EDGE ( 'NONE', *, *, #4465, .T. ) ;
#5490 = AXIS2_PLACEMENT_3D ( 'NONE', #2521, #5391, #5479 ) ;
#5491 = VECTOR ( 'NONE', #9067, 1000.000000000000000 ) ;
#5492 =( NAMED_UNIT ( * ) PLANE_ANGLE_UNIT ( ) SI_UNIT ( $, .RADIAN. ) );
#5493 = EDGE_CURVE ( 'NONE', #1356, #3925, #6120, .T. ) ;
#5494 = EDGE_CURVE ( 'NONE', #2598, #4105, #8448, .T. ) ;
#5495 = DIRECTION ( 'NONE',  ( -0.000000000000000000, -1.000000000000000000, -0.000000000000000000 ) ) ;
#5496 = DIRECTION ( 'NONE',  ( -0.4226182617407031605, 0.000000000000000000, -0.9063077870366482713 ) ) ;
#5497 = CIRCLE ( 'NONE', #783, 0.4149999999673494866 ) ;
#5498 = SURFACE_STYLE_USAGE ( .BOTH. , #2667 ) ;
#5499 = CARTESIAN_POINT ( 'NONE',  ( -6.349999999999999645, 2.799999999999999822, -0.9150000000000000355 ) ) ;
#5500 = FACE_OUTER_BOUND ( 'NONE', #2518, .T. ) ;
#5501 = PLANE ( 'NONE',  #8996 ) ;
#5502 = CIRCLE ( 'NONE', #7830, 0.3199999999999999512 ) ;
#5503 = ORIENTED_EDGE ( 'NONE', *, *, #253, .T. ) ;
#5504 = DIRECTION ( 'NONE',  ( 0.000000000000000000, 0.000000000000000000, 1.000000000000000000 ) ) ;
#5505 = CARTESIAN_POINT ( 'NONE',  ( -6.685450835685643689, -0.6699999999999446398, -0.1894987673826967201 ) ) ;
#5506 = PRESENTATION_LAYER_ASSIGNMENT (  '', '', ( #352 ) ) ;
#5507 = CARTESIAN_POINT ( 'NONE',  ( 6.349999999999999645, 2.799999999999999822, 0.9150000000000000355 ) ) ;
#5508 = CARTESIAN_POINT ( 'NONE',  ( 1.270000000000000240, 7.361853603950962111, -0.3200000000000008948 ) ) ;
#5509 = CARTESIAN_POINT ( 'NONE',  ( 8.890000000000000568, -0.2100000000000000200, -0.6650000000000000355 ) ) ;
#5510 = STYLED_ITEM ( 'NONE', ( #3051 ), #1823 ) ;
#5511 = ORIENTED_EDGE ( 'NONE', *, *, #3103, .T. ) ;
#5512 = CARTESIAN_POINT ( 'NONE',  ( -5.709999999999999076, 3.392132034355963555, 0.3199999999999998956 ) ) ;
#5513 = DIRECTION ( 'NONE',  ( 0.000000000000000000, -1.000000000000000000, -6.123031769111889989E-17 ) ) ;
#5514 = DIRECTION ( 'NONE',  ( 1.000000000000000000, 0.000000000000000000, 0.000000000000000000 ) ) ;
#5515 = VECTOR ( 'NONE', #237, 1000.000000000000000 ) ;
#5516 = DIRECTION ( 'NONE',  ( 0.000000000000000000, 1.000000000000000000, 0.000000000000000000 ) ) ;
#5517 = VERTEX_POINT ( 'NONE', #7977 ) ;
#5518 = FILL_AREA_STYLE ('',( #2696 ) ) ;
#5519 = ORIENTED_EDGE ( 'NONE', *, *, #1445, .F. ) ;
#5520 = DIRECTION ( 'NONE',  ( 0.000000000000000000, -6.123031769111889989E-17, 1.000000000000000000 ) ) ;
#5521 =( BOUNDED_SURFACE ( )  B_SPLINE_SURFACE ( 3, 3, ( 
 ( #1043, #5155, #5970, #3855 ),
 ( #997, #6528, #5115, #5876 ),
 ( #4453, #8067, #6579, #7891 ),
 ( #953, #354, #4501, #1599 ) ),
 .UNSPECIFIED., .F., .F., .F. ) 
 B_SPLINE_SURFACE_WITH_KNOTS ( ( 4, 4 ),
 ( 4, 4 ),
 ( 0.000000000000000000, 1.000000000000000000 ),
 ( 0.000000000000000000, 1.000000000000000000 ),
 .UNSPECIFIED. ) 
 GEOMETRIC_REPRESENTATION_ITEM ( )  RATIONAL_B_SPLINE_SURFACE ( (
 ( 1.000000000000000000, 0.3333333333333334259, 0.3333333333333334259, 1.000000000000000000),
 ( 0.8009815829414672628, 0.2669938609804891616, 0.2669938609804891616, 0.8009815829414672628),
 ( 0.8009815829414672628, 0.2669938609804891616, 0.2669938609804891616, 0.8009815829414672628),
 ( 1.000000000000000000, 0.3333333333333334259, 0.3333333333333334259, 1.000000000000000000) ) ) 
 REPRESENTATION_ITEM ( '' )  SURFACE ( )  );
#5522 = CARTESIAN_POINT ( 'NONE',  ( -9.076852539726434799, 3.330000000000002292, -0.4315005850825660572 ) ) ;
#5523 = DIRECTION ( 'NONE',  ( 1.000000000000000000, 0.000000000000000000, 0.000000000000000000 ) ) ;
#5524 = EDGE_CURVE ( 'NONE', #1351, #1309, #7350, .T. ) ;
#5525 = CARTESIAN_POINT ( 'NONE',  ( -3.810000000000000053, -0.6699999999999979305, 0.3849999999999999534 ) ) ;
#5526 = ADVANCED_FACE ( 'NONE', ( #906 ), #8665, .T. ) ;
#5527 = CARTESIAN_POINT ( 'NONE',  ( -7.420000000000000817, 2.799999999999999822, -0.8699999999999999956 ) ) ;
#5528 = ORIENTED_EDGE ( 'NONE', *, *, #3348, .T. ) ;
#5529 = CARTESIAN_POINT ( 'NONE',  ( -6.349999999999999645, 7.174999999999999822, 0.005000000000000779862 ) ) ;
#5530 = DIRECTION ( 'NONE',  ( 0.000000000000000000, 1.000000000000000000, 0.000000000000000000 ) ) ;
#5531 = VERTEX_POINT ( 'NONE', #8576 ) ;
#5532 = CARTESIAN_POINT ( 'NONE',  ( -3.810000000000000053, -0.6700000000705585990, 0.4149999999881947566 ) ) ;
#5533 =( GEOMETRIC_REPRESENTATION_CONTEXT ( 3 ) GLOBAL_UNCERTAINTY_ASSIGNED_CONTEXT ( ( #4522 ) ) GLOBAL_UNIT_ASSIGNED_CONTEXT ( ( #7953, #2949, #2997 ) ) REPRESENTATION_CONTEXT ( 'NONE', 'WORKASPACE' ) );
#5534 = DIRECTION ( 'NONE',  ( -0.000000000000000000, -1.000000000000000000, -0.000000000000000000 ) ) ;
#5535 = EDGE_CURVE ( 'NONE', #1282, #7125, #8161, .T. ) ;
#5536 = SURFACE_STYLE_FILL_AREA ( #3970 ) ;
#5537 = AXIS2_PLACEMENT_3D ( 'NONE', #3905, #6757, #1092 ) ;
#5538 = ORIENTED_EDGE ( 'NONE', *, *, #1543, .F. ) ;
#5539 = DIRECTION ( 'NONE',  ( 0.000000000000000000, 1.000000000000000000, 6.123031769111889989E-17 ) ) ;
#5540 = DIRECTION ( 'NONE',  ( -1.000000000000000000, 0.000000000000000000, -1.224646799147353207E-16 ) ) ;
#5541 = EDGE_CURVE ( 'NONE', #2848, #3557, #2440, .T. ) ;
#5542 = CIRCLE ( 'NONE', #4208, 0.3150000000000000022 ) ;
#5543 = ORIENTED_EDGE ( 'NONE', *, *, #7276, .T. ) ;
#5544 = CARTESIAN_POINT ( 'NONE',  ( 8.441153769371693372, 3.330000000000004512, -0.1429865212590215595 ) ) ;
#5545 = LINE ( 'NONE', #6283, #7987 ) ;
#5546 = CARTESIAN_POINT ( 'NONE',  ( -6.819999999999994955, -0.7321320343559630794, 0.2349999999999997924 ) ) ;
#5547 = ADVANCED_FACE ( 'NONE', ( #862 ), #5521, .T. ) ;
#5548 = FACE_BOUND ( 'NONE', #4784, .T. ) ;
#5549 = CARTESIAN_POINT ( 'NONE',  ( 8.890000000000000568, -4.537064994640259918, 0.2349999999999975719 ) ) ;
#5550 = CARTESIAN_POINT ( 'NONE',  ( 9.484264068711922846, -0.6699999999999978195, 0.2971320343559630262 ) ) ;
#5551 = EDGE_CURVE ( 'NONE', #2871, #6590, #6266, .T. ) ;
#5552 = ORIENTED_EDGE ( 'NONE', *, *, #3277, .T. ) ;
#5553 = CIRCLE ( 'NONE', #693, 0.3150000000000000022 ) ;
#5554 = DIRECTION ( 'NONE',  ( 1.000000000000000000, -0.000000000000000000, 0.000000000000000000 ) ) ;
#5555 = CARTESIAN_POINT ( 'NONE',  ( 3.810000000000000053, -4.400000000000000355, -0.2349999999999975719 ) ) ;
#5556 = CARTESIAN_POINT ( 'NONE',  ( -5.879999999999999893, 3.330000000000000071, 2.710505431213761085E-17 ) ) ;
#5557 = ORIENTED_EDGE ( 'NONE', *, *, #6638, .T. ) ;
#5558 = DIRECTION ( 'NONE',  ( 0.000000000000000000, 0.000000000000000000, -1.000000000000000000 ) ) ;
#5559 = ORIENTED_EDGE ( 'NONE', *, *, #1699, .T. ) ;
#5560 = CARTESIAN_POINT ( 'NONE',  ( -8.890000000000000568, 3.479999999999999982, 0.000000000000000000 ) ) ;
#5561 = AXIS2_PLACEMENT_3D ( 'NONE', #1976, #4147, #638 ) ;
#5562 = VERTEX_POINT ( 'NONE', #3810 ) ;
#5563 = CARTESIAN_POINT ( 'NONE',  ( 8.890000000000000568, -0.4200000000196268957, 0.000000000000000000 ) ) ;
#5564 = CARTESIAN_POINT ( 'NONE',  ( -1.270000000000000018, -4.400000000000000355, -0.004999999999994560011 ) ) ;
#5565 = EDGE_CURVE ( 'NONE', #7689, #102, #5542, .T. ) ;
#5566 = AXIS2_PLACEMENT_3D ( 'NONE', #5564, #4138, #3493 ) ;
#5567 = SURFACE_STYLE_USAGE ( .BOTH. , #4269 ) ;
#5568 = EDGE_CURVE ( 'NONE', #6267, #1242, #173, .T. ) ;
#5569 = DIRECTION ( 'NONE',  ( 0.000000000000000000, -1.000000000000000000, -6.123031769111889989E-17 ) ) ;
#5570 = ORIENTED_EDGE ( 'NONE', *, *, #4658, .T. ) ;
#5571 = CARTESIAN_POINT ( 'NONE',  ( 8.125735931288071257, 3.329999999999999627, -0.3821320343559643784 ) ) ;
#5572 = CARTESIAN_POINT ( 'NONE',  ( -1.270000000000000018, -4.400000000000000355, -0.2349999999999975719 ) ) ;
#5573 = DIRECTION ( 'NONE',  ( -1.000000000000000000, 0.000000000000000000, -0.000000000000000000 ) ) ;
#5574 =( BOUNDED_SURFACE ( )  B_SPLINE_SURFACE ( 3, 3, ( 
 ( #8288, #1994, #8793, #2550 ),
 ( #2503, #8103, #3984, #1214 ),
 ( #8843, #5374, #2592, #3893 ),
 ( #7480, #6792, #479, #3293 ) ),
 .UNSPECIFIED., .F., .F., .F. ) 
 B_SPLINE_SURFACE_WITH_KNOTS ( ( 4, 4 ),
 ( 4, 4 ),
 ( 0.000000000000000000, 1.000000000000000000 ),
 ( 0.000000000000000000, 1.000000000000000000 ),
 .UNSPECIFIED. ) 
 GEOMETRIC_REPRESENTATION_ITEM ( )  RATIONAL_B_SPLINE_SURFACE ( (
 ( 1.000000000000000000, 0.3333333333333334259, 0.3333333333333334259, 1.000000000000000000),
 ( 0.7995857374534958151, 0.2665285791511653457, 0.2665285791511653457, 0.7995857374534958151),
 ( 0.7995857374534958151, 0.2665285791511653457, 0.2665285791511653457, 0.7995857374534958151),
 ( 1.000000000000000000, 0.3333333333333334259, 0.3333333333333334259, 1.000000000000000000) ) ) 
 REPRESENTATION_ITEM ( '' )  SURFACE ( )  );
#5575 = DIRECTION ( 'NONE',  ( -0.9063077870366501587, -2.587705042845140933E-17, 0.4226182617406989972 ) ) ;
#5576 = AXIS2_PLACEMENT_3D ( 'NONE', #118, #7109, #1539 ) ;
#5577 = EDGE_CURVE ( 'NONE', #7078, #773, #2970, .T. ) ;
#5578 = DIRECTION ( 'NONE',  ( 0.000000000000000000, 0.000000000000000000, 1.000000000000000000 ) ) ;
#5579 = EDGE_LOOP ( 'NONE', ( #1898, #669 ) ) ;
#5580 = PLANE ( 'NONE',  #2840 ) ;
#5581 = DIRECTION ( 'NONE',  ( -0.000000000000000000, -1.000000000000000000, -6.123031769111889989E-17 ) ) ;
#5582 = VERTEX_POINT ( 'NONE', #5788 ) ;
#5583 = CARTESIAN_POINT ( 'NONE',  ( -7.913261531631000878, 6.551643992949719860E-17, -1.070000000000000062 ) ) ;
#5584 = ORIENTED_EDGE ( 'NONE', *, *, #3250, .F. ) ;
#5585 = ORIENTED_EDGE ( 'NONE', *, *, #9087, .F. ) ;
#5586 = ADVANCED_FACE ( 'NONE', ( #7258 ), #305, .T. ) ;
#5587 = ADVANCED_FACE ( 'NONE', ( #4590 ), #7454, .F. ) ;
#5588 = CARTESIAN_POINT ( 'NONE',  ( 8.419966462094988557, 3.330000000000003624, -0.02970875781403027605 ) ) ;
#5589 = CARTESIAN_POINT ( 'NONE',  ( 1.655000000000000249, -0.6699999999999979305, 2.710505431213761085E-17 ) ) ;
#5590 = LINE ( 'NONE', #4899, #7285 ) ;
#5591 = DIRECTION ( 'NONE',  ( 0.000000000000000000, 1.000000000000000000, 0.000000000000000000 ) ) ;
#5592 = DIRECTION ( 'NONE',  ( 1.000000000000000000, 0.000000000000000000, 0.000000000000000000 ) ) ;
#5593 = CARTESIAN_POINT ( 'NONE',  ( -0.8940105013636556741, -0.6699999999999971534, 0.09679229181999564335 ) ) ;
#5594 = ORIENTED_EDGE ( 'NONE', *, *, #6911, .T. ) ;
#5595 = AXIS2_PLACEMENT_3D ( 'NONE', #331, #1161, #2540 ) ;
#5596 = LINE ( 'NONE', #1584, #4005 ) ;
#5597 = CARTESIAN_POINT ( 'NONE',  ( 3.810000000000000053, -0.6699999999999979305, -0.2971320343559630262 ) ) ;
#5598 = EDGE_CURVE ( 'NONE', #2017, #8457, #7489, .T. ) ;
#5599 = CARTESIAN_POINT ( 'NONE',  ( 3.810000000000000053, -4.400000000000000355, 0.2349999999999989875 ) ) ;
#5600 = CARTESIAN_POINT ( 'NONE',  ( 1.270000000000000018, -0.4200000000000000400, 0.6649999999090686620 ) ) ;
#5601 = CARTESIAN_POINT ( 'NONE',  ( -8.990000000000000213, 7.776250346772101309E-17, -1.270000000000000018 ) ) ;
#5602 = CARTESIAN_POINT ( 'NONE',  ( -6.013358834856835422, -0.6699999999999943778, -0.1888975254402278925 ) ) ;
#5603 = EDGE_LOOP ( 'NONE', ( #5252, #3839, #1962 ) ) ;
#5604 = CARTESIAN_POINT ( 'NONE',  ( -8.636224911733098253, -0.6699999999999882716, 0.2905236054765756859 ) ) ;
#5605 = LINE ( 'NONE', #8346, #5133 ) ;
#5606 = FACE_OUTER_BOUND ( 'NONE', #5041, .T. ) ;
#5607 = CARTESIAN_POINT ( 'NONE',  ( 8.514078458646395120, -0.6699999999999415312, -0.09654514245891490654 ) ) ;
#5608 = EDGE_LOOP ( 'NONE', ( #2727, #3918, #7646 ) ) ;
#5609 = CARTESIAN_POINT ( 'NONE',  ( -0.2000000000000012323, 6.551643992949719860E-17, -0.8699999999999998845 ) ) ;
#5610 = DIRECTION ( 'NONE',  ( 0.000000000000000000, 1.000000000000000000, 0.000000000000000000 ) ) ;
#5611 = DIRECTION ( 'NONE',  ( 0.000000000000000000, 0.000000000000000000, 1.000000000000000000 ) ) ;
#5612 = PRESENTATION_STYLE_ASSIGNMENT (( #4193 ) ) ;
#5613 = DIRECTION ( 'NONE',  ( -0.000000000000000000, -1.000000000000000000, -0.000000000000000000 ) ) ;
#5614 = ORIENTED_EDGE ( 'NONE', *, *, #8804, .T. ) ;
#5615 = CARTESIAN_POINT ( 'NONE',  ( -3.810000000000000053, -2.609999999999999876, 0.000000000000000000 ) ) ;
#5616 = DIRECTION ( 'NONE',  ( 0.000000000000000000, -1.000000000000000000, -6.123031769111889989E-17 ) ) ;
#5617 = CARTESIAN_POINT ( 'NONE',  ( -1.579547256861593807, 3.330000000000003180, -0.3551854049471021568 ) ) ;
#5618 = MECHANICAL_DESIGN_GEOMETRIC_PRESENTATION_REPRESENTATION (  '', ( #1210 ), #8099 ) ;
#5619 = VECTOR ( 'NONE', #8796, 1000.000000000000000 ) ;
#5620 = EDGE_LOOP ( 'NONE', ( #6755, #1965, #5847, #5108 ) ) ;
#5621 = CARTESIAN_POINT ( 'NONE',  ( 9.359999999999999432, 3.330000000000000071, 2.710505431213761085E-17 ) ) ;
#5622 = DIRECTION ( 'NONE',  ( 0.000000000000000000, 0.000000000000000000, 1.000000000000000000 ) ) ;
#5623 = ORIENTED_EDGE ( 'NONE', *, *, #3136, .F. ) ;
#5624 = MECHANICAL_DESIGN_GEOMETRIC_PRESENTATION_REPRESENTATION (  '', ( #1496 ), #7960 ) ;
#5625 = ORIENTED_EDGE ( 'NONE', *, *, #8814, .F. ) ;
#5626 = EDGE_CURVE ( 'NONE', #7150, #7078, #3388, .T. ) ;
#5627 = AXIS2_PLACEMENT_3D ( 'NONE', #6326, #2761, #1290 ) ;
#5628 = DIRECTION ( 'NONE',  ( 0.000000000000000000, 0.000000000000000000, -1.000000000000000000 ) ) ;
#5629 = CARTESIAN_POINT ( 'NONE',  ( -6.540840355226886338, -0.6699999999999552980, -0.3385969398818257647 ) ) ;
#5630 = EDGE_CURVE ( 'NONE', #8383, #4653, #1137, .T. ) ;
#5631 = CARTESIAN_POINT ( 'NONE',  ( -3.749506152579261009, 3.330000000000002736, 0.4700000000000000844 ) ) ;
#5632 = CARTESIAN_POINT ( 'NONE',  ( 5.466523063261999660, 7.776250346772098844E-17, -1.269999999999999796 ) ) ;
#5633 = VECTOR ( 'NONE', #8750, 1000.000000000000000 ) ;
#5634 = CARTESIAN_POINT ( 'NONE',  ( 8.890000000000000568, -4.629945645751342376, -1.355252715606880543E-17 ) ) ;
#5635 =( GEOMETRIC_REPRESENTATION_CONTEXT ( 3 ) GLOBAL_UNCERTAINTY_ASSIGNED_CONTEXT ( ( #7371 ) ) GLOBAL_UNIT_ASSIGNED_CONTEXT ( ( #4367, #7853, #7171 ) ) REPRESENTATION_CONTEXT ( 'NONE', 'WORKASPACE' ) );
#5636 = ADVANCED_FACE ( 'NONE', ( #6194 ), #2734, .F. ) ;
#5637 = CARTESIAN_POINT ( 'NONE',  ( -6.349999999999999645, -4.400000000000000355, -0.2349999999999989875 ) ) ;
#5638 = EDGE_CURVE ( 'NONE', #4818, #3075, #1126, .T. ) ;
#5639 = EDGE_LOOP ( 'NONE', ( #4051, #88, #2438 ) ) ;
#5640 = SURFACE_SIDE_STYLE ('',( #4214 ) ) ;
#5641 = CARTESIAN_POINT ( 'NONE',  ( -8.890000000000000568, 7.490000000000000213, 0.000000000000000000 ) ) ;
#5642 = UNCERTAINTY_MEASURE_WITH_UNIT (LENGTH_MEASURE( 1.000000000000000082E-05 ), #2526, 'distance_accuracy_value', 'NONE');
#5643 = EDGE_CURVE ( 'NONE', #3728, #4826, #2865, .T. ) ;
#5644 = CARTESIAN_POINT ( 'NONE',  ( -6.076645510769785652, 3.330000000000002292, 0.3848621835879829645 ) ) ;
#5645 = CARTESIAN_POINT ( 'NONE',  ( -6.096051383962958425, -0.6699999999999883826, -0.2906971332467643832 ) ) ;
#5646 = CARTESIAN_POINT ( 'NONE',  ( 8.890000000000000568, -4.629945645751342376, -1.355252715606880543E-17 ) ) ;
#5647 = EDGE_LOOP ( 'NONE', ( #1357, #5122, #9077, #879 ) ) ;
#5648 = DIRECTION ( 'NONE',  ( 0.000000000000000000, 0.000000000000000000, 1.000000000000000000 ) ) ;
#5649 = CARTESIAN_POINT ( 'NONE',  ( -7.820000000000000284, -5.939340816038530984E-17, 0.8700000000000001066 ) ) ;
#5650 = ADVANCED_FACE ( 'NONE', ( #5692 ), #2178, .T. ) ;
#5651 = CARTESIAN_POINT ( 'NONE',  ( -7.820000000000000284, 2.799999999999999822, -0.8699999999999999956 ) ) ;
#5652 = COLOUR_RGB ( '',0.000000000000000000, 0.000000000000000000, 0.000000000000000000 ) ;
#5653 = ORIENTED_EDGE ( 'NONE', *, *, #8710, .F. ) ;
#5654 = FACE_BOUND ( 'NONE', #6297, .T. ) ;
#5655 = CARTESIAN_POINT ( 'NONE',  ( 8.890000000000000568, 3.330000000000000071, 0.3821320343559643784 ) ) ;
#5656 = CIRCLE ( 'NONE', #212, 0.2349999999999980160 ) ;
#5657 = DIRECTION ( 'NONE',  ( 0.4226182617407031605, 0.000000000000000000, -0.9063077870366482713 ) ) ;
#5658 = ORIENTED_EDGE ( 'NONE', *, *, #110, .T. ) ;
#5659 = CARTESIAN_POINT ( 'NONE',  ( -1.270000000000000018, 7.490000000000000213, 0.000000000000000000 ) ) ;
#5660 = CARTESIAN_POINT ( 'NONE',  ( -1.270000000000000018, -4.629945645751342376, -1.355252715606880543E-17 ) ) ;
#5661 = ORIENTED_EDGE ( 'NONE', *, *, #2270, .F. ) ;
#5662 = FACE_OUTER_BOUND ( 'NONE', #2802, .T. ) ;
#5663 = VERTEX_POINT ( 'NONE', #2096 ) ;
#5664 = PLANE ( 'NONE',  #7968 ) ;
#5665 = SURFACE_STYLE_USAGE ( .BOTH. , #2838 ) ;
#5666 = AXIS2_PLACEMENT_3D ( 'NONE', #1261, #1953, #391 ) ;
#5667 = FACE_OUTER_BOUND ( 'NONE', #2850, .T. ) ;
#5668 = DIRECTION ( 'NONE',  ( 0.4226182617407002184, 0.000000000000000000, -0.9063077870366496036 ) ) ;
#5669 = ORIENTED_EDGE ( 'NONE', *, *, #7856, .T. ) ;
#5670 = CARTESIAN_POINT ( 'NONE',  ( -1.270000000000000018, -0.8199999999999999512, -0.2349999999999980438 ) ) ;
#5671 = CARTESIAN_POINT ( 'NONE',  ( 3.810000000000000053, -0.6699999999999979305, 0.3849999999999999534 ) ) ;
#5672 = VECTOR ( 'NONE', #5982, 999.9999999999998863 ) ;
#5673 = ORIENTED_EDGE ( 'NONE', *, *, #1082, .T. ) ;
#5674 = CARTESIAN_POINT ( 'NONE',  ( -1.427995517376546397, 3.330000000000003180, 0.4429233660638317027 ) ) ;
#5675 = ORIENTED_EDGE ( 'NONE', *, *, #7031, .F. ) ;
#5676 = LINE ( 'NONE', #3512, #2245 ) ;
#5677 = MECHANICAL_DESIGN_GEOMETRIC_PRESENTATION_REPRESENTATION (  '', ( #5244 ), #1263 ) ;
#5678 = ORIENTED_EDGE ( 'NONE', *, *, #4682, .F. ) ;
#5679 = ORIENTED_EDGE ( 'NONE', *, *, #8439, .F. ) ;
#5680 = EDGE_CURVE ( 'NONE', #5663, #4889, #6385, .T. ) ;
#5681 = DIRECTION ( 'NONE',  ( 0.000000000000000000, 0.000000000000000000, -1.000000000000000000 ) ) ;
#5682 = CARTESIAN_POINT ( 'NONE',  ( 1.617330520227662216, -0.6699999999999952660, 0.1665022951688718555 ) ) ;
#5683 = CARTESIAN_POINT ( 'NONE',  ( -6.349999999999999645, -0.6699999999999979305, 0.3849999999999999534 ) ) ;
#5684 = CARTESIAN_POINT ( 'NONE',  ( -8.890000000000000568, -0.6700000000137151801, -1.018987004250693248E-17 ) ) ;
#5685 =( GEOMETRIC_REPRESENTATION_CONTEXT ( 3 ) GLOBAL_UNCERTAINTY_ASSIGNED_CONTEXT ( ( #8185 ) ) GLOBAL_UNIT_ASSIGNED_CONTEXT ( ( #6710, #8855, #4087 ) ) REPRESENTATION_CONTEXT ( 'NONE', 'WORKASPACE' ) );
#5686 = CARTESIAN_POINT ( 'NONE',  ( 4.266250208958058288, 3.330000000000000515, 0.1163527268167922901 ) ) ;
#5687 = MECHANICAL_DESIGN_GEOMETRIC_PRESENTATION_REPRESENTATION (  '', ( #4957 ), #1867 ) ;
#5688 = CARTESIAN_POINT ( 'NONE',  ( -1.270000000000000018, -0.2100000000000000200, 0.000000000000000000 ) ) ;
#5689 = EDGE_CURVE ( 'NONE', #6370, #5715, #827, .T. ) ;
#5690 = VERTEX_POINT ( 'NONE', #3436 ) ;
#5691 = CARTESIAN_POINT ( 'NONE',  ( -8.890000000000000568, 3.329999999999999183, -0.4700000000000004730 ) ) ;
#5692 = FACE_OUTER_BOUND ( 'NONE', #3745, .T. ) ;
#5693 = CARTESIAN_POINT ( 'NONE',  ( -6.349999999999999645, 3.330000000000000515, -0.4700000000000001954 ) ) ;
#5694 = CARTESIAN_POINT ( 'NONE',  ( 9.530000000000001137, 7.361853603950959446, 0.3200000000000007838 ) ) ;
#5695 = ORIENTED_EDGE ( 'NONE', *, *, #5186, .T. ) ;
#5696 = FILL_AREA_STYLE ('',( #5018 ) ) ;
#5697 = FACE_OUTER_BOUND ( 'NONE', #4315, .T. ) ;
#5698 = DIRECTION ( 'NONE',  ( 0.000000000000000000, 0.000000000000000000, 1.000000000000000000 ) ) ;
#5699 = CARTESIAN_POINT ( 'NONE',  ( 1.270000000000000018, 3.479999999999999982, 0.4700000000000009726 ) ) ;
#5700 = CARTESIAN_POINT ( 'NONE',  ( 6.349999999999999645, -0.2100000000000000200, 0.000000000000000000 ) ) ;
#5701 = EDGE_CURVE ( 'NONE', #7127, #2713, #678, .T. ) ;
#5702 =( GEOMETRIC_REPRESENTATION_CONTEXT ( 3 ) GLOBAL_UNCERTAINTY_ASSIGNED_CONTEXT ( ( #269 ) ) GLOBAL_UNIT_ASSIGNED_CONTEXT ( ( #7765, #1416, #5756 ) ) REPRESENTATION_CONTEXT ( 'NONE', 'WORKASPACE' ) );
#5703 = ORIENTED_EDGE ( 'NONE', *, *, #8541, .T. ) ;
#5704 = DIRECTION ( 'NONE',  ( 0.000000000000000000, 0.000000000000000000, 1.000000000000000000 ) ) ;
#5705 = SURFACE_SIDE_STYLE ('',( #6354 ) ) ;
#5706 = DIRECTION ( 'NONE',  ( 0.000000000000000000, -1.000000000000000000, -6.123031769111889989E-17 ) ) ;
#5707 = CONICAL_SURFACE ( 'NONE', #8041, 0.6649999999927059813, 0.7853981633974482790 ) ;
#5708 = CARTESIAN_POINT ( 'NONE',  ( -0.2000000000000012046, 5.327037639127341492E-17, -0.8700000000000001066 ) ) ;
#5709 = LINE ( 'NONE', #7083, #7629 ) ;
#5710 = EDGE_LOOP ( 'NONE', ( #189, #7203 ) ) ;
#5711 = DIRECTION ( 'NONE',  ( -1.000000000000000000, -0.000000000000000000, -0.000000000000000000 ) ) ;
#5712 = DIRECTION ( 'NONE',  ( 0.4226182617406985531, 0.000000000000000000, -0.9063077870366503808 ) ) ;
#5713 = CARTESIAN_POINT ( 'NONE',  ( 1.270000000000000018, 3.330000000000000071, 0.3821320343559643784 ) ) ;
#5714 = AXIS2_PLACEMENT_3D ( 'NONE', #8136, #4148, #7603 ) ;
#5715 = VERTEX_POINT ( 'NONE', #1485 ) ;
#5716 = ORIENTED_EDGE ( 'NONE', *, *, #2163, .T. ) ;
#5717 = STYLED_ITEM ( 'NONE', ( #9009 ), #5015 ) ;
#5718 = ORIENTED_EDGE ( 'NONE', *, *, #2880, .F. ) ;
#5719 = CARTESIAN_POINT ( 'NONE',  ( -5.880000000000005222, -0.8199999999999998401, 0.2349999999999980715 ) ) ;
#5720 = CYLINDRICAL_SURFACE ( 'NONE', #3447, 0.9150000000000000355 ) ;
#5721 = CARTESIAN_POINT ( 'NONE',  ( -3.340000000000000302, 3.330000000000000071, 2.710505431213761085E-17 ) ) ;
#5722 = VERTEX_POINT ( 'NONE', #3528 ) ;
#5723 = DIRECTION ( 'NONE',  ( 0.000000000000000000, 0.000000000000000000, 1.000000000000000000 ) ) ;
#5724 =( NAMED_UNIT ( * ) SI_UNIT ( $, .STERADIAN. ) SOLID_ANGLE_UNIT ( ) );
#5725 = CARTESIAN_POINT ( 'NONE',  ( 0.9224639976352614346, -0.6699999999999436406, -0.1661906727832816455 ) ) ;
#5726 = EDGE_CURVE ( 'NONE', #8858, #3542, #4218, .T. ) ;
#5727 = EDGE_LOOP ( 'NONE', ( #4990, #3631, #6948 ) ) ;
#5728 = SURFACE_STYLE_USAGE ( .BOTH. , #5640 ) ;
#5729 = CARTESIAN_POINT ( 'NONE',  ( 6.944264068711927251, -0.6699999999999974865, 0.2971320343559635258 ) ) ;
#5730 = DIRECTION ( 'NONE',  ( 1.000000000000000000, -0.000000000000000000, 0.000000000000000000 ) ) ;
#5731 = CIRCLE ( 'NONE', #1762, 0.3200000000000000067 ) ;
#5732 = CARTESIAN_POINT ( 'NONE',  ( -8.990000000000000213, -7.776250346772101309E-17, 1.270000000000000018 ) ) ;
#5733 = DIRECTION ( 'NONE',  ( 0.000000000000000000, 1.000000000000000000, 0.000000000000000000 ) ) ;
#5734 = CARTESIAN_POINT ( 'NONE',  ( -6.536852539726434763, 3.330000000000002736, -0.4315005850825661682 ) ) ;
#5735 = VERTEX_POINT ( 'NONE', #2775 ) ;
#5736 = CARTESIAN_POINT ( 'NONE',  ( -8.890000000000000568, -4.629945645751342376, -1.355252715606880543E-17 ) ) ;
#5737 = CARTESIAN_POINT ( 'NONE',  ( 1.270000000000000018, 7.489960314960471877, -2.117582368135750848E-17 ) ) ;
#5738 = CARTESIAN_POINT ( 'NONE',  ( 3.810000000000000053, 3.479999999999999982, 0.000000000000000000 ) ) ;
#5739 = CIRCLE ( 'NONE', #2787, 0.3199999999999999512 ) ;
#5740 = VERTEX_POINT ( 'NONE', #5600 ) ;
#5741 = CARTESIAN_POINT ( 'NONE',  ( -3.809999999999999609, 7.489960314960472765, -2.117582368135750848E-17 ) ) ;
#5742 = B_SPLINE_CURVE_WITH_KNOTS ( 'NONE', 3,
 ( #8972, #7609, #6044, #6138, #2547, #3287, #8194, #4626, #4670, #7477, #6742, #2674, #6877, #8285, #4811, #601, #6790 ),
 .UNSPECIFIED., .F., .F.,
 ( 4, 2, 2, 2, 2, 1, 2, 2, 4 ),
 ( 0.000000000000000000, 0.1249999999999998335, 0.2499999999999996669, 0.3749999999999995004, 0.4999999999999993339, 0.6249999999999991118, 0.6874999999999991118, 0.7499999999999990008, 1.000000000000000000 ),
 .UNSPECIFIED. ) ;
#5743 = CARTESIAN_POINT ( 'NONE',  ( -1.117052493978345273, -0.6699999999999806111, -0.3534632452272083447 ) ) ;
#5744 = CARTESIAN_POINT ( 'NONE',  ( 9.529999999999999361, 3.392132034355963555, 0.3199999999999998956 ) ) ;
#5745 = EDGE_CURVE ( 'NONE', #9033, #9006, #4213, .T. ) ;
#5746 = ORIENTED_EDGE ( 'NONE', *, *, #8845, .F. ) ;
#5747 = EDGE_CURVE ( 'NONE', #2778, #2964, #8601, .T. ) ;
#5748 = CARTESIAN_POINT ( 'NONE',  ( -3.425000000000000266, -0.6699999999999979305, 2.710505431213761085E-17 ) ) ;
#5749 = ORIENTED_EDGE ( 'NONE', *, *, #3329, .T. ) ;
#5750 = CARTESIAN_POINT ( 'NONE',  ( 6.349999999999999645, -4.629945645751342376, 1.355252715606880543E-17 ) ) ;
#5751 = ORIENTED_EDGE ( 'NONE', *, *, #2767, .F. ) ;
#5752 =( NAMED_UNIT ( * ) SI_UNIT ( $, .STERADIAN. ) SOLID_ANGLE_UNIT ( ) );
#5753 = CARTESIAN_POINT ( 'NONE',  ( 1.493918039050295077, -0.6699999999999860512, -0.3152594482582357083 ) ) ;
#5754 = EDGE_CURVE ( 'NONE', #683, #6637, #2590, .T. ) ;
#5755 = AXIS2_PLACEMENT_3D ( 'NONE', #4284, #3647, #7767 ) ;
#5756 =( NAMED_UNIT ( * ) SI_UNIT ( $, .STERADIAN. ) SOLID_ANGLE_UNIT ( ) );
#5757 = CARTESIAN_POINT ( 'NONE',  ( -7.420000000000000817, 5.939340816038532217E-17, -0.8700000000000001066 ) ) ;
#5758 = VERTEX_POINT ( 'NONE', #1348 ) ;
#5759 = CARTESIAN_POINT ( 'NONE',  ( 6.349999999999999645, -0.4200000000000000400, 0.000000000000000000 ) ) ;
#5760 = CARTESIAN_POINT ( 'NONE',  ( 3.810000000000000053, 7.174999999999999822, 0.005000000000000779862 ) ) ;
#5761 = VERTEX_POINT ( 'NONE', #804 ) ;
#5762 = CARTESIAN_POINT ( 'NONE',  ( 1.270000000000000018, -0.7321320343559629684, -0.2349999999999980993 ) ) ;
#5763 = ORIENTED_EDGE ( 'NONE', *, *, #6119, .T. ) ;
#5764 = DIRECTION ( 'NONE',  ( 0.000000000000000000, 1.000000000000000000, 0.000000000000000000 ) ) ;
#5765 = EDGE_CURVE ( 'NONE', #6803, #1656, #3623, .T. ) ;
#5766 = ORIENTED_EDGE ( 'NONE', *, *, #5024, .T. ) ;
#5767 = EDGE_LOOP ( 'NONE', ( #833, #5552, #7752 ) ) ;
#5768 = CARTESIAN_POINT ( 'NONE',  ( 1.270000000000000018, 3.330000000000000515, 0.4700000000000000844 ) ) ;
#5769 = CARTESIAN_POINT ( 'NONE',  ( 1.270000000000000018, -0.8199999999999999512, -0.3850000000000000089 ) ) ;
#5770 = CIRCLE ( 'NONE', #4445, 0.2300000000000030076 ) ;
#5771 = ORIENTED_EDGE ( 'NONE', *, *, #1941, .F. ) ;
#5772 = DIRECTION ( 'NONE',  ( 0.000000000000000000, 1.000000000000000000, 4.075948017099156388E-17 ) ) ;
#5773 = ORIENTED_EDGE ( 'NONE', *, *, #6277, .T. ) ;
#5774 = LINE ( 'NONE', #7291, #7961 ) ;
#5775 = DIRECTION ( 'NONE',  ( -0.000000000000000000, -1.000000000000000000, -6.123031769111889989E-17 ) ) ;
#5776 = VECTOR ( 'NONE', #4510, 1000.000000000000114 ) ;
#5777 = CIRCLE ( 'NONE', #922, 0.2349999999999989875 ) ;
#5778 = ORIENTED_EDGE ( 'NONE', *, *, #2246, .T. ) ;
#5779 = AXIS2_PLACEMENT_3D ( 'NONE', #8096, #3228, #2542 ) ;
#5780 = FILL_AREA_STYLE_COLOUR ( '', #8831 ) ;
#5781 = CIRCLE ( 'NONE', #5349, 0.2349999999999989875 ) ;
#5782 = MECHANICAL_DESIGN_GEOMETRIC_PRESENTATION_REPRESENTATION (  '', ( #6819 ), #777 ) ;
#5783 = AXIS2_PLACEMENT_3D ( 'NONE', #4437, #5277, #7296 ) ;
#5784 = VECTOR ( 'NONE', #7821, 1000.000000000000000 ) ;
#5785 = ORIENTED_EDGE ( 'NONE', *, *, #7308, .F. ) ;
#5786 = CARTESIAN_POINT ( 'NONE',  ( 6.817250041791612425, 3.330000000000000515, 0.05868455565209769464 ) ) ;
#5787 = PRESENTATION_STYLE_ASSIGNMENT (( #5150 ) ) ;
#5788 = CARTESIAN_POINT ( 'NONE',  ( 8.890000000000000568, -0.6700000000137151801, 0.4149999999834650399 ) ) ;
#5789 = FACE_OUTER_BOUND ( 'NONE', #6427, .T. ) ;
#5790 = PRESENTATION_LAYER_ASSIGNMENT (  '', '', ( #793 ) ) ;
#5791 = FACE_OUTER_BOUND ( 'NONE', #2154, .T. ) ;
#5792 = ORIENTED_EDGE ( 'NONE', *, *, #1226, .F. ) ;
#5793 = EDGE_LOOP ( 'NONE', ( #4318, #2198, #1999, #1697 ) ) ;
#5794 = PLANE ( 'NONE',  #8865 ) ;
#5795 = CIRCLE ( 'NONE', #7272, 0.9150000000000000355 ) ;
#5796 = LINE ( 'NONE', #2341, #2898 ) ;
#5797 = EDGE_CURVE ( 'NONE', #7369, #2144, #4171, .T. ) ;
#5798 =( GEOMETRIC_REPRESENTATION_CONTEXT ( 3 ) GLOBAL_UNCERTAINTY_ASSIGNED_CONTEXT ( ( #5345 ) ) GLOBAL_UNIT_ASSIGNED_CONTEXT ( ( #4345, #7154, #1629 ) ) REPRESENTATION_CONTEXT ( 'NONE', 'WORKASPACE' ) );
#5799 =( NAMED_UNIT ( * ) SI_UNIT ( $, .STERADIAN. ) SOLID_ANGLE_UNIT ( ) );
#5800 = CARTESIAN_POINT ( 'NONE',  ( 3.785610706135179360, -0.6699999999999677325, -0.3850000000000000644 ) ) ;
#5801 = DIRECTION ( 'NONE',  ( -0.000000000000000000, -1.000000000000000000, -0.000000000000000000 ) ) ;
#5802 = DIRECTION ( 'NONE',  ( 0.000000000000000000, 1.000000000000000000, 0.000000000000000000 ) ) ;
#5803 = ORIENTED_EDGE ( 'NONE', *, *, #5311, .F. ) ;
#5804 = CARTESIAN_POINT ( 'NONE',  ( -4.693476936737999594, -7.776250346772100076E-17, 1.270000000000000018 ) ) ;
#5805 = PRESENTATION_LAYER_ASSIGNMENT (  '', '', ( #2127 ) ) ;
#5806 = CARTESIAN_POINT ( 'NONE',  ( -2.594266901142090020, -5.327037639127340260E-17, 0.8699999999999999956 ) ) ;
#5807 = ORIENTED_EDGE ( 'NONE', *, *, #4895, .T. ) ;
#5808 = EDGE_LOOP ( 'NONE', ( #7368, #4422, #8284 ) ) ;
#5809 = UNCERTAINTY_MEASURE_WITH_UNIT (LENGTH_MEASURE( 1.000000000000000082E-05 ), #6445, 'distance_accuracy_value', 'NONE');
#5810 = AXIS2_PLACEMENT_3D ( 'NONE', #7735, #1428, #4248 ) ;
#5811 = DIRECTION ( 'NONE',  ( 0.000000000000000000, 0.000000000000000000, 1.000000000000000000 ) ) ;
#5812 = ORIENTED_EDGE ( 'NONE', *, *, #2863, .T. ) ;
#5813 = FACE_OUTER_BOUND ( 'NONE', #1114, .T. ) ;
#5814 = CARTESIAN_POINT ( 'NONE',  ( 6.819999999999994955, -4.537064994640259030, -0.2349999999999976275 ) ) ;
#5815 = CIRCLE ( 'NONE', #8748, 0.4149999999777717052 ) ;
#5816 = CARTESIAN_POINT ( 'NONE',  ( 0.8000000000000051514, -4.537064994640259030, 0.2349999999999976275 ) ) ;
#5817 = ORIENTED_EDGE ( 'NONE', *, *, #3654, .T. ) ;
#5818 = CARTESIAN_POINT ( 'NONE',  ( 1.270000000000000018, -0.4200000000000000400, 0.000000000000000000 ) ) ;
#5819 = CARTESIAN_POINT ( 'NONE',  ( 6.349999999999999645, 3.330000000000000515, -0.4700000000000001954 ) ) ;
#5820 = CARTESIAN_POINT ( 'NONE',  ( 8.890000000000000568, 2.799999999999999822, -0.9150000000000000355 ) ) ;
#5821 = CARTESIAN_POINT ( 'NONE',  ( 6.014549164314234808, -0.6699999999999446398, -0.1894987673825476726 ) ) ;
#5822 = AXIS2_PLACEMENT_3D ( 'NONE', #2463, #2283, #4360 ) ;
#5823 = DIRECTION ( 'NONE',  ( 0.000000000000000000, 0.000000000000000000, 1.000000000000000000 ) ) ;
#5824 = CARTESIAN_POINT ( 'NONE',  ( -8.860488324759398182, 3.330000000000002292, -0.4700000000000000289 ) ) ;
#5825 = DIRECTION ( 'NONE',  ( 0.000000000000000000, 0.000000000000000000, 1.000000000000000000 ) ) ;
#5826 = CARTESIAN_POINT ( 'NONE',  ( 8.890000000000000568, -4.629945645751342376, -1.355252715606880543E-17 ) ) ;
#5827 = ORIENTED_EDGE ( 'NONE', *, *, #2136, .F. ) ;
#5828 = CARTESIAN_POINT ( 'NONE',  ( -8.579984806396341313, 3.330000000000000959, 0.3548770198077371707 ) ) ;
#5829 = STYLED_ITEM ( 'NONE', ( #120 ), #5856 ) ;
#5830 = EDGE_LOOP ( 'NONE', ( #6533, #6270 ) ) ;
#5831 = AXIS2_PLACEMENT_3D ( 'NONE', #2915, #7666, #8343 ) ;
#5832 = CARTESIAN_POINT ( 'NONE',  ( -8.990000000000000213, 2.799999999999999822, -0.8699999999999999956 ) ) ;
#5833 = CARTESIAN_POINT ( 'NONE',  ( 6.349999999999999645, 7.174999999999999822, 0.005000000000000779862 ) ) ;
#5834 = CARTESIAN_POINT ( 'NONE',  ( -1.270000000000000018, -0.8199999999999999512, -0.2349999999999980438 ) ) ;
#5835 = ORIENTED_EDGE ( 'NONE', *, *, #3628, .F. ) ;
#5836 = CARTESIAN_POINT ( 'NONE',  ( 3.905310212392461011, -0.6699999999999765032, 0.3737368732954315376 ) ) ;
#5837 = CARTESIAN_POINT ( 'NONE',  ( 6.467513513207365783, -0.6699999999999779465, 0.3674238061333688909 ) ) ;
#5838 = ORIENTED_EDGE ( 'NONE', *, *, #5480, .F. ) ;
#5839 = CARTESIAN_POINT ( 'NONE',  ( 1.459988459702863395, -0.6699999999999834976, -0.3351279351845768417 ) ) ;
#5840 = EDGE_CURVE ( 'NONE', #7757, #6845, #7005, .T. ) ;
#5841 = CARTESIAN_POINT ( 'NONE',  ( 8.890000000000000568, -0.4200000000196268957, -0.6649999999775533244 ) ) ;
#5842 = CARTESIAN_POINT ( 'NONE',  ( -1.270000000000000018, 7.361853603950962111, -0.3200000000000008948 ) ) ;
#5843 = CARTESIAN_POINT ( 'NONE',  ( 5.880000000000005222, -0.8199999999999998401, -0.2349999999999980715 ) ) ;
#5844 = EDGE_LOOP ( 'NONE', ( #1392, #7450, #8720, #6372, #1010 ) ) ;
#5845 = CARTESIAN_POINT ( 'NONE',  ( 6.349999999999999645, 7.489960314960472765, 2.117582368135750848E-17 ) ) ;
#5846 = EDGE_CURVE ( 'NONE', #7076, #8552, #4912, .T. ) ;
#5847 = ORIENTED_EDGE ( 'NONE', *, *, #4850, .F. ) ;
#5848 = EDGE_LOOP ( 'NONE', ( #940, #1891, #1779, #3365 ) ) ;
#5849 = SURFACE_STYLE_FILL_AREA ( #3036 ) ;
#5850 = DIRECTION ( 'NONE',  ( -1.000000000000000000, 3.492836481966780137E-15, 0.000000000000000000 ) ) ;
#5851 = AXIS2_PLACEMENT_3D ( 'NONE', #5699, #5523, #3585 ) ;
#5852 = CARTESIAN_POINT ( 'NONE',  ( -6.349999999999999645, -0.4200000000000000400, 0.000000000000000000 ) ) ;
#5853 = FILL_AREA_STYLE_COLOUR ( '', #4493 ) ;
#5854 = EDGE_LOOP ( 'NONE', ( #8807, #460, #1524, #4550 ) ) ;
#5855 = LINE ( 'NONE', #113, #5473 ) ;
#5856 = ADVANCED_FACE ( 'NONE', ( #7661 ), #1306, .T. ) ;
#5857 = DIRECTION ( 'NONE',  ( 0.000000000000000000, 0.000000000000000000, 1.000000000000000000 ) ) ;
#5858 =( BOUNDED_SURFACE ( )  B_SPLINE_SURFACE ( 3, 3, ( 
 ( #3001, #3711, #5139, #243 ),
 ( #6509, #1027, #5816, #8604 ),
 ( #2313, #7916, #4433, #7239 ),
 ( #8695, #939, #984, #3044 ) ),
 .UNSPECIFIED., .F., .F., .F. ) 
 B_SPLINE_SURFACE_WITH_KNOTS ( ( 4, 4 ),
 ( 4, 4 ),
 ( 0.000000000000000000, 1.000000000000000000 ),
 ( 0.000000000000000000, 1.000000000000000000 ),
 .UNSPECIFIED. ) 
 GEOMETRIC_REPRESENTATION_ITEM ( )  RATIONAL_B_SPLINE_SURFACE ( (
 ( 1.000000000000000000, 0.3333333333333334259, 0.3333333333333334259, 1.000000000000000000),
 ( 0.7995857374534958151, 0.2665285791511653457, 0.2665285791511653457, 0.7995857374534958151),
 ( 0.7995857374534958151, 0.2665285791511653457, 0.2665285791511653457, 0.7995857374534958151),
 ( 1.000000000000000000, 0.3333333333333334259, 0.3333333333333334259, 1.000000000000000000) ) ) 
 REPRESENTATION_ITEM ( '' )  SURFACE ( )  );
#5859 = CARTESIAN_POINT ( 'NONE',  ( -3.785825542622044182, -0.6699999999999712852, 0.3850000000000001199 ) ) ;
#5860 = EDGE_CURVE ( 'NONE', #2268, #7933, #7298, .T. ) ;
#5861 = EDGE_CURVE ( 'NONE', #763, #5722, #962, .T. ) ;
#5862 = VERTEX_POINT ( 'NONE', #2225 ) ;
#5863 =( NAMED_UNIT ( * ) PLANE_ANGLE_UNIT ( ) SI_UNIT ( $, .RADIAN. ) );
#5864 = CARTESIAN_POINT ( 'NONE',  ( 1.270000000000000240, 2.799999999999999822, -0.9150000000000000355 ) ) ;
#5865 = CARTESIAN_POINT ( 'NONE',  ( 9.346250208958055694, 3.330000000000000071, 0.1163527268168374068 ) ) ;
#5866 = CARTESIAN_POINT ( 'NONE',  ( -3.810000000000000053, 7.361853603950962111, 0.3200000000000008948 ) ) ;
#5867 = CIRCLE ( 'NONE', #3671, 0.3199999999999999512 ) ;
#5868 = FACE_OUTER_BOUND ( 'NONE', #912, .T. ) ;
#5869 = CARTESIAN_POINT ( 'NONE',  ( -6.409944237399963107, 3.330000000000002292, -0.4699999999999998068 ) ) ;
#5870 = CARTESIAN_POINT ( 'NONE',  ( -8.516339873321310705, 7.492926245181915412, 0.1868300633393451260 ) ) ;
#5871 = CARTESIAN_POINT ( 'NONE',  ( -8.890000000000000568, 2.799999999999999822, 0.000000000000000000 ) ) ;
#5872 = CARTESIAN_POINT ( 'NONE',  ( -5.709999999999998188, 7.175000000000000711, 0.3200000000000007838 ) ) ;
#5873 = EDGE_CURVE ( 'NONE', #3441, #8169, #202, .T. ) ;
#5874 = ORIENTED_EDGE ( 'NONE', *, *, #7283, .F. ) ;
#5875 = FACE_OUTER_BOUND ( 'NONE', #6505, .T. ) ;
#5876 = CARTESIAN_POINT ( 'NONE',  ( -8.890000000000002345, 7.492926245181917189, 0.1868300633393450705 ) ) ;
#5877 = CARTESIAN_POINT ( 'NONE',  ( -1.270000000000000018, -0.7321320343559629684, -0.2349999999999980715 ) ) ;
#5878 = CARTESIAN_POINT ( 'NONE',  ( 4.163463245227206677, -0.6699999999999954881, 0.1529475060216643478 ) ) ;
#5879 = VECTOR ( 'NONE', #2040, 1000.000000000000000 ) ;
#5880 = EDGE_LOOP ( 'NONE', ( #5968, #5928, #4559, #3886 ) ) ;
#5881 = CARTESIAN_POINT ( 'NONE',  ( 6.349999999999999645, -2.609999999999999876, 0.000000000000000000 ) ) ;
#5882 = EDGE_LOOP ( 'NONE', ( #192, #399, #4362, #6280 ) ) ;
#5883 =( NAMED_UNIT ( * ) PLANE_ANGLE_UNIT ( ) SI_UNIT ( $, .RADIAN. ) );
#5884 = CARTESIAN_POINT ( 'NONE',  ( 6.580602173914007480, 3.330000000000002292, -0.4109645392657144125 ) ) ;
#5885 = DIRECTION ( 'NONE',  ( -0.4226182617406985531, 0.000000000000000000, 0.9063077870366503808 ) ) ;
#5886 = LINE ( 'NONE', #8584, #1005 ) ;
#5887 = VECTOR ( 'NONE', #8324, 1000.000000000000000 ) ;
#5888 =( NAMED_UNIT ( * ) SI_UNIT ( $, .STERADIAN. ) SOLID_ANGLE_UNIT ( ) );
#5889 = CARTESIAN_POINT ( 'NONE',  ( 5.579999999999998295, -0.6699999999999979305, 0.3850000000000007860 ) ) ;
#5890 = ORIENTED_EDGE ( 'NONE', *, *, #5846, .F. ) ;
#5891 = CARTESIAN_POINT ( 'NONE',  ( -1.270000000000000018, 3.479999999999999982, -0.3199999999999999512 ) ) ;
#5892 = AXIS2_PLACEMENT_3D ( 'NONE', #2832, #7034, #1632 ) ;
#5893 = ORIENTED_EDGE ( 'NONE', *, *, #2013, .F. ) ;
#5894 = CARTESIAN_POINT ( 'NONE',  ( -8.890000000000000568, 3.330000000000000071, -0.3821320343559643784 ) ) ;
#5895 = PRODUCT_DEFINITION_CONTEXT ( 'detailed design', #4785, 'design' ) ;
#5896 = CARTESIAN_POINT ( 'NONE',  ( 6.350000000000000533, -0.6699999999999975975, -0.2971320343559635258 ) ) ;
#5897 = CARTESIAN_POINT ( 'NONE',  ( 3.169999999999998597, 7.175000000000000711, 0.3200000000000007838 ) ) ;
#5898 = AXIS2_PLACEMENT_3D ( 'NONE', #1169, #297, #3294 ) ;
#5899 = CARTESIAN_POINT ( 'NONE',  ( 3.810000000000000053, 0.000000000000000000, 0.000000000000000000 ) ) ;
#5900 = B_SPLINE_CURVE_WITH_KNOTS ( 'NONE', 3,
 ( #6716, #222, #8721, #5204, #5837, #361, #5159, #2427, #406, #2288, #6582, #310, #6671, #6534, #1782, #261, #7934 ),
 .UNSPECIFIED., .F., .F.,
 ( 4, 2, 2, 2, 2, 1, 2, 2, 4 ),
 ( 0.000000000000000000, 0.1249999999999985012, 0.2499999999999970024, 0.3749999999999955036, 0.4999999999999940048, 0.6249999999999924505, 0.6874999999999930056, 0.7499999999999934497, 1.000000000000000000 ),
 .UNSPECIFIED. ) ;
#5901 = ORIENTED_EDGE ( 'NONE', *, *, #2192, .F. ) ;
#5902 = CARTESIAN_POINT ( 'NONE',  ( 6.232387591435543328, 3.330000000000003180, -0.4590001671664473704 ) ) ;
#5903 = DIRECTION ( 'NONE',  ( -1.000000000000000000, 3.492836481966780137E-15, 0.000000000000000000 ) ) ;
#5904 = CARTESIAN_POINT ( 'NONE',  ( 0.9543295874676119839, -0.6699999999999460831, -0.2232947942791172202 ) ) ;
#5905 = ADVANCED_FACE ( 'NONE', ( #8012 ), #3844, .T. ) ;
#5906 = VERTEX_POINT ( 'NONE', #4535 ) ;
#5907 = DIRECTION ( 'NONE',  ( 8.659560562354932858E-17, 0.7071067811865474617, -0.7071067811865474617 ) ) ;
#5908 = EDGE_CURVE ( 'NONE', #4877, #244, #342, .T. ) ;
#5909 = CARTESIAN_POINT ( 'NONE',  ( -4.880000000000000782, 5.939340816038532217E-17, -0.8700000000000001066 ) ) ;
#5910 = FILL_AREA_STYLE ('',( #6568 ) ) ;
#5911 = FACE_OUTER_BOUND ( 'NONE', #7605, .T. ) ;
#5912 = EDGE_CURVE ( 'NONE', #6803, #4400, #4580, .T. ) ;
#5913 =( BOUNDED_SURFACE ( )  B_SPLINE_SURFACE ( 3, 3, ( 
 ( #2599, #1912, #4589, #5469 ),
 ( #2512, #3243, #5382, #1959 ),
 ( #6053, #8205, #4778, #6708 ),
 ( #8250, #7583, #1268, #400 ) ),
 .UNSPECIFIED., .F., .F., .T. ) 
 B_SPLINE_SURFACE_WITH_KNOTS ( ( 4, 4 ),
 ( 4, 4 ),
 ( 0.000000000000000000, 1.000000000000000000 ),
 ( 0.000000000000000000, 1.000000000000000000 ),
 .UNSPECIFIED. ) 
 GEOMETRIC_REPRESENTATION_ITEM ( )  RATIONAL_B_SPLINE_SURFACE ( (
 ( 1.000000000000000000, 0.3333333333333334259, 0.3333333333333334259, 1.000000000000000000),
 ( 0.7995857374534958151, 0.2665285791511653457, 0.2665285791511653457, 0.7995857374534958151),
 ( 0.7995857374534958151, 0.2665285791511653457, 0.2665285791511653457, 0.7995857374534958151),
 ( 1.000000000000000000, 0.3333333333333334259, 0.3333333333333334259, 1.000000000000000000) ) ) 
 REPRESENTATION_ITEM ( '' )  SURFACE ( )  );
#5914 =( GEOMETRIC_REPRESENTATION_CONTEXT ( 3 ) GLOBAL_UNCERTAINTY_ASSIGNED_CONTEXT ( ( #5980 ) ) GLOBAL_UNIT_ASSIGNED_CONTEXT ( ( #8345, #6936, #6115 ) ) REPRESENTATION_CONTEXT ( 'NONE', 'WORKASPACE' ) );
#5915 = CARTESIAN_POINT ( 'NONE',  ( -6.735401857581772234, 3.330000000000004956, 0.2725355999316835254 ) ) ;
#5916 = CIRCLE ( 'NONE', #8985, 0.1500000000000020206 ) ;
#5917 =( LENGTH_UNIT ( ) NAMED_UNIT ( * ) SI_UNIT ( .MILLI., .METRE. ) );
#5918 = LINE ( 'NONE', #3765, #3292 ) ;
#5919 = VECTOR ( 'NONE', #4038, 1000.000000000000000 ) ;
#5920 = CARTESIAN_POINT ( 'NONE',  ( -1.270000000000000018, 3.330000000000000071, 0.000000000000000000 ) ) ;
#5921 = CIRCLE ( 'NONE', #334, 0.1500000000000009936 ) ;
#5922 = MECHANICAL_DESIGN_GEOMETRIC_PRESENTATION_REPRESENTATION (  '', ( #5933 ), #6203 ) ;
#5923 = SURFACE_STYLE_FILL_AREA ( #3160 ) ;
#5924 = CARTESIAN_POINT ( 'NONE',  ( -0.5000000000000003331, -0.6699999999999979305, -0.3849999999999999534 ) ) ;
#5925 = EDGE_LOOP ( 'NONE', ( #5386, #4167, #6892, #3165 ) ) ;
#5926 = EDGE_CURVE ( 'NONE', #5974, #6781, #4923, .T. ) ;
#5927 = DIRECTION ( 'NONE',  ( 0.000000000000000000, -1.000000000000000000, -6.123031769111889989E-17 ) ) ;
#5928 = ORIENTED_EDGE ( 'NONE', *, *, #6365, .T. ) ;
#5929 = LINE ( 'NONE', #3907, #6720 ) ;
#5930 = VERTEX_POINT ( 'NONE', #3235 ) ;
#5931 = CARTESIAN_POINT ( 'NONE',  ( 1.270000000000000018, -0.8199999999999999512, 0.000000000000000000 ) ) ;
#5932 = FILL_AREA_STYLE_COLOUR ( '', #634 ) ;
#5933 = STYLED_ITEM ( 'NONE', ( #8622 ), #8184 ) ;
#5934 = CARTESIAN_POINT ( 'NONE',  ( -8.963764618732756873, 3.330000000000002292, 0.4658750626874178513 ) ) ;
#5935 = DIRECTION ( 'NONE',  ( 1.000000000000000000, -7.401486830834319717E-14, 0.000000000000000000 ) ) ;
#5936 = DIRECTION ( 'NONE',  ( -0.9063077870366482713, -2.587705042845171132E-17, 0.4226182617407031605 ) ) ;
#5937 = AXIS2_PLACEMENT_3D ( 'NONE', #1560, #8485, #5120 ) ;
#5938 =( NAMED_UNIT ( * ) SI_UNIT ( $, .STERADIAN. ) SOLID_ANGLE_UNIT ( ) );
#5939 = CARTESIAN_POINT ( 'NONE',  ( 10.06673846836899955, 2.800000000000000711, -1.070000000000000062 ) ) ;
#5940 = ORIENTED_EDGE ( 'NONE', *, *, #1890, .T. ) ;
#5941 = CARTESIAN_POINT ( 'NONE',  ( 3.810000000000000053, -0.4200000000000000400, 0.6649999999763349656 ) ) ;
#5942 = ORIENTED_EDGE ( 'NONE', *, *, #5551, .T. ) ;
#5943 = EDGE_CURVE ( 'NONE', #7137, #3079, #5078, .T. ) ;
#5944 = ORIENTED_EDGE ( 'NONE', *, *, #6813, .F. ) ;
#5945 = CARTESIAN_POINT ( 'NONE',  ( -9.529999999999999361, 3.392132034355963555, -0.3199999999999998956 ) ) ;
#5946 = DIRECTION ( 'NONE',  ( 0.000000000000000000, 1.000000000000000000, 0.000000000000000000 ) ) ;
#5947 = FILL_AREA_STYLE_COLOUR ( '', #5652 ) ;
#5948 = CARTESIAN_POINT ( 'NONE',  ( 3.810000000000000053, 7.361853603950962111, 0.3200000000000008948 ) ) ;
#5949 = CARTESIAN_POINT ( 'NONE',  ( 0.8136994841844404913, 3.330000000000003624, -0.1166483506770060602 ) ) ;
#5950 = VECTOR ( 'NONE', #2453, 1000.000000000000000 ) ;
#5951 = ORIENTED_EDGE ( 'NONE', *, *, #4514, .T. ) ;
#5952 = CARTESIAN_POINT ( 'NONE',  ( 5.901153769371719093, 3.330000000000004068, -0.1429865212590233914 ) ) ;
#5953 = CARTESIAN_POINT ( 'NONE',  ( -3.170000000000000373, 3.392132034355963555, -0.3199999999999998956 ) ) ;
#5954 = CARTESIAN_POINT ( 'NONE',  ( -6.349999999999999645, 5.327499999999999680, 0.3200000000000000067 ) ) ;
#5955 = VERTEX_POINT ( 'NONE', #4033 ) ;
#5956 = EDGE_CURVE ( 'NONE', #2942, #4060, #1077, .T. ) ;
#5957 = SURFACE_SIDE_STYLE ('',( #3715 ) ) ;
#5958 = ADVANCED_FACE ( 'NONE', ( #6836 ), #4045, .T. ) ;
#5959 = SURFACE_SIDE_STYLE ('',( #1076 ) ) ;
#5960 = DIRECTION ( 'NONE',  ( 1.000000000000000000, 0.000000000000000000, 0.000000000000000000 ) ) ;
#5961 = CARTESIAN_POINT ( 'NONE',  ( -1.270000000000000018, -0.8199999999999999512, -0.3850000000000000089 ) ) ;
#5962 = PLANE ( 'NONE',  #7525 ) ;
#5963 = AXIS2_PLACEMENT_3D ( 'NONE', #7013, #4161, #6235 ) ;
#5964 = CARTESIAN_POINT ( 'NONE',  ( 3.578709449227273964, 3.330000000000003624, -0.4095412491426274060 ) ) ;
#5965 = CARTESIAN_POINT ( 'NONE',  ( -8.890000000000000568, 7.489960314960471877, 2.117582368135750848E-17 ) ) ;
#5966 = PLANE ( 'NONE',  #3857 ) ;
#5967 = CARTESIAN_POINT ( 'NONE',  ( -6.349999999999999645, 7.489960314960472765, -2.117582368135750848E-17 ) ) ;
#5968 = ORIENTED_EDGE ( 'NONE', *, *, #2757, .T. ) ;
#5969 = CARTESIAN_POINT ( 'NONE',  ( -9.180931969974716722, -0.6699999999999477485, -0.2535924761680228290 ) ) ;
#5970 = CARTESIAN_POINT ( 'NONE',  ( -8.890000000000000568, 7.489960314960472765, 2.117582368135750848E-17 ) ) ;
#5971 = CARTESIAN_POINT ( 'NONE',  ( 3.809999999999999609, 7.489960314960472765, -2.117582368135750848E-17 ) ) ;
#5972 = FILL_AREA_STYLE ('',( #7540 ) ) ;
#5973 = ORIENTED_EDGE ( 'NONE', *, *, #265, .F. ) ;
#5974 = VERTEX_POINT ( 'NONE', #2589 ) ;
#5975 = AXIS2_PLACEMENT_3D ( 'NONE', #7307, #8764, #3725 ) ;
#5976 =( LENGTH_UNIT ( ) NAMED_UNIT ( * ) SI_UNIT ( .MILLI., .METRE. ) );
#5977 = CARTESIAN_POINT ( 'NONE',  ( -1.270000000000000018, 3.479999999999999982, 0.4700000000000009726 ) ) ;
#5978 = MECHANICAL_DESIGN_GEOMETRIC_PRESENTATION_REPRESENTATION (  '', ( #6125 ), #6425 ) ;
#5979 = FACE_BOUND ( 'NONE', #5996, .T. ) ;
#5980 = UNCERTAINTY_MEASURE_WITH_UNIT (LENGTH_MEASURE( 1.000000000000000082E-05 ), #8345, 'distance_accuracy_value', 'NONE');
#5981 = CARTESIAN_POINT ( 'NONE',  ( -1.270000000000000018, 3.479999999999999982, 0.000000000000000000 ) ) ;
#5982 = DIRECTION ( 'NONE',  ( -0.4226182617406985531, 0.000000000000000000, 0.9063077870366503808 ) ) ;
#5983 = ORIENTED_EDGE ( 'NONE', *, *, #2718, .T. ) ;
#5984 = CARTESIAN_POINT ( 'NONE',  ( 9.180523605476563986, -0.6699999999999909361, -0.2537750882668944885 ) ) ;
#5985 = ORIENTED_EDGE ( 'NONE', *, *, #2962, .T. ) ;
#5986 = CARTESIAN_POINT ( 'NONE',  ( -8.890000000000000568, 3.329999999999999183, -0.4700000000000004730 ) ) ;
#5987 = UNCERTAINTY_MEASURE_WITH_UNIT (LENGTH_MEASURE( 1.000000000000000082E-05 ), #6218, 'distance_accuracy_value', 'NONE');
#5988 = CARTESIAN_POINT ( 'NONE',  ( 6.349999999999999645, -0.8199999999999999512, -0.2349999999999980438 ) ) ;
#5989 = DIRECTION ( 'NONE',  ( 0.000000000000000000, 1.000000000000000000, 0.000000000000000000 ) ) ;
#5990 = CARTESIAN_POINT ( 'NONE',  ( 3.810000000000000497, 3.330000000000000071, -0.3821320343559643784 ) ) ;
#5991 = CYLINDRICAL_SURFACE ( 'NONE', #7419, 0.2349999999999989875 ) ;
#5992 = ORIENTED_EDGE ( 'NONE', *, *, #1013, .F. ) ;
#5993 = DIRECTION ( 'NONE',  ( -7.401486830834319717E-14, -1.000000000000000000, 0.000000000000000000 ) ) ;
#5994 = CARTESIAN_POINT ( 'NONE',  ( -3.810000000000000053, -4.400000000000000355, -0.2349999999999989875 ) ) ;
#5995 = CARTESIAN_POINT ( 'NONE',  ( -3.425000000000000266, -0.6699999999999979305, 2.710505431213761085E-17 ) ) ;
#5996 = EDGE_LOOP ( 'NONE', ( #7507, #9, #4563 ) ) ;
#5997 = DIRECTION ( 'NONE',  ( 0.000000000000000000, 0.000000000000000000, 1.000000000000000000 ) ) ;
#5998 = PRESENTATION_STYLE_ASSIGNMENT (( #1765 ) ) ;
#5999 = CONICAL_SURFACE ( 'NONE', #5426, 0.6650000000135514178, 0.7853981633974482790 ) ;
#6000 = DIRECTION ( 'NONE',  ( -0.4226182617407031605, 0.000000000000000000, 0.9063077870366482713 ) ) ;
#6001 = CARTESIAN_POINT ( 'NONE',  ( 9.205259448258233945, -0.6699999999999926015, 0.2239180390503126006 ) ) ;
#6002 = LINE ( 'NONE', #4628, #4054 ) ;
#6003 = PLANE ( 'NONE',  #5898 ) ;
#6004 = EDGE_CURVE ( 'NONE', #6351, #8169, #2123, .T. ) ;
#6005 = CARTESIAN_POINT ( 'NONE',  ( -1.270000000000000018, 2.799999999999999822, -1.269999999999999796 ) ) ;
#6006 = DIRECTION ( 'NONE',  ( -1.000000000000000000, -0.000000000000000000, -0.000000000000000000 ) ) ;
#6007 = AXIS2_PLACEMENT_3D ( 'NONE', #3668, #2224, #3134 ) ;
#6008 = LINE ( 'NONE', #6705, #2813 ) ;
#6009 = FACE_OUTER_BOUND ( 'NONE', #6329, .T. ) ;
#6010 = CARTESIAN_POINT ( 'NONE',  ( -9.265921541353607793, -0.6699999999999417533, -0.09654514245933003280 ) ) ;
#6011 = CARTESIAN_POINT ( 'NONE',  ( 3.760864664645055200, -0.6699999999999659561, 0.3850000000000002309 ) ) ;
#6012 = CARTESIAN_POINT ( 'NONE',  ( -9.359999999999997655, -0.7321320343559630794, 0.2349999999999980160 ) ) ;
#6013 = SURFACE_STYLE_USAGE ( .BOTH. , #1307 ) ;
#6014 = FACE_OUTER_BOUND ( 'NONE', #1345, .T. ) ;
#6015 = ORIENTED_EDGE ( 'NONE', *, *, #2356, .F. ) ;
#6016 = CARTESIAN_POINT ( 'NONE',  ( 0.5057359312880714830, 3.329999999999999627, -0.3821320343559643784 ) ) ;
#6017 = EDGE_LOOP ( 'NONE', ( #2929, #7289 ) ) ;
#6018 = CARTESIAN_POINT ( 'NONE',  ( 6.350000000000000533, 7.492926245181917189, 0.1868300633393450705 ) ) ;
#6019 = CARTESIAN_POINT ( 'NONE',  ( 2.926523063262000957, 7.776250346772100076E-17, -1.269999999999999796 ) ) ;
#6020 = CARTESIAN_POINT ( 'NONE',  ( -3.810000000000000497, 3.330000000000000071, 0.3821320343559643784 ) ) ;
#6021 = CARTESIAN_POINT ( 'NONE',  ( -1.270000000000000018, -4.400000000000000355, -0.2349999999999975719 ) ) ;
#6022 = EDGE_CURVE ( 'NONE', #1424, #7993, #5795, .T. ) ;
#6023 = SURFACE_STYLE_USAGE ( .BOTH. , #6588 ) ;
#6024 = CARTESIAN_POINT ( 'NONE',  ( -3.810000000000000053, -0.8199999999999999512, -0.2349999999999980438 ) ) ;
#6025 = DIRECTION ( 'NONE',  ( 0.000000000000000000, 0.000000000000000000, -1.000000000000000000 ) ) ;
#6026 = VERTEX_POINT ( 'NONE', #5417 ) ;
#6027 = CARTESIAN_POINT ( 'NONE',  ( 9.079988459702896364, -0.6699999999999834976, -0.3351279351845635190 ) ) ;
#6028 = EDGE_CURVE ( 'NONE', #4195, #5445, #5373, .T. ) ;
#6029 = VERTEX_POINT ( 'NONE', #8242 ) ;
#6030 = VECTOR ( 'NONE', #6260, 1000.000000000000114 ) ;
#6031 = CARTESIAN_POINT ( 'NONE',  ( -9.529999999999999361, 3.392132034355963555, 0.3199999999999998956 ) ) ;
#6032 = CARTESIAN_POINT ( 'NONE',  ( 7.120000000000000995, -0.6699999999999979305, -0.3850000000000007860 ) ) ;
#6033 = CARTESIAN_POINT ( 'NONE',  ( -8.666081960949705731, -0.6699999999999861622, -0.3152594482582344870 ) ) ;
#6034 = FACE_OUTER_BOUND ( 'NONE', #2619, .T. ) ;
#6035 = MECHANICAL_DESIGN_GEOMETRIC_PRESENTATION_REPRESENTATION (  '', ( #454 ), #6782 ) ;
#6036 = CARTESIAN_POINT ( 'NONE',  ( 6.320206254545192692, 3.330000000000002292, 0.4700000000000000289 ) ) ;
#6037 = EDGE_CURVE ( 'NONE', #4800, #4504, #3497, .T. ) ;
#6038 = EDGE_CURVE ( 'NONE', #6990, #3079, #4254, .T. ) ;
#6039 = CARTESIAN_POINT ( 'NONE',  ( -3.810000000000000053, 3.329999999999999183, -0.4700000000000004730 ) ) ;
#6040 = LINE ( 'NONE', #5954, #2972 ) ;
#6041 = EDGE_LOOP ( 'NONE', ( #3046, #1591, #1627, #3588 ) ) ;
#6042 = DIRECTION ( 'NONE',  ( 0.000000000000000000, 1.000000000000000000, 0.000000000000000000 ) ) ;
#6043 = AXIS2_PLACEMENT_3D ( 'NONE', #7300, #8015, #435 ) ;
#6044 = CARTESIAN_POINT ( 'NONE',  ( -3.751315444347916639, 3.330000000000002292, -0.4672500417916118365 ) ) ;
#6045 = CARTESIAN_POINT ( 'NONE',  ( 6.349999999999999645, -2.609999999999999876, 0.000000000000000000 ) ) ;
#6046 = DIRECTION ( 'NONE',  ( 0.000000000000000000, 1.000000000000000000, 0.000000000000000000 ) ) ;
#6047 = CARTESIAN_POINT ( 'NONE',  ( -4.693476936737999594, 2.799999999999999822, -1.269999999999999796 ) ) ;
#6048 = CARTESIAN_POINT ( 'NONE',  ( 3.810000000000000053, -4.400000000000000355, 0.000000000000000000 ) ) ;
#6049 = LINE ( 'NONE', #6005, #4893 ) ;
#6050 = CARTESIAN_POINT ( 'NONE',  ( 7.233476936737998741, -7.776250346772101309E-17, 1.270000000000000018 ) ) ;
#6051 = CARTESIAN_POINT ( 'NONE',  ( 8.890000000000000568, -4.632925319547866572, 0.1370326030541654527 ) ) ;
#6052 = VERTEX_POINT ( 'NONE', #6963 ) ;
#6053 = CARTESIAN_POINT ( 'NONE',  ( -6.350000000000001421, -4.632925319547866572, -0.1370326030541654527 ) ) ;
#6054 = SURFACE_STYLE_FILL_AREA ( #531 ) ;
#6055 = CARTESIAN_POINT ( 'NONE',  ( -8.889999999999998792, -0.7321320343559629684, -0.2349999999999980715 ) ) ;
#6056 = AXIS2_PLACEMENT_3D ( 'NONE', #4827, #6809, #493 ) ;
#6057 = EDGE_LOOP ( 'NONE', ( #7544, #2316 ) ) ;
#6058 = CARTESIAN_POINT ( 'NONE',  ( 4.195000000000000284, -0.6699999999999979305, 2.710505431213761085E-17 ) ) ;
#6059 = VERTEX_POINT ( 'NONE', #7778 ) ;
#6060 = SURFACE_SIDE_STYLE ('',( #8168 ) ) ;
#6061 = ORIENTED_EDGE ( 'NONE', *, *, #5196, .T. ) ;
#6062 = CARTESIAN_POINT ( 'NONE',  ( -8.890000000000000568, 7.174999999999999822, -0.3200000000000000067 ) ) ;
#6063 = CARTESIAN_POINT ( 'NONE',  ( 6.379511675240614466, 3.330000000000002292, -0.4700000000000000844 ) ) ;
#6064 =( GEOMETRIC_REPRESENTATION_CONTEXT ( 3 ) GLOBAL_UNCERTAINTY_ASSIGNED_CONTEXT ( ( #7363 ) ) GLOBAL_UNIT_ASSIGNED_CONTEXT ( ( #1582, #5863, #2222 ) ) REPRESENTATION_CONTEXT ( 'NONE', 'WORKASPACE' ) );
#6065 = LINE ( 'NONE', #4002, #1947 ) ;
#6066 = CIRCLE ( 'NONE', #2806, 0.9150000000000000355 ) ;
#6067 = PRESENTATION_LAYER_ASSIGNMENT (  '', '', ( #191 ) ) ;
#6068 = UNCERTAINTY_MEASURE_WITH_UNIT (LENGTH_MEASURE( 1.000000000000000082E-05 ), #6952, 'distance_accuracy_value', 'NONE');
#6069 = CARTESIAN_POINT ( 'NONE',  ( 8.889999999999998792, -0.6699999999999979305, -0.2971320343559630262 ) ) ;
#6070 = CARTESIAN_POINT ( 'NONE',  ( -3.810000000000000053, -0.8199999999999999512, 0.2349999999999980438 ) ) ;
#6071 = AXIS2_PLACEMENT_3D ( 'NONE', #3935, #1812, #3979 ) ;
#6072 = FACE_OUTER_BOUND ( 'NONE', #2103, .T. ) ;
#6073 = PRESENTATION_LAYER_ASSIGNMENT (  '', '', ( #3125 ) ) ;
#6074 = MECHANICAL_DESIGN_GEOMETRIC_PRESENTATION_REPRESENTATION (  '', ( #4586 ), #196 ) ;
#6075 = ORIENTED_EDGE ( 'NONE', *, *, #4279, .F. ) ;
#6076 = CARTESIAN_POINT ( 'NONE',  ( -8.890000000000000568, -4.400000000000000355, 0.000000000000000000 ) ) ;
#6077 = ORIENTED_EDGE ( 'NONE', *, *, #253, .F. ) ;
#6078 = ORIENTED_EDGE ( 'NONE', *, *, #4915, .T. ) ;
#6079 = EDGE_CURVE ( 'NONE', #8380, #3075, #5545, .T. ) ;
#6080 = STYLED_ITEM ( 'NONE', ( #1924 ), #1031 ) ;
#6081 = UNCERTAINTY_MEASURE_WITH_UNIT (LENGTH_MEASURE( 1.000000000000000082E-05 ), #1780, 'distance_accuracy_value', 'NONE');
#6082 = DIRECTION ( 'NONE',  ( 0.000000000000000000, 0.000000000000000000, 1.000000000000000000 ) ) ;
#6083 = CARTESIAN_POINT ( 'NONE',  ( 1.270000000000000018, -0.8199999999999999512, -0.2349999999999980438 ) ) ;
#6084 = DIRECTION ( 'NONE',  ( -0.9063077870366482713, -2.587705042845171132E-17, 0.4226182617407031605 ) ) ;
#6085 = CARTESIAN_POINT ( 'NONE',  ( 0.9833502484212293115, 3.330000000000003180, 0.3779260477499082893 ) ) ;
#6086 = DIRECTION ( 'NONE',  ( -0.4226182617407002184, 0.000000000000000000, 0.9063077870366496036 ) ) ;
#6087 = AXIS2_PLACEMENT_3D ( 'NONE', #5759, #1515, #737 ) ;
#6088 =( NAMED_UNIT ( * ) PLANE_ANGLE_UNIT ( ) SI_UNIT ( $, .RADIAN. ) );
#6089 = ORIENTED_EDGE ( 'NONE', *, *, #5638, .F. ) ;
#6090 = CARTESIAN_POINT ( 'NONE',  ( 2.833261531631000363, 7.776250346772097611E-17, -1.070000000000000062 ) ) ;
#6091 = AXIS2_PLACEMENT_3D ( 'NONE', #5899, #199, #8000 ) ;
#6092 = SURFACE_SIDE_STYLE ('',( #1901 ) ) ;
#6093 = CARTESIAN_POINT ( 'NONE',  ( 1.270000000000000018, 1.967086183247610087, 0.000000000000000000 ) ) ;
#6094 = CARTESIAN_POINT ( 'NONE',  ( 4.279999999999994920, -4.537064994640259030, -0.2349999999999976275 ) ) ;
#6095 = CARTESIAN_POINT ( 'NONE',  ( -0.6299999999999987832, 7.361853603950959446, -0.3200000000000011724 ) ) ;
#6096 = CARTESIAN_POINT ( 'NONE',  ( 1.270000000000000018, -0.6699999999999866063, 0.3850000000000000089 ) ) ;
#6097 = DIRECTION ( 'NONE',  ( 1.000000000000000000, 0.000000000000000000, 0.000000000000000000 ) ) ;
#6098 = AXIS2_PLACEMENT_3D ( 'NONE', #3063, #8766, #4455 ) ;
#6099 = CARTESIAN_POINT ( 'NONE',  ( 7.233476936738000518, 2.799999999999999822, 1.270000000000000018 ) ) ;
#6100 = DIRECTION ( 'NONE',  ( 0.000000000000000000, 1.000000000000000000, 4.075948017064260386E-17 ) ) ;
#6101 = ORIENTED_EDGE ( 'NONE', *, *, #3037, .F. ) ;
#6102 = CARTESIAN_POINT ( 'NONE',  ( -9.056190672783401396, -0.6699999999999571854, 0.3475360023646996144 ) ) ;
#6103 = CARTESIAN_POINT ( 'NONE',  ( 3.620501232617364007, -0.6699999999999555200, 0.3354508356856920059 ) ) ;
#6104 = PRESENTATION_STYLE_ASSIGNMENT (( #2423 ) ) ;
#6105 = CIRCLE ( 'NONE', #3616, 0.9150000000000000355 ) ;
#6106 = CARTESIAN_POINT ( 'NONE',  ( -3.657052493978345531, -0.6699999999999806111, -0.3534632452272084002 ) ) ;
#6107 = EDGE_CURVE ( 'NONE', #1990, #3299, #4247, .T. ) ;
#6108 = ORIENTED_EDGE ( 'NONE', *, *, #1654, .F. ) ;
#6109 = CARTESIAN_POINT ( 'NONE',  ( -7.326738468369000223, -5.327037639127341492E-17, 1.070000000000000062 ) ) ;
#6110 = ORIENTED_EDGE ( 'NONE', *, *, #6929, .T. ) ;
#6111 = CARTESIAN_POINT ( 'NONE',  ( -4.187926047749896519, 3.330000000000004068, -0.2866497515788294370 ) ) ;
#6112 = ORIENTED_EDGE ( 'NONE', *, *, #3087, .T. ) ;
#6113 = CARTESIAN_POINT ( 'NONE',  ( 3.810000000000000053, -0.8199999999999999512, 0.3850000000000000089 ) ) ;
#6114 = MECHANICAL_DESIGN_GEOMETRIC_PRESENTATION_REPRESENTATION (  '', ( #8154 ), #7591 ) ;
#6115 =( NAMED_UNIT ( * ) SI_UNIT ( $, .STERADIAN. ) SOLID_ANGLE_UNIT ( ) );
#6116 =( NAMED_UNIT ( * ) PLANE_ANGLE_UNIT ( ) SI_UNIT ( $, .RADIAN. ) );
#6117 = CARTESIAN_POINT ( 'NONE',  ( -1.270000000000000018, -4.629945645751342376, 1.355252715606880543E-17 ) ) ;
#6118 = CARTESIAN_POINT ( 'NONE',  ( -8.890000000000000568, 7.174999999999999822, -0.005000000000000779862 ) ) ;
#6119 = EDGE_CURVE ( 'NONE', #6267, #7504, #2083, .T. ) ;
#6120 = CIRCLE ( 'NONE', #2147, 0.6650000000000000355 ) ;
#6121 = ORIENTED_EDGE ( 'NONE', *, *, #2581, .F. ) ;
#6122 = CARTESIAN_POINT ( 'NONE',  ( 6.581933963793075826, 3.330000000000003180, 0.4091172195759933961 ) ) ;
#6123 = DIRECTION ( 'NONE',  ( 1.000000000000000000, -0.000000000000000000, 0.000000000000000000 ) ) ;
#6124 = DIRECTION ( 'NONE',  ( 0.000000000000000000, 0.000000000000000000, 1.000000000000000000 ) ) ;
#6125 = STYLED_ITEM ( 'NONE', ( #811 ), #3921 ) ;
#6126 = ORIENTED_EDGE ( 'NONE', *, *, #8474, .T. ) ;
#6127 = EDGE_CURVE ( 'NONE', #2739, #2797, #2607, .T. ) ;
#6128 = ORIENTED_EDGE ( 'NONE', *, *, #5860, .T. ) ;
#6129 = DIRECTION ( 'NONE',  ( 0.000000000000000000, 1.000000000000000000, 6.123031769111889989E-17 ) ) ;
#6130 = DIRECTION ( 'NONE',  ( 0.000000000000000000, 0.000000000000000000, -1.000000000000000000 ) ) ;
#6131 = CARTESIAN_POINT ( 'NONE',  ( 1.739999999999995994, -0.8199999999999998401, 0.2349999999999980715 ) ) ;
#6132 = DIRECTION ( 'NONE',  ( 0.4226182617407031605, 0.000000000000000000, 0.9063077870366482713 ) ) ;
#6133 = DIRECTION ( 'NONE',  ( 0.000000000000000000, 0.000000000000000000, 1.000000000000000000 ) ) ;
#6134 = EDGE_CURVE ( 'NONE', #1646, #925, #7974, .T. ) ;
#6135 = DIRECTION ( 'NONE',  ( 8.659560562354932858E-17, 0.7071067811865474617, -0.7071067811865474617 ) ) ;
#6136 = FILL_AREA_STYLE ('',( #1121 ) ) ;
#6137 = ORIENTED_EDGE ( 'NONE', *, *, #865, .T. ) ;
#6138 = CARTESIAN_POINT ( 'NONE',  ( -3.693647273183223945, 3.330000000000001403, -0.4562502089580591780 ) ) ;
#6139 = CARTESIAN_POINT ( 'NONE',  ( 0.1999999999999987343, 2.799999999999999822, 0.8699999999999999956 ) ) ;
#6140 = CARTESIAN_POINT ( 'NONE',  ( 6.349999999999999645, -0.8199999999999999512, 0.3850000000000000089 ) ) ;
#6141 = EDGE_CURVE ( 'NONE', #6388, #7731, #4478, .T. ) ;
#6142 = FACE_OUTER_BOUND ( 'NONE', #3041, .T. ) ;
#6143 = DIRECTION ( 'NONE',  ( -7.401486830834319717E-14, -1.000000000000000000, 0.000000000000000000 ) ) ;
#6144 = CARTESIAN_POINT ( 'NONE',  ( 3.693344125345944917, 3.330000000000003180, 0.4555627194059621576 ) ) ;
#6145 = ADVANCED_FACE ( 'NONE', ( #3706 ), #1666, .T. ) ;
#6146 = LINE ( 'NONE', #3383, #4896 ) ;
#6147 = CARTESIAN_POINT ( 'NONE',  ( -0.9862859348647985414, 3.330000000000002292, -0.3760777678184954453 ) ) ;
#6148 = EDGE_LOOP ( 'NONE', ( #7099, #159 ) ) ;
#6149 = CYLINDRICAL_SURFACE ( 'NONE', #8486, 0.3200000000000000067 ) ;
#6150 = CARTESIAN_POINT ( 'NONE',  ( -8.890000000000000568, -0.8199999999999999512, -0.3850000000000000089 ) ) ;
#6151 = DIRECTION ( 'NONE',  ( 0.9063077870366482713, 2.587705042845171132E-17, -0.4226182617407031605 ) ) ;
#6152 = FILL_AREA_STYLE ('',( #7445 ) ) ;
#6153 = AXIS2_PLACEMENT_3D ( 'NONE', #3072, #4413, #7219 ) ;
#6154 = ORIENTED_EDGE ( 'NONE', *, *, #8469, .T. ) ;
#6155 = CARTESIAN_POINT ( 'NONE',  ( -8.890000000000000568, -4.400000000000000355, -0.2349999999999975719 ) ) ;
#6156 = ORIENTED_EDGE ( 'NONE', *, *, #7558, .F. ) ;
#6157 = DIRECTION ( 'NONE',  ( 0.000000000000000000, 1.000000000000000000, 4.075948017064260386E-17 ) ) ;
#6158 = EDGE_CURVE ( 'NONE', #2608, #689, #7571, .T. ) ;
#6159 = EDGE_CURVE ( 'NONE', #6351, #3305, #2702, .T. ) ;
#6160 =( BOUNDED_SURFACE ( )  B_SPLINE_SURFACE ( 3, 3, ( 
 ( #1770, #3053, #344, #1680 ),
 ( #5189, #3717, #2414, #1725 ),
 ( #7340, #944, #7247, #5866 ),
 ( #4581, #7967, #6471, #7299 ) ),
 .UNSPECIFIED., .F., .F., .F. ) 
 B_SPLINE_SURFACE_WITH_KNOTS ( ( 4, 4 ),
 ( 4, 4 ),
 ( 0.000000000000000000, 1.000000000000000000 ),
 ( 0.000000000000000000, 1.000000000000000000 ),
 .UNSPECIFIED. ) 
 GEOMETRIC_REPRESENTATION_ITEM ( )  RATIONAL_B_SPLINE_SURFACE ( (
 ( 1.000000000000000000, 0.3333333333333334259, 0.3333333333333334259, 1.000000000000000000),
 ( 0.8009815829414672628, 0.2669938609804891616, 0.2669938609804891616, 0.8009815829414672628),
 ( 0.8009815829414672628, 0.2669938609804891616, 0.2669938609804891616, 0.8009815829414672628),
 ( 1.000000000000000000, 0.3333333333333334259, 0.3333333333333334259, 1.000000000000000000) ) ) 
 REPRESENTATION_ITEM ( '' )  SURFACE ( )  );
#6161 = EDGE_CURVE ( 'NONE', #4974, #9033, #7288, .T. ) ;
#6162 = CARTESIAN_POINT ( 'NONE',  ( -9.092853097504900006, 3.330000000000003180, -0.4242837188333029586 ) ) ;
#6163 = VECTOR ( 'NONE', #8229, 1000.000000000000000 ) ;
#6164 = UNCERTAINTY_MEASURE_WITH_UNIT (LENGTH_MEASURE( 1.000000000000000082E-05 ), #3093, 'distance_accuracy_value', 'NONE');
#6165 = CARTESIAN_POINT ( 'NONE',  ( -4.279999999999994920, -0.8199999999999998401, -0.2349999999999980715 ) ) ;
#6166 = CARTESIAN_POINT ( 'NONE',  ( 6.349999999999999645, 2.799999999999999822, -1.269999999999999796 ) ) ;
#6167 = VERTEX_POINT ( 'NONE', #7189 ) ;
#6168 = CARTESIAN_POINT ( 'NONE',  ( -6.723660126678689508, 7.492926245181915412, -0.1868300633393451260 ) ) ;
#6169 = CARTESIAN_POINT ( 'NONE',  ( 4.880000000000000782, -5.939340816038532217E-17, 0.8700000000000002176 ) ) ;
#6170 = LINE ( 'NONE', #6944, #6030 ) ;
#6171 = AXIS2_PLACEMENT_3D ( 'NONE', #3073, #8729, #7412 ) ;
#6172 = VERTEX_POINT ( 'NONE', #7826 ) ;
#6173 = DIRECTION ( 'NONE',  ( 0.000000000000000000, -1.000000000000000000, -6.123031769111889989E-17 ) ) ;
#6174 = FILL_AREA_STYLE ('',( #6868 ) ) ;
#6175 = FILL_AREA_STYLE ('',( #7604 ) ) ;
#6176 = CARTESIAN_POINT ( 'NONE',  ( 6.349999999999999645, -0.8199999999999999512, 0.2349999999999980160 ) ) ;
#6177 = CYLINDRICAL_SURFACE ( 'NONE', #1918, 0.6650000000000000355 ) ;
#6178 = CARTESIAN_POINT ( 'NONE',  ( 1.472550971903824779, 3.330000000000000959, -0.4254576552514637289 ) ) ;
#6179 = SURFACE_STYLE_USAGE ( .BOTH. , #4200 ) ;
#6180 = EDGE_LOOP ( 'NONE', ( #5807, #8777, #4994, #2450 ) ) ;
#6181 = DIRECTION ( 'NONE',  ( 0.000000000000000000, 1.000000000000000000, 0.000000000000000000 ) ) ;
#6182 = SURFACE_STYLE_USAGE ( .BOTH. , #8327 ) ;
#6183 = CIRCLE ( 'NONE', #4860, 0.1500000000000020206 ) ;
#6184 = CARTESIAN_POINT ( 'NONE',  ( -6.688596939881879422, -0.6699999999999444178, 0.1908403552268528869 ) ) ;
#6185 = CARTESIAN_POINT ( 'NONE',  ( -8.990000000000000213, 2.799999999999999822, 1.270000000000000240 ) ) ;
#6186 = CARTESIAN_POINT ( 'NONE',  ( -8.890000000000000568, -0.4200000000000000400, -0.6649999999810646267 ) ) ;
#6187 = CARTESIAN_POINT ( 'NONE',  ( 8.420000000000005258, -4.399999999999999467, -0.2349999999999975719 ) ) ;
#6188 = FACE_OUTER_BOUND ( 'NONE', #7741, .T. ) ;
#6189 = EDGE_CURVE ( 'NONE', #5089, #4531, #5092, .T. ) ;
#6190 = EDGE_CURVE ( 'NONE', #4980, #7731, #5656, .T. ) ;
#6191 = ORIENTED_EDGE ( 'NONE', *, *, #4465, .F. ) ;
#6192 = DIRECTION ( 'NONE',  ( 0.000000000000000000, 0.000000000000000000, 1.000000000000000000 ) ) ;
#6193 = FILL_AREA_STYLE_COLOUR ( '', #2260 ) ;
#6194 = FACE_OUTER_BOUND ( 'NONE', #5844, .T. ) ;
#6195 = EDGE_CURVE ( 'NONE', #6715, #689, #6420, .T. ) ;
#6196 = ORIENTED_EDGE ( 'NONE', *, *, #4658, .F. ) ;
#6197 = CARTESIAN_POINT ( 'NONE',  ( -6.300446529240459448, -0.6699999999999731726, -0.3850000000000000644 ) ) ;
#6198 = ORIENTED_EDGE ( 'NONE', *, *, #6289, .T. ) ;
#6199 = CARTESIAN_POINT ( 'NONE',  ( -4.082535599931537362, 3.330000000000003180, -0.3854018575818775050 ) ) ;
#6200 = ORIENTED_EDGE ( 'NONE', *, *, #2575, .F. ) ;
#6201 = CARTESIAN_POINT ( 'NONE',  ( 1.270000000000000018, 0.000000000000000000, -0.6650000000000000355 ) ) ;
#6202 = AXIS2_PLACEMENT_3D ( 'NONE', #5414, #5458, #3980 ) ;
#6203 =( GEOMETRIC_REPRESENTATION_CONTEXT ( 3 ) GLOBAL_UNCERTAINTY_ASSIGNED_CONTEXT ( ( #4707 ) ) GLOBAL_UNIT_ASSIGNED_CONTEXT ( ( #5976, #5883, #6625 ) ) REPRESENTATION_CONTEXT ( 'NONE', 'WORKASPACE' ) );
#6204 = CARTESIAN_POINT ( 'NONE',  ( 8.295735931288076515, -0.6699999999999978195, 0.2971320343559630262 ) ) ;
#6205 = CARTESIAN_POINT ( 'NONE',  ( 8.865610706135210961, -0.6699999999999678435, -0.3850000000000001199 ) ) ;
#6206 = ORIENTED_EDGE ( 'NONE', *, *, #5101, .T. ) ;
#6207 = CARTESIAN_POINT ( 'NONE',  ( -6.350000000000000533, 7.492926245181917189, -0.1868300633393450705 ) ) ;
#6208 = PRODUCT_DEFINITION ( 'UNKNOWN', '', #1813, #5895 ) ;
#6209 = CYLINDRICAL_SURFACE ( 'NONE', #7711, 0.2349999999999989875 ) ;
#6210 = DIRECTION ( 'NONE',  ( 0.4226182617407017728, 0.000000000000000000, -0.9063077870366488265 ) ) ;
#6211 =( BOUNDED_SURFACE ( )  B_SPLINE_SURFACE ( 3, 3, ( 
 ( #956, #220, #1734, #5834 ),
 ( #1691, #8616, #4546, #5877 ),
 ( #8666, #3107, #7351, #7978 ),
 ( #4503, #7309, #5924, #1044 ) ),
 .UNSPECIFIED., .F., .F., .T. ) 
 B_SPLINE_SURFACE_WITH_KNOTS ( ( 4, 4 ),
 ( 4, 4 ),
 ( 0.000000000000000000, 1.000000000000000000 ),
 ( 0.000000000000000000, 1.000000000000000000 ),
 .UNSPECIFIED. ) 
 GEOMETRIC_REPRESENTATION_ITEM ( )  RATIONAL_B_SPLINE_SURFACE ( (
 ( 1.000000000000000000, 0.3333333333333334259, 0.3333333333333334259, 1.000000000000000000),
 ( 0.8047378541243649375, 0.2682459513747884050, 0.2682459513747884050, 0.8047378541243649375),
 ( 0.8047378541243649375, 0.2682459513747884050, 0.2682459513747884050, 0.8047378541243649375),
 ( 1.000000000000000000, 0.3333333333333334259, 0.3333333333333334259, 1.000000000000000000) ) ) 
 REPRESENTATION_ITEM ( '' )  SURFACE ( )  );
#6212 = DIRECTION ( 'NONE',  ( 0.000000000000000000, 0.000000000000000000, 1.000000000000000000 ) ) ;
#6213 = MECHANICAL_DESIGN_GEOMETRIC_PRESENTATION_REPRESENTATION (  '', ( #4296 ), #6064 ) ;
#6214 = AXIS2_PLACEMENT_3D ( 'NONE', #2493, #5534, #2403 ) ;
#6215 = ORIENTED_EDGE ( 'NONE', *, *, #710, .T. ) ;
#6216 = AXIS2_PLACEMENT_3D ( 'NONE', #5583, #4808, #7007 ) ;
#6217 = ADVANCED_FACE ( 'NONE', ( #4380 ), #5720, .T. ) ;
#6218 =( LENGTH_UNIT ( ) NAMED_UNIT ( * ) SI_UNIT ( .MILLI., .METRE. ) );
#6219 = ORIENTED_EDGE ( 'NONE', *, *, #7498, .F. ) ;
#6220 = CARTESIAN_POINT ( 'NONE',  ( 1.739999999999995994, -0.8199999999999998401, -0.2349999999999980715 ) ) ;
#6221 = AXIS2_PLACEMENT_3D ( 'NONE', #1220, #6100, #1380 ) ;
#6222 = COLOUR_RGB ( '',0.000000000000000000, 0.000000000000000000, 0.000000000000000000 ) ;
#6223 = DIRECTION ( 'NONE',  ( -0.000000000000000000, -1.000000000000000000, -0.000000000000000000 ) ) ;
#6224 = VECTOR ( 'NONE', #206, 1000.000000000000114 ) ;
#6225 = CIRCLE ( 'NONE', #4028, 0.3150000000000000022 ) ;
#6226 = AXIS2_PLACEMENT_3D ( 'NONE', #4423, #6455, #1615 ) ;
#6227 = DIRECTION ( 'NONE',  ( 0.4226182617407017728, 0.000000000000000000, -0.9063077870366488265 ) ) ;
#6228 = EDGE_CURVE ( 'NONE', #7731, #8178, #8727, .T. ) ;
#6229 =( LENGTH_UNIT ( ) NAMED_UNIT ( * ) SI_UNIT ( .MILLI., .METRE. ) );
#6230 = AXIS2_PLACEMENT_3D ( 'NONE', #3015, #5151, #8432 ) ;
#6231 = ORIENTED_EDGE ( 'NONE', *, *, #2610, .T. ) ;
#6232 = FACE_OUTER_BOUND ( 'NONE', #419, .T. ) ;
#6233 = FACE_OUTER_BOUND ( 'NONE', #2346, .T. ) ;
#6234 = CARTESIAN_POINT ( 'NONE',  ( -6.603592476167785108, -0.6699999999999507461, 0.2909319699748548760 ) ) ;
#6235 = DIRECTION ( 'NONE',  ( 0.000000000000000000, 0.000000000000000000, 1.000000000000000000 ) ) ;
#6236 = DIRECTION ( 'NONE',  ( -0.000000000000000000, -1.000000000000000000, -0.000000000000000000 ) ) ;
#6237 = CARTESIAN_POINT ( 'NONE',  ( -1.270000000000000018, 7.174999999999999822, 0.005000000000000779862 ) ) ;
#6238 = CARTESIAN_POINT ( 'NONE',  ( -0.9165367547727925057, -0.6699999999999955991, 0.1529475060216526072 ) ) ;
#6239 = EDGE_CURVE ( 'NONE', #7766, #7649, #8568, .T. ) ;
#6240 = AXIS2_PLACEMENT_3D ( 'NONE', #1159, #2624, #4526 ) ;
#6241 = MECHANICAL_DESIGN_GEOMETRIC_PRESENTATION_REPRESENTATION (  '', ( #1091 ), #9014 ) ;
#6242 = ORIENTED_EDGE ( 'NONE', *, *, #1693, .T. ) ;
#6243 = CARTESIAN_POINT ( 'NONE',  ( -5.585735931288071221, 3.329999999999999627, -0.3821320343559643784 ) ) ;
#6244 = DIRECTION ( 'NONE',  ( 0.000000000000000000, 0.000000000000000000, -1.000000000000000000 ) ) ;
#6245 = DIRECTION ( 'NONE',  ( -0.4226182617407031605, 0.000000000000000000, 0.9063077870366482713 ) ) ;
#6246 = LINE ( 'NONE', #4913, #1689 ) ;
#6247 = CIRCLE ( 'NONE', #6545, 0.6650000000000000355 ) ;
#6248 = ORIENTED_EDGE ( 'NONE', *, *, #4230, .F. ) ;
#6249 = CARTESIAN_POINT ( 'NONE',  ( 8.890000000000000568, 7.174999999999999822, 0.3200000000000007838 ) ) ;
#6250 = EDGE_CURVE ( 'NONE', #2080, #6029, #1619, .T. ) ;
#6251 = VERTEX_POINT ( 'NONE', #3039 ) ;
#6252 = ORIENTED_EDGE ( 'NONE', *, *, #276, .T. ) ;
#6253 = AXIS2_PLACEMENT_3D ( 'NONE', #4558, #5802, #8036 ) ;
#6254 = DIRECTION ( 'NONE',  ( 0.000000000000000000, 1.000000000000000000, 4.075948017035275911E-17 ) ) ;
#6255 = FACE_OUTER_BOUND ( 'NONE', #8442, .T. ) ;
#6256 = CARTESIAN_POINT ( 'NONE',  ( 9.120602173914001298, 3.330000000000001847, -0.4109645392657208518 ) ) ;
#6257 = ORIENTED_EDGE ( 'NONE', *, *, #7396, .T. ) ;
#6258 = CARTESIAN_POINT ( 'NONE',  ( 8.890000000000000568, 3.479999999999999982, -0.3199999999999999512 ) ) ;
#6259 = LINE ( 'NONE', #7718, #1850 ) ;
#6260 = DIRECTION ( 'NONE',  ( 0.000000000000000000, 0.7071067811865474617, 0.7071067811865474617 ) ) ;
#6261 = EDGE_LOOP ( 'NONE', ( #4657, #3569, #5044, #57, #2943 ) ) ;
#6262 = VECTOR ( 'NONE', #85, 999.9999999999998863 ) ;
#6263 = DIRECTION ( 'NONE',  ( -0.9063077870366482713, 2.587705042845171132E-17, -0.4226182617407031605 ) ) ;
#6264 = EDGE_CURVE ( 'NONE', #4548, #3418, #799, .T. ) ;
#6265 = CARTESIAN_POINT ( 'NONE',  ( -1.270000000000000018, -4.400000000000000355, -0.2349999999999989875 ) ) ;
#6266 = CIRCLE ( 'NONE', #5975, 0.3150000000000000022 ) ;
#6267 = VERTEX_POINT ( 'NONE', #8784 ) ;
#6268 = FACE_OUTER_BOUND ( 'NONE', #4282, .T. ) ;
#6269 = PRESENTATION_STYLE_ASSIGNMENT (( #5498 ) ) ;
#6270 = ORIENTED_EDGE ( 'NONE', *, *, #7972, .F. ) ;
#6271 = DIRECTION ( 'NONE',  ( 0.000000000000000000, 0.000000000000000000, -1.000000000000000000 ) ) ;
#6272 = CARTESIAN_POINT ( 'NONE',  ( -8.890000000000000568, 7.174999999999999822, -0.3200000000000007838 ) ) ;
#6273 = CARTESIAN_POINT ( 'NONE',  ( 1.654862183587969771, 3.330000000000000515, -0.2733544892302346430 ) ) ;
#6274 = ORIENTED_EDGE ( 'NONE', *, *, #3914, .T. ) ;
#6275 =( GEOMETRIC_REPRESENTATION_CONTEXT ( 3 ) GLOBAL_UNCERTAINTY_ASSIGNED_CONTEXT ( ( #1848 ) ) GLOBAL_UNIT_ASSIGNED_CONTEXT ( ( #759, #7620, #5058 ) ) REPRESENTATION_CONTEXT ( 'NONE', 'WORKASPACE' ) );
#6276 = DIRECTION ( 'NONE',  ( 0.000000000000000000, 0.000000000000000000, 1.000000000000000000 ) ) ;
#6277 = EDGE_CURVE ( 'NONE', #2692, #2942, #3887, .T. ) ;
#6278 =( GEOMETRIC_REPRESENTATION_CONTEXT ( 3 ) GLOBAL_UNCERTAINTY_ASSIGNED_CONTEXT ( ( #8627 ) ) GLOBAL_UNIT_ASSIGNED_CONTEXT ( ( #7719, #2793, #179 ) ) REPRESENTATION_CONTEXT ( 'NONE', 'WORKASPACE' ) );
#6279 = EDGE_CURVE ( 'NONE', #6251, #6590, #8743, .T. ) ;
#6280 = ORIENTED_EDGE ( 'NONE', *, *, #4934, .T. ) ;
#6281 = EDGE_LOOP ( 'NONE', ( #4487, #4, #7674, #5718 ) ) ;
#6282 = CARTESIAN_POINT ( 'NONE',  ( 8.656959502035808995, 3.330000000000003180, 0.4133090432414749382 ) ) ;
#6283 = CARTESIAN_POINT ( 'NONE',  ( -8.890000000000000568, 5.327499999999999680, 0.3200000000000000067 ) ) ;
#6284 = LINE ( 'NONE', #9021, #3167 ) ;
#6285 = LINE ( 'NONE', #1995, #5879 ) ;
#6286 = CARTESIAN_POINT ( 'NONE',  ( 4.083354489230217155, 3.330000000000001847, 0.3848621835879828534 ) ) ;
#6287 = LINE ( 'NONE', #8370, #8849 ) ;
#6288 = ORIENTED_EDGE ( 'NONE', *, *, #4309, .F. ) ;
#6289 = EDGE_CURVE ( 'NONE', #6172, #78, #1684, .T. ) ;
#6290 = DIRECTION ( 'NONE',  ( -1.000000000000000000, 3.492836481966780137E-15, 0.000000000000000000 ) ) ;
#6291 = CARTESIAN_POINT ( 'NONE',  ( 3.810000000000000053, -0.7321320343559629684, -0.2349999999999980715 ) ) ;
#6292 = DIRECTION ( 'NONE',  ( 0.000000000000000000, 0.000000000000000000, 1.000000000000000000 ) ) ;
#6293 = DIRECTION ( 'NONE',  ( 0.000000000000000000, 0.000000000000000000, 1.000000000000000000 ) ) ;
#6294 = DIRECTION ( 'NONE',  ( 0.000000000000000000, 0.000000000000000000, -1.000000000000000000 ) ) ;
#6295 = CARTESIAN_POINT ( 'NONE',  ( -6.349999999999999645, 0.000000000000000000, -0.6650000000000000355 ) ) ;
#6296 = CARTESIAN_POINT ( 'NONE',  ( -0.9214868143152918911, -0.6699999999999951550, -0.1659194131552645113 ) ) ;
#6297 = EDGE_LOOP ( 'NONE', ( #1878, #4471, #1958 ) ) ;
#6298 = FACE_OUTER_BOUND ( 'NONE', #4049, .T. ) ;
#6299 = STYLED_ITEM ( 'NONE', ( #5612 ), #4211 ) ;
#6300 = EDGE_LOOP ( 'NONE', ( #5992, #4238, #709, #3812, #595 ) ) ;
#6301 =( NAMED_UNIT ( * ) PLANE_ANGLE_UNIT ( ) SI_UNIT ( $, .RADIAN. ) );
#6302 = ORIENTED_EDGE ( 'NONE', *, *, #6127, .T. ) ;
#6303 = SURFACE_STYLE_USAGE ( .BOTH. , #987 ) ;
#6304 = FACE_OUTER_BOUND ( 'NONE', #5291, .T. ) ;
#6305 = VECTOR ( 'NONE', #6491, 1000.000000000000000 ) ;
#6306 = DIRECTION ( 'NONE',  ( 3.492836481966780137E-15, 1.000000000000000000, 0.000000000000000000 ) ) ;
#6307 = CARTESIAN_POINT ( 'NONE',  ( 8.574329587467486746, -0.6699999999999460831, -0.2232947942789806350 ) ) ;
#6308 = ORIENTED_EDGE ( 'NONE', *, *, #3371, .T. ) ;
#6309 = CARTESIAN_POINT ( 'NONE',  ( -8.831315444347918486, 3.330000000000002292, -0.4672500417916118365 ) ) ;
#6310 = CARTESIAN_POINT ( 'NONE',  ( -1.270000000000000240, -4.629945645751342376, 1.355252715606880543E-17 ) ) ;
#6311 = LINE ( 'NONE', #7037, #6577 ) ;
#6312 = DIRECTION ( 'NONE',  ( -0.4226182617407031605, 0.000000000000000000, 0.9063077870366482713 ) ) ;
#6313 = AXIS2_PLACEMENT_3D ( 'NONE', #5920, #6578, #5198 ) ;
#6314 = ADVANCED_FACE ( 'NONE', ( #7425 ), #7375, .T. ) ;
#6315 = LINE ( 'NONE', #3546, #2460 ) ;
#6316 = EDGE_CURVE ( 'NONE', #6059, #6388, #2259, .T. ) ;
#6317 = LINE ( 'NONE', #874, #573 ) ;
#6318 = ORIENTED_EDGE ( 'NONE', *, *, #8593, .F. ) ;
#6319 = DIRECTION ( 'NONE',  ( 0.000000000000000000, 1.000000000000000000, 0.000000000000000000 ) ) ;
#6320 = VECTOR ( 'NONE', #3779, 1000.000000000000000 ) ;
#6321 = ADVANCED_FACE ( 'NONE', ( #1853 ), #5991, .T. ) ;
#6322 = EDGE_CURVE ( 'NONE', #2126, #5205, #1250, .T. ) ;
#6323 = CARTESIAN_POINT ( 'NONE',  ( -1.683309043241409508, 3.330000000000004956, -0.2330404979641975405 ) ) ;
#6324 = EDGE_LOOP ( 'NONE', ( #5008, #2461 ) ) ;
#6325 = DIRECTION ( 'NONE',  ( 0.000000000000000000, 1.000000000000000000, 6.123031769111889989E-17 ) ) ;
#6326 = CARTESIAN_POINT ( 'NONE',  ( 1.270000000000000018, 1.967086183247610087, 0.000000000000000000 ) ) ;
#6327 = EDGE_CURVE ( 'NONE', #1656, #694, #2924, .T. ) ;
#6328 = EDGE_LOOP ( 'NONE', ( #6101, #4154, #2336 ) ) ;
#6329 = EDGE_LOOP ( 'NONE', ( #7641, #6593, #7491 ) ) ;
#6330 = CARTESIAN_POINT ( 'NONE',  ( 8.830055762600238722, 3.330000000000004068, -0.4700000000000000844 ) ) ;
#6331 = CARTESIAN_POINT ( 'NONE',  ( -4.044844392320849913, -0.6699999999999520783, -0.3095233799347742454 ) ) ;
#6332 = VECTOR ( 'NONE', #1905, 1000.000000000000000 ) ;
#6333 = CARTESIAN_POINT ( 'NONE',  ( -3.361456652252770905, 3.330000000000001403, 0.1434580550843196356 ) ) ;
#6334 = DIRECTION ( 'NONE',  ( 1.000000000000000000, 0.000000000000000000, 0.000000000000000000 ) ) ;
#6335 = CARTESIAN_POINT ( 'NONE',  ( 9.660000000000000142, -0.6699999999999979305, -0.3849999999999999534 ) ) ;
#6336 = VERTEX_POINT ( 'NONE', #555 ) ;
#6337 = VECTOR ( 'NONE', #5180, 1000.000000000000000 ) ;
#6338 = PRESENTATION_LAYER_ASSIGNMENT (  '', '', ( #2501 ) ) ;
#6339 = CARTESIAN_POINT ( 'NONE',  ( -4.879999999999999893, 2.799999999999999822, 0.8699999999999999956 ) ) ;
#6340 = DIRECTION ( 'NONE',  ( 0.000000000000000000, 1.000000000000000000, 0.000000000000000000 ) ) ;
#6341 = DIRECTION ( 'NONE',  ( 0.000000000000000000, 0.000000000000000000, 1.000000000000000000 ) ) ;
#6342 = LINE ( 'NONE', #9075, #8141 ) ;
#6343 = DIRECTION ( 'NONE',  ( -1.000000000000000000, -0.000000000000000000, -0.000000000000000000 ) ) ;
#6344 = VERTEX_POINT ( 'NONE', #5499 ) ;
#6345 = CARTESIAN_POINT ( 'NONE',  ( -8.505000000000000782, -0.6699999999999979305, 2.710505431213761085E-17 ) ) ;
#6346 = VECTOR ( 'NONE', #1564, 1000.000000000000000 ) ;
#6347 = SURFACE_SIDE_STYLE ('',( #2057 ) ) ;
#6348 = DIRECTION ( 'NONE',  ( 1.000000000000000000, 0.000000000000000000, 0.000000000000000000 ) ) ;
#6349 = DIRECTION ( 'NONE',  ( -0.4226182617407017728, 0.000000000000000000, -0.9063077870366488265 ) ) ;
#6350 = CIRCLE ( 'NONE', #1479, 0.3200000000000000067 ) ;
#6351 = VERTEX_POINT ( 'NONE', #6176 ) ;
#6352 = CARTESIAN_POINT ( 'NONE',  ( 8.507202378515854591, -0.6699999999999414202, 0.04826622627201128390 ) ) ;
#6353 = CARTESIAN_POINT ( 'NONE',  ( 6.349999999999999645, -0.4200000000000000400, 0.000000000000000000 ) ) ;
#6354 = SURFACE_STYLE_FILL_AREA ( #2114 ) ;
#6355 = ORIENTED_EDGE ( 'NONE', *, *, #6405, .F. ) ;
#6356 = DIRECTION ( 'NONE',  ( 0.000000000000000000, 1.000000000000000000, 6.123031769111889989E-17 ) ) ;
#6357 = ADVANCED_FACE ( 'NONE', ( #1943 ), #7565, .T. ) ;
#6358 = DIRECTION ( 'NONE',  ( 0.000000000000000000, 1.000000000000000000, 0.000000000000000000 ) ) ;
#6359 = DIRECTION ( 'NONE',  ( 0.000000000000000000, 1.000000000000000000, 6.123031769111889989E-17 ) ) ;
#6360 = ORIENTED_EDGE ( 'NONE', *, *, #5494, .F. ) ;
#6361 = DIRECTION ( 'NONE',  ( 0.000000000000000000, 0.000000000000000000, 1.000000000000000000 ) ) ;
#6362 = DIRECTION ( 'NONE',  ( 0.000000000000000000, -6.123031769111889989E-17, 1.000000000000000000 ) ) ;
#6363 = CARTESIAN_POINT ( 'NONE',  ( -6.349999999999999645, -0.4200000000000000400, -0.6649999999914868454 ) ) ;
#6364 = VECTOR ( 'NONE', #7346, 1000.000000000000000 ) ;
#6365 = EDGE_CURVE ( 'NONE', #4271, #2598, #4361, .T. ) ;
#6366 = APPLICATION_CONTEXT ( 'automotive_design' ) ;
#6367 = STYLED_ITEM ( 'NONE', ( #5454 ), #8928 ) ;
#6368 = ORIENTED_EDGE ( 'NONE', *, *, #7270, .F. ) ;
#6369 = DIRECTION ( 'NONE',  ( 0.000000000000000000, 1.000000000000000000, 0.000000000000000000 ) ) ;
#6370 = VERTEX_POINT ( 'NONE', #2151 ) ;
#6371 = AXIS2_PLACEMENT_3D ( 'NONE', #2709, #6693, #3837 ) ;
#6372 = ORIENTED_EDGE ( 'NONE', *, *, #5689, .F. ) ;
#6373 = CARTESIAN_POINT ( 'NONE',  ( 10.06673846836899955, 5.327037639127337178E-17, -1.070000000000000062 ) ) ;
#6374 = CARTESIAN_POINT ( 'NONE',  ( 1.318071391332030551, -0.6699999999999729505, 0.3827473746590864256 ) ) ;
#6375 = CARTESIAN_POINT ( 'NONE',  ( 0.1999999999999987899, 2.799999999999999822, 0.8699999999999999956 ) ) ;
#6376 = CARTESIAN_POINT ( 'NONE',  ( -0.05426690114209350990, 5.327037639127340260E-17, -0.8699999999999999956 ) ) ;
#6377 = PRESENTATION_LAYER_ASSIGNMENT (  '', '', ( #6817 ) ) ;
#6378 = CARTESIAN_POINT ( 'NONE',  ( 4.280000000000000249, 3.330000000000000071, 2.710505431213761085E-17 ) ) ;
#6379 = CIRCLE ( 'NONE', #7555, 0.2349999999999980160 ) ;
#6380 = CARTESIAN_POINT ( 'NONE',  ( 3.810000000000000053, 1.967086183247610087, 0.000000000000000000 ) ) ;
#6381 = VERTEX_POINT ( 'NONE', #1555 ) ;
#6382 = LINE ( 'NONE', #2773, #3369 ) ;
#6383 = CIRCLE ( 'NONE', #2688, 0.3150000000000000022 ) ;
#6384 = FILL_AREA_STYLE_COLOUR ( '', #358 ) ;
#6385 = LINE ( 'NONE', #5013, #3775 ) ;
#6386 = CARTESIAN_POINT ( 'NONE',  ( -6.118066036206907476, 3.330000000000001847, 0.4091172195759823493 ) ) ;
#6387 = CARTESIAN_POINT ( 'NONE',  ( 8.890000000000000568, 7.489960314960471877, -2.117582368135750848E-17 ) ) ;
#6388 = VERTEX_POINT ( 'NONE', #4979 ) ;
#6389 = CARTESIAN_POINT ( 'NONE',  ( 1.270000000000000018, -0.2100000000000000200, 0.000000000000000000 ) ) ;
#6390 =( LENGTH_UNIT ( ) NAMED_UNIT ( * ) SI_UNIT ( .MILLI., .METRE. ) );
#6391 = CARTESIAN_POINT ( 'NONE',  ( -1.270000000000000018, -0.4200000000000000400, 0.6650000000123328370 ) ) ;
#6392 = MECHANICAL_DESIGN_GEOMETRIC_PRESENTATION_REPRESENTATION (  '', ( #1236 ), #3596 ) ;
#6393 = PLANE ( 'NONE',  #1743 ) ;
#6394 = CARTESIAN_POINT ( 'NONE',  ( 8.890000000000000568, 3.329999999999999183, 0.4700000000000004730 ) ) ;
#6395 = VECTOR ( 'NONE', #1863, 1000.000000000000000 ) ;
#6396 = LINE ( 'NONE', #2109, #3755 ) ;
#6397 = ORIENTED_EDGE ( 'NONE', *, *, #1543, .T. ) ;
#6398 = DIRECTION ( 'NONE',  ( -0.4226182617407031605, 0.000000000000000000, 0.9063077870366482713 ) ) ;
#6399 = ORIENTED_EDGE ( 'NONE', *, *, #2962, .F. ) ;
#6400 = ORIENTED_EDGE ( 'NONE', *, *, #6838, .F. ) ;
#6401 = SURFACE_SIDE_STYLE ('',( #5076 ) ) ;
#6402 = CARTESIAN_POINT ( 'NONE',  ( 1.643736873295431611, -0.6699999999999972644, -0.09531021239245759946 ) ) ;
#6403 = STYLED_ITEM ( 'NONE', ( #8803 ), #6546 ) ;
#6404 = CARTESIAN_POINT ( 'NONE',  ( 6.349999999999999645, 3.479999999999999982, 0.000000000000000000 ) ) ;
#6405 = EDGE_CURVE ( 'NONE', #2755, #8273, #7801, .T. ) ;
#6406 = CARTESIAN_POINT ( 'NONE',  ( 8.006523063261999695, 7.776250346772100076E-17, -1.270000000000000018 ) ) ;
#6407 = ORIENTED_EDGE ( 'NONE', *, *, #6899, .T. ) ;
#6408 = CARTESIAN_POINT ( 'NONE',  ( -3.810000000000000497, -4.537064994640259918, 0.2349999999999975719 ) ) ;
#6409 = CARTESIAN_POINT ( 'NONE',  ( 7.233476936737999630, -7.776250346772100076E-17, 1.270000000000000018 ) ) ;
#6410 = VECTOR ( 'NONE', #2171, 1000.000000000000114 ) ;
#6411 = EDGE_CURVE ( 'NONE', #252, #4548, #7032, .T. ) ;
#6412 = ORIENTED_EDGE ( 'NONE', *, *, #2376, .F. ) ;
#6413 = CARTESIAN_POINT ( 'NONE',  ( 2.210000000000001297, 3.329999999999999183, 0.4700000000000004730 ) ) ;
#6414 = ORIENTED_EDGE ( 'NONE', *, *, #981, .T. ) ;
#6415 = CARTESIAN_POINT ( 'NONE',  ( 6.502947506021659052, -0.6699999999999808331, -0.3534632452272085112 ) ) ;
#6416 = AXIS2_PLACEMENT_3D ( 'NONE', #6942, #2193, #5704 ) ;
#6417 = ORIENTED_EDGE ( 'NONE', *, *, #8767, .T. ) ;
#6418 = EDGE_LOOP ( 'NONE', ( #2256, #2614, #1320, #7624 ) ) ;
#6419 = CARTESIAN_POINT ( 'NONE',  ( 10.06673846836899955, -6.551643992949719860E-17, 1.070000000000000062 ) ) ;
#6420 = LINE ( 'NONE', #2947, #7123 ) ;
#6421 = CARTESIAN_POINT ( 'NONE',  ( -3.536645510769798495, 3.330000000000002736, 0.3848621835879901254 ) ) ;
#6422 = ORIENTED_EDGE ( 'NONE', *, *, #4618, .F. ) ;
#6423 = DIRECTION ( 'NONE',  ( 1.000000000000000000, 0.000000000000000000, 0.000000000000000000 ) ) ;
#6424 = DIRECTION ( 'NONE',  ( 0.000000000000000000, 1.000000000000000000, 0.000000000000000000 ) ) ;
#6425 =( GEOMETRIC_REPRESENTATION_CONTEXT ( 3 ) GLOBAL_UNCERTAINTY_ASSIGNED_CONTEXT ( ( #7274 ) ) GLOBAL_UNIT_ASSIGNED_CONTEXT ( ( #8381, #2104, #2740 ) ) REPRESENTATION_CONTEXT ( 'NONE', 'WORKASPACE' ) );
#6426 = DIRECTION ( 'NONE',  ( 0.000000000000000000, 0.000000000000000000, 1.000000000000000000 ) ) ;
#6427 = EDGE_LOOP ( 'NONE', ( #2559, #7492, #8581 ) ) ;
#6428 = CARTESIAN_POINT ( 'NONE',  ( 6.819999999999995843, -0.8199999999999998401, 0.2349999999999980715 ) ) ;
#6429 = EDGE_CURVE ( 'NONE', #6670, #4608, #6396, .T. ) ;
#6430 = DIRECTION ( 'NONE',  ( 0.4226182617407017728, 0.000000000000000000, 0.9063077870366488265 ) ) ;
#6431 = CARTESIAN_POINT ( 'NONE',  ( -6.066285934864789731, 3.330000000000002736, -0.3760777678184866746 ) ) ;
#6432 = EDGE_CURVE ( 'NONE', #5906, #8407, #807, .T. ) ;
#6433 = CARTESIAN_POINT ( 'NONE',  ( -6.622535599931615558, 3.330000000000004512, -0.3854018575818474734 ) ) ;
#6434 = ORIENTED_EDGE ( 'NONE', *, *, #6502, .F. ) ;
#6435 = CYLINDRICAL_SURFACE ( 'NONE', #8318, 0.2349999999999989875 ) ;
#6436 = CARTESIAN_POINT ( 'NONE',  ( -3.810000000000000053, 3.330000000000000071, -0.9150000000000000355 ) ) ;
#6437 = ORIENTED_EDGE ( 'NONE', *, *, #7081, .F. ) ;
#6438 = CARTESIAN_POINT ( 'NONE',  ( 1.270000000000000018, 2.799999999999999822, 0.000000000000000000 ) ) ;
#6439 = CARTESIAN_POINT ( 'NONE',  ( 1.083147460273542473, 3.330000000000003624, -0.4315005850825661127 ) ) ;
#6440 = CIRCLE ( 'NONE', #5561, 0.9150000000000000355 ) ;
#6441 = EDGE_CURVE ( 'NONE', #6670, #4444, #1536, .T. ) ;
#6442 = CARTESIAN_POINT ( 'NONE',  ( -3.810000000000000053, 0.000000000000000000, 0.000000000000000000 ) ) ;
#6443 = VERTEX_POINT ( 'NONE', #7075 ) ;
#6444 = DIRECTION ( 'NONE',  ( 0.000000000000000000, 1.000000000000000000, 6.123031769111889989E-17 ) ) ;
#6445 =( LENGTH_UNIT ( ) NAMED_UNIT ( * ) SI_UNIT ( .MILLI., .METRE. ) );
#6446 = DIRECTION ( 'NONE',  ( 0.000000000000000000, -6.123031769111889989E-17, 1.000000000000000000 ) ) ;
#6447 = CONICAL_SURFACE ( 'NONE', #855, 0.6649999999718599897, 0.7853981633974482790 ) ;
#6448 = ORIENTED_EDGE ( 'NONE', *, *, #7174, .F. ) ;
#6449 = CARTESIAN_POINT ( 'NONE',  ( -3.810000000000000497, -4.537064994640259918, -0.2349999999999975719 ) ) ;
#6450 = LINE ( 'NONE', #1465, #7214 ) ;
#6451 = CARTESIAN_POINT ( 'NONE',  ( 1.270000000000000018, 3.329999999999999183, 0.4700000000000004730 ) ) ;
#6452 = CIRCLE ( 'NONE', #861, 0.2349999999999980160 ) ;
#6453 = CARTESIAN_POINT ( 'NONE',  ( 1.729000167166447444, 3.330000000000000515, -0.1181620185854528743 ) ) ;
#6454 = EDGE_LOOP ( 'NONE', ( #6822, #2375, #6773, #9026 ) ) ;
#6455 = DIRECTION ( 'NONE',  ( 0.000000000000000000, 0.000000000000000000, 1.000000000000000000 ) ) ;
#6456 =( BOUNDED_SURFACE ( )  B_SPLINE_SURFACE ( 3, 3, ( 
 ( #2281, #996, #7890, #8664 ),
 ( #4402, #6527, #7257, #6617 ),
 ( #8713, #8614, #2331, #5154 ),
 ( #7349, #8022, #4451, #3768 ) ),
 .UNSPECIFIED., .F., .F., .T. ) 
 B_SPLINE_SURFACE_WITH_KNOTS ( ( 4, 4 ),
 ( 4, 4 ),
 ( 0.000000000000000000, 1.000000000000000000 ),
 ( 0.000000000000000000, 1.000000000000000000 ),
 .UNSPECIFIED. ) 
 GEOMETRIC_REPRESENTATION_ITEM ( )  RATIONAL_B_SPLINE_SURFACE ( (
 ( 1.000000000000000000, 0.3333333333333334259, 0.3333333333333334259, 1.000000000000000000),
 ( 0.8047378541243649375, 0.2682459513747884050, 0.2682459513747884050, 0.8047378541243649375),
 ( 0.8047378541243649375, 0.2682459513747884050, 0.2682459513747884050, 0.8047378541243649375),
 ( 1.000000000000000000, 0.3333333333333334259, 0.3333333333333334259, 1.000000000000000000) ) ) 
 REPRESENTATION_ITEM ( '' )  SURFACE ( )  );
#6457 = EDGE_LOOP ( 'NONE', ( #2719, #7913 ) ) ;
#6458 = ORIENTED_EDGE ( 'NONE', *, *, #4322, .T. ) ;
#6459 = CARTESIAN_POINT ( 'NONE',  ( -6.349999999999999645, -0.6699999999999979305, 0.3849999999999999534 ) ) ;
#6460 = DIRECTION ( 'NONE',  ( -0.000000000000000000, -1.000000000000000000, -0.000000000000000000 ) ) ;
#6461 = PRESENTATION_STYLE_ASSIGNMENT (( #8598 ) ) ;
#6462 = ORIENTED_EDGE ( 'NONE', *, *, #8426, .T. ) ;
#6463 = DIRECTION ( 'NONE',  ( 1.000000000000000000, 0.000000000000000000, 0.000000000000000000 ) ) ;
#6464 = AXIS2_PLACEMENT_3D ( 'NONE', #6654, #7433, #293 ) ;
#6465 = CARTESIAN_POINT ( 'NONE',  ( 1.152845482841427405, -0.6699999999999607381, -0.3676542739226117962 ) ) ;
#6466 = ORIENTED_EDGE ( 'NONE', *, *, #1082, .F. ) ;
#6467 = CARTESIAN_POINT ( 'NONE',  ( -5.373261531630999954, -7.776250346772097611E-17, 1.070000000000000062 ) ) ;
#6468 = CARTESIAN_POINT ( 'NONE',  ( 4.040602173914006556, 3.330000000000001847, -0.4109645392657148011 ) ) ;
#6469 = PLANE ( 'NONE',  #3823 ) ;
#6470 = CARTESIAN_POINT ( 'NONE',  ( 9.076715137221244234, 3.330000000000001403, 0.4315005850825658906 ) ) ;
#6471 = CARTESIAN_POINT ( 'NONE',  ( -4.450000000000001954, 7.175000000000000711, 0.3200000000000007838 ) ) ;
#6472 = CARTESIAN_POINT ( 'NONE',  ( -6.581290550772764369, 3.330000000000002736, -0.4095412491425900470 ) ) ;
#6473 = ORIENTED_EDGE ( 'NONE', *, *, #8767, .F. ) ;
#6474 = DIRECTION ( 'NONE',  ( -0.000000000000000000, -1.000000000000000000, -0.000000000000000000 ) ) ;
#6475 = CARTESIAN_POINT ( 'NONE',  ( -8.616645510769801675, 3.330000000000001847, 0.3848621835879896813 ) ) ;
#6476 = ADVANCED_FACE ( 'NONE', ( #5789 ), #3695, .T. ) ;
#6477 = DIRECTION ( 'NONE',  ( 0.000000000000000000, 1.000000000000000000, 0.000000000000000000 ) ) ;
#6478 = CIRCLE ( 'NONE', #1621, 0.1500000000000020206 ) ;
#6479 = VECTOR ( 'NONE', #2257, 1000.000000000000000 ) ;
#6480 = EDGE_CURVE ( 'NONE', #877, #8273, #4631, .T. ) ;
#6481 = CARTESIAN_POINT ( 'NONE',  ( -0.9333588348568067072, -0.6699999999999943778, -0.1888975254401946691 ) ) ;
#6482 = DIRECTION ( 'NONE',  ( 0.000000000000000000, 0.000000000000000000, 1.000000000000000000 ) ) ;
#6483 =( LENGTH_UNIT ( ) NAMED_UNIT ( * ) SI_UNIT ( .MILLI., .METRE. ) );
#6484 = VECTOR ( 'NONE', #424, 1000.000000000000000 ) ;
#6485 = CARTESIAN_POINT ( 'NONE',  ( 4.100697133246770321, -0.6699999999999909361, 0.2539486160370438839 ) ) ;
#6486 = CARTESIAN_POINT ( 'NONE',  ( 5.880000000000005222, -4.537064994640259030, -0.2349999999999976275 ) ) ;
#6487 = EDGE_LOOP ( 'NONE', ( #142, #3131, #6999 ) ) ;
#6488 = SURFACE_SIDE_STYLE ('',( #2380 ) ) ;
#6489 = CARTESIAN_POINT ( 'NONE',  ( 7.420000000000000817, 2.799999999999999822, 0.8700000000000002176 ) ) ;
#6490 = CIRCLE ( 'NONE', #2946, 0.3150000000000000022 ) ;
#6491 = DIRECTION ( 'NONE',  ( -0.4226182617407031605, 0.000000000000000000, -0.9063077870366482713 ) ) ;
#6492 = DIRECTION ( 'NONE',  ( -0.4226182617407002184, 0.000000000000000000, 0.9063077870366496036 ) ) ;
#6493 = CARTESIAN_POINT ( 'NONE',  ( -1.270000000000000018, -0.8199999999999999512, 0.2349999999999980438 ) ) ;
#6494 = CARTESIAN_POINT ( 'NONE',  ( 3.340000000000003411, -0.8199999999999998401, -0.2349999999999980715 ) ) ;
#6495 = VERTEX_POINT ( 'NONE', #7930 ) ;
#6496 = CARTESIAN_POINT ( 'NONE',  ( -1.701517550911195498, 3.330000000000003624, 0.1868098221245468871 ) ) ;
#6497 = CARTESIAN_POINT ( 'NONE',  ( 1.739999999999999991, 3.330000000000000959, -0.06049384742075936822 ) ) ;
#6498 = ORIENTED_EDGE ( 'NONE', *, *, #5248, .F. ) ;
#6499 = VERTEX_POINT ( 'NONE', #907 ) ;
#6500 = CARTESIAN_POINT ( 'NONE',  ( -5.880000000000001670, -0.7321320343559630794, -0.2349999999999963229 ) ) ;
#6501 = DIRECTION ( 'NONE',  ( 0.000000000000000000, 1.000000000000000000, 0.000000000000000000 ) ) ;
#6502 = EDGE_CURVE ( 'NONE', #7440, #1139, #7404, .T. ) ;
#6503 =( GEOMETRIC_REPRESENTATION_CONTEXT ( 3 ) GLOBAL_UNCERTAINTY_ASSIGNED_CONTEXT ( ( #1200 ) ) GLOBAL_UNIT_ASSIGNED_CONTEXT ( ( #5161, #450, #580 ) ) REPRESENTATION_CONTEXT ( 'NONE', 'WORKASPACE' ) );
#6504 =( NAMED_UNIT ( * ) SI_UNIT ( $, .STERADIAN. ) SOLID_ANGLE_UNIT ( ) );
#6505 = EDGE_LOOP ( 'NONE', ( #2081, #6961, #4520, #7839, #7170 ) ) ;
#6506 = DIRECTION ( 'NONE',  ( 0.000000000000000000, 0.000000000000000000, -1.000000000000000000 ) ) ;
#6507 = CARTESIAN_POINT ( 'NONE',  ( 6.819999999999994067, -4.399999999999999467, 0.2349999999999975719 ) ) ;
#6508 =( BOUNDED_SURFACE ( )  B_SPLINE_SURFACE ( 3, 3, ( 
 ( #5670, #4372, #7814, #6493 ),
 ( #690, #5039, #7685, #7859 ),
 ( #7723, #1464, #1419, #2074 ),
 ( #2938, #829, #7085, #3599 ) ),
 .UNSPECIFIED., .F., .F., .F. ) 
 B_SPLINE_SURFACE_WITH_KNOTS ( ( 4, 4 ),
 ( 4, 4 ),
 ( 0.000000000000000000, 1.000000000000000000 ),
 ( 0.000000000000000000, 1.000000000000000000 ),
 .UNSPECIFIED. ) 
 GEOMETRIC_REPRESENTATION_ITEM ( )  RATIONAL_B_SPLINE_SURFACE ( (
 ( 1.000000000000000000, 0.3333333333333334259, 0.3333333333333334259, 1.000000000000000000),
 ( 0.8047378541243649375, 0.2682459513747884050, 0.2682459513747884050, 0.8047378541243649375),
 ( 0.8047378541243649375, 0.2682459513747884050, 0.2682459513747884050, 0.8047378541243649375),
 ( 1.000000000000000000, 0.3333333333333334259, 0.3333333333333334259, 1.000000000000000000) ) ) 
 REPRESENTATION_ITEM ( '' )  SURFACE ( )  );
#6509 = CARTESIAN_POINT ( 'NONE',  ( 1.270000000000000240, -4.537064994640259918, -0.2349999999999975719 ) ) ;
#6510 = PRESENTATION_LAYER_ASSIGNMENT (  '', '', ( #6658 ) ) ;
#6511 = ORIENTED_EDGE ( 'NONE', *, *, #6228, .T. ) ;
#6512 = VECTOR ( 'NONE', #1869, 1000.000000000000000 ) ;
#6513 = CARTESIAN_POINT ( 'NONE',  ( 1.270000000000000018, -0.4200000000196268957, -0.6649999998894416953 ) ) ;
#6514 = SURFACE_STYLE_USAGE ( .BOTH. , #2910 ) ;
#6515 = CARTESIAN_POINT ( 'NONE',  ( 9.357250041791612460, 3.330000000000000959, 0.05868455565214397013 ) ) ;
#6516 = COLOUR_RGB ( '',0.000000000000000000, 0.000000000000000000, 0.000000000000000000 ) ;
#6517 =( NAMED_UNIT ( * ) PLANE_ANGLE_UNIT ( ) SI_UNIT ( $, .RADIAN. ) );
#6518 = PRESENTATION_LAYER_ASSIGNMENT (  '', '', ( #6819 ) ) ;
#6519 = CARTESIAN_POINT ( 'NONE',  ( 8.250000000000000000, 3.479999999999999538, 0.3199999999999999512 ) ) ;
#6520 = EDGE_CURVE ( 'NONE', #4377, #239, #6691, .T. ) ;
#6521 = CARTESIAN_POINT ( 'NONE',  ( -6.349999999999999645, 3.330000000000000515, 0.4700000000000000844 ) ) ;
#6522 = ORIENTED_EDGE ( 'NONE', *, *, #6107, .T. ) ;
#6523 = ADVANCED_FACE ( 'NONE', ( #7213 ), #3986, .T. ) ;
#6524 = CARTESIAN_POINT ( 'NONE',  ( -8.433749791041941890, 3.330000000000001403, 0.1163527268167923040 ) ) ;
#6525 = CARTESIAN_POINT ( 'NONE',  ( -6.350000000000000533, 7.490000000000000213, 0.000000000000000000 ) ) ;
#6526 = ORIENTED_EDGE ( 'NONE', *, *, #7856, .F. ) ;
#6527 = CARTESIAN_POINT ( 'NONE',  ( -8.420000000000003482, -0.7321320343559630794, 0.2349999999999980160 ) ) ;
#6528 = CARTESIAN_POINT ( 'NONE',  ( -9.263660126678690432, 7.492926245181915412, -0.1868300633393451260 ) ) ;
#6529 = ADVANCED_FACE ( 'NONE', ( #257 ), #5116, .T. ) ;
#6530 = CARTESIAN_POINT ( 'NONE',  ( 3.810000000000000053, 7.492926245181917189, -0.1868300633393450705 ) ) ;
#6531 = CIRCLE ( 'NONE', #6087, 0.6650000000000000355 ) ;
#6532 = FILL_AREA_STYLE ('',( #5158 ) ) ;
#6533 = ORIENTED_EDGE ( 'NONE', *, *, #1398, .F. ) ;
#6534 = CARTESIAN_POINT ( 'NONE',  ( 6.703463245227210265, -0.6699999999999958211, 0.1529475060216569648 ) ) ;
#6535 = SURFACE_STYLE_USAGE ( .BOTH. , #6488 ) ;
#6536 = CARTESIAN_POINT ( 'NONE',  ( 3.810000000000000053, -2.609999999999999876, 0.2349999999999989875 ) ) ;
#6537 = AXIS2_PLACEMENT_3D ( 'NONE', #6655, #7245, #1724 ) ;
#6538 = CARTESIAN_POINT ( 'NONE',  ( -1.910000000000001696, 7.175000000000000711, -0.3200000000000007838 ) ) ;
#6539 = LINE ( 'NONE', #1007, #3070 ) ;
#6540 = PLANE ( 'NONE',  #8560 ) ;
#6541 = ADVANCED_FACE ( 'NONE', ( #8024 ), #6211, .F. ) ;
#6542 = DIRECTION ( 'NONE',  ( 0.9063077870366482713, -2.587705042845171132E-17, 0.4226182617407031605 ) ) ;
#6543 = SURFACE_STYLE_FILL_AREA ( #966 ) ;
#6544 = CARTESIAN_POINT ( 'NONE',  ( -1.472853097504881248, 3.330000000000003180, -0.4242837188333186682 ) ) ;
#6545 = AXIS2_PLACEMENT_3D ( 'NONE', #1587, #6656, #5823 ) ;
#6546 = ADVANCED_FACE ( 'NONE', ( #4640 ), #4088, .T. ) ;
#6547 = EDGE_CURVE ( 'NONE', #6495, #7626, #8983, .T. ) ;
#6548 = ORIENTED_EDGE ( 'NONE', *, *, #3914, .F. ) ;
#6549 = CARTESIAN_POINT ( 'NONE',  ( 8.890000000000000568, 3.479999999999999982, 0.000000000000000000 ) ) ;
#6550 = ORIENTED_EDGE ( 'NONE', *, *, #5175, .T. ) ;
#6551 = UNCERTAINTY_MEASURE_WITH_UNIT (LENGTH_MEASURE( 1.000000000000000082E-05 ), #6390, 'distance_accuracy_value', 'NONE');
#6552 = DIRECTION ( 'NONE',  ( 0.000000000000000000, 1.000000000000000000, 0.000000000000000000 ) ) ;
#6553 = CARTESIAN_POINT ( 'NONE',  ( 10.06673846836899955, -7.776250346772100076E-17, 1.070000000000000062 ) ) ;
#6554 = DIRECTION ( 'NONE',  ( -0.000000000000000000, -1.000000000000000000, -0.000000000000000000 ) ) ;
#6555 = PLANE ( 'NONE',  #6702 ) ;
#6556 = ORIENTED_EDGE ( 'NONE', *, *, #4250, .F. ) ;
#6557 = FACE_OUTER_BOUND ( 'NONE', #6572, .T. ) ;
#6558 = EDGE_CURVE ( 'NONE', #7252, #1646, #8049, .T. ) ;
#6559 = DIRECTION ( 'NONE',  ( 3.492836481966780137E-15, 1.000000000000000000, 0.000000000000000000 ) ) ;
#6560 = CIRCLE ( 'NONE', #4201, 0.2349999999999989875 ) ;
#6561 = CARTESIAN_POINT ( 'NONE',  ( 0.9314030601181204627, -0.6699999999999443068, 0.1908403552268186365 ) ) ;
#6562 = ADVANCED_FACE ( 'NONE', ( #5385 ), #8903, .T. ) ;
#6563 = ORIENTED_EDGE ( 'NONE', *, *, #6723, .T. ) ;
#6564 = DIRECTION ( 'NONE',  ( 0.000000000000000000, 1.000000000000000000, 0.000000000000000000 ) ) ;
#6565 = CARTESIAN_POINT ( 'NONE',  ( -8.990000000000000213, -7.776250346772100076E-17, 1.270000000000000018 ) ) ;
#6566 = CARTESIAN_POINT ( 'NONE',  ( 6.232845482841468332, -0.6699999999999607381, -0.3676542739226255074 ) ) ;
#6567 = VECTOR ( 'NONE', #4466, 1000.000000000000000 ) ;
#6568 = FILL_AREA_STYLE_COLOUR ( '', #7848 ) ;
#6569 = CARTESIAN_POINT ( 'NONE',  ( 3.810000000000000053, -0.6699999999568717612, 0.000000000000000000 ) ) ;
#6570 =( BOUNDED_SURFACE ( )  B_SPLINE_SURFACE ( 3, 3, ( 
 ( #8028, #7265, #3022, #3814 ),
 ( #7982, #6016, #4505, #8620 ),
 ( #1696, #7407, #3111, #1647 ),
 ( #1001, #1094, #958, #5119 ) ),
 .UNSPECIFIED., .F., .F., .F. ) 
 B_SPLINE_SURFACE_WITH_KNOTS ( ( 4, 4 ),
 ( 4, 4 ),
 ( 0.000000000000000000, 1.000000000000000000 ),
 ( 0.000000000000000000, 1.000000000000000000 ),
 .UNSPECIFIED. ) 
 GEOMETRIC_REPRESENTATION_ITEM ( )  RATIONAL_B_SPLINE_SURFACE ( (
 ( 1.000000000000000000, 0.3333333333333334259, 0.3333333333333334259, 1.000000000000000000),
 ( 0.8047378541243658256, 0.2682459513747886826, 0.2682459513747886826, 0.8047378541243658256),
 ( 0.8047378541243658256, 0.2682459513747886826, 0.2682459513747886826, 0.8047378541243658256),
 ( 1.000000000000000000, 0.3333333333333334259, 0.3333333333333334259, 1.000000000000000000) ) ) 
 REPRESENTATION_ITEM ( '' )  SURFACE ( )  );
#6571 = FACE_OUTER_BOUND ( 'NONE', #5925, .T. ) ;
#6572 = EDGE_LOOP ( 'NONE', ( #5468, #1616, #3112, #273 ) ) ;
#6573 = SURFACE_STYLE_FILL_AREA ( #8569 ) ;
#6574 = FACE_OUTER_BOUND ( 'NONE', #3773, .T. ) ;
#6575 = VECTOR ( 'NONE', #2004, 1000.000000000000000 ) ;
#6576 = ORIENTED_EDGE ( 'NONE', *, *, #7528, .F. ) ;
#6577 = VECTOR ( 'NONE', #6993, 1000.000000000000000 ) ;
#6578 = DIRECTION ( 'NONE',  ( -0.000000000000000000, -1.000000000000000000, -0.000000000000000000 ) ) ;
#6579 = CARTESIAN_POINT ( 'NONE',  ( -9.530000000000001137, 7.361853603950959446, 0.3200000000000007838 ) ) ;
#6580 = DIRECTION ( 'NONE',  ( -0.4226182617407031605, 0.000000000000000000, -0.9063077870366482713 ) ) ;
#6581 = EDGE_LOOP ( 'NONE', ( #6683, #7050, #8810 ) ) ;
#6582 = CARTESIAN_POINT ( 'NONE',  ( 6.665259448258246344, -0.6699999999999924905, 0.2239180390502742424 ) ) ;
#6583 = VERTEX_POINT ( 'NONE', #2099 ) ;
#6584 =( NAMED_UNIT ( * ) SI_UNIT ( $, .STERADIAN. ) SOLID_ANGLE_UNIT ( ) );
#6585 =( NAMED_UNIT ( * ) SI_UNIT ( $, .STERADIAN. ) SOLID_ANGLE_UNIT ( ) );
#6586 = DIRECTION ( 'NONE',  ( 1.000000000000000000, 0.000000000000000000, 0.000000000000000000 ) ) ;
#6587 = VECTOR ( 'NONE', #589, 1000.000000000000000 ) ;
#6588 = SURFACE_SIDE_STYLE ('',( #7318 ) ) ;
#6589 = CARTESIAN_POINT ( 'NONE',  ( -1.270000000000000018, -0.6699999999999866063, -0.3849999999999997868 ) ) ;
#6590 = VERTEX_POINT ( 'NONE', #4347 ) ;
#6591 = CARTESIAN_POINT ( 'NONE',  ( 6.349999999999999645, 7.489960314960471877, -2.117582368135750848E-17 ) ) ;
#6592 = EDGE_CURVE ( 'NONE', #6443, #3414, #3568, .T. ) ;
#6593 = ORIENTED_EDGE ( 'NONE', *, *, #3959, .T. ) ;
#6594 = EDGE_CURVE ( 'NONE', #7130, #1000, #6975, .T. ) ;
#6595 = CYLINDRICAL_SURFACE ( 'NONE', #8112, 0.6650000000000000355 ) ;
#6596 = B_SPLINE_CURVE_WITH_KNOTS ( 'NONE', 3,
 ( #2368, #901, #7303, #6524, #993, #3102, #213, #8708, #950, #5828, #6475, #8611, #3154, #2326, #5065, #8018, #1728 ),
 .UNSPECIFIED., .F., .F.,
 ( 4, 2, 2, 2, 2, 1, 2, 2, 4 ),
 ( 0.000000000000000000, 0.1250000000000021372, 0.2500000000000042744, 0.3750000000000064393, 0.5000000000000086597, 0.6250000000000108802, 0.6875000000000091038, 0.7500000000000072164, 1.000000000000000000 ),
 .UNSPECIFIED. ) ;
#6597 = EDGE_CURVE ( 'NONE', #6029, #691, #2267, .T. ) ;
#6598 = EDGE_CURVE ( 'NONE', #6388, #6727, #8878, .T. ) ;
#6599 = FACE_OUTER_BOUND ( 'NONE', #1177, .T. ) ;
#6600 =( GEOMETRIC_REPRESENTATION_CONTEXT ( 3 ) GLOBAL_UNCERTAINTY_ASSIGNED_CONTEXT ( ( #374 ) ) GLOBAL_UNIT_ASSIGNED_CONTEXT ( ( #3357, #1147, #1882 ) ) REPRESENTATION_CONTEXT ( 'NONE', 'WORKASPACE' ) );
#6601 = DIRECTION ( 'NONE',  ( 0.000000000000000000, 0.000000000000000000, 1.000000000000000000 ) ) ;
#6602 = ORIENTED_EDGE ( 'NONE', *, *, #2492, .T. ) ;
#6603 = CARTESIAN_POINT ( 'NONE',  ( 5.994814595052823769, 3.330000000000004512, 0.3095472568615173503 ) ) ;
#6604 = CARTESIAN_POINT ( 'NONE',  ( -3.577595925367965446, -0.6699999999999867173, 0.3080637034257799334 ) ) ;
#6605 = VECTOR ( 'NONE', #5554, 1000.000000000000000 ) ;
#6606 = ORIENTED_EDGE ( 'NONE', *, *, #2302, .F. ) ;
#6607 = DIRECTION ( 'NONE',  ( -0.4226182617407031605, 0.000000000000000000, -0.9063077870366482713 ) ) ;
#6608 = CARTESIAN_POINT ( 'NONE',  ( -1.270000000000000018, 7.174999999999999822, -0.005000000000000779862 ) ) ;
#6609 = FACE_OUTER_BOUND ( 'NONE', #2671, .T. ) ;
#6610 = CARTESIAN_POINT ( 'NONE',  ( 9.266077767818462263, 3.330000000000001403, 0.2837140651352315079 ) ) ;
#6611 = VECTOR ( 'NONE', #7858, 1000.000000000000000 ) ;
#6612 = CARTESIAN_POINT ( 'NONE',  ( -8.480882780424009226, 3.330000000000000959, -0.2319339637930868392 ) ) ;
#6613 = DIRECTION ( 'NONE',  ( 0.000000000000000000, 1.000000000000000000, 0.000000000000000000 ) ) ;
#6614 = CARTESIAN_POINT ( 'NONE',  ( 0.6299999999999986722, 7.175000000000000711, -0.3200000000000007838 ) ) ;
#6615 = CARTESIAN_POINT ( 'NONE',  ( -6.350000000000000533, 7.492926245181917189, 0.1868300633393450705 ) ) ;
#6616 = ORIENTED_EDGE ( 'NONE', *, *, #423, .F. ) ;
#6617 = CARTESIAN_POINT ( 'NONE',  ( -8.889999999999998792, -0.7321320343559629684, -0.2349999999999980715 ) ) ;
#6618 = DIRECTION ( 'NONE',  ( 0.000000000000000000, 0.000000000000000000, 1.000000000000000000 ) ) ;
#6619 = CARTESIAN_POINT ( 'NONE',  ( 1.270000000000000018, -4.629945645751342376, -1.355252715606880543E-17 ) ) ;
#6620 = AXIS2_PLACEMENT_3D ( 'NONE', #1298, #4122, #4036 ) ;
#6621 = ORIENTED_EDGE ( 'NONE', *, *, #2084, .F. ) ;
#6622 = DIRECTION ( 'NONE',  ( 0.000000000000000000, 0.000000000000000000, 1.000000000000000000 ) ) ;
#6623 = MECHANICAL_DESIGN_GEOMETRIC_PRESENTATION_REPRESENTATION (  '', ( #3684 ), #5026 ) ;
#6624 = ORIENTED_EDGE ( 'NONE', *, *, #7862, .T. ) ;
#6625 =( NAMED_UNIT ( * ) SI_UNIT ( $, .STERADIAN. ) SOLID_ANGLE_UNIT ( ) );
#6626 = DIRECTION ( 'NONE',  ( -0.4226182617407017728, 0.000000000000000000, 0.9063077870366488265 ) ) ;
#6627 = CARTESIAN_POINT ( 'NONE',  ( -8.919793745454859035, 3.330000000000003180, 0.4700000000000000289 ) ) ;
#6628 = CARTESIAN_POINT ( 'NONE',  ( -1.270000000000000018, 7.174999999999999822, -0.3200000000000007838 ) ) ;
#6629 = UNCERTAINTY_MEASURE_WITH_UNIT (LENGTH_MEASURE( 1.000000000000000082E-05 ), #4053, 'distance_accuracy_value', 'NONE');
#6630 = AXIS2_PLACEMENT_3D ( 'NONE', #3550, #6362, #5616 ) ;
#6631 = DIRECTION ( 'NONE',  ( 0.000000000000000000, 1.000000000000000000, 0.000000000000000000 ) ) ;
#6632 = CARTESIAN_POINT ( 'NONE',  ( -1.460840355226757037, -0.6699999999999552980, -0.3385969398819122511 ) ) ;
#6633 = ORIENTED_EDGE ( 'NONE', *, *, #7581, .F. ) ;
#6634 = CARTESIAN_POINT ( 'NONE',  ( 9.238513185684716689, -0.6699999999999953770, -0.1659194131552435281 ) ) ;
#6635 = EDGE_CURVE ( 'NONE', #1309, #6815, #6246, .T. ) ;
#6636 = AXIS2_PLACEMENT_3D ( 'NONE', #6569, #633, #1366 ) ;
#6637 = VERTEX_POINT ( 'NONE', #7064 ) ;
#6638 = EDGE_CURVE ( 'NONE', #8344, #8249, #6342, .T. ) ;
#6639 = CARTESIAN_POINT ( 'NONE',  ( 3.810000000000000053, 0.000000000000000000, -0.6650000000000000355 ) ) ;
#6640 = VERTEX_POINT ( 'NONE', #1397 ) ;
#6641 = UNCERTAINTY_MEASURE_WITH_UNIT (LENGTH_MEASURE( 1.000000000000000082E-05 ), #5037, 'distance_accuracy_value', 'NONE');
#6642 = CARTESIAN_POINT ( 'NONE',  ( 4.093714065135205971, 3.330000000000001403, -0.3760777678184930028 ) ) ;
#6643 = CARTESIAN_POINT ( 'NONE',  ( -6.349999999999999645, -2.609999999999999876, 0.000000000000000000 ) ) ;
#6644 = CARTESIAN_POINT ( 'NONE',  ( -5.964999999999999858, -0.6699999999999979305, 2.710505431213761085E-17 ) ) ;
#6645 = CIRCLE ( 'NONE', #8239, 0.2349999999999989875 ) ;
#6646 = FILL_AREA_STYLE_COLOUR ( '', #4329 ) ;
#6647 = EDGE_CURVE ( 'NONE', #4787, #3299, #9031, .T. ) ;
#6648 = CARTESIAN_POINT ( 'NONE',  ( 6.276235381267324165, 3.330000000000002292, 0.4658750626874176848 ) ) ;
#6649 = CARTESIAN_POINT ( 'NONE',  ( -6.349999999999999645, -0.2100000000000000200, 0.6650000000000000355 ) ) ;
#6650 = CARTESIAN_POINT ( 'NONE',  ( -3.494740551741773338, -0.6699999999999927125, 0.2239180390503020535 ) ) ;
#6651 = ORIENTED_EDGE ( 'NONE', *, *, #3290, .F. ) ;
#6652 = CARTESIAN_POINT ( 'NONE',  ( -6.349999999999999645, 1.967086183247610087, 0.9150000000000000355 ) ) ;
#6653 = CARTESIAN_POINT ( 'NONE',  ( -6.349999999999999645, -0.8199999999999999512, -0.2349999999999980438 ) ) ;
#6654 = CARTESIAN_POINT ( 'NONE',  ( -3.810000000000000053, 5.327499999999999680, 0.000000000000000000 ) ) ;
#6655 = CARTESIAN_POINT ( 'NONE',  ( 8.890000000000000568, 1.967086183247610087, 0.000000000000000000 ) ) ;
#6656 = DIRECTION ( 'NONE',  ( 0.000000000000000000, 1.000000000000000000, 0.000000000000000000 ) ) ;
#6657 = CARTESIAN_POINT ( 'NONE',  ( -8.419999999999999929, 3.330000000000000071, 2.710505431213761085E-17 ) ) ;
#6658 = STYLED_ITEM ( 'NONE', ( #3444 ), #398 ) ;
#6659 = DIRECTION ( 'NONE',  ( 0.000000000000000000, 0.000000000000000000, 1.000000000000000000 ) ) ;
#6660 = DIRECTION ( 'NONE',  ( -4.516826007693179614E-16, 6.123031769111889989E-17, -1.000000000000000000 ) ) ;
#6661 = PRESENTATION_LAYER_ASSIGNMENT (  '', '', ( #1210 ) ) ;
#6662 = CARTESIAN_POINT ( 'NONE',  ( 1.270000000000000018, 7.174999999999999822, 0.3200000000000007838 ) ) ;
#6663 = EDGE_CURVE ( 'NONE', #3853, #5262, #2776, .T. ) ;
#6664 = CARTESIAN_POINT ( 'NONE',  ( -6.349999999999999645, 7.174999999999999822, -0.3200000000000007838 ) ) ;
#6665 = LINE ( 'NONE', #3159, #567 ) ;
#6666 = AXIS2_PLACEMENT_3D ( 'NONE', #1074, #5457, #3188 ) ;
#6667 = DIRECTION ( 'NONE',  ( 0.000000000000000000, 1.000000000000000000, 0.000000000000000000 ) ) ;
#6668 = CARTESIAN_POINT ( 'NONE',  ( 1.739999999999995106, -4.537064994640259030, -0.2349999999999976275 ) ) ;
#6669 = ORIENTED_EDGE ( 'NONE', *, *, #1199, .T. ) ;
#6670 = VERTEX_POINT ( 'NONE', #7662 ) ;
#6671 = CARTESIAN_POINT ( 'NONE',  ( 6.697330520227670725, -0.6699999999999954881, 0.1665022951688604758 ) ) ;
#6672 = VERTEX_POINT ( 'NONE', #7789 ) ;
#6673 = CARTESIAN_POINT ( 'NONE',  ( 6.349999999999999645, -0.6699999999999866063, 0.3850000000000000089 ) ) ;
#6674 =( BOUNDED_SURFACE ( )  B_SPLINE_SURFACE ( 3, 3, ( 
 ( #1434, #7060, #7742, #5691 ),
 ( #8507, #711, #1482, #2223 ),
 ( #4255, #8373, #757, #7702 ),
 ( #7834, #2907, #4343, #846 ) ),
 .UNSPECIFIED., .F., .F., .F. ) 
 B_SPLINE_SURFACE_WITH_KNOTS ( ( 4, 4 ),
 ( 4, 4 ),
 ( 0.000000000000000000, 1.000000000000000000 ),
 ( 0.000000000000000000, 1.000000000000000000 ),
 .UNSPECIFIED. ) 
 GEOMETRIC_REPRESENTATION_ITEM ( )  RATIONAL_B_SPLINE_SURFACE ( (
 ( 1.000000000000000000, 0.3333333333333334259, 0.3333333333333334259, 1.000000000000000000),
 ( 0.8047378541243658256, 0.2682459513747886826, 0.2682459513747886826, 0.8047378541243658256),
 ( 0.8047378541243658256, 0.2682459513747886826, 0.2682459513747886826, 0.8047378541243658256),
 ( 1.000000000000000000, 0.3333333333333334259, 0.3333333333333334259, 1.000000000000000000) ) ) 
 REPRESENTATION_ITEM ( '' )  SURFACE ( )  );
#6675 =( NAMED_UNIT ( * ) SI_UNIT ( $, .STERADIAN. ) SOLID_ANGLE_UNIT ( ) );
#6676 = VECTOR ( 'NONE', #4568, 1000.000000000000000 ) ;
#6677 = DIRECTION ( 'NONE',  ( 0.4226182617407031605, 0.000000000000000000, 0.9063077870366482713 ) ) ;
#6678 = CARTESIAN_POINT ( 'NONE',  ( 6.349999999999999645, -0.4200000000196268957, 0.000000000000000000 ) ) ;
#6679 = CARTESIAN_POINT ( 'NONE',  ( 5.880000000000005222, -0.8199999999999998401, 0.2349999999999980715 ) ) ;
#6680 = ORIENTED_EDGE ( 'NONE', *, *, #5745, .F. ) ;
#6681 = CARTESIAN_POINT ( 'NONE',  ( -1.387612408564607769, 3.330000000000003180, -0.4590001671664474259 ) ) ;
#6682 = ORIENTED_EDGE ( 'NONE', *, *, #5338, .T. ) ;
#6683 = ORIENTED_EDGE ( 'NONE', *, *, #2735, .F. ) ;
#6684 = STYLED_ITEM ( 'NONE', ( #8966 ), #6357 ) ;
#6685 = VECTOR ( 'NONE', #7965, 1000.000000000000000 ) ;
#6686 = FILL_AREA_STYLE ('',( #3876 ) ) ;
#6687 = DIRECTION ( 'NONE',  ( 0.000000000000000000, 1.000000000000000000, 0.000000000000000000 ) ) ;
#6688 = EDGE_CURVE ( 'NONE', #3414, #6956, #7824, .T. ) ;
#6689 = SURFACE_STYLE_USAGE ( .BOTH. , #1801 ) ;
#6690 = CARTESIAN_POINT ( 'NONE',  ( 0.8566909567586442620, 3.330000000000003624, -0.2330404979642646257 ) ) ;
#6691 = CIRCLE ( 'NONE', #3455, 0.1500000000000009936 ) ;
#6692 = CARTESIAN_POINT ( 'NONE',  ( 8.890000000000000568, -0.2100000000000000200, 0.000000000000000000 ) ) ;
#6693 = DIRECTION ( 'NONE',  ( 0.000000000000000000, 1.000000000000000000, 4.075948017000379909E-17 ) ) ;
#6694 = CARTESIAN_POINT ( 'NONE',  ( -3.456536754772791209, -0.6699999999999955991, 0.1529475060216488880 ) ) ;
#6695 = ORIENTED_EDGE ( 'NONE', *, *, #3612, .T. ) ;
#6696 = CARTESIAN_POINT ( 'NONE',  ( -8.890000000000000568, 1.967086183247610087, 0.9150000000000000355 ) ) ;
#6697 = DIRECTION ( 'NONE',  ( 2.345257230884581992E-17, -1.000000000000000000, -1.093611407104877670E-17 ) ) ;
#6698 = DIRECTION ( 'NONE',  ( 0.000000000000000000, 0.000000000000000000, 1.000000000000000000 ) ) ;
#6699 = CARTESIAN_POINT ( 'NONE',  ( 3.810000000000000053, -4.629945645751342376, -1.355252715606880543E-17 ) ) ;
#6700 = CARTESIAN_POINT ( 'NONE',  ( -1.270000000000000240, 7.489960314960472765, -2.117582368135750848E-17 ) ) ;
#6701 = SURFACE_SIDE_STYLE ('',( #1079 ) ) ;
#6702 = AXIS2_PLACEMENT_3D ( 'NONE', #7234, #7868, #238 ) ;
#6703 = CARTESIAN_POINT ( 'NONE',  ( 6.989999999999999325, 3.479999999999999538, 0.3199999999999999512 ) ) ;
#6704 = CARTESIAN_POINT ( 'NONE',  ( -8.890000000000002345, 7.492926245181917189, -0.1868300633393450705 ) ) ;
#6705 = CARTESIAN_POINT ( 'NONE',  ( 2.340000000000000302, -6.551643992949719860E-17, 0.8700000000000003286 ) ) ;
#6706 = EDGE_CURVE ( 'NONE', #7334, #3418, #4304, .T. ) ;
#6707 = ORIENTED_EDGE ( 'NONE', *, *, #8156, .F. ) ;
#6708 = CARTESIAN_POINT ( 'NONE',  ( -6.350000000000001421, -4.632925319547866572, 0.1370326030541654527 ) ) ;
#6709 = CARTESIAN_POINT ( 'NONE',  ( 3.519068030025156446, -0.6699999999999476374, -0.2535924761678072792 ) ) ;
#6710 =( LENGTH_UNIT ( ) NAMED_UNIT ( * ) SI_UNIT ( .MILLI., .METRE. ) );
#6711 = ADVANCED_FACE ( 'NONE', ( #163, #3098, #2273, #2320, #5145, #3009, #4536, #5106, #896 ), #296, .F. ) ;
#6712 = CARTESIAN_POINT ( 'NONE',  ( 4.183660126678689473, 7.492926245181915412, -0.1868300633393451260 ) ) ;
#6713 = VERTEX_POINT ( 'NONE', #4440 ) ;
#6714 = DIRECTION ( 'NONE',  ( 0.000000000000000000, 0.000000000000000000, 1.000000000000000000 ) ) ;
#6715 = VERTEX_POINT ( 'NONE', #7200 ) ;
#6716 = CARTESIAN_POINT ( 'NONE',  ( 6.349999999999999645, -0.6699999999999866063, 0.3850000000000000089 ) ) ;
#6717 = VERTEX_POINT ( 'NONE', #8705 ) ;
#6718 = COLOUR_RGB ( '',0.000000000000000000, 0.000000000000000000, 0.000000000000000000 ) ;
#6719 = CARTESIAN_POINT ( 'NONE',  ( 6.349999999999999645, 7.489960314960472765, 2.117582368135750848E-17 ) ) ;
#6720 = VECTOR ( 'NONE', #7217, 1000.000000000000000 ) ;
#6721 = CARTESIAN_POINT ( 'NONE',  ( -4.750000000000000888, 3.329999999999999183, 0.4700000000000004730 ) ) ;
#6722 = UNCERTAINTY_MEASURE_WITH_UNIT (LENGTH_MEASURE( 1.000000000000000082E-05 ), #5100, 'distance_accuracy_value', 'NONE');
#6723 = EDGE_CURVE ( 'NONE', #1139, #444, #6247, .T. ) ;
#6724 = DIRECTION ( 'NONE',  ( -0.000000000000000000, -1.000000000000000000, -0.000000000000000000 ) ) ;
#6725 = EDGE_LOOP ( 'NONE', ( #3553, #3530, #7828, #4517 ) ) ;
#6726 = CARTESIAN_POINT ( 'NONE',  ( 9.143948616037079091, -0.6699999999999883826, -0.2906971332467471747 ) ) ;
#6727 = VERTEX_POINT ( 'NONE', #3845 ) ;
#6728 = ORIENTED_EDGE ( 'NONE', *, *, #2209, .T. ) ;
#6729 = CARTESIAN_POINT ( 'NONE',  ( -1.151837981414556955, 3.330000000000001403, 0.4590001671664472593 ) ) ;
#6730 = UNCERTAINTY_MEASURE_WITH_UNIT (LENGTH_MEASURE( 1.000000000000000082E-05 ), #6229, 'distance_accuracy_value', 'NONE');
#6731 = CARTESIAN_POINT ( 'NONE',  ( 3.810000000000000053, 3.330000000000000515, -0.4700000000000001954 ) ) ;
#6732 = CYLINDRICAL_SURFACE ( 'NONE', #1825, 0.3200000000000000067 ) ;
#6733 = CARTESIAN_POINT ( 'NONE',  ( 3.810000000000000497, 3.330000000000000071, 0.3821320343559643784 ) ) ;
#6734 = DIRECTION ( 'NONE',  ( 0.000000000000000000, 1.000000000000000000, 0.000000000000000000 ) ) ;
#6735 = DIRECTION ( 'NONE',  ( 0.000000000000000000, 1.000000000000000000, 0.000000000000000000 ) ) ;
#6736 = CONICAL_SURFACE ( 'NONE', #5129, 0.6649999998894416953, 0.7853981633974482790 ) ;
#6737 = CARTESIAN_POINT ( 'NONE',  ( 4.693476936737999594, -7.776250346772101309E-17, 1.270000000000000018 ) ) ;
#6738 = CARTESIAN_POINT ( 'NONE',  ( 8.890000000000000568, 0.000000000000000000, -0.6650000000000000355 ) ) ;
#6739 = VERTEX_POINT ( 'NONE', #3670 ) ;
#6740 = DIRECTION ( 'NONE',  ( -0.000000000000000000, -1.000000000000000000, -0.000000000000000000 ) ) ;
#6741 = FILL_AREA_STYLE ('',( #2451 ) ) ;
#6742 = CARTESIAN_POINT ( 'NONE',  ( -3.425137816412004543, 3.330000000000001403, -0.2733544892301978391 ) ) ;
#6743 = LINE ( 'NONE', #2452, #8950 ) ;
#6744 = CARTESIAN_POINT ( 'NONE',  ( 3.810000000000000497, -4.632925319547866572, 0.1370326030541654527 ) ) ;
#6745 = CARTESIAN_POINT ( 'NONE',  ( -1.270000000000000018, 7.492926245181917189, 0.1868300633393450705 ) ) ;
#6746 = CARTESIAN_POINT ( 'NONE',  ( 2.340000000000000302, 6.551643992949719860E-17, -0.8700000000000003286 ) ) ;
#6747 = CARTESIAN_POINT ( 'NONE',  ( 3.454814595052816184, 3.330000000000004068, 0.3095472568614950903 ) ) ;
#6748 = AXIS2_PLACEMENT_3D ( 'NONE', #3830, #5946, #8740 ) ;
#6749 = CARTESIAN_POINT ( 'NONE',  ( -8.990000000000000213, -7.776250346772101309E-17, 1.270000000000000018 ) ) ;
#6750 = CARTESIAN_POINT ( 'NONE',  ( 9.359999999999995879, -4.537064994640259030, -0.2349999999999976275 ) ) ;
#6751 = CARTESIAN_POINT ( 'NONE',  ( -6.349999999999999645, 5.327499999999999680, 0.000000000000000000 ) ) ;
#6752 = LINE ( 'NONE', #1827, #4775 ) ;
#6753 = CARTESIAN_POINT ( 'NONE',  ( 3.810000000000000497, 3.330000000000000071, 0.3821320343559643784 ) ) ;
#6754 = CARTESIAN_POINT ( 'NONE',  ( -3.425000000000000711, -0.6699999999999979305, -0.02417445737796142247 ) ) ;
#6755 = ORIENTED_EDGE ( 'NONE', *, *, #5577, .T. ) ;
#6756 = ADVANCED_FACE ( 'NONE', ( #4394 ), #6160, .T. ) ;
#6757 = DIRECTION ( 'NONE',  ( 0.000000000000000000, -6.123031769111889989E-17, 1.000000000000000000 ) ) ;
#6758 = ORIENTED_EDGE ( 'NONE', *, *, #1209, .F. ) ;
#6759 = CARTESIAN_POINT ( 'NONE',  ( -3.955010130300138815, 3.330000000000003180, 0.4473128447807977470 ) ) ;
#6760 = VERTEX_POINT ( 'NONE', #3149 ) ;
#6761 = CARTESIAN_POINT ( 'NONE',  ( -8.890000000000000568, -4.400000000000000355, 0.004999999999994560011 ) ) ;
#6762 = SURFACE_STYLE_FILL_AREA ( #3955 ) ;
#6763 = MECHANICAL_DESIGN_GEOMETRIC_PRESENTATION_REPRESENTATION (  '', ( #2484 ), #3969 ) ;
#6764 = DIRECTION ( 'NONE',  ( 0.4226182617407031605, 0.000000000000000000, 0.9063077870366482713 ) ) ;
#6765 = DIRECTION ( 'NONE',  ( 0.4226182617407031605, 0.000000000000000000, -0.9063077870366482713 ) ) ;
#6766 = CARTESIAN_POINT ( 'NONE',  ( -1.544065206108331312, -4.632925319547867460, -0.1370326030541655082 ) ) ;
#6767 = FILL_AREA_STYLE_COLOUR ( '', #3699 ) ;
#6768 = CARTESIAN_POINT ( 'NONE',  ( -3.810000000000000053, -0.6699999999999979305, -0.2971320343559630262 ) ) ;
#6769 = CARTESIAN_POINT ( 'NONE',  ( -8.890000000000000568, -2.609999999999999876, 0.000000000000000000 ) ) ;
#6770 = EDGE_LOOP ( 'NONE', ( #1736, #3252, #5812, #9070 ) ) ;
#6771 = LINE ( 'NONE', #8313, #4859 ) ;
#6772 = ORIENTED_EDGE ( 'NONE', *, *, #1653, .T. ) ;
#6773 = ORIENTED_EDGE ( 'NONE', *, *, #1979, .T. ) ;
#6774 = VECTOR ( 'NONE', #3219, 1000.000000000000000 ) ;
#6775 = STYLED_ITEM ( 'NONE', ( #377 ), #2248 ) ;
#6776 = CARTESIAN_POINT ( 'NONE',  ( -8.890000000000000568, -0.8199999999999999512, -0.2349999999999980438 ) ) ;
#6777 = ORIENTED_EDGE ( 'NONE', *, *, #955, .T. ) ;
#6778 = DIRECTION ( 'NONE',  ( -0.4226182617407031605, 0.000000000000000000, 0.9063077870366482713 ) ) ;
#6779 = CARTESIAN_POINT ( 'NONE',  ( 8.890000000000000568, -0.8199999999999999512, -0.3850000000000000089 ) ) ;
#6780 = CARTESIAN_POINT ( 'NONE',  ( 1.270000000000000018, 3.330000000000000515, 0.4700000000000000844 ) ) ;
#6781 = VERTEX_POINT ( 'NONE', #2961 ) ;
#6782 =( GEOMETRIC_REPRESENTATION_CONTEXT ( 3 ) GLOBAL_UNCERTAINTY_ASSIGNED_CONTEXT ( ( #5642 ) ) GLOBAL_UNIT_ASSIGNED_CONTEXT ( ( #2526, #1838, #5888 ) ) REPRESENTATION_CONTEXT ( 'NONE', 'WORKASPACE' ) );
#6783 = DIRECTION ( 'NONE',  ( 0.4226182617407031605, 0.000000000000000000, -0.9063077870366482713 ) ) ;
#6784 = CARTESIAN_POINT ( 'NONE',  ( 3.810000000000000053, -0.4200000000000000400, 0.000000000000000000 ) ) ;
#6785 = CARTESIAN_POINT ( 'NONE',  ( 8.890000000000000568, 7.174999999999999822, 0.000000000000000000 ) ) ;
#6786 = ORIENTED_EDGE ( 'NONE', *, *, #3442, .T. ) ;
#6787 = CARTESIAN_POINT ( 'NONE',  ( -8.990000000000000213, 2.799999999999999822, -1.269999999999999796 ) ) ;
#6788 = CIRCLE ( 'NONE', #3848, 0.6650000000000000355 ) ;
#6789 = EDGE_CURVE ( 'NONE', #9033, #5084, #2566, .T. ) ;
#6790 = CARTESIAN_POINT ( 'NONE',  ( -3.340000000000000302, 3.330000000000000071, 2.710505431213761085E-17 ) ) ;
#6791 = CARTESIAN_POINT ( 'NONE',  ( 9.007513513207388911, -0.6699999999999781686, 0.3674238061333609529 ) ) ;
#6792 = CARTESIAN_POINT ( 'NONE',  ( -6.349999999999999645, -4.629945645751342376, -1.355252715606880543E-17 ) ) ;
#6793 = CARTESIAN_POINT ( 'NONE',  ( 7.820000000000000284, 2.799999999999999822, -0.8700000000000001066 ) ) ;
#6794 = CARTESIAN_POINT ( 'NONE',  ( 6.349999999999999645, 3.329999999999999627, -0.3821320343559646004 ) ) ;
#6795 = DIRECTION ( 'NONE',  ( -0.000000000000000000, -1.000000000000000000, -0.000000000000000000 ) ) ;
#6796 = CARTESIAN_POINT ( 'NONE',  ( -0.9601966454923785976, 3.330000000000001847, -0.3546651807116824040 ) ) ;
#6797 = AXIS2_PLACEMENT_3D ( 'NONE', #802, #3525, #6290 ) ;
#6798 = ORIENTED_EDGE ( 'NONE', *, *, #5630, .F. ) ;
#6799 = FACE_OUTER_BOUND ( 'NONE', #8069, .T. ) ;
#6800 = DIRECTION ( 'NONE',  ( 0.000000000000000000, 0.000000000000000000, 1.000000000000000000 ) ) ;
#6801 = ADVANCED_FACE ( 'NONE', ( #3938 ), #8416, .T. ) ;
#6802 = CARTESIAN_POINT ( 'NONE',  ( -3.810000000000000053, -0.6699999999999866063, -0.3849999999999998979 ) ) ;
#6803 = VERTEX_POINT ( 'NONE', #7388 ) ;
#6804 = LINE ( 'NONE', #4786, #2141 ) ;
#6805 = AXIS2_PLACEMENT_3D ( 'NONE', #396, #5378, #2458 ) ;
#6806 = EDGE_LOOP ( 'NONE', ( #4001, #6075, #4748, #845 ) ) ;
#6807 = CARTESIAN_POINT ( 'NONE',  ( -4.280033537905012508, 3.330000000000004956, -0.02970875781390423451 ) ) ;
#6808 = ORIENTED_EDGE ( 'NONE', *, *, #466, .T. ) ;
#6809 = DIRECTION ( 'NONE',  ( 0.000000000000000000, 1.000000000000000000, 0.000000000000000000 ) ) ;
#6810 = CIRCLE ( 'NONE', #7680, 0.3150000000000000022 ) ;
#6811 = CARTESIAN_POINT ( 'NONE',  ( -9.121290550772767958, 3.330000000000003624, -0.4095412491425901025 ) ) ;
#6812 = LINE ( 'NONE', #3399, #2759 ) ;
#6813 = EDGE_CURVE ( 'NONE', #2964, #2778, #8425, .T. ) ;
#6814 = CARTESIAN_POINT ( 'NONE',  ( -1.270000000000000240, -4.632925319547866572, 0.1370326030541654527 ) ) ;
#6815 = VERTEX_POINT ( 'NONE', #8243 ) ;
#6816 = CARTESIAN_POINT ( 'NONE',  ( 6.349999999999999645, 3.330000000000000515, 0.4700000000000002509 ) ) ;
#6817 = STYLED_ITEM ( 'NONE', ( #3923 ), #698 ) ;
#6818 = CYLINDRICAL_SURFACE ( 'NONE', #5393, 0.3200000000000000067 ) ;
#6819 = STYLED_ITEM ( 'NONE', ( #685 ), #8142 ) ;
#6820 = ORIENTED_EDGE ( 'NONE', *, *, #4850, .T. ) ;
#6821 = DIRECTION ( 'NONE',  ( 0.000000000000000000, 0.000000000000000000, 1.000000000000000000 ) ) ;
#6822 = ORIENTED_EDGE ( 'NONE', *, *, #3943, .T. ) ;
#6823 = EDGE_CURVE ( 'NONE', #6866, #3092, #6002, .T. ) ;
#6824 = LINE ( 'NONE', #2666, #6829 ) ;
#6825 = CARTESIAN_POINT ( 'NONE',  ( -2.594266901142090020, 5.327037639127340260E-17, -0.8699999999999999956 ) ) ;
#6826 =( LENGTH_UNIT ( ) NAMED_UNIT ( * ) SI_UNIT ( .MILLI., .METRE. ) );
#6827 = ADVANCED_FACE ( 'NONE', ( #2635, #3341 ), #8197, .T. ) ;
#6828 = CARTESIAN_POINT ( 'NONE',  ( 1.580015193603674151, 3.330000000000000959, 0.3548770198077318416 ) ) ;
#6829 = VECTOR ( 'NONE', #4150, 1000.000000000000000 ) ;
#6830 = CARTESIAN_POINT ( 'NONE',  ( -3.519302866753249326, -0.6699999999999908251, 0.2539486160370600376 ) ) ;
#6831 = ORIENTED_EDGE ( 'NONE', *, *, #568, .T. ) ;
#6832 = LINE ( 'NONE', #338, #8545 ) ;
#6833 =( GEOMETRIC_REPRESENTATION_CONTEXT ( 3 ) GLOBAL_UNCERTAINTY_ASSIGNED_CONTEXT ( ( #929 ) ) GLOBAL_UNIT_ASSIGNED_CONTEXT ( ( #6826, #8828, #8920 ) ) REPRESENTATION_CONTEXT ( 'NONE', 'WORKASPACE' ) );
#6834 =( NAMED_UNIT ( * ) PLANE_ANGLE_UNIT ( ) SI_UNIT ( $, .RADIAN. ) );
#6835 = DIRECTION ( 'NONE',  ( -0.9063077870366482713, -2.587705042845171132E-17, 0.4226182617407031605 ) ) ;
#6836 = FACE_OUTER_BOUND ( 'NONE', #4041, .T. ) ;
#6837 = EDGE_CURVE ( 'NONE', #6029, #3187, #814, .T. ) ;
#6838 = EDGE_CURVE ( 'NONE', #6052, #650, #434, .T. ) ;
#6839 = DIRECTION ( 'NONE',  ( -1.000000000000000000, -0.000000000000000000, -0.000000000000000000 ) ) ;
#6840 = CARTESIAN_POINT ( 'NONE',  ( -3.810000000000000053, -0.4200000000000000400, 0.000000000000000000 ) ) ;
#6841 = CARTESIAN_POINT ( 'NONE',  ( 3.780206254545166900, 3.330000000000003624, 0.4700000000000000289 ) ) ;
#6842 = AXIS2_PLACEMENT_3D ( 'NONE', #8152, #7435, #1865 ) ;
#6843 = DIRECTION ( 'NONE',  ( 0.000000000000000000, 0.000000000000000000, 1.000000000000000000 ) ) ;
#6844 = CYLINDRICAL_SURFACE ( 'NONE', #7246, 0.9150000000000000355 ) ;
#6845 = VERTEX_POINT ( 'NONE', #2678 ) ;
#6846 = CARTESIAN_POINT ( 'NONE',  ( -9.113294794279354960, -0.6699999999999527445, 0.3156704125323103738 ) ) ;
#6847 = CARTESIAN_POINT ( 'NONE',  ( 3.427202378515895820, -0.6699999999999411981, 0.04826622627196825582 ) ) ;
#6848 = DIRECTION ( 'NONE',  ( 0.000000000000000000, 0.000000000000000000, 1.000000000000000000 ) ) ;
#6849 = PRODUCT_DEFINITION_SHAPE ( 'NONE', 'NONE',  #6208 ) ;
#6850 = CARTESIAN_POINT ( 'NONE',  ( -3.461486814315303473, -0.6699999999999952660, -0.1659194131552805818 ) ) ;
#6851 = VERTEX_POINT ( 'NONE', #5324 ) ;
#6852 = ORIENTED_EDGE ( 'NONE', *, *, #4530, .F. ) ;
#6853 = CARTESIAN_POINT ( 'NONE',  ( -10.16000000000000014, -2.663518819563669205E-17, 0.8699999999999996625 ) ) ;
#6854 = EDGE_LOOP ( 'NONE', ( #810, #3608, #8542, #7776 ) ) ;
#6855 = FILL_AREA_STYLE_COLOUR ( '', #1344 ) ;
#6856 = PLANE ( 'NONE',  #7815 ) ;
#6857 = CARTESIAN_POINT ( 'NONE',  ( 6.349999999999999645, -7.776250346772100076E-17, 1.270000000000000018 ) ) ;
#6858 = CARTESIAN_POINT ( 'NONE',  ( 6.349999999999999645, -4.400000000000000355, 0.004999999999994560011 ) ) ;
#6859 = DIRECTION ( 'NONE',  ( 0.000000000000000000, -6.123031769111889989E-17, 1.000000000000000000 ) ) ;
#6860 = AXIS2_PLACEMENT_3D ( 'NONE', #3634, #6306, #8387 ) ;
#6861 = EDGE_LOOP ( 'NONE', ( #3652, #7133, #1794, #8832 ) ) ;
#6862 = CARTESIAN_POINT ( 'NONE',  ( -3.810000000000000053, -0.7321320343559629684, 0.2349999999999980715 ) ) ;
#6863 = DIRECTION ( 'NONE',  ( 0.000000000000000000, 0.000000000000000000, 1.000000000000000000 ) ) ;
#6864 = DIRECTION ( 'NONE',  ( 0.000000000000000000, 0.000000000000000000, 1.000000000000000000 ) ) ;
#6865 =( BOUNDED_SURFACE ( )  B_SPLINE_SURFACE ( 3, 3, ( 
 ( #6021, #2014, #1316, #4139 ),
 ( #8125, #7458, #1149, #4696 ),
 ( #3961, #6766, #1190, #6814 ),
 ( #6117, #497, #8913, #2613 ) ),
 .UNSPECIFIED., .F., .F., .F. ) 
 B_SPLINE_SURFACE_WITH_KNOTS ( ( 4, 4 ),
 ( 4, 4 ),
 ( 0.000000000000000000, 1.000000000000000000 ),
 ( 0.000000000000000000, 1.000000000000000000 ),
 .UNSPECIFIED. ) 
 GEOMETRIC_REPRESENTATION_ITEM ( )  RATIONAL_B_SPLINE_SURFACE ( (
 ( 1.000000000000000000, 0.3333333333333334259, 0.3333333333333334259, 1.000000000000000000),
 ( 0.7995857374534958151, 0.2665285791511653457, 0.2665285791511653457, 0.7995857374534958151),
 ( 0.7995857374534958151, 0.2665285791511653457, 0.2665285791511653457, 0.7995857374534958151),
 ( 1.000000000000000000, 0.3333333333333334259, 0.3333333333333334259, 1.000000000000000000) ) ) 
 REPRESENTATION_ITEM ( '' )  SURFACE ( )  );
#6866 = VERTEX_POINT ( 'NONE', #6047 ) ;
#6867 = CARTESIAN_POINT ( 'NONE',  ( -3.810000000000000053, -0.8199999999999999512, 0.000000000000000000 ) ) ;
#6868 = FILL_AREA_STYLE_COLOUR ( '', #2411 ) ;
#6869 = CARTESIAN_POINT ( 'NONE',  ( 1.038709449227295023, 3.330000000000002736, -0.4095412491426392299 ) ) ;
#6870 = ORIENTED_EDGE ( 'NONE', *, *, #4279, .T. ) ;
#6871 = CARTESIAN_POINT ( 'NONE',  ( 6.349999999999999645, 5.327499999999999680, 0.000000000000000000 ) ) ;
#6872 = ADVANCED_FACE ( 'NONE', ( #6142 ), #5574, .T. ) ;
#6873 = CARTESIAN_POINT ( 'NONE',  ( -5.373261531630999954, -6.551643992949719860E-17, 1.070000000000000062 ) ) ;
#6874 = ORIENTED_EDGE ( 'NONE', *, *, #1937, .F. ) ;
#6875 = ADVANCED_FACE ( 'NONE', ( #5418 ), #216, .F. ) ;
#6876 = CARTESIAN_POINT ( 'NONE',  ( -0.8000000000000017097, 3.330000000000000071, 2.710505431213761085E-17 ) ) ;
#6877 = CARTESIAN_POINT ( 'NONE',  ( -3.385986118163622827, 3.330000000000000071, -0.2032625421541894017 ) ) ;
#6878 = CARTESIAN_POINT ( 'NONE',  ( 8.480458750857264860, 3.330000000000004512, 0.2312905507725732668 ) ) ;
#6879 = VECTOR ( 'NONE', #4232, 1000.000000000000000 ) ;
#6880 = CARTESIAN_POINT ( 'NONE',  ( 8.985310212392478846, -0.6699999999999765032, 0.3737368732954315931 ) ) ;
#6881 = CARTESIAN_POINT ( 'NONE',  ( -1.270000000000000018, 7.361853603950962111, 0.3200000000000008948 ) ) ;
#6882 = CARTESIAN_POINT ( 'NONE',  ( 8.890000000000000568, -4.537064994640259918, -0.2349999999999975719 ) ) ;
#6883 = CARTESIAN_POINT ( 'NONE',  ( 1.739999999999999991, 3.330000000000000071, 2.710505431213761085E-17 ) ) ;
#6884 =( GEOMETRIC_REPRESENTATION_CONTEXT ( 3 ) GLOBAL_UNCERTAINTY_ASSIGNED_CONTEXT ( ( #2485 ) ) GLOBAL_UNIT_ASSIGNED_CONTEXT ( ( #1188, #6116, #585 ) ) REPRESENTATION_CONTEXT ( 'NONE', 'WORKASPACE' ) );
#6885 = EDGE_CURVE ( 'NONE', #7076, #5517, #5590, .T. ) ;
#6886 = VERTEX_POINT ( 'NONE', #8460 ) ;
#6887 = CARTESIAN_POINT ( 'NONE',  ( 4.580000000000000071, -0.6699999999999979305, -0.3849999999999999534 ) ) ;
#6888 = LINE ( 'NONE', #572, #3448 ) ;
#6889 = CARTESIAN_POINT ( 'NONE',  ( -4.786738468369000188, 6.551643992949719860E-17, -1.070000000000000062 ) ) ;
#6890 = VECTOR ( 'NONE', #2818, 1000.000000000000000 ) ;
#6891 = CARTESIAN_POINT ( 'NONE',  ( -4.279999999999994031, -4.399999999999999467, 0.2349999999999975719 ) ) ;
#6892 = ORIENTED_EDGE ( 'NONE', *, *, #985, .T. ) ;
#6893 = CARTESIAN_POINT ( 'NONE',  ( -4.096649751579007237, 3.330000000000003180, 0.3779260477497249360 ) ) ;
#6894 = EDGE_LOOP ( 'NONE', ( #8990, #4382, #2817, #3827 ) ) ;
#6895 = DIRECTION ( 'NONE',  ( 0.000000000000000000, 1.000000000000000000, 0.000000000000000000 ) ) ;
#6896 = DIRECTION ( 'NONE',  ( -0.000000000000000000, -1.000000000000000000, -0.000000000000000000 ) ) ;
#6897 = CIRCLE ( 'NONE', #872, 0.2349999999999989875 ) ;
#6898 = DIRECTION ( 'NONE',  ( 0.000000000000000000, -1.000000000000000000, -6.123031769111889989E-17 ) ) ;
#6899 = EDGE_CURVE ( 'NONE', #2017, #2213, #1475, .T. ) ;
#6900 = CARTESIAN_POINT ( 'NONE',  ( 8.420000000000003482, -0.7321320343559630794, -0.2349999999999980160 ) ) ;
#6901 = CARTESIAN_POINT ( 'NONE',  ( 8.948684555652082651, 3.330000000000002292, -0.4672500417916118365 ) ) ;
#6902 = ORIENTED_EDGE ( 'NONE', *, *, #4136, .T. ) ;
#6903 = CARTESIAN_POINT ( 'NONE',  ( -6.990000000000001101, 7.361853603950959446, -0.3200000000000007838 ) ) ;
#6904 = LINE ( 'NONE', #3963, #2134 ) ;
#6905 = CARTESIAN_POINT ( 'NONE',  ( 6.349999999999999645, -0.8199999999999999512, -0.3850000000000000089 ) ) ;
#6906 = DIRECTION ( 'NONE',  ( 0.000000000000000000, 0.000000000000000000, 1.000000000000000000 ) ) ;
#6907 = ORIENTED_EDGE ( 'NONE', *, *, #7557, .F. ) ;
#6908 =( NAMED_UNIT ( * ) SI_UNIT ( $, .STERADIAN. ) SOLID_ANGLE_UNIT ( ) );
#6909 = LINE ( 'NONE', #2024, #7182 ) ;
#6910 = CARTESIAN_POINT ( 'NONE',  ( 1.270000000000000018, 2.799999999999999822, 0.000000000000000000 ) ) ;
#6911 = EDGE_CURVE ( 'NONE', #9081, #8798, #8480, .T. ) ;
#6912 = ORIENTED_EDGE ( 'NONE', *, *, #2419, .T. ) ;
#6913 = LINE ( 'NONE', #7688, #8806 ) ;
#6914 = EDGE_CURVE ( 'NONE', #2942, #2692, #2859, .T. ) ;
#6915 = EDGE_LOOP ( 'NONE', ( #3933, #3411, #7760 ) ) ;
#6916 = DIRECTION ( 'NONE',  ( 0.4226182617407017728, 0.000000000000000000, 0.9063077870366488265 ) ) ;
#6917 = EDGE_CURVE ( 'NONE', #102, #2967, #7131, .T. ) ;
#6918 = CARTESIAN_POINT ( 'NONE',  ( 3.810000000000000053, -4.400000000000000355, -0.004999999999994560011 ) ) ;
#6919 = COLOUR_RGB ( '',0.000000000000000000, 0.000000000000000000, 0.000000000000000000 ) ;
#6920 = CARTESIAN_POINT ( 'NONE',  ( 1.645989498636345472, -0.6699999999999970424, 0.09679229181998727505 ) ) ;
#6921 = DIRECTION ( 'NONE',  ( 2.345257230884581992E-17, 1.000000000000000000, 1.093611407104877670E-17 ) ) ;
#6922 = CARTESIAN_POINT ( 'NONE',  ( 4.013262542154198975, 3.330000000000001847, 0.4240138818363702877 ) ) ;
#6923 = CARTESIAN_POINT ( 'NONE',  ( -1.221928608667970151, -0.6699999999999729505, 0.3827473746590864256 ) ) ;
#6924 = ORIENTED_EDGE ( 'NONE', *, *, #7924, .F. ) ;
#6925 = CARTESIAN_POINT ( 'NONE',  ( 8.890000000000000568, -0.6699999999999866063, 0.3850000000000000089 ) ) ;
#6926 = CARTESIAN_POINT ( 'NONE',  ( 3.535934793891668981, -4.632925319547867460, -0.1370326030541655082 ) ) ;
#6927 = SURFACE_STYLE_FILL_AREA ( #1396 ) ;
#6928 = CARTESIAN_POINT ( 'NONE',  ( -3.427252625340914349, -0.6699999999999975975, -0.04807139133205221015 ) ) ;
#6929 = EDGE_CURVE ( 'NONE', #447, #2737, #6284, .T. ) ;
#6930 = EDGE_CURVE ( 'NONE', #6344, #7757, #2131, .T. ) ;
#6931 = CARTESIAN_POINT ( 'NONE',  ( 8.890000000000000568, 7.489960314960472765, 2.117582368135750848E-17 ) ) ;
#6932 = ORIENTED_EDGE ( 'NONE', *, *, #5200, .F. ) ;
#6933 = CARTESIAN_POINT ( 'NONE',  ( -3.926655874654023215, 3.330000000000003624, 0.4555627194059623242 ) ) ;
#6934 = ORIENTED_EDGE ( 'NONE', *, *, #616, .F. ) ;
#6935 = CARTESIAN_POINT ( 'NONE',  ( -8.542669479772351693, -0.6699999999999953770, 0.1665022951688794328 ) ) ;
#6936 =( NAMED_UNIT ( * ) PLANE_ANGLE_UNIT ( ) SI_UNIT ( $, .RADIAN. ) );
#6937 = DIRECTION ( 'NONE',  ( 0.000000000000000000, 0.000000000000000000, 1.000000000000000000 ) ) ;
#6938 = CIRCLE ( 'NONE', #5334, 0.4150000000298862401 ) ;
#6939 = CARTESIAN_POINT ( 'NONE',  ( 9.349000167166447994, 3.330000000000000515, -0.1181620185855479094 ) ) ;
#6940 = ORIENTED_EDGE ( 'NONE', *, *, #8862, .F. ) ;
#6941 = CARTESIAN_POINT ( 'NONE',  ( -6.350000000000000533, 7.361853603950962111, 0.3200000000000008948 ) ) ;
#6942 = CARTESIAN_POINT ( 'NONE',  ( -3.810000000000000053, 1.967086183247610087, 0.000000000000000000 ) ) ;
#6943 = ORIENTED_EDGE ( 'NONE', *, *, #2015, .T. ) ;
#6944 = CARTESIAN_POINT ( 'NONE',  ( 8.890000000000000568, -0.4200000000196268957, 0.6649999999775533244 ) ) ;
#6945 = CARTESIAN_POINT ( 'NONE',  ( -2.869999999999999218, 3.329999999999999183, -0.4700000000000004730 ) ) ;
#6946 = STYLED_ITEM ( 'NONE', ( #1275 ), #420 ) ;
#6947 = CARTESIAN_POINT ( 'NONE',  ( 9.973476936738000731, 2.800000000000000266, 1.270000000000000240 ) ) ;
#6948 = ORIENTED_EDGE ( 'NONE', *, *, #6917, .F. ) ;
#6949 = CARTESIAN_POINT ( 'NONE',  ( 1.270000000000000018, -0.7321320343559629684, 0.2349999999999980993 ) ) ;
#6950 = CIRCLE ( 'NONE', #1359, 0.4149999999986176413 ) ;
#6951 = AXIS2_PLACEMENT_3D ( 'NONE', #3641, #5575, #8531 ) ;
#6952 =( LENGTH_UNIT ( ) NAMED_UNIT ( * ) SI_UNIT ( .MILLI., .METRE. ) );
#6953 = VECTOR ( 'NONE', #1814, 1000.000000000000000 ) ;
#6954 = CARTESIAN_POINT ( 'NONE',  ( 1.501933963793100402, 3.330000000000002736, 0.4091172195759804620 ) ) ;
#6955 = EDGE_CURVE ( 'NONE', #4974, #5974, #1989, .T. ) ;
#6956 = VERTEX_POINT ( 'NONE', #2809 ) ;
#6957 = CYLINDRICAL_SURFACE ( 'NONE', #5627, 0.9150000000000000355 ) ;
#6958 = CIRCLE ( 'NONE', #6230, 0.1500000000000009936 ) ;
#6959 = VERTEX_POINT ( 'NONE', #703 ) ;
#6960 = EDGE_CURVE ( 'NONE', #611, #4889, #794, .T. ) ;
#6961 = ORIENTED_EDGE ( 'NONE', *, *, #1806, .T. ) ;
#6962 = LINE ( 'NONE', #7011, #5300 ) ;
#6963 = CARTESIAN_POINT ( 'NONE',  ( -8.006523063262001472, 2.799999999999999822, 1.269999999999999796 ) ) ;
#6964 = AXIS2_PLACEMENT_3D ( 'NONE', #6678, #3122, #8651 ) ;
#6965 = CARTESIAN_POINT ( 'NONE',  ( 6.349999999999999645, 7.174999999999999822, 0.000000000000000000 ) ) ;
#6966 =( LENGTH_UNIT ( ) NAMED_UNIT ( * ) SI_UNIT ( .MILLI., .METRE. ) );
#6967 = CARTESIAN_POINT ( 'NONE',  ( 1.910000000000001030, 7.361853603950959446, 0.3200000000000011724 ) ) ;
#6968 = CARTESIAN_POINT ( 'NONE',  ( 5.280000000000000249, 2.799999999999999822, 0.8699999999999999956 ) ) ;
#6969 = VECTOR ( 'NONE', #4292, 1000.000000000000000 ) ;
#6970 = MECHANICAL_DESIGN_GEOMETRIC_PRESENTATION_REPRESENTATION (  '', ( #5510 ), #5798 ) ;
#6971 = EDGE_LOOP ( 'NONE', ( #3203, #8167, #7692, #7107 ) ) ;
#6972 = CARTESIAN_POINT ( 'NONE',  ( 4.279999999999995808, -0.7321320343559630794, -0.2349999999999980160 ) ) ;
#6973 = CARTESIAN_POINT ( 'NONE',  ( 3.809999999999999609, -4.629945645751342376, -1.355252715606880543E-17 ) ) ;
#6974 = DIRECTION ( 'NONE',  ( 0.000000000000000000, 0.000000000000000000, 1.000000000000000000 ) ) ;
#6975 = LINE ( 'NONE', #5601, #3897 ) ;
#6976 = AXIS2_PLACEMENT_3D ( 'NONE', #8281, #2239, #5657 ) ;
#6977 = ORIENTED_EDGE ( 'NONE', *, *, #2310, .F. ) ;
#6978 = EDGE_CURVE ( 'NONE', #1433, #6851, #8883, .T. ) ;
#6979 = CARTESIAN_POINT ( 'NONE',  ( -8.890000000000000568, -4.400000000000000355, -0.2349999999999989875 ) ) ;
#6980 = ORIENTED_EDGE ( 'NONE', *, *, #8357, .F. ) ;
#6981 = CARTESIAN_POINT ( 'NONE',  ( -8.890000000000000568, -4.537064994640259918, -0.2349999999999975719 ) ) ;
#6982 = ORIENTED_EDGE ( 'NONE', *, *, #4103, .F. ) ;
#6983 = CARTESIAN_POINT ( 'NONE',  ( -8.599302866753259167, -0.6699999999999908251, 0.2539486160370660883 ) ) ;
#6984 = ADVANCED_FACE ( 'NONE', ( #3562 ), #2856, .T. ) ;
#6985 = PRESENTATION_STYLE_ASSIGNMENT (( #6303 ) ) ;
#6986 = PRESENTATION_LAYER_ASSIGNMENT (  '', '', ( #8434 ) ) ;
#6987 = ADVANCED_FACE ( 'NONE', ( #8551 ), #6555, .T. ) ;
#6988 = CARTESIAN_POINT ( 'NONE',  ( -0.2000000000000008438, -5.939340816038532217E-17, 0.8699999999999999956 ) ) ;
#6989 = CARTESIAN_POINT ( 'NONE',  ( 8.504966502116623417, -0.6699999999999408651, 0.02430434733793409435 ) ) ;
#6990 = VERTEX_POINT ( 'NONE', #1576 ) ;
#6991 = DIRECTION ( 'NONE',  ( -0.000000000000000000, -1.000000000000000000, -0.000000000000000000 ) ) ;
#6992 = CARTESIAN_POINT ( 'NONE',  ( -0.9959347938916692788, -4.632925319547867460, 0.1370326030541655082 ) ) ;
#6993 = DIRECTION ( 'NONE',  ( 0.000000000000000000, 1.000000000000000000, 0.000000000000000000 ) ) ;
#6994 = VECTOR ( 'NONE', #7759, 1000.000000000000000 ) ;
#6995 = ADVANCED_FACE ( 'NONE', ( #2261 ), #840, .T. ) ;
#6997 = ADVANCED_FACE ( 'NONE', ( #3658 ), #7147, .F. ) ;
#6996 = DIRECTION ( 'NONE',  ( -0.000000000000000000, -1.000000000000000000, -0.000000000000000000 ) ) ;
#6998 = AXIS2_PLACEMENT_3D ( 'NONE', #6858, #3359, #4793 ) ;
#6999 = ORIENTED_EDGE ( 'NONE', *, *, #5380, .T. ) ;
#7000 = CARTESIAN_POINT ( 'NONE',  ( -3.809999999999999609, -4.629945645751342376, -1.355252715606880543E-17 ) ) ;
#7001 = DIRECTION ( 'NONE',  ( 0.000000000000000000, 6.123031769111889989E-17, -1.000000000000000000 ) ) ;
#7002 = ORIENTED_EDGE ( 'NONE', *, *, #2948, .F. ) ;
#7003 = FACE_OUTER_BOUND ( 'NONE', #7588, .T. ) ;
#7004 = VERTEX_POINT ( 'NONE', #919 ) ;
#7005 = CIRCLE ( 'NONE', #8908, 0.9150000000000000355 ) ;
#7006 = DIRECTION ( 'NONE',  ( 0.000000000000000000, 1.000000000000000000, 0.000000000000000000 ) ) ;
#7007 = DIRECTION ( 'NONE',  ( -0.4226182617407031605, 0.000000000000000000, -0.9063077870366482713 ) ) ;
#7008 = PRESENTATION_LAYER_ASSIGNMENT (  '', '', ( #6125 ) ) ;
#7009 = VERTEX_POINT ( 'NONE', #2477 ) ;
#7010 = ORIENTED_EDGE ( 'NONE', *, *, #3654, .F. ) ;
#7011 = CARTESIAN_POINT ( 'NONE',  ( -7.233476936737999630, 2.799999999999999822, -1.270000000000000018 ) ) ;
#7012 = CARTESIAN_POINT ( 'NONE',  ( -3.927154517158567337, -0.6699999999999607381, -0.3676542739226115186 ) ) ;
#7013 = CARTESIAN_POINT ( 'NONE',  ( -8.890000000000000568, -0.4200000000000000400, 0.000000000000000000 ) ) ;
#7014 =( NAMED_UNIT ( * ) SI_UNIT ( $, .STERADIAN. ) SOLID_ANGLE_UNIT ( ) );
#7015 = CARTESIAN_POINT ( 'NONE',  ( 4.186077767818486173, 3.330000000000000071, 0.2837140651352123566 ) ) ;
#7016 = DIRECTION ( 'NONE',  ( 0.000000000000000000, 1.000000000000000000, 0.000000000000000000 ) ) ;
#7017 = ORIENTED_EDGE ( 'NONE', *, *, #660, .F. ) ;
#7018 = CARTESIAN_POINT ( 'NONE',  ( -0.3865230632620021423, 6.551643992949719860E-17, -1.270000000000000018 ) ) ;
#7019 = CARTESIAN_POINT ( 'NONE',  ( -6.349999999999999645, 3.330000000000000071, -0.3821320343559643784 ) ) ;
#7020 = CARTESIAN_POINT ( 'NONE',  ( -5.964999999999998082, -0.6699999999999978195, 0.04955347075953944053 ) ) ;
#7021 = CARTESIAN_POINT ( 'NONE',  ( 2.739999999999999325, -6.551643992949719860E-17, 0.8700000000000002176 ) ) ;
#7022 = CARTESIAN_POINT ( 'NONE',  ( -6.119397826085989145, 3.330000000000001847, -0.4109645392657081953 ) ) ;
#7023 = CARTESIAN_POINT ( 'NONE',  ( -6.160011540297157140, -0.6699999999999834976, -0.3351279351845873888 ) ) ;
#7024 = FACE_OUTER_BOUND ( 'NONE', #1876, .T. ) ;
#7025 = ORIENTED_EDGE ( 'NONE', *, *, #3628, .T. ) ;
#7026 = CARTESIAN_POINT ( 'NONE',  ( -8.865825542622049582, -0.6699999999999712852, 0.3849999999999999534 ) ) ;
#7027 = EDGE_LOOP ( 'NONE', ( #3030, #5179, #5474, #4459 ) ) ;
#7028 = DIRECTION ( 'NONE',  ( 0.000000000000000000, 0.000000000000000000, -1.000000000000000000 ) ) ;
#7029 = AXIS2_PLACEMENT_3D ( 'NONE', #2876, #675, #6937 ) ;
#7030 = DIRECTION ( 'NONE',  ( 0.9063077870366482713, 2.587705042845171132E-17, -0.4226182617407031605 ) ) ;
#7031 = EDGE_CURVE ( 'NONE', #7408, #6760, #1790, .T. ) ;
#7032 = LINE ( 'NONE', #7756, #5232 ) ;
#7033 = ORIENTED_EDGE ( 'NONE', *, *, #681, .F. ) ;
#7034 = DIRECTION ( 'NONE',  ( 0.000000000000000000, 1.000000000000000000, 0.000000000000000000 ) ) ;
#7035 = CARTESIAN_POINT ( 'NONE',  ( -6.349999999999999645, -0.6700000000137151801, -0.4149999999777717052 ) ) ;
#7036 = ORIENTED_EDGE ( 'NONE', *, *, #6960, .F. ) ;
#7037 = CARTESIAN_POINT ( 'NONE',  ( 6.349999999999999645, 5.327499999999999680, -0.3200000000000000067 ) ) ;
#7038 = CIRCLE ( 'NONE', #6007, 0.6650000000000000355 ) ;
#7039 = CARTESIAN_POINT ( 'NONE',  ( -8.890000000000000568, 5.327499999999999680, 0.000000000000000000 ) ) ;
#7040 = ORIENTED_EDGE ( 'NONE', *, *, #8317, .T. ) ;
#7041 = CARTESIAN_POINT ( 'NONE',  ( -3.810000000000000053, -4.400000000000000355, 0.2349999999999975719 ) ) ;
#7042 = CARTESIAN_POINT ( 'NONE',  ( 3.810000000000000053, -0.6699999999999979305, -0.2971320343559630262 ) ) ;
#7043 = MECHANICAL_DESIGN_GEOMETRIC_PRESENTATION_REPRESENTATION (  '', ( #7768 ), #428 ) ;
#7044 = EDGE_LOOP ( 'NONE', ( #5838, #1085 ) ) ;
#7045 = CARTESIAN_POINT ( 'NONE',  ( 1.909999999999999920, 3.479999999999999538, -0.3199999999999999512 ) ) ;
#7046 = EDGE_CURVE ( 'NONE', #408, #6815, #8082, .T. ) ;
#7047 = EDGE_LOOP ( 'NONE', ( #5293, #9089, #8762, #7869 ) ) ;
#7048 = DIRECTION ( 'NONE',  ( 1.000000000000000000, 0.000000000000000000, 0.000000000000000000 ) ) ;
#7049 = CARTESIAN_POINT ( 'NONE',  ( -8.890000000000000568, -0.8199999999999999512, 0.000000000000000000 ) ) ;
#7050 = ORIENTED_EDGE ( 'NONE', *, *, #3657, .F. ) ;
#7051 = ORIENTED_EDGE ( 'NONE', *, *, #3334, .F. ) ;
#7052 = CARTESIAN_POINT ( 'NONE',  ( -4.880000000000000782, 6.551643992949719860E-17, -0.8700000000000005507 ) ) ;
#7053 = AXIS2_PLACEMENT_3D ( 'NONE', #1588, #6991, #3499 ) ;
#7054 = CARTESIAN_POINT ( 'NONE',  ( -3.399035460734294745, 3.330000000000000959, 0.2306021739140214355 ) ) ;
#7055 = FACE_OUTER_BOUND ( 'NONE', #7784, .T. ) ;
#7056 = CARTESIAN_POINT ( 'NONE',  ( 1.643660126678689881, 7.492926245181915412, 0.1868300633393455423 ) ) ;
#7057 = DIRECTION ( 'NONE',  ( -0.4226182617407002184, 0.000000000000000000, -0.9063077870366496036 ) ) ;
#7058 = ADVANCED_FACE ( 'NONE', ( #3696 ), #8774, .T. ) ;
#7059 = ORIENTED_EDGE ( 'NONE', *, *, #3851, .F. ) ;
#7060 = CARTESIAN_POINT ( 'NONE',  ( -7.949999999999999289, 3.329999999999999183, 0.4700000000000004730 ) ) ;
#7061 = CARTESIAN_POINT ( 'NONE',  ( -6.349999999999999645, 3.479999999999999982, 0.000000000000000000 ) ) ;
#7062 = FACE_OUTER_BOUND ( 'NONE', #2545, .T. ) ;
#7063 = CARTESIAN_POINT ( 'NONE',  ( -2.339999999999999858, 2.799999999999999822, 0.8699999999999999956 ) ) ;
#7064 = CARTESIAN_POINT ( 'NONE',  ( -3.810000000000000053, 3.479999999999999982, 0.3199999999999999512 ) ) ;
#7065 = CARTESIAN_POINT ( 'NONE',  ( -8.890000000000000568, 1.967086183247610087, 0.000000000000000000 ) ) ;
#7066 = ORIENTED_EDGE ( 'NONE', *, *, #1693, .F. ) ;
#7067 = PLANE ( 'NONE',  #2442 ) ;
#7068 = VECTOR ( 'NONE', #2890, 1000.000000000000000 ) ;
#7069 = CARTESIAN_POINT ( 'NONE',  ( 0.6299999999999987832, 7.361853603950959446, 0.3200000000000011724 ) ) ;
#7070 = ADVANCED_FACE ( 'NONE', ( #1655 ), #2300, .T. ) ;
#7071 = SURFACE_SIDE_STYLE ('',( #1449 ) ) ;
#7072 = EDGE_CURVE ( 'NONE', #1740, #408, #5126, .T. ) ;
#7073 = AXIS2_PLACEMENT_3D ( 'NONE', #1262, #5591, #3342 ) ;
#7074 = CARTESIAN_POINT ( 'NONE',  ( 9.530000000000001137, 3.479999999999999538, -0.3199999999999999512 ) ) ;
#7075 = CARTESIAN_POINT ( 'NONE',  ( -6.349999999999999645, 3.330000000000000515, -0.4700000000000001954 ) ) ;
#7076 = VERTEX_POINT ( 'NONE', #7319 ) ;
#7077 = FACE_OUTER_BOUND ( 'NONE', #6725, .T. ) ;
#7078 = VERTEX_POINT ( 'NONE', #3783 ) ;
#7079 = SURFACE_STYLE_USAGE ( .BOTH. , #4274 ) ;
#7080 = CARTESIAN_POINT ( 'NONE',  ( -4.693476936737999594, 7.776250346772100076E-17, -1.270000000000000018 ) ) ;
#7081 = EDGE_CURVE ( 'NONE', #5084, #2357, #483, .T. ) ;
#7082 = CARTESIAN_POINT ( 'NONE',  ( -8.890000000000000568, 0.000000000000000000, -0.6650000000000000355 ) ) ;
#7083 = CARTESIAN_POINT ( 'NONE',  ( -2.153476936738000003, 2.799999999999999822, -1.270000000000000018 ) ) ;
#7084 = VERTEX_POINT ( 'NONE', #5350 ) ;
#7085 = CARTESIAN_POINT ( 'NONE',  ( -2.039999999999999591, -0.6699999999999979305, 0.3849999999999999534 ) ) ;
#7086 = LINE ( 'NONE', #7902, #1778 ) ;
#7087 = COLOUR_RGB ( '',0.000000000000000000, 0.000000000000000000, 0.000000000000000000 ) ;
#7088 = ORIENTED_EDGE ( 'NONE', *, *, #107, .F. ) ;
#7089 = CARTESIAN_POINT ( 'NONE',  ( 2.210000000000001297, 3.329999999999999183, -0.4700000000000004730 ) ) ;
#7090 = VECTOR ( 'NONE', #7668, 1000.000000000000000 ) ;
#7091 = CARTESIAN_POINT ( 'NONE',  ( 6.349999999999999645, 3.330000000000000071, 0.000000000000000000 ) ) ;
#7092 = ORIENTED_EDGE ( 'NONE', *, *, #3836, .T. ) ;
#7093 = CARTESIAN_POINT ( 'NONE',  ( -1.240488324759389860, 3.330000000000002292, -0.4700000000000000844 ) ) ;
#7094 = EDGE_CURVE ( 'NONE', #6640, #6760, #6904, .T. ) ;
#7095 =( BOUNDED_SURFACE ( )  B_SPLINE_SURFACE ( 3, 3, ( 
 ( #6451, #6413, #7089, #3649 ),
 ( #5713, #785, #4375, #8492 ),
 ( #8402, #834, #7861, #2940 ),
 ( #7904, #2846, #7045, #4236 ) ),
 .UNSPECIFIED., .F., .F., .F. ) 
 B_SPLINE_SURFACE_WITH_KNOTS ( ( 4, 4 ),
 ( 4, 4 ),
 ( 0.000000000000000000, 1.000000000000000000 ),
 ( 0.000000000000000000, 1.000000000000000000 ),
 .UNSPECIFIED. ) 
 GEOMETRIC_REPRESENTATION_ITEM ( )  RATIONAL_B_SPLINE_SURFACE ( (
 ( 1.000000000000000000, 0.3333333333333334259, 0.3333333333333334259, 1.000000000000000000),
 ( 0.8047378541243658256, 0.2682459513747886826, 0.2682459513747886826, 0.8047378541243658256),
 ( 0.8047378541243658256, 0.2682459513747886826, 0.2682459513747886826, 0.8047378541243658256),
 ( 1.000000000000000000, 0.3333333333333334259, 0.3333333333333334259, 1.000000000000000000) ) ) 
 REPRESENTATION_ITEM ( '' )  SURFACE ( )  );
#7096 = VERTEX_POINT ( 'NONE', #2528 ) ;
#7097 =( GEOMETRIC_REPRESENTATION_CONTEXT ( 3 ) GLOBAL_UNCERTAINTY_ASSIGNED_CONTEXT ( ( #8266 ) ) GLOBAL_UNIT_ASSIGNED_CONTEXT ( ( #7524, #4624, #5369 ) ) REPRESENTATION_CONTEXT ( 'NONE', 'WORKASPACE' ) );
#7098 = AXIS2_PLACEMENT_3D ( 'NONE', #471, #4191, #2930 ) ;
#7099 = ORIENTED_EDGE ( 'NONE', *, *, #7932, .F. ) ;
#7100 = EDGE_CURVE ( 'NONE', #1230, #3685, #3462, .T. ) ;
#7101 = CARTESIAN_POINT ( 'NONE',  ( -3.976190672783304070, -0.6699999999999572964, 0.3475360023647233731 ) ) ;
#7102 = CARTESIAN_POINT ( 'NONE',  ( -6.349999999999998757, -0.6699999999999979305, 0.2971320343559630262 ) ) ;
#7103 = DIRECTION ( 'NONE',  ( 0.000000000000000000, 0.000000000000000000, 1.000000000000000000 ) ) ;
#7104 = AXIS2_PLACEMENT_3D ( 'NONE', #3152, #6740, #5997 ) ;
#7105 = DIRECTION ( 'NONE',  ( -1.000000000000000000, 0.000000000000000000, -1.224646799147353207E-16 ) ) ;
#7106 = CARTESIAN_POINT ( 'NONE',  ( -1.081102474559803905, -0.6699999999999834976, 0.3366411651431928109 ) ) ;
#7107 = ORIENTED_EDGE ( 'NONE', *, *, #5643, .T. ) ;
#7108 = DIRECTION ( 'NONE',  ( 0.000000000000000000, 1.000000000000000000, 0.000000000000000000 ) ) ;
#7109 = DIRECTION ( 'NONE',  ( -0.000000000000000000, -1.000000000000000000, -0.000000000000000000 ) ) ;
#7110 = EDGE_CURVE ( 'NONE', #689, #2608, #658, .T. ) ;
#7111 = COLOUR_RGB ( '',0.000000000000000000, 0.000000000000000000, 0.000000000000000000 ) ;
#7112 = CARTESIAN_POINT ( 'NONE',  ( -3.810000000000000053, -4.400000000000000355, 0.000000000000000000 ) ) ;
#7113 = DIRECTION ( 'NONE',  ( -0.000000000000000000, -1.000000000000000000, -0.000000000000000000 ) ) ;
#7114 = CARTESIAN_POINT ( 'NONE',  ( -6.320488324759382159, 3.330000000000002736, -0.4700000000000000844 ) ) ;
#7115 = CARTESIAN_POINT ( 'NONE',  ( -5.976263126704571604, -0.6699999999999971534, -0.09531021239250331289 ) ) ;
#7116 = EDGE_LOOP ( 'NONE', ( #2705, #7025, #5439, #3409 ) ) ;
#7117 = DIRECTION ( 'NONE',  ( 1.000000000000000000, -7.401486830834319717E-14, 0.000000000000000000 ) ) ;
#7118 = CARTESIAN_POINT ( 'NONE',  ( -8.724080586844729979, -0.6699999999999819433, 0.3485131856847024645 ) ) ;
#7119 = VECTOR ( 'NONE', #4727, 1000.000000000000000 ) ;
#7120 = ORIENTED_EDGE ( 'NONE', *, *, #1520, .F. ) ;
#7121 = DIRECTION ( 'NONE',  ( 0.000000000000000000, -1.000000000000000000, -6.123031769111889989E-17 ) ) ;
#7122 =( NAMED_UNIT ( * ) PLANE_ANGLE_UNIT ( ) SI_UNIT ( $, .RADIAN. ) );
#7123 = VECTOR ( 'NONE', #8498, 1000.000000000000000 ) ;
#7124 = FILL_AREA_STYLE ('',( #1248 ) ) ;
#7125 = VERTEX_POINT ( 'NONE', #1240 ) ;
#7126 = CARTESIAN_POINT ( 'NONE',  ( -1.270000000000000018, -4.629945645751342376, 1.355252715606880543E-17 ) ) ;
#7127 = VERTEX_POINT ( 'NONE', #7599 ) ;
#7128 = MECHANICAL_DESIGN_GEOMETRIC_PRESENTATION_REPRESENTATION (  '', ( #2127 ), #8290 ) ;
#7129 = DIRECTION ( 'NONE',  ( 0.000000000000000000, 0.000000000000000000, 1.000000000000000000 ) ) ;
#7130 = VERTEX_POINT ( 'NONE', #7506 ) ;
#7131 = CIRCLE ( 'NONE', #3321, 0.3200000000000000067 ) ;
#7132 = CARTESIAN_POINT ( 'NONE',  ( 1.270000000000000018, -0.6699999999999978195, 0.2971320343559633037 ) ) ;
#7133 = ORIENTED_EDGE ( 'NONE', *, *, #7100, .T. ) ;
#7134 = CARTESIAN_POINT ( 'NONE',  ( -1.270000000000000018, -0.4200000000000000400, 0.000000000000000000 ) ) ;
#7135 = PRESENTATION_LAYER_ASSIGNMENT (  '', '', ( #8154 ) ) ;
#7136 = ORIENTED_EDGE ( 'NONE', *, *, #2767, .T. ) ;
#7137 = VERTEX_POINT ( 'NONE', #1105 ) ;
#7138 = EDGE_CURVE ( 'NONE', #2161, #7004, #1280, .T. ) ;
#7139 = CARTESIAN_POINT ( 'NONE',  ( -6.349999999999999645, -0.8199999999999999512, -0.2349999999999980438 ) ) ;
#7140 = CARTESIAN_POINT ( 'NONE',  ( -3.963052039872804411, -0.6699999999999581846, 0.3534632452272082892 ) ) ;
#7141 = EDGE_CURVE ( 'NONE', #5205, #1282, #3011, .T. ) ;
#7142 = FILL_AREA_STYLE ('',( #5853 ) ) ;
#7143 = ORIENTED_EDGE ( 'NONE', *, *, #498, .T. ) ;
#7144 = DIRECTION ( 'NONE',  ( -0.000000000000000000, -1.000000000000000000, -0.000000000000000000 ) ) ;
#7145 = CARTESIAN_POINT ( 'NONE',  ( -1.270000000000000018, 3.330000000000000071, 0.9150000000000000355 ) ) ;
#7146 = COLOUR_RGB ( '',0.000000000000000000, 0.000000000000000000, 0.000000000000000000 ) ;
#7147 =( BOUNDED_SURFACE ( )  B_SPLINE_SURFACE ( 3, 3, ( 
 ( #7903, #5843, #6679, #3124 ),
 ( #3870, #1611, #3743, #4418 ),
 ( #2390, #5215, #1056, #876 ),
 ( #368, #7224, #5889, #3174 ) ),
 .UNSPECIFIED., .F., .F., .F. ) 
 B_SPLINE_SURFACE_WITH_KNOTS ( ( 4, 4 ),
 ( 4, 4 ),
 ( 0.000000000000000000, 1.000000000000000000 ),
 ( 0.000000000000000000, 1.000000000000000000 ),
 .UNSPECIFIED. ) 
 GEOMETRIC_REPRESENTATION_ITEM ( )  RATIONAL_B_SPLINE_SURFACE ( (
 ( 1.000000000000000000, 0.3333333333333334259, 0.3333333333333334259, 1.000000000000000000),
 ( 0.8047378541243637162, 0.2682459513747879609, 0.2682459513747879609, 0.8047378541243637162),
 ( 0.8047378541243637162, 0.2682459513747879609, 0.2682459513747879609, 0.8047378541243637162),
 ( 1.000000000000000000, 0.3333333333333334259, 0.3333333333333334259, 1.000000000000000000) ) ) 
 REPRESENTATION_ITEM ( '' )  SURFACE ( )  );
#7148 = CARTESIAN_POINT ( 'NONE',  ( -1.270000000000000018, -4.400000000000000355, 0.000000000000000000 ) ) ;
#7149 = ADVANCED_FACE ( 'NONE', ( #415 ), #6209, .T. ) ;
#7150 = VERTEX_POINT ( 'NONE', #8312 ) ;
#7151 = FILL_AREA_STYLE ('',( #3005 ) ) ;
#7152 = PLANE ( 'NONE',  #7227 ) ;
#7153 = CARTESIAN_POINT ( 'NONE',  ( 4.269000167166449700, 3.330000000000001847, -0.1181620185854851263 ) ) ;
#7154 =( NAMED_UNIT ( * ) PLANE_ANGLE_UNIT ( ) SI_UNIT ( $, .RADIAN. ) );
#7155 = CARTESIAN_POINT ( 'NONE',  ( 6.325610706135189609, -0.6699999999999679545, -0.3850000000000001199 ) ) ;
#7156 = DIRECTION ( 'NONE',  ( -0.9063077870366482713, 2.587705042845171132E-17, -0.4226182617407031605 ) ) ;
#7157 = CARTESIAN_POINT ( 'NONE',  ( -6.507995517376530259, 3.330000000000003624, 0.4429233660638449699 ) ) ;
#7158 = ORIENTED_EDGE ( 'NONE', *, *, #8517, .F. ) ;
#7159 = DIRECTION ( 'NONE',  ( 0.000000000000000000, 0.000000000000000000, 1.000000000000000000 ) ) ;
#7160 = LINE ( 'NONE', #4540, #6364 ) ;
#7161 = EDGE_CURVE ( 'NONE', #3418, #4548, #3761, .T. ) ;
#7162 = DIRECTION ( 'NONE',  ( 0.000000000000000000, 0.000000000000000000, 1.000000000000000000 ) ) ;
#7163 = ORIENTED_EDGE ( 'NONE', *, *, #5135, .F. ) ;
#7164 = CARTESIAN_POINT ( 'NONE',  ( -3.436339873321309746, 7.492926245181915412, 0.1868300633393451260 ) ) ;
#7165 = CARTESIAN_POINT ( 'NONE',  ( -3.810000000000000053, -0.6700000000705585990, 0.000000000000000000 ) ) ;
#7166 = DIRECTION ( 'NONE',  ( 0.000000000000000000, 1.000000000000000000, 0.000000000000000000 ) ) ;
#7167 = ORIENTED_EDGE ( 'NONE', *, *, #4928, .T. ) ;
#7168 = ORIENTED_EDGE ( 'NONE', *, *, #6723, .F. ) ;
#7169 = CARTESIAN_POINT ( 'NONE',  ( 6.350000000000001421, -4.632925319547866572, -0.1370326030541654527 ) ) ;
#7170 = ORIENTED_EDGE ( 'NONE', *, *, #6837, .F. ) ;
#7171 =( NAMED_UNIT ( * ) SI_UNIT ( $, .STERADIAN. ) SOLID_ANGLE_UNIT ( ) );
#7172 = CARTESIAN_POINT ( 'NONE',  ( 8.890000000000000568, 7.489960314960472765, -2.117582368135750848E-17 ) ) ;
#7173 =( GEOMETRIC_REPRESENTATION_CONTEXT ( 3 ) GLOBAL_UNCERTAINTY_ASSIGNED_CONTEXT ( ( #5358 ) ) GLOBAL_UNIT_ASSIGNED_CONTEXT ( ( #2700, #2235, #2422 ) ) REPRESENTATION_CONTEXT ( 'NONE', 'WORKASPACE' ) );
#7174 = EDGE_CURVE ( 'NONE', #6344, #6959, #6105, .T. ) ;
#7175 = CARTESIAN_POINT ( 'NONE',  ( -1.270000000000000240, 7.492926245181917189, 0.1868300633393450705 ) ) ;
#7176 = CARTESIAN_POINT ( 'NONE',  ( 1.270000000000000018, 3.330000000000000515, -0.4700000000000001954 ) ) ;
#7177 = CARTESIAN_POINT ( 'NONE',  ( -3.340000000000004743, -4.399999999999999467, -0.2349999999999975719 ) ) ;
#7178 = DIRECTION ( 'NONE',  ( -1.000000000000000000, 0.000000000000000000, -1.224646799147353207E-16 ) ) ;
#7179 = SURFACE_SIDE_STYLE ('',( #6543 ) ) ;
#7180 = ORIENTED_EDGE ( 'NONE', *, *, #4972, .T. ) ;
#7181 = CARTESIAN_POINT ( 'NONE',  ( -1.625185404947081524, 3.330000000000004512, 0.3095472568616174924 ) ) ;
#7182 = VECTOR ( 'NONE', #8962, 1000.000000000000000 ) ;
#7183 = VERTEX_POINT ( 'NONE', #3262 ) ;
#7184 = ORIENTED_EDGE ( 'NONE', *, *, #616, .T. ) ;
#7185 = AXIS2_PLACEMENT_3D ( 'NONE', #1374, #780, #6359 ) ;
#7186 = UNCERTAINTY_MEASURE_WITH_UNIT (LENGTH_MEASURE( 1.000000000000000082E-05 ), #2255, 'distance_accuracy_value', 'NONE');
#7187 = ADVANCED_FACE ( 'NONE', ( #6072 ), #6818, .T. ) ;
#7188 = DIRECTION ( 'NONE',  ( -0.4226182617406961106, 0.000000000000000000, -0.9063077870366514910 ) ) ;
#7189 = CARTESIAN_POINT ( 'NONE',  ( -9.973476936738002507, 2.799999999999999822, -1.270000000000000018 ) ) ;
#7190 = EDGE_CURVE ( 'NONE', #7334, #252, #5815, .T. ) ;
#7191 = ORIENTED_EDGE ( 'NONE', *, *, #1407, .T. ) ;
#7192 = CARTESIAN_POINT ( 'NONE',  ( -3.810000000000000053, 2.799999999999999822, 1.270000000000000240 ) ) ;
#7193 = CARTESIAN_POINT ( 'NONE',  ( 6.350000000000001421, -4.537064994640259918, 0.2349999999999975719 ) ) ;
#7194 = CARTESIAN_POINT ( 'NONE',  ( 1.173625843584634065, -0.6699999999999621814, 0.3759894986363452873 ) ) ;
#7195 = VERTEX_POINT ( 'NONE', #6169 ) ;
#7196 = EDGE_CURVE ( 'NONE', #4865, #362, #3466, .T. ) ;
#7197 =( NAMED_UNIT ( * ) PLANE_ANGLE_UNIT ( ) SI_UNIT ( $, .RADIAN. ) );
#7198 = LINE ( 'NONE', #6513, #7248 ) ;
#7199 = CARTESIAN_POINT ( 'NONE',  ( 5.976212879879566842, -0.6699999999999417533, 0.09550504733260226087 ) ) ;
#7200 = CARTESIAN_POINT ( 'NONE',  ( 3.810000000000000053, -0.4200000000000000400, -0.6649999999763349656 ) ) ;
#7201 = CARTESIAN_POINT ( 'NONE',  ( -8.687449028096175141, 3.330000000000001847, -0.4254576552514648946 ) ) ;
#7202 = CARTESIAN_POINT ( 'NONE',  ( 0.1999999999999989841, 5.939340816038532217E-17, -0.8699999999999999956 ) ) ;
#7203 = ORIENTED_EDGE ( 'NONE', *, *, #6022, .T. ) ;
#7204 = CARTESIAN_POINT ( 'NONE',  ( -8.890000000000000568, 3.330000000000000071, 0.000000000000000000 ) ) ;
#7205 = DIRECTION ( 'NONE',  ( 0.000000000000000000, 0.000000000000000000, 1.000000000000000000 ) ) ;
#7206 = DIRECTION ( 'NONE',  ( 0.000000000000000000, 1.000000000000000000, 4.075948017000379909E-17 ) ) ;
#7207 = AXIS2_PLACEMENT_3D ( 'NONE', #1377, #8282, #2758 ) ;
#7208 = AXIS2_PLACEMENT_3D ( 'NONE', #6910, #1247, #3461 ) ;
#7209 = EDGE_LOOP ( 'NONE', ( #4291, #5355, #6772, #5381 ) ) ;
#7210 = CARTESIAN_POINT ( 'NONE',  ( -5.134266901142090056, -5.327037639127340260E-17, 0.8699999999999999956 ) ) ;
#7211 = CARTESIAN_POINT ( 'NONE',  ( 10.16000000000000014, 0.000000000000000000, 0.000000000000000000 ) ) ;
#7212 = EDGE_CURVE ( 'NONE', #2303, #6351, #2791, .T. ) ;
#7213 = FACE_OUTER_BOUND ( 'NONE', #8408, .T. ) ;
#7214 = VECTOR ( 'NONE', #8587, 1000.000000000000000 ) ;
#7215 = ORIENTED_EDGE ( 'NONE', *, *, #778, .T. ) ;
#7216 = ORIENTED_EDGE ( 'NONE', *, *, #7498, .T. ) ;
#7217 = DIRECTION ( 'NONE',  ( 0.000000000000000000, 1.000000000000000000, 0.000000000000000000 ) ) ;
#7218 = PRESENTATION_STYLE_ASSIGNMENT (( #5665 ) ) ;
#7219 = DIRECTION ( 'NONE',  ( 1.000000000000000000, -7.401486830834319717E-14, 0.000000000000000000 ) ) ;
#7220 = LINE ( 'NONE', #7940, #6567 ) ;
#7221 = CARTESIAN_POINT ( 'NONE',  ( 3.810000000000000053, 7.174999999999999822, 0.000000000000000000 ) ) ;
#7222 = EDGE_CURVE ( 'NONE', #7076, #1601, #7635, .T. ) ;
#7223 = CARTESIAN_POINT ( 'NONE',  ( 3.810000000000000053, -0.8199999999999999512, 0.2349999999999980438 ) ) ;
#7224 = CARTESIAN_POINT ( 'NONE',  ( 5.579999999999998295, -0.6699999999999979305, -0.3850000000000007860 ) ) ;
#7225 = ORIENTED_EDGE ( 'NONE', *, *, #865, .F. ) ;
#7226 = CARTESIAN_POINT ( 'NONE',  ( -1.299793745454851823, 3.330000000000002292, 0.4699999999999999734 ) ) ;
#7227 = AXIS2_PLACEMENT_3D ( 'NONE', #2269, #2093, #5009 ) ;
#7228 = ORIENTED_EDGE ( 'NONE', *, *, #1710, .T. ) ;
#7229 = ORIENTED_EDGE ( 'NONE', *, *, #2575, .T. ) ;
#7230 = CARTESIAN_POINT ( 'NONE',  ( -8.505000000000000782, -0.6699999999999979305, 2.710505431213761085E-17 ) ) ;
#7231 = CARTESIAN_POINT ( 'NONE',  ( -5.755735931288072038, -0.6699999999999978195, -0.2971320343559612498 ) ) ;
#7232 = CARTESIAN_POINT ( 'NONE',  ( -4.119523379934791230, -0.6699999999999463052, 0.2348443923208095307 ) ) ;
#7233 = CIRCLE ( 'NONE', #3267, 0.9150000000000000355 ) ;
#7234 = CARTESIAN_POINT ( 'NONE',  ( 1.270000000000000018, 7.776250346772100076E-17, -1.270000000000000018 ) ) ;
#7235 = CIRCLE ( 'NONE', #3268, 0.3200000000000000067 ) ;
#7236 = ORIENTED_EDGE ( 'NONE', *, *, #5701, .T. ) ;
#7237 = CARTESIAN_POINT ( 'NONE',  ( 5.025733098857910086, -5.327037639127340260E-17, 0.8699999999999999956 ) ) ;
#7238 = CARTESIAN_POINT ( 'NONE',  ( 6.624065206108329384, -4.632925319547867460, -0.1370326030541655082 ) ) ;
#7239 = CARTESIAN_POINT ( 'NONE',  ( 1.270000000000000240, -4.632925319547866572, 0.1370326030541654527 ) ) ;
#7240 = COLOUR_RGB ( '',0.000000000000000000, 0.000000000000000000, 0.000000000000000000 ) ;
#7241 = ORIENTED_EDGE ( 'NONE', *, *, #3348, .F. ) ;
#7242 = SURFACE_SIDE_STYLE ('',( #2358 ) ) ;
#7243 = PLANE ( 'NONE',  #627 ) ;
#7244 = SURFACE_STYLE_USAGE ( .BOTH. , #8561 ) ;
#7245 = DIRECTION ( 'NONE',  ( 0.000000000000000000, 1.000000000000000000, 0.000000000000000000 ) ) ;
#7246 = AXIS2_PLACEMENT_3D ( 'NONE', #4774, #7006, #2894 ) ;
#7247 = CARTESIAN_POINT ( 'NONE',  ( -4.450000000000001954, 7.361853603950959446, 0.3200000000000007838 ) ) ;
#7248 = VECTOR ( 'NONE', #5907, 1000.000000000000114 ) ;
#7249 = DIRECTION ( 'NONE',  ( -0.000000000000000000, -1.000000000000000000, -0.000000000000000000 ) ) ;
#7250 = PRESENTATION_LAYER_ASSIGNMENT (  '', '', ( #4904 ) ) ;
#7251 = CARTESIAN_POINT ( 'NONE',  ( -6.808932303851881862, 3.330000000000004512, 0.1177832789724641976 ) ) ;
#7252 = VERTEX_POINT ( 'NONE', #5748 ) ;
#7253 = CARTESIAN_POINT ( 'NONE',  ( -6.349999999999999645, -4.400000000000000355, 0.000000000000000000 ) ) ;
#7254 = CARTESIAN_POINT ( 'NONE',  ( 9.359999999999995879, -4.399999999999999467, -0.2349999999999975719 ) ) ;
#7255 = CIRCLE ( 'NONE', #5067, 0.4149999999834650399 ) ;
#7256 = ORIENTED_EDGE ( 'NONE', *, *, #8641, .F. ) ;
#7257 = CARTESIAN_POINT ( 'NONE',  ( -8.420000000000003482, -0.7321320343559630794, -0.2349999999999980160 ) ) ;
#7258 = FACE_OUTER_BOUND ( 'NONE', #570, .T. ) ;
#7259 = ADVANCED_FACE ( 'NONE', ( #7077 ), #131, .T. ) ;
#7260 = CARTESIAN_POINT ( 'NONE',  ( 6.349999999999999645, -0.2100000000000000200, 0.000000000000000000 ) ) ;
#7261 = ADVANCED_FACE ( 'NONE', ( #2834 ), #635, .T. ) ;
#7262 = AXIS2_PLACEMENT_3D ( 'NONE', #7221, #2297, #6800 ) ;
#7263 = SURFACE_STYLE_FILL_AREA ( #2926 ) ;
#7264 = ORIENTED_EDGE ( 'NONE', *, *, #1480, .F. ) ;
#7265 = CARTESIAN_POINT ( 'NONE',  ( 0.3299999999999993494, 3.329999999999999183, -0.4700000000000004730 ) ) ;
#7266 = ORIENTED_EDGE ( 'NONE', *, *, #1824, .T. ) ;
#7267 = FILL_AREA_STYLE ('',( #8673 ) ) ;
#7268 = DIRECTION ( 'NONE',  ( 0.000000000000000000, 1.000000000000000000, 0.000000000000000000 ) ) ;
#7269 = EDGE_CURVE ( 'NONE', #2167, #8733, #6560, .T. ) ;
#7270 = EDGE_CURVE ( 'NONE', #8008, #4735, #4832, .T. ) ;
#7271 = PRESENTATION_STYLE_ASSIGNMENT (( #5344 ) ) ;
#7272 = AXIS2_PLACEMENT_3D ( 'NONE', #1769, #2548, #2634 ) ;
#7273 = DIRECTION ( 'NONE',  ( -0.000000000000000000, -1.000000000000000000, -6.123031769111889989E-17 ) ) ;
#7274 = UNCERTAINTY_MEASURE_WITH_UNIT (LENGTH_MEASURE( 1.000000000000000082E-05 ), #8381, 'distance_accuracy_value', 'NONE');
#7275 = CARTESIAN_POINT ( 'NONE',  ( 3.810000000000000053, 5.327499999999999680, 0.3200000000000000067 ) ) ;
#7276 = EDGE_CURVE ( 'NONE', #7195, #4713, #8391, .T. ) ;
#7277 = DIRECTION ( 'NONE',  ( 1.000000000000000000, -0.000000000000000000, 0.000000000000000000 ) ) ;
#7278 = CARTESIAN_POINT ( 'NONE',  ( 8.939553470759555864, -0.6699999999999733946, -0.3850000000000001754 ) ) ;
#7279 = AXIS2_PLACEMENT_3D ( 'NONE', #1138, #3390, #4683 ) ;
#7280 = CARTESIAN_POINT ( 'NONE',  ( 1.701500585082565964, 3.330000000000001403, -0.1867151372212370875 ) ) ;
#7281 = ORIENTED_EDGE ( 'NONE', *, *, #385, .F. ) ;
#7282 = PRODUCT_CONTEXT ( 'NONE', #6366, 'mechanical' ) ;
#7283 = EDGE_CURVE ( 'NONE', #2977, #1990, #6259, .T. ) ;
#7284 = DIRECTION ( 'NONE',  ( 3.492836481966780137E-15, 1.000000000000000000, 0.000000000000000000 ) ) ;
#7285 = VECTOR ( 'NONE', #8367, 1000.000000000000000 ) ;
#7286 = SURFACE_STYLE_USAGE ( .BOTH. , #8638 ) ;
#7287 = CARTESIAN_POINT ( 'NONE',  ( 3.810000000000000053, 7.492926245181917189, -0.1868300633393450705 ) ) ;
#7288 = LINE ( 'NONE', #976, #3603 ) ;
#7289 = ORIENTED_EDGE ( 'NONE', *, *, #697, .F. ) ;
#7290 = PLANE ( 'NONE',  #4127 ) ;
#7291 = CARTESIAN_POINT ( 'NONE',  ( 3.810000000000000053, 2.799999999999999822, 1.270000000000000240 ) ) ;
#7292 = VECTOR ( 'NONE', #6343, 1000.000000000000000 ) ;
#7293 = CARTESIAN_POINT ( 'NONE',  ( -3.692486486792628142, -0.6699999999999781686, 0.3674238061333686689 ) ) ;
#7294 = ORIENTED_EDGE ( 'NONE', *, *, #107, .T. ) ;
#7295 = CARTESIAN_POINT ( 'NONE',  ( 7.820000000000000284, 5.939340816038530984E-17, -0.8700000000000001066 ) ) ;
#7296 = DIRECTION ( 'NONE',  ( 0.000000000000000000, 0.000000000000000000, -1.000000000000000000 ) ) ;
#7297 = DIRECTION ( 'NONE',  ( -0.000000000000000000, -1.000000000000000000, -0.000000000000000000 ) ) ;
#7298 = LINE ( 'NONE', #5732, #9013 ) ;
#7299 = CARTESIAN_POINT ( 'NONE',  ( -3.810000000000000053, 7.174999999999999822, 0.3200000000000007838 ) ) ;
#7300 = CARTESIAN_POINT ( 'NONE',  ( -3.810000000000000053, 7.174999999999999822, -0.005000000000000779862 ) ) ;
#7301 = CIRCLE ( 'NONE', #2003, 0.6650000000000000355 ) ;
#7302 = CARTESIAN_POINT ( 'NONE',  ( -6.349999999999999645, 3.330000000000000515, -0.4700000000000001954 ) ) ;
#7303 = CARTESIAN_POINT ( 'NONE',  ( -8.422749958208388676, 3.330000000000000959, 0.05868455565209880487 ) ) ;
#7304 = CARTESIAN_POINT ( 'NONE',  ( -5.709999999999999076, 7.361853603950959446, -0.3200000000000007838 ) ) ;
#7305 = ORIENTED_EDGE ( 'NONE', *, *, #7308, .T. ) ;
#7306 = CARTESIAN_POINT ( 'NONE',  ( -3.810000000000000053, 7.492926245181917189, -0.1868300633393450705 ) ) ;
#7307 = CARTESIAN_POINT ( 'NONE',  ( 8.890000000000000568, 7.174999999999999822, -0.005000000000000779862 ) ) ;
#7308 = EDGE_CURVE ( 'NONE', #8407, #5906, #8443, .T. ) ;
#7309 = CARTESIAN_POINT ( 'NONE',  ( -0.5000000000000003331, -0.6699999999999979305, 0.3849999999999999534 ) ) ;
#7310 = ORIENTED_EDGE ( 'NONE', *, *, #302, .T. ) ;
#7311 =( NAMED_UNIT ( * ) SI_UNIT ( $, .STERADIAN. ) SOLID_ANGLE_UNIT ( ) );
#7312 = VERTEX_POINT ( 'NONE', #1504 ) ;
#7313 = CARTESIAN_POINT ( 'NONE',  ( -8.890000000000000568, -0.6700000000137151801, 0.4149999999673494866 ) ) ;
#7314 = CARTESIAN_POINT ( 'NONE',  ( 6.819999999999999396, 3.330000000000000071, 2.710505431213761085E-17 ) ) ;
#7315 = CARTESIAN_POINT ( 'NONE',  ( -3.810000000000000053, 3.479999999999999982, 0.3199999999999999512 ) ) ;
#7316 = SURFACE_SIDE_STYLE ('',( #5259 ) ) ;
#7317 = ADVANCED_FACE ( 'NONE', ( #1368 ), #7782, .T. ) ;
#7318 = SURFACE_STYLE_FILL_AREA ( #7414 ) ;
#7319 = CARTESIAN_POINT ( 'NONE',  ( 2.740000000000000213, 2.799999999999999822, 0.8700000000000001066 ) ) ;
#7320 = ORIENTED_EDGE ( 'NONE', *, *, #3959, .F. ) ;
#7321 = CARTESIAN_POINT ( 'NONE',  ( 9.257423806133358468, -0.6699999999999965983, -0.1175135132073985983 ) ) ;
#7322 = ORIENTED_EDGE ( 'NONE', *, *, #4975, .F. ) ;
#7323 = B_SPLINE_CURVE_WITH_KNOTS ( 'NONE', 3,
 ( #3198, #1086, #7399, #8938, #1870, #4679, #530, #5969, #2645, #7486, #7534, #4042, #6010, #8763, #8066, #1173, #4637, #3992, #2462, #486, #1222, #6846, #3300, #6102, #8799, #3901, #8162, #3349 ),
 .UNSPECIFIED., .F., .F.,
 ( 4, 2, 2, 2, 1, 2, 2, 2, 2, 2, 2, 1, 2, 2, 4 ),
 ( 0.000000000000000000, 0.06249999999999730771, 0.1249999999999946154, 0.2499999999999892308, 0.3124999999999880096, 0.3437499999999885647, 0.3749999999999891198, 0.4999999999999877875, 0.5624999999999871214, 0.6249999999999863443, 0.7499999999999865663, 0.8124999999999852340, 0.8437499999999863443, 0.8749999999999873435, 1.000000000000000000 ),
 .UNSPECIFIED. ) ;
#7324 = LINE ( 'NONE', #1614, #8398 ) ;
#7325 = CARTESIAN_POINT ( 'NONE',  ( -3.810000000000000053, 3.479999999999999982, -0.3199999999999999512 ) ) ;
#7326 = DIRECTION ( 'NONE',  ( -0.000000000000000000, -1.000000000000000000, -6.123031769111889989E-17 ) ) ;
#7327 = CARTESIAN_POINT ( 'NONE',  ( -8.840446529240447049, -0.6699999999999729505, -0.3850000000000000089 ) ) ;
#7328 = DIRECTION ( 'NONE',  ( 0.000000000000000000, 0.000000000000000000, 1.000000000000000000 ) ) ;
#7329 = CIRCLE ( 'NONE', #1593, 0.2300000000000030076 ) ;
#7330 = CARTESIAN_POINT ( 'NONE',  ( 2.926523063262000068, 2.799999999999999822, -1.270000000000000018 ) ) ;
#7331 = FACE_OUTER_BOUND ( 'NONE', #7116, .T. ) ;
#7332 = CARTESIAN_POINT ( 'NONE',  ( 1.245610706135184431, -0.6699999999999677325, -0.3850000000000000644 ) ) ;
#7333 = VECTOR ( 'NONE', #21, 999.9999999999998863 ) ;
#7334 = VERTEX_POINT ( 'NONE', #7035 ) ;
#7335 = DIRECTION ( 'NONE',  ( 0.000000000000000000, 0.000000000000000000, 1.000000000000000000 ) ) ;
#7336 = FILL_AREA_STYLE ('',( #3842 ) ) ;
#7337 = B_SPLINE_CURVE_WITH_KNOTS ( 'NONE', 3,
 ( #897, #5824, #6309, #9090, #2111, #7201, #3718, #2455, #7389, #3192, #4673, #6612, #480, #5325, #8153, #7481, #6657 ),
 .UNSPECIFIED., .F., .F.,
 ( 4, 2, 2, 2, 2, 1, 2, 2, 4 ),
 ( 0.000000000000000000, 0.1250000000000017764, 0.2500000000000035527, 0.3750000000000053291, 0.5000000000000071054, 0.6250000000000088818, 0.6875000000000078826, 0.7500000000000068834, 1.000000000000000000 ),
 .UNSPECIFIED. ) ;
#7338 = CYLINDRICAL_SURFACE ( 'NONE', #8065, 0.2349999999999989875 ) ;
#7339 = CARTESIAN_POINT ( 'NONE',  ( 8.950493847420720073, 3.330000000000001403, 0.4699999999999998623 ) ) ;
#7340 = CARTESIAN_POINT ( 'NONE',  ( -3.810000000000000053, 7.361853603950962111, -0.3200000000000008948 ) ) ;
#7341 = STYLED_ITEM ( 'NONE', ( #5211 ), #5323 ) ;
#7342 = FACE_BOUND ( 'NONE', #2529, .T. ) ;
#7343 = CARTESIAN_POINT ( 'NONE',  ( 3.340067075809976416, 3.330000000000004068, 0.05941751562824626465 ) ) ;
#7344 =( LENGTH_UNIT ( ) NAMED_UNIT ( * ) SI_UNIT ( .MILLI., .METRE. ) );
#7345 = CARTESIAN_POINT ( 'NONE',  ( -6.989999999999999325, 3.479999999999999538, 0.3199999999999999512 ) ) ;
#7346 = DIRECTION ( 'NONE',  ( 0.4226182617407031605, 0.000000000000000000, 0.9063077870366482713 ) ) ;
#7347 = CARTESIAN_POINT ( 'NONE',  ( -6.349999999999999645, 7.174999999999999822, 0.3200000000000007838 ) ) ;
#7348 = ORIENTED_EDGE ( 'NONE', *, *, #7196, .T. ) ;
#7349 = CARTESIAN_POINT ( 'NONE',  ( -8.890000000000000568, -0.6699999999999979305, 0.3849999999999999534 ) ) ;
#7350 = LINE ( 'NONE', #7211, #94 ) ;
#7351 = CARTESIAN_POINT ( 'NONE',  ( -0.6757359312880740765, -0.6699999999999978195, -0.2971320343559630262 ) ) ;
#7352 = VERTEX_POINT ( 'NONE', #8440 ) ;
#7353 = CARTESIAN_POINT ( 'NONE',  ( 4.786738468369000188, 5.327037639127343341E-17, -1.070000000000000062 ) ) ;
#7354 = AXIS2_PLACEMENT_3D ( 'NONE', #6692, #6735, #3793 ) ;
#7355 = ORIENTED_EDGE ( 'NONE', *, *, #8924, .F. ) ;
#7356 = CARTESIAN_POINT ( 'NONE',  ( 1.270000000000000018, -0.2100000000000000200, 0.6650000000000000355 ) ) ;
#7357 = ORIENTED_EDGE ( 'NONE', *, *, #8248, .F. ) ;
#7358 = DIRECTION ( 'NONE',  ( -0.000000000000000000, -1.000000000000000000, -0.000000000000000000 ) ) ;
#7359 = CARTESIAN_POINT ( 'NONE',  ( 8.249999999999998224, 7.175000000000000711, -0.3200000000000007838 ) ) ;
#7360 = EDGE_CURVE ( 'NONE', #1489, #6052, #2152, .T. ) ;
#7361 = CARTESIAN_POINT ( 'NONE',  ( -9.047995517376518748, 3.330000000000003624, 0.4429233660638448589 ) ) ;
#7362 = PLANE ( 'NONE',  #8478 ) ;
#7363 = UNCERTAINTY_MEASURE_WITH_UNIT (LENGTH_MEASURE( 1.000000000000000082E-05 ), #1582, 'distance_accuracy_value', 'NONE');
#7364 = DIRECTION ( 'NONE',  ( 0.000000000000000000, 1.000000000000000000, 0.000000000000000000 ) ) ;
#7365 = DIRECTION ( 'NONE',  ( 0.4226182617406961106, -0.000000000000000000, 0.9063077870366514910 ) ) ;
#7366 = ORIENTED_EDGE ( 'NONE', *, *, #864, .F. ) ;
#7367 = CARTESIAN_POINT ( 'NONE',  ( 6.349999999999999645, 7.489960314960472765, -2.117582368135750848E-17 ) ) ;
#7368 = ORIENTED_EDGE ( 'NONE', *, *, #6038, .T. ) ;
#7369 = VERTEX_POINT ( 'NONE', #4272 ) ;
#7370 = CARTESIAN_POINT ( 'NONE',  ( -0.9153348192883202783, 3.330000000000001403, 0.3098033545076242512 ) ) ;
#7371 = UNCERTAINTY_MEASURE_WITH_UNIT (LENGTH_MEASURE( 1.000000000000000082E-05 ), #4367, 'distance_accuracy_value', 'NONE');
#7372 = CYLINDRICAL_SURFACE ( 'NONE', #6748, 0.6650000000000000355 ) ;
#7373 = CARTESIAN_POINT ( 'NONE',  ( -3.810000000000000053, -0.2100000000000000200, -0.6650000000000000355 ) ) ;
#7374 = CARTESIAN_POINT ( 'NONE',  ( 3.810000000000000053, 7.174999999999999822, -0.3200000000000007838 ) ) ;
#7375 = PLANE ( 'NONE',  #6240 ) ;
#7376 = ADVANCED_FACE ( 'NONE', ( #3590 ), #820, .T. ) ;
#7377 = ORIENTED_EDGE ( 'NONE', *, *, #5380, .F. ) ;
#7378 = CARTESIAN_POINT ( 'NONE',  ( 6.290055762600238687, 3.330000000000004068, -0.4700000000000000844 ) ) ;
#7379 = ADVANCED_FACE ( 'NONE', ( #5791 ), #3771, .T. ) ;
#7380 = LINE ( 'NONE', #6649, #2544 ) ;
#7381 = EDGE_CURVE ( 'NONE', #588, #3581, #4547, .T. ) ;
#7382 = ORIENTED_EDGE ( 'NONE', *, *, #4166, .T. ) ;
#7383 = DIRECTION ( 'NONE',  ( 2.345257230884581992E-17, 1.000000000000000000, 1.093611407104877670E-17 ) ) ;
#7384 = MECHANICAL_DESIGN_GEOMETRIC_PRESENTATION_REPRESENTATION (  '', ( #4749 ), #6503 ) ;
#7385 = LINE ( 'NONE', #1075, #6953 ) ;
#7386 = DIRECTION ( 'NONE',  ( 0.000000000000000000, 1.000000000000000000, 0.000000000000000000 ) ) ;
#7387 = DIRECTION ( 'NONE',  ( 0.000000000000000000, 1.000000000000000000, 0.000000000000000000 ) ) ;
#7388 = CARTESIAN_POINT ( 'NONE',  ( -2.153476936737999559, 7.776250346772098844E-17, -1.269999999999999796 ) ) ;
#7389 = CARTESIAN_POINT ( 'NONE',  ( -8.580196645492385699, 3.330000000000000959, -0.3546651807116895649 ) ) ;
#7390 = CARTESIAN_POINT ( 'NONE',  ( 3.692387591435416283, 3.330000000000001847, -0.4590001671664473704 ) ) ;
#7391 = CARTESIAN_POINT ( 'NONE',  ( -8.890000000000000568, 7.489960314960472765, -2.117582368135750848E-17 ) ) ;
#7392 = VECTOR ( 'NONE', #242, 1000.000000000000000 ) ;
#7393 = AXIS2_PLACEMENT_3D ( 'NONE', #1772, #481, #7482 ) ;
#7394 = CARTESIAN_POINT ( 'NONE',  ( -1.270000000000000018, -2.609999999999999876, 0.000000000000000000 ) ) ;
#7395 = CARTESIAN_POINT ( 'NONE',  ( 9.359999999999995879, -4.399999999999999467, 0.2349999999999975719 ) ) ;
#7396 = EDGE_CURVE ( 'NONE', #935, #7130, #259, .T. ) ;
#7397 = VERTEX_POINT ( 'NONE', #1047 ) ;
#7398 =( BOUNDED_SURFACE ( )  B_SPLINE_SURFACE ( 3, 3, ( 
 ( #7530, #347, #1217, #8894 ),
 ( #394, #1080, #3345, #6794 ),
 ( #3847, #436, #5420, #3296 ),
 ( #1868, #6703, #5377, #3987 ) ),
 .UNSPECIFIED., .F., .F., .F. ) 
 B_SPLINE_SURFACE_WITH_KNOTS ( ( 4, 4 ),
 ( 4, 4 ),
 ( 0.000000000000000000, 1.000000000000000000 ),
 ( 0.000000000000000000, 1.000000000000000000 ),
 .UNSPECIFIED. ) 
 GEOMETRIC_REPRESENTATION_ITEM ( )  RATIONAL_B_SPLINE_SURFACE ( (
 ( 1.000000000000000000, 0.3333333333333334259, 0.3333333333333334259, 1.000000000000000000),
 ( 0.8047378541243652705, 0.2682459513747885160, 0.2682459513747885160, 0.8047378541243652705),
 ( 0.8047378541243652705, 0.2682459513747885160, 0.2682459513747885160, 0.8047378541243652705),
 ( 1.000000000000000000, 0.3333333333333334259, 0.3333333333333334259, 1.000000000000000000) ) ) 
 REPRESENTATION_ITEM ( '' )  SURFACE ( )  );
#7399 = CARTESIAN_POINT ( 'NONE',  ( -8.938393646062356979, -0.6699999999999659561, -0.3827473746590863146 ) ) ;
#7400 = EDGE_CURVE ( 'NONE', #2805, #5352, #1916, .T. ) ;
#7401 = AXIS2_PLACEMENT_3D ( 'NONE', #4705, #509, #6129 ) ;
#7402 = STYLED_ITEM ( 'NONE', ( #8559 ), #23 ) ;
#7403 = DIRECTION ( 'NONE',  ( 2.345257230884581992E-17, -1.000000000000000000, -1.093611407104877670E-17 ) ) ;
#7404 = LINE ( 'NONE', #2425, #2424 ) ;
#7405 = SURFACE_SIDE_STYLE ('',( #5429 ) ) ;
#7406 = EDGE_LOOP ( 'NONE', ( #7136, #2780, #3807, #8788 ) ) ;
#7407 = CARTESIAN_POINT ( 'NONE',  ( 0.6300000000000004485, 3.392132034355963555, -0.3199999999999998956 ) ) ;
#7408 = VERTEX_POINT ( 'NONE', #8805 ) ;
#7409 = DIRECTION ( 'NONE',  ( -0.000000000000000000, -1.000000000000000000, -0.000000000000000000 ) ) ;
#7410 = CARTESIAN_POINT ( 'NONE',  ( 6.759117219575945690, 3.330000000000000959, -0.2319339637931319420 ) ) ;
#7411 = AXIS2_PLACEMENT_3D ( 'NONE', #5977, #7453, #4598 ) ;
#7412 = DIRECTION ( 'NONE',  ( 0.000000000000000000, 1.000000000000000000, 6.123031769111889989E-17 ) ) ;
#7413 =( GEOMETRIC_REPRESENTATION_CONTEXT ( 3 ) GLOBAL_UNCERTAINTY_ASSIGNED_CONTEXT ( ( #8815 ) ) GLOBAL_UNIT_ASSIGNED_CONTEXT ( ( #5168, #4467, #7487 ) ) REPRESENTATION_CONTEXT ( 'NONE', 'WORKASPACE' ) );
#7414 = FILL_AREA_STYLE ('',( #8630 ) ) ;
#7415 = CARTESIAN_POINT ( 'NONE',  ( 3.810000000000000053, 0.000000000000000000, 0.000000000000000000 ) ) ;
#7416 = ORIENTED_EDGE ( 'NONE', *, *, #6322, .F. ) ;
#7417 = DIRECTION ( 'NONE',  ( -1.000000000000000000, -0.000000000000000000, -0.000000000000000000 ) ) ;
#7418 = ORIENTED_EDGE ( 'NONE', *, *, #2088, .F. ) ;
#7419 = AXIS2_PLACEMENT_3D ( 'NONE', #7519, #3973, #6133 ) ;
#7420 = VECTOR ( 'NONE', #2139, 1000.000000000000114 ) ;
#7421 = CARTESIAN_POINT ( 'NONE',  ( -1.209506152579250537, 3.330000000000001403, 0.4699999999999998068 ) ) ;
#7422 = CARTESIAN_POINT ( 'NONE',  ( 4.280000000000001137, 3.330000000000001847, -0.06049384742079155081 ) ) ;
#7423 = CARTESIAN_POINT ( 'NONE',  ( 9.973476936738002507, -7.776250346772100076E-17, 1.270000000000000018 ) ) ;
#7424 = CARTESIAN_POINT ( 'NONE',  ( 0.3865230632619998663, 2.799999999999999822, 1.269999999999999796 ) ) ;
#7425 = FACE_OUTER_BOUND ( 'NONE', #4824, .T. ) ;
#7426 = CARTESIAN_POINT ( 'NONE',  ( 6.147146902495205012, 3.330000000000004512, -0.4242837188333811183 ) ) ;
#7427 = CARTESIAN_POINT ( 'NONE',  ( 1.270000000000000018, -0.4200000000196268957, 0.000000000000000000 ) ) ;
#7428 = DIRECTION ( 'NONE',  ( 2.345257230884581992E-17, 1.000000000000000000, 1.093611407104877670E-17 ) ) ;
#7429 = VECTOR ( 'NONE', #7277, 1000.000000000000000 ) ;
#7430 = ORIENTED_EDGE ( 'NONE', *, *, #6429, .T. ) ;
#7431 = DIRECTION ( 'NONE',  ( 0.000000000000000000, 1.000000000000000000, 0.000000000000000000 ) ) ;
#7432 = EDGE_CURVE ( 'NONE', #3858, #6886, #8304, .T. ) ;
#7433 = DIRECTION ( 'NONE',  ( 0.000000000000000000, 1.000000000000000000, 0.000000000000000000 ) ) ;
#7434 = DIRECTION ( 'NONE',  ( 0.000000000000000000, 0.000000000000000000, 1.000000000000000000 ) ) ;
#7435 = DIRECTION ( 'NONE',  ( -7.401486830834319717E-14, -1.000000000000000000, 0.000000000000000000 ) ) ;
#7436 = DIRECTION ( 'NONE',  ( -1.000000000000000000, 0.000000000000000000, -1.224646799147353207E-16 ) ) ;
#7437 = CARTESIAN_POINT ( 'NONE',  ( 3.623147460273544507, 3.330000000000003624, -0.4315005850825661127 ) ) ;
#7438 = DIRECTION ( 'NONE',  ( 0.000000000000000000, 0.000000000000000000, 1.000000000000000000 ) ) ;
#7439 = CARTESIAN_POINT ( 'NONE',  ( 5.709999999999999964, 3.479999999999999538, -0.3199999999999999512 ) ) ;
#7440 = VERTEX_POINT ( 'NONE', #3205 ) ;
#7441 = CIRCLE ( 'NONE', #6998, 0.2300000000000030076 ) ;
#7442 = CARTESIAN_POINT ( 'NONE',  ( 4.880000000000000782, 2.799999999999999822, 0.8700000000000003286 ) ) ;
#7443 = CARTESIAN_POINT ( 'NONE',  ( 3.462463997635262025, -0.6699999999999434186, -0.1661906727832779262 ) ) ;
#7444 = CARTESIAN_POINT ( 'NONE',  ( -4.880000000000000782, -6.551643992949719860E-17, 0.8700000000000005507 ) ) ;
#7445 = FILL_AREA_STYLE_COLOUR ( '', #651 ) ;
#7446 = ORIENTED_EDGE ( 'NONE', *, *, #1260, .F. ) ;
#7447 = CARTESIAN_POINT ( 'NONE',  ( 4.195000000000000284, -0.6699999999999979305, -0.02417445737792271038 ) ) ;
#7448 = ORIENTED_EDGE ( 'NONE', *, *, #3078, .F. ) ;
#7449 = CARTESIAN_POINT ( 'NONE',  ( -4.266300515815577121, 3.330000000000004512, -0.1166483506767230088 ) ) ;
#7450 = ORIENTED_EDGE ( 'NONE', *, *, #6520, .T. ) ;
#7451 = AXIS2_PLACEMENT_3D ( 'NONE', #295, #4393, #1586 ) ;
#7452 = CARTESIAN_POINT ( 'NONE',  ( 6.350000000000000533, 7.492926245181917189, -0.1868300633393450705 ) ) ;
#7453 = DIRECTION ( 'NONE',  ( 1.000000000000000000, 0.000000000000000000, 0.000000000000000000 ) ) ;
#7454 =( BOUNDED_SURFACE ( )  B_SPLINE_SURFACE ( 3, 3, ( 
 ( #1776, #3200, #4780, #5471 ),
 ( #6055, #8941, #6012, #3946 ),
 ( #5383, #8164, #402, #3903 ),
 ( #1872, #1913, #4681, #1175 ) ),
 .UNSPECIFIED., .F., .F., .F. ) 
 B_SPLINE_SURFACE_WITH_KNOTS ( ( 4, 4 ),
 ( 4, 4 ),
 ( 0.000000000000000000, 1.000000000000000000 ),
 ( 0.000000000000000000, 1.000000000000000000 ),
 .UNSPECIFIED. ) 
 GEOMETRIC_REPRESENTATION_ITEM ( )  RATIONAL_B_SPLINE_SURFACE ( (
 ( 1.000000000000000000, 0.3333333333333334259, 0.3333333333333334259, 1.000000000000000000),
 ( 0.8047378541243649375, 0.2682459513747884050, 0.2682459513747884050, 0.8047378541243649375),
 ( 0.8047378541243649375, 0.2682459513747884050, 0.2682459513747884050, 0.8047378541243649375),
 ( 1.000000000000000000, 0.3333333333333334259, 0.3333333333333334259, 1.000000000000000000) ) ) 
 REPRESENTATION_ITEM ( '' )  SURFACE ( )  );
#7455 = FACE_OUTER_BOUND ( 'NONE', #4065, .T. ) ;
#7456 = DIRECTION ( 'NONE',  ( -1.000000000000000000, -0.000000000000000000, -0.000000000000000000 ) ) ;
#7457 = UNCERTAINTY_MEASURE_WITH_UNIT (LENGTH_MEASURE( 1.000000000000000082E-05 ), #8791, 'distance_accuracy_value', 'NONE');
#7458 = CARTESIAN_POINT ( 'NONE',  ( -1.739999999999995106, -4.537064994640259030, -0.2349999999999976275 ) ) ;
#7459 = CARTESIAN_POINT ( 'NONE',  ( 8.890000000000000568, 3.330000000000000071, -0.9150000000000000355 ) ) ;
#7460 = B_SPLINE_CURVE_WITH_KNOTS ( 'NONE', 3,
 ( #7726, #7226, #1519, #3698, #4328, #5674, #1568, #8454, #7181, #2162, #1467, #1612, #6496, #190, #4943, #8591, #3509, #1420, #2301, #6323, #1, #5617, #2122, #8130, #6544, #2345, #6681, #231, #417 ),
 .UNSPECIFIED., .F., .F.,
 ( 4, 1, 2, 2, 2, 1, 2, 2, 2, 2, 2, 2, 1, 2, 2, 4 ),
 ( 0.000000000000000000, 0.06249999999999983347, 0.09374999999999997224, 0.1250000000000001110, 0.2500000000000002220, 0.3125000000000001110, 0.3437500000000001665, 0.3750000000000002776, 0.5000000000000004441, 0.5625000000000004441, 0.6250000000000005551, 0.7500000000000008882, 0.8125000000000008882, 0.8437500000000009992, 0.8750000000000009992, 1.000000000000000000 ),
 .UNSPECIFIED. ) ;
#7461 = CARTESIAN_POINT ( 'NONE',  ( -6.349999999999999645, 7.174999999999999822, -0.3200000000000007838 ) ) ;
#7462 = DIRECTION ( 'NONE',  ( -0.000000000000000000, -1.000000000000000000, -0.000000000000000000 ) ) ;
#7463 = VERTEX_POINT ( 'NONE', #8211 ) ;
#7464 = DIRECTION ( 'NONE',  ( -0.000000000000000000, -1.000000000000000000, -0.000000000000000000 ) ) ;
#7465 = ORIENTED_EDGE ( 'NONE', *, *, #800, .F. ) ;
#7466 = ORIENTED_EDGE ( 'NONE', *, *, #2533, .T. ) ;
#7467 = CARTESIAN_POINT ( 'NONE',  ( -8.890000000000000568, 3.479999999999999982, 0.3199999999999999512 ) ) ;
#7468 = CARTESIAN_POINT ( 'NONE',  ( -8.890000000000000568, 1.967086183247610087, -0.9150000000000000355 ) ) ;
#7469 = SURFACE_STYLE_FILL_AREA ( #6174 ) ;
#7470 = SURFACE_STYLE_USAGE ( .BOTH. , #468 ) ;
#7471 = CARTESIAN_POINT ( 'NONE',  ( 5.893699484184424797, 3.330000000000005400, -0.1166483506768166006 ) ) ;
#7472 = CARTESIAN_POINT ( 'NONE',  ( -3.810000000000000053, 2.799999999999999822, 0.9150000000000000355 ) ) ;
#7473 = VERTEX_POINT ( 'NONE', #8859 ) ;
#7474 = ADVANCED_FACE ( 'NONE', ( #6014 ), #4732, .T. ) ;
#7475 = CARTESIAN_POINT ( 'NONE',  ( -7.913261531631000878, -7.776250346772095146E-17, 1.070000000000000062 ) ) ;
#7476 = MECHANICAL_DESIGN_GEOMETRIC_PRESENTATION_REPRESENTATION (  '', ( #3364 ), #6600 ) ;
#7477 = CARTESIAN_POINT ( 'NONE',  ( -3.455122980192259163, 3.330000000000000959, -0.3100151936036603106 ) ) ;
#7478 = DIRECTION ( 'NONE',  ( 0.000000000000000000, 0.000000000000000000, 1.000000000000000000 ) ) ;
#7479 = CARTESIAN_POINT ( 'NONE',  ( 3.810000000000000053, -4.400000000000000355, -0.2349999999999975719 ) ) ;
#7480 = CARTESIAN_POINT ( 'NONE',  ( -6.349999999999999645, -4.629945645751342376, -1.355252715606880543E-17 ) ) ;
#7481 = CARTESIAN_POINT ( 'NONE',  ( -8.419999999999999929, 3.330000000000002292, -0.06049384742072868443 ) ) ;
#7482 = DIRECTION ( 'NONE',  ( 0.000000000000000000, 0.000000000000000000, 1.000000000000000000 ) ) ;
#7483 = DIRECTION ( 'NONE',  ( 0.4226182617407017728, 0.000000000000000000, -0.9063077870366488265 ) ) ;
#7484 = LINE ( 'NONE', #5, #3427 ) ;
#7485 = EDGE_CURVE ( 'NONE', #7084, #7183, #6804, .T. ) ;
#7486 = CARTESIAN_POINT ( 'NONE',  ( -9.225450835685517603, -0.6699999999999445288, -0.1894987673829422459 ) ) ;
#7487 =( NAMED_UNIT ( * ) SI_UNIT ( $, .STERADIAN. ) SOLID_ANGLE_UNIT ( ) );
#7488 = STYLED_ITEM ( 'NONE', ( #4513 ), #5312 ) ;
#7489 = LINE ( 'NONE', #7536, #3630 ) ;
#7490 = PRESENTATION_STYLE_ASSIGNMENT (( #7537 ) ) ;
#7491 = ORIENTED_EDGE ( 'NONE', *, *, #2853, .F. ) ;
#7492 = ORIENTED_EDGE ( 'NONE', *, *, #6316, .F. ) ;
#7493 = VERTEX_POINT ( 'NONE', #4641 ) ;
#7494 = FACE_OUTER_BOUND ( 'NONE', #2998, .T. ) ;
#7495 = EDGE_CURVE ( 'NONE', #5352, #4105, #3471, .T. ) ;
#7496 = AXIS2_PLACEMENT_3D ( 'NONE', #1902, #477, #3288 ) ;
#7497 = CARTESIAN_POINT ( 'NONE',  ( -9.245185404947012131, 3.330000000000004512, 0.3095472568616535192 ) ) ;
#7498 = EDGE_CURVE ( 'NONE', #4653, #2254, #8256, .T. ) ;
#7500 = ADVANCED_FACE ( 'NONE', ( #8905 ), #2148, .T. ) ;
#7499 = PLANE ( 'NONE',  #4539 ) ;
#7501 = CARTESIAN_POINT ( 'NONE',  ( 4.195000000000000284, -0.6699999999999979305, 2.710505431213761085E-17 ) ) ;
#7502 = AXIS2_PLACEMENT_3D ( 'NONE', #3709, #7144, #842 ) ;
#7503 = PRESENTATION_STYLE_ASSIGNMENT (( #7632 ) ) ;
#7504 = VERTEX_POINT ( 'NONE', #7707 ) ;
#7505 = CARTESIAN_POINT ( 'NONE',  ( -6.349999999999999645, 7.489960314960472765, 2.117582368135750848E-17 ) ) ;
#7506 = CARTESIAN_POINT ( 'NONE',  ( 4.693476936737999594, 6.551643992949721092E-17, -1.269999999999999796 ) ) ;
#7507 = ORIENTED_EDGE ( 'NONE', *, *, #6134, .T. ) ;
#7508 = CARTESIAN_POINT ( 'NONE',  ( 6.350000000000000533, 7.492926245181917189, 0.1868300633393450705 ) ) ;
#7509 =( BOUNDED_SURFACE ( )  B_SPLINE_SURFACE ( 3, 3, ( 
 ( #8685, #6428, #4301, #5988 ),
 ( #2908, #3621, #1483, #8780 ),
 ( #2486, #5729, #1112, #5896 ),
 ( #2396, #324, #6032, #421 ) ),
 .UNSPECIFIED., .F., .F., .F. ) 
 B_SPLINE_SURFACE_WITH_KNOTS ( ( 4, 4 ),
 ( 4, 4 ),
 ( 0.000000000000000000, 1.000000000000000000 ),
 ( 0.000000000000000000, 1.000000000000000000 ),
 .UNSPECIFIED. ) 
 GEOMETRIC_REPRESENTATION_ITEM ( )  RATIONAL_B_SPLINE_SURFACE ( (
 ( 1.000000000000000000, 0.3333333333333334259, 0.3333333333333334259, 1.000000000000000000),
 ( 0.8047378541243637162, 0.2682459513747879609, 0.2682459513747879609, 0.8047378541243637162),
 ( 0.8047378541243637162, 0.2682459513747879609, 0.2682459513747879609, 0.8047378541243637162),
 ( 1.000000000000000000, 0.3333333333333334259, 0.3333333333333334259, 1.000000000000000000) ) ) 
 REPRESENTATION_ITEM ( '' )  SURFACE ( )  );
#7510 = VERTEX_POINT ( 'NONE', #4175 ) ;
#7511 = AXIS2_PLACEMENT_3D ( 'NONE', #8190, #7521, #1288 ) ;
#7512 = VECTOR ( 'NONE', #1715, 1000.000000000000000 ) ;
#7513 = ADVANCED_FACE ( 'NONE', ( #2822 ), #3580, .T. ) ;
#7514 = EDGE_CURVE ( 'NONE', #8737, #6717, #4220, .T. ) ;
#7515 = SURFACE_SIDE_STYLE ('',( #5447 ) ) ;
#7516 = ORIENTED_EDGE ( 'NONE', *, *, #4578, .T. ) ;
#7517 = CARTESIAN_POINT ( 'NONE',  ( 2.040000000000000036, -0.6699999999999979305, -0.3850000000000002864 ) ) ;
#7518 = EDGE_CURVE ( 'NONE', #880, #2914, #7746, .T. ) ;
#7519 = CARTESIAN_POINT ( 'NONE',  ( -8.890000000000000568, -2.609999999999999876, 0.000000000000000000 ) ) ;
#7520 = VECTOR ( 'NONE', #7717, 1000.000000000000114 ) ;
#7521 = DIRECTION ( 'NONE',  ( 1.000000000000000000, 0.000000000000000000, 0.000000000000000000 ) ) ;
#7522 = SURFACE_STYLE_USAGE ( .BOTH. , #8191 ) ;
#7523 = ORIENTED_EDGE ( 'NONE', *, *, #7495, .F. ) ;
#7524 =( LENGTH_UNIT ( ) NAMED_UNIT ( * ) SI_UNIT ( .MILLI., .METRE. ) );
#7525 = AXIS2_PLACEMENT_3D ( 'NONE', #4207, #704, #3520 ) ;
#7526 = CARTESIAN_POINT ( 'NONE',  ( -1.270000000000000018, -0.6700000000137151801, -0.4149999999986176413 ) ) ;
#7527 = CARTESIAN_POINT ( 'NONE',  ( 9.243463245227207636, -0.6699999999999957101, 0.1529475060216569371 ) ) ;
#7528 = EDGE_CURVE ( 'NONE', #4735, #1646, #2866, .T. ) ;
#7529 = CARTESIAN_POINT ( 'NONE',  ( -1.270000000000000018, 7.174999999999999822, 0.3200000000000007838 ) ) ;
#7530 = CARTESIAN_POINT ( 'NONE',  ( 6.349999999999999645, 3.329999999999999183, 0.4700000000000008060 ) ) ;
#7531 = CARTESIAN_POINT ( 'NONE',  ( 7.233476936737999630, 7.776250346772100076E-17, -1.270000000000000018 ) ) ;
#7532 = CARTESIAN_POINT ( 'NONE',  ( 6.399553470759530072, -0.6699999999999732836, -0.3850000000000001199 ) ) ;
#7533 = VERTEX_POINT ( 'NONE', #6979 ) ;
#7534 = CARTESIAN_POINT ( 'NONE',  ( -9.237536002364626242, -0.6699999999999435296, -0.1661906727834664144 ) ) ;
#7535 = CARTESIAN_POINT ( 'NONE',  ( 3.810000000000000053, -0.2100000000000000200, 0.6650000000000000355 ) ) ;
#7536 = CARTESIAN_POINT ( 'NONE',  ( 0.1999999999999992339, -6.551643992949719860E-17, 0.8699999999999998845 ) ) ;
#7537 = SURFACE_STYLE_USAGE ( .BOTH. , #2005 ) ;
#7538 = AXIS2_PLACEMENT_3D ( 'NONE', #7253, #5241, #8657 ) ;
#7539 = ORIENTED_EDGE ( 'NONE', *, *, #5926, .F. ) ;
#7540 = FILL_AREA_STYLE_COLOUR ( '', #965 ) ;
#7541 = CIRCLE ( 'NONE', #769, 0.3200000000000000067 ) ;
#7542 = VERTEX_POINT ( 'NONE', #6295 ) ;
#7543 = CARTESIAN_POINT ( 'NONE',  ( -4.012853097504859079, 3.330000000000004068, -0.4242837188333180021 ) ) ;
#7544 = ORIENTED_EDGE ( 'NONE', *, *, #8317, .F. ) ;
#7545 = CARTESIAN_POINT ( 'NONE',  ( -9.299541249142494692, 3.330000000000004068, 0.2312905507728209298 ) ) ;
#7546 = FACE_OUTER_BOUND ( 'NONE', #7895, .T. ) ;
#7547 = EDGE_CURVE ( 'NONE', #2185, #6990, #708, .T. ) ;
#7548 = UNCERTAINTY_MEASURE_WITH_UNIT (LENGTH_MEASURE( 1.000000000000000082E-05 ), #3787, 'distance_accuracy_value', 'NONE');
#7549 = CARTESIAN_POINT ( 'NONE',  ( -4.279999999999995808, -0.7321320343559630794, -0.2349999999999980160 ) ) ;
#7550 = ADVANCED_FACE ( 'NONE', ( #5016 ), #8725, .T. ) ;
#7551 = CARTESIAN_POINT ( 'NONE',  ( 3.810000000000000053, 0.000000000000000000, 0.6650000000000000355 ) ) ;
#7552 = VERTEX_POINT ( 'NONE', #4866 ) ;
#7553 = DIRECTION ( 'NONE',  ( 1.000000000000000000, 0.000000000000000000, 0.000000000000000000 ) ) ;
#7554 = CARTESIAN_POINT ( 'NONE',  ( -1.319135335354915339, -0.6699999999999654010, 0.3849999999999999534 ) ) ;
#7555 = AXIS2_PLACEMENT_3D ( 'NONE', #5931, #7358, #363 ) ;
#7556 = CARTESIAN_POINT ( 'NONE',  ( 5.709999999999999076, 7.361853603950959446, 0.3200000000000007838 ) ) ;
#7557 = EDGE_CURVE ( 'NONE', #7877, #7183, #7864, .T. ) ;
#7558 = EDGE_CURVE ( 'NONE', #7533, #691, #8017, .T. ) ;
#7559 = EDGE_LOOP ( 'NONE', ( #1638, #489, #5430, #2066 ) ) ;
#7560 = VECTOR ( 'NONE', #3104, 1000.000000000000000 ) ;
#7561 = UNCERTAINTY_MEASURE_WITH_UNIT (LENGTH_MEASURE( 1.000000000000000082E-05 ), #1176, 'distance_accuracy_value', 'NONE');
#7562 = CARTESIAN_POINT ( 'NONE',  ( -0.3865230632620023643, -7.776250346772100076E-17, 1.270000000000000018 ) ) ;
#7563 =( NAMED_UNIT ( * ) SI_UNIT ( $, .STERADIAN. ) SOLID_ANGLE_UNIT ( ) );
#7564 = CARTESIAN_POINT ( 'NONE',  ( -6.349999999999999645, -2.609999999999999876, 0.2349999999999989875 ) ) ;
#7565 = PLANE ( 'NONE',  #6976 ) ;
#7566 = CARTESIAN_POINT ( 'NONE',  ( 1.270000000000000018, 3.330000000000000515, 0.4700000000000000844 ) ) ;
#7567 = MECHANICAL_DESIGN_GEOMETRIC_PRESENTATION_REPRESENTATION (  '', ( #4180 ), #5220 ) ;
#7568 = PRESENTATION_STYLE_ASSIGNMENT (( #7522 ) ) ;
#7569 = ORIENTED_EDGE ( 'NONE', *, *, #4682, .T. ) ;
#7570 = CARTESIAN_POINT ( 'NONE',  ( -0.8027499582083902352, 3.330000000000000959, 0.05868455565208822999 ) ) ;
#7571 = CIRCLE ( 'NONE', #6091, 0.6650000000000000355 ) ;
#7572 = DIRECTION ( 'NONE',  ( 0.000000000000000000, 1.000000000000000000, 0.000000000000000000 ) ) ;
#7573 = FACE_OUTER_BOUND ( 'NONE', #3813, .T. ) ;
#7574 = CARTESIAN_POINT ( 'NONE',  ( 9.143775088266894002, -0.6699999999999884936, 0.2905236054765757414 ) ) ;
#7575 = CARTESIAN_POINT ( 'NONE',  ( -1.270000000000000018, 7.489960314960471877, 2.117582368135750848E-17 ) ) ;
#7576 = DIRECTION ( 'NONE',  ( -7.401486830834319717E-14, -1.000000000000000000, 0.000000000000000000 ) ) ;
#7577 = CARTESIAN_POINT ( 'NONE',  ( 4.280000000000000249, 3.330000000000000515, 0.02951167524061697536 ) ) ;
#7578 = AXIS2_PLACEMENT_3D ( 'NONE', #130, #1452, #863 ) ;
#7579 = CARTESIAN_POINT ( 'NONE',  ( 3.810000000000000053, -0.4199999999627834768, -0.6650000000135514178 ) ) ;
#7580 = CARTESIAN_POINT ( 'NONE',  ( -8.890000000000000568, 2.799999999999999822, 0.9150000000000000355 ) ) ;
#7581 = EDGE_CURVE ( 'NONE', #6956, #6443, #2786, .T. ) ;
#7582 = EDGE_LOOP ( 'NONE', ( #8455, #19, #1050, #577 ) ) ;
#7583 = CARTESIAN_POINT ( 'NONE',  ( -6.349999999999999645, -4.629945645751342376, 1.355252715606880543E-17 ) ) ;
#7584 = CARTESIAN_POINT ( 'NONE',  ( -5.974010501363655301, -0.6699999999999970424, 0.09679229181997983655 ) ) ;
#7585 = CARTESIAN_POINT ( 'NONE',  ( 4.574264068711928033, 3.329999999999999627, -0.3821320343559643784 ) ) ;
#7586 = ORIENTED_EDGE ( 'NONE', *, *, #340, .T. ) ;
#7587 = CARTESIAN_POINT ( 'NONE',  ( 4.100523605476584343, -0.6699999999999909361, -0.2537750882668858288 ) ) ;
#7588 = EDGE_LOOP ( 'NONE', ( #592, #7382, #3177, #3675 ) ) ;
#7589 = EDGE_LOOP ( 'NONE', ( #3284, #8085, #7539 ) ) ;
#7590 = CARTESIAN_POINT ( 'NONE',  ( 6.723660126678689508, 7.492926245181915412, 0.1868300633393451260 ) ) ;
#7591 =( GEOMETRIC_REPRESENTATION_CONTEXT ( 3 ) GLOBAL_UNCERTAINTY_ASSIGNED_CONTEXT ( ( #6081 ) ) GLOBAL_UNIT_ASSIGNED_CONTEXT ( ( #1780, #4594, #1830 ) ) REPRESENTATION_CONTEXT ( 'NONE', 'WORKASPACE' ) );
#7592 = FILL_AREA_STYLE_COLOUR ( '', #9068 ) ;
#7593 = EDGE_CURVE ( 'NONE', #3220, #4608, #5097, .T. ) ;
#7594 = DIRECTION ( 'NONE',  ( -0.4226182617407031605, 0.000000000000000000, -0.9063077870366482713 ) ) ;
#7595 = ADVANCED_FACE ( 'NONE', ( #6571 ), #4574, .F. ) ;
#7596 = CARTESIAN_POINT ( 'NONE',  ( 9.274862183587918807, 3.330000000000001847, -0.2733544892302824936 ) ) ;
#7597 = ORIENTED_EDGE ( 'NONE', *, *, #646, .F. ) ;
#7598 = LINE ( 'NONE', #8870, #2606 ) ;
#7599 = CARTESIAN_POINT ( 'NONE',  ( 8.890000000000000568, -4.400000000000000355, -0.2349999999999989875 ) ) ;
#7600 = CARTESIAN_POINT ( 'NONE',  ( 5.880000000000005222, -4.399999999999999467, 0.2349999999999975719 ) ) ;
#7601 = MECHANICAL_DESIGN_GEOMETRIC_PRESENTATION_REPRESENTATION (  '', ( #3180 ), #6278 ) ;
#7602 = ORIENTED_EDGE ( 'NONE', *, *, #7919, .T. ) ;
#7603 = DIRECTION ( 'NONE',  ( 0.000000000000000000, 0.000000000000000000, 1.000000000000000000 ) ) ;
#7604 = FILL_AREA_STYLE_COLOUR ( '', #8661 ) ;
#7605 = EDGE_LOOP ( 'NONE', ( #4687, #5585, #4149, #1648, #4498, #1984, #8292, #6548, #3316, #620, #3606, #3207, #7180, #3035, #4596, #5893, #4349, #1410, #4450, #7036, #2988, #8579, #4356, #1505, #8925, #828, #5695, #1581, #8850, #4405, #1752, #1471, #6682, #899, #405, #6399, #4093, #6934, #3391, #5625, #1841, #6400, #4424, #1400, #5503, #2934, #5763, #233, #6820, #5068, #822, #2264, #9079, #5519, #2201, #2240, #6407, #2118, #5094, #924, #4482, #3126, #3229, #2660 ) ) ;
#7606 = LINE ( 'NONE', #3415, #4716 ) ;
#7607 =( NAMED_UNIT ( * ) SI_UNIT ( $, .STERADIAN. ) SOLID_ANGLE_UNIT ( ) );
#7608 = ORIENTED_EDGE ( 'NONE', *, *, #4724, .T. ) ;
#7609 = CARTESIAN_POINT ( 'NONE',  ( -3.780488324759394114, 3.330000000000001847, -0.4700000000000000289 ) ) ;
#7610 = CARTESIAN_POINT ( 'NONE',  ( 8.772387591435546028, 3.330000000000004068, -0.4590001671664474259 ) ) ;
#7611 = CARTESIAN_POINT ( 'NONE',  ( 1.502404074632018638, -0.6699999999999868283, 0.3080637034257923679 ) ) ;
#7612 = CARTESIAN_POINT ( 'NONE',  ( -7.120000000000000107, -0.6699999999999979305, 0.3849999999999999534 ) ) ;
#7613 = CARTESIAN_POINT ( 'NONE',  ( -1.270000000000000018, -2.609999999999999876, 0.2349999999999989875 ) ) ;
#7614 = DIRECTION ( 'NONE',  ( 0.000000000000000000, 0.000000000000000000, 1.000000000000000000 ) ) ;
#7615 = DIRECTION ( 'NONE',  ( 0.000000000000000000, 0.000000000000000000, 1.000000000000000000 ) ) ;
#7616 = MECHANICAL_DESIGN_GEOMETRIC_PRESENTATION_REPRESENTATION (  '', ( #125 ), #7173 ) ;
#7617 = VERTEX_POINT ( 'NONE', #8655 ) ;
#7618 = CARTESIAN_POINT ( 'NONE',  ( -5.409999999999999254, 3.329999999999999183, -0.4700000000000004730 ) ) ;
#7619 = CARTESIAN_POINT ( 'NONE',  ( -6.096224911733124863, -0.6699999999999884936, 0.2905236054766077158 ) ) ;
#7620 =( NAMED_UNIT ( * ) PLANE_ANGLE_UNIT ( ) SI_UNIT ( $, .RADIAN. ) );
#7621 = VECTOR ( 'NONE', #5409, 1000.000000000000000 ) ;
#7622 = ORIENTED_EDGE ( 'NONE', *, *, #4578, .F. ) ;
#7623 = CARTESIAN_POINT ( 'NONE',  ( -6.183497704831141029, -0.6699999999999817213, -0.3473305202276693038 ) ) ;
#7624 = ORIENTED_EDGE ( 'NONE', *, *, #4007, .T. ) ;
#7625 = CARTESIAN_POINT ( 'NONE',  ( -3.810000000000000053, 3.330000000000000515, -0.4700000000000001954 ) ) ;
#7626 = VERTEX_POINT ( 'NONE', #7202 ) ;
#7627 = CARTESIAN_POINT ( 'NONE',  ( -8.841928608667959821, -0.6699999999999730615, 0.3827473746590863146 ) ) ;
#7628 = SURFACE_SIDE_STYLE ('',( #8910 ) ) ;
#7629 = VECTOR ( 'NONE', #6492, 1000.000000000000000 ) ;
#7630 = CARTESIAN_POINT ( 'NONE',  ( -6.349999999999999645, 3.479999999999999982, 0.4700000000000009726 ) ) ;
#7631 = CARTESIAN_POINT ( 'NONE',  ( 8.119999999999999218, -0.6699999999999979305, 0.3849999999999999534 ) ) ;
#7632 = SURFACE_STYLE_USAGE ( .BOTH. , #8347 ) ;
#7633 = ORIENTED_EDGE ( 'NONE', *, *, #5101, .F. ) ;
#7634 = CARTESIAN_POINT ( 'NONE',  ( 6.468162018585426942, 3.330000000000002292, 0.4590001671664473704 ) ) ;
#7635 = LINE ( 'NONE', #1322, #6262 ) ;
#7636 = DIRECTION ( 'NONE',  ( -0.000000000000000000, -1.000000000000000000, -0.000000000000000000 ) ) ;
#7637 = FACE_OUTER_BOUND ( 'NONE', #3598, .T. ) ;
#7638 = EDGE_CURVE ( 'NONE', #2598, #8637, #335, .T. ) ;
#7639 = CARTESIAN_POINT ( 'NONE',  ( -6.989999999999999325, 3.392132034355963555, 0.3199999999999998956 ) ) ;
#7640 = CARTESIAN_POINT ( 'NONE',  ( -7.326738468369000223, 7.776250346772098844E-17, -1.070000000000000062 ) ) ;
#7641 = ORIENTED_EDGE ( 'NONE', *, *, #74, .F. ) ;
#7642 = CARTESIAN_POINT ( 'NONE',  ( 1.270000000000000018, -0.7321320343559629684, -0.2349999999999980993 ) ) ;
#7643 = DIRECTION ( 'NONE',  ( 2.345257230884581992E-17, 1.000000000000000000, 1.093611407104877670E-17 ) ) ;
#7644 = CARTESIAN_POINT ( 'NONE',  ( -2.926523063262000512, -7.776250346772098844E-17, 1.269999999999999796 ) ) ;
#7645 = AXIS2_PLACEMENT_3D ( 'NONE', #692, #2668, #6271 ) ;
#7646 = ORIENTED_EDGE ( 'NONE', *, *, #4014, .F. ) ;
#7647 = FACE_OUTER_BOUND ( 'NONE', #211, .T. ) ;
#7648 = ORIENTED_EDGE ( 'NONE', *, *, #5912, .T. ) ;
#7649 = VERTEX_POINT ( 'NONE', #8609 ) ;
#7650 =( NAMED_UNIT ( * ) SI_UNIT ( $, .STERADIAN. ) SOLID_ANGLE_UNIT ( ) );
#7651 = CARTESIAN_POINT ( 'NONE',  ( -6.584844392320851725, -0.6699999999999523004, -0.3095233799347744119 ) ) ;
#7652 = ADVANCED_FACE ( 'NONE', ( #2322 ), #7398, .F. ) ;
#7653 = CARTESIAN_POINT ( 'NONE',  ( -3.499984806396337689, 3.330000000000000959, 0.3548770198077371152 ) ) ;
#7654 = CARTESIAN_POINT ( 'NONE',  ( 8.890000000000000568, -0.4200000000000000400, 0.6649999999971801801 ) ) ;
#7655 = CARTESIAN_POINT ( 'NONE',  ( 8.890000000000000568, -4.629945645751342376, -1.355252715606880543E-17 ) ) ;
#7656 = EDGE_CURVE ( 'NONE', #2167, #4644, #4600, .T. ) ;
#7657 = DIRECTION ( 'NONE',  ( 0.4226182617406985531, 0.000000000000000000, 0.9063077870366503808 ) ) ;
#7658 = ORIENTED_EDGE ( 'NONE', *, *, #7072, .T. ) ;
#7659 = DIRECTION ( 'NONE',  ( -1.000000000000000000, 0.000000000000000000, -1.224646799147353207E-16 ) ) ;
#7660 = CARTESIAN_POINT ( 'NONE',  ( -6.301928608667968668, -0.6699999999999730615, 0.3827473746590863146 ) ) ;
#7661 = FACE_OUTER_BOUND ( 'NONE', #5882, .T. ) ;
#7662 = CARTESIAN_POINT ( 'NONE',  ( -1.270000000000000018, 3.479999999999999982, 0.3199999999999999512 ) ) ;
#7663 = VERTEX_POINT ( 'NONE', #8062 ) ;
#7664 = DIRECTION ( 'NONE',  ( 0.000000000000000000, 0.000000000000000000, 1.000000000000000000 ) ) ;
#7665 = ORIENTED_EDGE ( 'NONE', *, *, #7518, .T. ) ;
#7666 = DIRECTION ( 'NONE',  ( 0.000000000000000000, 1.000000000000000000, 0.000000000000000000 ) ) ;
#7667 = ORIENTED_EDGE ( 'NONE', *, *, #5598, .F. ) ;
#7668 = DIRECTION ( 'NONE',  ( 0.000000000000000000, 1.000000000000000000, 6.123031769111889989E-17 ) ) ;
#7669 = CARTESIAN_POINT ( 'NONE',  ( -10.16000000000000014, 6.797930850579320182E-33, -1.110223024625159992E-16 ) ) ;
#7670 = DIRECTION ( 'NONE',  ( 0.000000000000000000, 0.000000000000000000, 1.000000000000000000 ) ) ;
#7671 = COLOUR_RGB ( '',0.000000000000000000, 0.000000000000000000, 0.000000000000000000 ) ;
#7672 = FACE_OUTER_BOUND ( 'NONE', #801, .T. ) ;
#7673 = CARTESIAN_POINT ( 'NONE',  ( 8.772845482841418630, -0.6699999999999607381, -0.3676542739225969747 ) ) ;
#7674 = ORIENTED_EDGE ( 'NONE', *, *, #8830, .T. ) ;
#7675 = CARTESIAN_POINT ( 'NONE',  ( 8.666705205720839800, -0.6699999999999527445, 0.3156704125323568921 ) ) ;
#7676 = CARTESIAN_POINT ( 'NONE',  ( -1.270000000000000240, -4.537064994640259918, -0.2349999999999975719 ) ) ;
#7677 = ORIENTED_EDGE ( 'NONE', *, *, #5861, .T. ) ;
#7678 = CARTESIAN_POINT ( 'NONE',  ( 2.153476936738000003, -7.776250346772100076E-17, 1.270000000000000018 ) ) ;
#7679 = PRESENTATION_STYLE_ASSIGNMENT (( #2243 ) ) ;
#7680 = AXIS2_PLACEMENT_3D ( 'NONE', #4385, #7105, #2903 ) ;
#7681 = CIRCLE ( 'NONE', #3724, 0.1500000000000020206 ) ;
#7682 = VECTOR ( 'NONE', #8157, 1000.000000000000000 ) ;
#7683 = LINE ( 'NONE', #732, #1583 ) ;
#7684 = ORIENTED_EDGE ( 'NONE', *, *, #8156, .T. ) ;
#7685 = CARTESIAN_POINT ( 'NONE',  ( -1.739999999999996216, -0.7321320343559630794, 0.2349999999999980160 ) ) ;
#7686 = VECTOR ( 'NONE', #518, 1000.000000000000000 ) ;
#7687 = SURFACE_STYLE_USAGE ( .BOTH. , #4841 ) ;
#7688 = CARTESIAN_POINT ( 'NONE',  ( 6.349999999999999645, -0.4200000000196268957, -0.6649999999671311057 ) ) ;
#7689 = VERTEX_POINT ( 'NONE', #5326 ) ;
#7690 = DIRECTION ( 'NONE',  ( 0.000000000000000000, 0.000000000000000000, 1.000000000000000000 ) ) ;
#7691 = ORIENTED_EDGE ( 'NONE', *, *, #7518, .F. ) ;
#7692 = ORIENTED_EDGE ( 'NONE', *, *, #2456, .T. ) ;
#7693 = CARTESIAN_POINT ( 'NONE',  ( 8.687146902495166856, 3.330000000000002736, -0.4242837188333660192 ) ) ;
#7694 = CARTESIAN_POINT ( 'NONE',  ( -3.858393646062325821, -0.6699999999999659561, -0.3827473746590863146 ) ) ;
#7695 = AXIS2_PLACEMENT_3D ( 'NONE', #3692, #6319, #8489 ) ;
#7696 = CARTESIAN_POINT ( 'NONE',  ( -3.623284862778758164, 3.330000000000001847, 0.4315005850825658906 ) ) ;
#7697 = FACE_BOUND ( 'NONE', #194, .T. ) ;
#7698 = CARTESIAN_POINT ( 'NONE',  ( -6.349999999999999645, 3.330000000000000071, -0.9150000000000000355 ) ) ;
#7699 = CARTESIAN_POINT ( 'NONE',  ( -3.810000000000000053, 3.330000000000000515, 0.4700000000000000844 ) ) ;
#7700 = EDGE_CURVE ( 'NONE', #9006, #2357, #7681, .T. ) ;
#7701 = ORIENTED_EDGE ( 'NONE', *, *, #2163, .F. ) ;
#7702 = CARTESIAN_POINT ( 'NONE',  ( -8.890000000000000568, 3.392132034355963555, -0.3199999999999999512 ) ) ;
#7703 = LINE ( 'NONE', #9072, #7333 ) ;
#7704 = CARTESIAN_POINT ( 'NONE',  ( 3.810000000000000053, -4.629945645751342376, -1.355252715606880543E-17 ) ) ;
#7705 = DIRECTION ( 'NONE',  ( 2.345257230884581992E-17, -1.000000000000000000, -1.093611407104877670E-17 ) ) ;
#7706 = DIRECTION ( 'NONE',  ( 0.4226182617406989972, 0.000000000000000000, 0.9063077870366501587 ) ) ;
#7707 = CARTESIAN_POINT ( 'NONE',  ( -5.280000000000000249, 2.799999999999999822, 0.8700000000000001066 ) ) ;
#7708 = ORIENTED_EDGE ( 'NONE', *, *, #9007, .T. ) ;
#7709 = SURFACE_STYLE_FILL_AREA ( #5696 ) ;
#7710 = PRESENTATION_STYLE_ASSIGNMENT (( #4179 ) ) ;
#7711 = AXIS2_PLACEMENT_3D ( 'NONE', #6769, #5530, #4010 ) ;
#7712 = CARTESIAN_POINT ( 'NONE',  ( 3.810000000000000053, -0.4199999999627834768, 0.000000000000000000 ) ) ;
#7713 = PRESENTATION_STYLE_ASSIGNMENT (( #5567 ) ) ;
#7714 = EDGE_CURVE ( 'NONE', #3305, #6351, #8697, .T. ) ;
#7715 = CARTESIAN_POINT ( 'NONE',  ( -2.340000000000000302, 6.551643992949719860E-17, -0.8700000000000003286 ) ) ;
#7716 = ORIENTED_EDGE ( 'NONE', *, *, #8658, .F. ) ;
#7717 = DIRECTION ( 'NONE',  ( 0.4226182617407017728, 0.000000000000000000, -0.9063077870366488265 ) ) ;
#7718 = CARTESIAN_POINT ( 'NONE',  ( -4.786738468369000188, 7.776250346772098844E-17, -1.070000000000000062 ) ) ;
#7719 =( LENGTH_UNIT ( ) NAMED_UNIT ( * ) SI_UNIT ( .MILLI., .METRE. ) );
#7720 = PRESENTATION_STYLE_ASSIGNMENT (( #9050 ) ) ;
#7721 = DIRECTION ( 'NONE',  ( 0.000000000000000000, 0.000000000000000000, 1.000000000000000000 ) ) ;
#7722 = EDGE_LOOP ( 'NONE', ( #4698, #5942, #6498 ) ) ;
#7723 = CARTESIAN_POINT ( 'NONE',  ( -1.270000000000000018, -0.6699999999999979305, -0.2971320343559630262 ) ) ;
#7724 = CARTESIAN_POINT ( 'NONE',  ( 3.810000000000000053, -0.7321320343559629684, -0.2349999999999980715 ) ) ;
#7725 = ORIENTED_EDGE ( 'NONE', *, *, #5311, .T. ) ;
#7726 = CARTESIAN_POINT ( 'NONE',  ( -1.270000000000000018, 3.330000000000000515, 0.4699999999999997513 ) ) ;
#7727 = EDGE_CURVE ( 'NONE', #5715, #239, #3421, .T. ) ;
#7728 = EDGE_LOOP ( 'NONE', ( #3860, #6633, #5951, #3966 ) ) ;
#7729 = VECTOR ( 'NONE', #6430, 1000.000000000000114 ) ;
#7730 = CARTESIAN_POINT ( 'NONE',  ( 6.516502295168863590, -0.6699999999999819433, -0.3473305202276692483 ) ) ;
#7731 = VERTEX_POINT ( 'NONE', #526 ) ;
#7732 = EDGE_LOOP ( 'NONE', ( #4849, #9092, #3164, #2212 ) ) ;
#7733 = CARTESIAN_POINT ( 'NONE',  ( 3.810000000000000053, 1.967086183247610087, 0.9150000000000000355 ) ) ;
#7734 = CARTESIAN_POINT ( 'NONE',  ( -6.723787120120464422, -0.6699999999999418643, 0.09550504733237219490 ) ) ;
#7735 = CARTESIAN_POINT ( 'NONE',  ( 6.349999999999999645, 3.479999999999999982, 0.4700000000000009726 ) ) ;
#7736 = DIRECTION ( 'NONE',  ( 3.492836481966780137E-15, 1.000000000000000000, 0.000000000000000000 ) ) ;
#7737 = EDGE_CURVE ( 'NONE', #6370, #4377, #4448, .T. ) ;
#7738 = FACE_OUTER_BOUND ( 'NONE', #5767, .T. ) ;
#7739 = CARTESIAN_POINT ( 'NONE',  ( -2.740000000000000213, 2.799999999999999822, -0.8699999999999999956 ) ) ;
#7740 = EDGE_CURVE ( 'NONE', #4400, #3128, #6049, .T. ) ;
#7741 = EDGE_LOOP ( 'NONE', ( #8340, #529, #7725, #4846 ) ) ;
#7742 = CARTESIAN_POINT ( 'NONE',  ( -7.949999999999999289, 3.329999999999999183, -0.4700000000000004730 ) ) ;
#7743 = CARTESIAN_POINT ( 'NONE',  ( -6.349999999999999645, 3.479999999999999982, -0.3199999999999999512 ) ) ;
#7744 = DIRECTION ( 'NONE',  ( 0.000000000000000000, 0.000000000000000000, 1.000000000000000000 ) ) ;
#7745 = CARTESIAN_POINT ( 'NONE',  ( -5.995334819288316908, 3.330000000000000959, 0.3098033545076218087 ) ) ;
#7746 = LINE ( 'NONE', #8987, #3325 ) ;
#7747 = EDGE_CURVE ( 'NONE', #2303, #9044, #5777, .T. ) ;
#7748 = EDGE_LOOP ( 'NONE', ( #7040, #5141, #5538, #3540 ) ) ;
#7749 = CIRCLE ( 'NONE', #2169, 0.2300000000000030076 ) ;
#7750 = CARTESIAN_POINT ( 'NONE',  ( 0.8963398733213097103, 7.492926245181915412, -0.1868300633393446819 ) ) ;
#7751 = LINE ( 'NONE', #4265, #2402 ) ;
#7752 = ORIENTED_EDGE ( 'NONE', *, *, #6289, .F. ) ;
#7753 = FILL_AREA_STYLE ('',( #4921 ) ) ;
#7754 = AXIS2_PLACEMENT_3D ( 'NONE', #3738, #1701, #5935 ) ;
#7755 = CARTESIAN_POINT ( 'NONE',  ( 6.349999999999999645, 1.967086183247610087, 0.000000000000000000 ) ) ;
#7756 = CARTESIAN_POINT ( 'NONE',  ( -6.349999999999999645, -0.4200000000196268957, 0.6649999999718599897 ) ) ;
#7757 = VERTEX_POINT ( 'NONE', #7698 ) ;
#7758 = ADVANCED_FACE ( 'NONE', ( #2811 ), #8322, .T. ) ;
#7759 = DIRECTION ( 'NONE',  ( -0.000000000000000000, 1.000000000000000000, 6.123031769111889989E-17 ) ) ;
#7760 = ORIENTED_EDGE ( 'NONE', *, *, #7593, .F. ) ;
#7761 = FILL_AREA_STYLE ('',( #4319 ) ) ;
#7762 = FILL_AREA_STYLE ('',( #2979 ) ) ;
#7763 = VECTOR ( 'NONE', #217, 1000.000000000000000 ) ;
#7764 = ADVANCED_FACE ( 'NONE', ( #7738 ), #4993, .T. ) ;
#7765 =( LENGTH_UNIT ( ) NAMED_UNIT ( * ) SI_UNIT ( .MILLI., .METRE. ) );
#7766 = VERTEX_POINT ( 'NONE', #705 ) ;
#7767 = DIRECTION ( 'NONE',  ( 0.000000000000000000, 0.000000000000000000, 1.000000000000000000 ) ) ;
#7768 = STYLED_ITEM ( 'NONE', ( #2157 ), #5290 ) ;
#7769 = CARTESIAN_POINT ( 'NONE',  ( 1.270000000000000018, -0.6699999999999979305, -0.3850000000000002309 ) ) ;
#7770 = CARTESIAN_POINT ( 'NONE',  ( 2.339999999999999414, 5.327037639127342725E-17, -0.8700000000000003286 ) ) ;
#7771 = EDGE_CURVE ( 'NONE', #3638, #1887, #6066, .T. ) ;
#7772 = EDGE_CURVE ( 'NONE', #6583, #6370, #8717, .T. ) ;
#7773 = VECTOR ( 'NONE', #8702, 1000.000000000000000 ) ;
#7774 = EDGE_CURVE ( 'NONE', #2651, #4608, #6225, .T. ) ;
#7775 = ORIENTED_EDGE ( 'NONE', *, *, #4914, .T. ) ;
#7776 = ORIENTED_EDGE ( 'NONE', *, *, #6250, .F. ) ;
#7777 = DIRECTION ( 'NONE',  ( 0.9063077870366516020, -2.587705042845119055E-17, 0.4226182617406958886 ) ) ;
#7778 = CARTESIAN_POINT ( 'NONE',  ( 1.270000000000000018, -4.400000000000000355, 0.2349999999999989875 ) ) ;
#7779 = VECTOR ( 'NONE', #2551, 1000.000000000000000 ) ;
#7780 = CARTESIAN_POINT ( 'NONE',  ( -7.120000000000000107, -0.6699999999999979305, -0.3849999999999999534 ) ) ;
#7781 = CARTESIAN_POINT ( 'NONE',  ( -1.270000000000000018, -0.2100000000000000200, 0.000000000000000000 ) ) ;
#7782 =( BOUNDED_SURFACE ( )  B_SPLINE_SURFACE ( 3, 3, ( 
 ( #772, #2112, #1454, #5572 ),
 ( #2065, #4229, #4879, #7676 ),
 ( #4317, #6992, #682, #3500 ),
 ( #5660, #2882, #6310, #7126 ) ),
 .UNSPECIFIED., .F., .F., .F. ) 
 B_SPLINE_SURFACE_WITH_KNOTS ( ( 4, 4 ),
 ( 4, 4 ),
 ( 0.000000000000000000, 1.000000000000000000 ),
 ( 0.000000000000000000, 1.000000000000000000 ),
 .UNSPECIFIED. ) 
 GEOMETRIC_REPRESENTATION_ITEM ( )  RATIONAL_B_SPLINE_SURFACE ( (
 ( 1.000000000000000000, 0.3333333333333334259, 0.3333333333333334259, 1.000000000000000000),
 ( 0.7995857374534958151, 0.2665285791511653457, 0.2665285791511653457, 0.7995857374534958151),
 ( 0.7995857374534958151, 0.2665285791511653457, 0.2665285791511653457, 0.7995857374534958151),
 ( 1.000000000000000000, 0.3333333333333334259, 0.3333333333333334259, 1.000000000000000000) ) ) 
 REPRESENTATION_ITEM ( '' )  SURFACE ( )  );
#7783 = LINE ( 'NONE', #6968, #7954 ) ;
#7784 = EDGE_LOOP ( 'NONE', ( #5679, #9049, #3751, #8619 ) ) ;
#7785 = CARTESIAN_POINT ( 'NONE',  ( 6.349999999999999645, -0.6699999999568717612, -1.018987004010278335E-17 ) ) ;
#7786 = CARTESIAN_POINT ( 'NONE',  ( 7.913261531631000878, 2.799999999999999822, -1.070000000000000062 ) ) ;
#7787 = DIRECTION ( 'NONE',  ( 1.000000000000000000, 0.000000000000000000, 0.000000000000000000 ) ) ;
#7788 = MANIFOLD_SOLID_BREP ( 'pcb_connector_350-80-108-00-001101', #1788 ) ;
#7789 = CARTESIAN_POINT ( 'NONE',  ( -1.270000000000000018, 3.330000000000000515, -0.4700000000000001954 ) ) ;
#7790 = CARTESIAN_POINT ( 'NONE',  ( -3.810000000000000497, -4.632925319547866572, 0.1370326030541654527 ) ) ;
#7791 = FILL_AREA_STYLE_COLOUR ( '', #8122 ) ;
#7792 = ORIENTED_EDGE ( 'NONE', *, *, #5747, .F. ) ;
#7793 = PLANE ( 'NONE',  #393 ) ;
#7794 = AXIS2_PLACEMENT_3D ( 'NONE', #3868, #271, #6677 ) ;
#7795 = CARTESIAN_POINT ( 'NONE',  ( 1.270000000000000018, 3.479999999999999982, 0.000000000000000000 ) ) ;
#7796 = ORIENTED_EDGE ( 'NONE', *, *, #6079, .T. ) ;
#7797 = DIRECTION ( 'NONE',  ( 0.000000000000000000, 1.000000000000000000, 0.000000000000000000 ) ) ;
#7798 = AXIS2_PLACEMENT_3D ( 'NONE', #65, #2263, #5048 ) ;
#7799 = CARTESIAN_POINT ( 'NONE',  ( 7.326738468369000223, 5.327037639127341492E-17, -1.070000000000000062 ) ) ;
#7800 = CARTESIAN_POINT ( 'NONE',  ( 8.890000000000000568, 3.329999999999999183, -0.4700000000000004730 ) ) ;
#7801 = LINE ( 'NONE', #4270, #76 ) ;
#7802 = ORIENTED_EDGE ( 'NONE', *, *, #8802, .F. ) ;
#7803 = DIRECTION ( 'NONE',  ( 0.000000000000000000, 1.000000000000000000, 0.000000000000000000 ) ) ;
#7804 = ORIENTED_EDGE ( 'NONE', *, *, #5090, .T. ) ;
#7805 = DIRECTION ( 'NONE',  ( 0.000000000000000000, 6.123031769111889989E-17, -1.000000000000000000 ) ) ;
#7806 = ORIENTED_EDGE ( 'NONE', *, *, #8746, .F. ) ;
#7807 = SURFACE_STYLE_USAGE ( .BOTH. , #8444 ) ;
#7808 = CARTESIAN_POINT ( 'NONE',  ( -1.270000000000000018, -0.6700000000137151801, -1.018987004202780579E-17 ) ) ;
#7809 = EDGE_CURVE ( 'NONE', #3557, #2848, #469, .T. ) ;
#7810 = CARTESIAN_POINT ( 'NONE',  ( 6.349999999999999645, 3.479999999999999982, 0.000000000000000000 ) ) ;
#7811 = ADVANCED_FACE ( 'NONE', ( #1579 ), #286, .T. ) ;
#7812 = CARTESIAN_POINT ( 'NONE',  ( 8.890000000000000568, 7.174999999999999822, 0.000000000000000000 ) ) ;
#7813 = ORIENTED_EDGE ( 'NONE', *, *, #1441, .F. ) ;
#7814 = CARTESIAN_POINT ( 'NONE',  ( -1.739999999999995994, -0.8199999999999998401, 0.2349999999999980715 ) ) ;
#7815 = AXIS2_PLACEMENT_3D ( 'NONE', #7669, #4181, #3255 ) ;
#7816 = ADVANCED_FACE ( 'NONE', ( #1672, #153 ), #8645, .T. ) ;
#7817 = CIRCLE ( 'NONE', #3273, 0.3200000000000000067 ) ;
#7818 = FACE_OUTER_BOUND ( 'NONE', #5045, .T. ) ;
#7819 = CONICAL_SURFACE ( 'NONE', #1211, 0.6649999999718599897, 0.7853981633974482790 ) ;
#7820 = ORIENTED_EDGE ( 'NONE', *, *, #7196, .F. ) ;
#7821 = DIRECTION ( 'NONE',  ( 2.345257230884581992E-17, 1.000000000000000000, 1.093611407104877670E-17 ) ) ;
#7822 = ORIENTED_EDGE ( 'NONE', *, *, #3080, .T. ) ;
#7823 = CIRCLE ( 'NONE', #8993, 0.2349999999999980160 ) ;
#7824 = B_SPLINE_CURVE_WITH_KNOTS ( 'NONE', 3,
 ( #4966, #715, #1486, #2226, #28, #5059, #3529, #2820, #7745, #1439, #5644, #6386, #760, #75, #2867, #5014, #2179 ),
 .UNSPECIFIED., .F., .F.,
 ( 4, 2, 2, 2, 2, 1, 2, 2, 4 ),
 ( 0.000000000000000000, 0.1249999999999986955, 0.2499999999999973910, 0.3749999999999961142, 0.4999999999999948930, 0.6249999999999936717, 0.6874999999999930056, 0.7499999999999923395, 1.000000000000000000 ),
 .UNSPECIFIED. ) ;
#7825 =( LENGTH_UNIT ( ) NAMED_UNIT ( * ) SI_UNIT ( .MILLI., .METRE. ) );
#7826 = CARTESIAN_POINT ( 'NONE',  ( 1.270000000000000018, 7.174999999999999822, -0.3200000000000000067 ) ) ;
#7827 = CARTESIAN_POINT ( 'NONE',  ( 7.326738468369000223, -6.551643992949719860E-17, 1.070000000000000062 ) ) ;
#7828 = ORIENTED_EDGE ( 'NONE', *, *, #4692, .T. ) ;
#7829 = CARTESIAN_POINT ( 'NONE',  ( 3.810000000000000053, 7.174999999999999822, -0.3200000000000000067 ) ) ;
#7830 = AXIS2_PLACEMENT_3D ( 'NONE', #5738, #903, #8519 ) ;
#7831 = DIRECTION ( 'NONE',  ( 0.000000000000000000, 0.000000000000000000, 1.000000000000000000 ) ) ;
#7832 = DIRECTION ( 'NONE',  ( 0.000000000000000000, 0.000000000000000000, 1.000000000000000000 ) ) ;
#7833 = ORIENTED_EDGE ( 'NONE', *, *, #1032, .T. ) ;
#7834 = CARTESIAN_POINT ( 'NONE',  ( -8.890000000000000568, 3.479999999999999982, 0.3199999999999999512 ) ) ;
#7835 = CARTESIAN_POINT ( 'NONE',  ( 4.194862183587955151, 3.330000000000001403, -0.2733544892302438023 ) ) ;
#7836 = CARTESIAN_POINT ( 'NONE',  ( 9.359999999999999432, 3.330000000000000071, 2.710505431213761085E-17 ) ) ;
#7837 = DIRECTION ( 'NONE',  ( -0.000000000000000000, -1.000000000000000000, -0.000000000000000000 ) ) ;
#7838 = CARTESIAN_POINT ( 'NONE',  ( -6.781517550911206449, 3.330000000000003180, 0.1868098221244842150 ) ) ;
#7839 = ORIENTED_EDGE ( 'NONE', *, *, #8401, .F. ) ;
#7840 = CARTESIAN_POINT ( 'NONE',  ( -8.890000000000000568, -4.537064994640259918, 0.2349999999999975719 ) ) ;
#7841 = EDGE_CURVE ( 'NONE', #3335, #6172, #6810, .T. ) ;
#7842 = VECTOR ( 'NONE', #6046, 1000.000000000000000 ) ;
#7843 = PRESENTATION_LAYER_ASSIGNMENT (  '', '', ( #5510 ) ) ;
#7844 = ORIENTED_EDGE ( 'NONE', *, *, #59, .F. ) ;
#7845 = DIRECTION ( 'NONE',  ( 0.000000000000000000, -6.123031769111889989E-17, 1.000000000000000000 ) ) ;
#7846 = CARTESIAN_POINT ( 'NONE',  ( -1.270000000000000018, -0.6699999999999866063, -0.3849999999999997868 ) ) ;
#7847 = PLANE ( 'NONE',  #5105 ) ;
#7848 = COLOUR_RGB ( '',0.000000000000000000, 0.000000000000000000, 0.000000000000000000 ) ;
#7849 = ORIENTED_EDGE ( 'NONE', *, *, #1451, .F. ) ;
#7850 = CARTESIAN_POINT ( 'NONE',  ( 4.125259448258259631, -0.6699999999999927125, 0.2239180390502736040 ) ) ;
#7851 = ORIENTED_EDGE ( 'NONE', *, *, #5493, .F. ) ;
#7852 = CARTESIAN_POINT ( 'NONE',  ( 6.350000000000001421, -4.632925319547866572, 0.1370326030541654527 ) ) ;
#7853 =( NAMED_UNIT ( * ) PLANE_ANGLE_UNIT ( ) SI_UNIT ( $, .RADIAN. ) );
#7854 = VECTOR ( 'NONE', #2768, 1000.000000000000000 ) ;
#7855 = EDGE_CURVE ( 'NONE', #106, #6167, #5049, .T. ) ;
#7856 = EDGE_CURVE ( 'NONE', #1242, #2254, #4432, .T. ) ;
#7857 = PLANE ( 'NONE',  #7754 ) ;
#7858 = DIRECTION ( 'NONE',  ( 0.000000000000000000, 1.000000000000000000, 6.123031769111889989E-17 ) ) ;
#7859 = CARTESIAN_POINT ( 'NONE',  ( -1.270000000000000018, -0.7321320343559629684, 0.2349999999999980715 ) ) ;
#7860 = COLOUR_RGB ( '',0.000000000000000000, 0.000000000000000000, 0.000000000000000000 ) ;
#7861 = CARTESIAN_POINT ( 'NONE',  ( 1.909999999999999920, 3.392132034355963555, -0.3199999999999998956 ) ) ;
#7862 = EDGE_CURVE ( 'NONE', #3218, #1601, #5774, .T. ) ;
#7863 = ORIENTED_EDGE ( 'NONE', *, *, #1937, .T. ) ;
#7864 = CIRCLE ( 'NONE', #3916, 0.9150000000000000355 ) ;
#7865 = ORIENTED_EDGE ( 'NONE', *, *, #340, .F. ) ;
#7866 = CARTESIAN_POINT ( 'NONE',  ( 2.926523063262000957, 2.799999999999999822, -1.270000000000000018 ) ) ;
#7867 = DIRECTION ( 'NONE',  ( 0.4226182617407031605, 0.000000000000000000, -0.9063077870366482713 ) ) ;
#7868 = DIRECTION ( 'NONE',  ( 0.000000000000000000, 6.123031769111889989E-17, -1.000000000000000000 ) ) ;
#7869 = ORIENTED_EDGE ( 'NONE', *, *, #8842, .T. ) ;
#7870 = DIRECTION ( 'NONE',  ( -1.000000000000000000, 0.000000000000000000, -0.000000000000000000 ) ) ;
#7871 = AXIS2_PLACEMENT_3D ( 'NONE', #5245, #256, #2373 ) ;
#7872 = ORIENTED_EDGE ( 'NONE', *, *, #581, .F. ) ;
#7873 = FILL_AREA_STYLE_COLOUR ( '', #3430 ) ;
#7874 = VECTOR ( 'NONE', #1049, 1000.000000000000000 ) ;
#7875 = CARTESIAN_POINT ( 'NONE',  ( 1.103809327216711322, -0.6699999999999570743, 0.3475360023647328656 ) ) ;
#7876 = EDGE_CURVE ( 'NONE', #4531, #8457, #888, .T. ) ;
#7877 = VERTEX_POINT ( 'NONE', #7145 ) ;
#7878 = DIRECTION ( 'NONE',  ( -1.000000000000000000, -0.000000000000000000, -0.000000000000000000 ) ) ;
#7879 = FACE_OUTER_BOUND ( 'NONE', #3068, .T. ) ;
#7880 = DIRECTION ( 'NONE',  ( 1.000000000000000000, 0.000000000000000000, 0.000000000000000000 ) ) ;
#7881 =( NAMED_UNIT ( * ) SI_UNIT ( $, .STERADIAN. ) SOLID_ANGLE_UNIT ( ) );
#7882 = CARTESIAN_POINT ( 'NONE',  ( -1.270000000000000018, 0.000000000000000000, 0.000000000000000000 ) ) ;
#7883 = CARTESIAN_POINT ( 'NONE',  ( -1.909999999999999920, 3.479999999999999538, -0.3199999999999999512 ) ) ;
#7884 = ORIENTED_EDGE ( 'NONE', *, *, #5535, .T. ) ;
#7885 = CARTESIAN_POINT ( 'NONE',  ( 6.726077767818480879, 3.330000000000000071, 0.2837140651352291765 ) ) ;
#7886 = DIRECTION ( 'NONE',  ( 0.000000000000000000, 1.000000000000000000, 6.123031769111889989E-17 ) ) ;
#7887 = CARTESIAN_POINT ( 'NONE',  ( 1.270000000000000018, -0.6699999999568717612, -0.4149999999521968852 ) ) ;
#7888 = EDGE_CURVE ( 'NONE', #7125, #78, #843, .T. ) ;
#7889 = ADVANCED_FACE ( 'NONE', ( #3091 ), #1494, .T. ) ;
#7890 = CARTESIAN_POINT ( 'NONE',  ( -8.420000000000003482, -0.8199999999999998401, -0.2349999999999980715 ) ) ;
#7891 = CARTESIAN_POINT ( 'NONE',  ( -8.890000000000002345, 7.361853603950962111, 0.3200000000000008948 ) ) ;
#7892 = PRESENTATION_LAYER_ASSIGNMENT (  '', '', ( #6299 ) ) ;
#7893 = ORIENTED_EDGE ( 'NONE', *, *, #6960, .T. ) ;
#7894 =( NAMED_UNIT ( * ) SI_UNIT ( $, .STERADIAN. ) SOLID_ANGLE_UNIT ( ) );
#7895 = EDGE_LOOP ( 'NONE', ( #4430, #1208, #7357 ) ) ;
#7896 = CYLINDRICAL_SURFACE ( 'NONE', #3333, 0.2349999999999989875 ) ;
#7897 = CARTESIAN_POINT ( 'NONE',  ( 1.637423806133355253, -0.6699999999999964873, -0.1175135132073883704 ) ) ;
#7898 = CIRCLE ( 'NONE', #5276, 0.2300000000000030076 ) ;
#7899 = CARTESIAN_POINT ( 'NONE',  ( -1.270000000000000240, 7.489960314960472765, -2.117582368135750848E-17 ) ) ;
#7900 = FACE_OUTER_BOUND ( 'NONE', #3929, .T. ) ;
#7901 = CARTESIAN_POINT ( 'NONE',  ( 3.656947960127195696, -0.6699999999999584066, 0.3534632452272083447 ) ) ;
#7902 = CARTESIAN_POINT ( 'NONE',  ( -8.006523063261999695, 2.799999999999999822, 1.270000000000000018 ) ) ;
#7903 = CARTESIAN_POINT ( 'NONE',  ( 6.349999999999999645, -0.8199999999999999512, -0.2349999999999980438 ) ) ;
#7904 = CARTESIAN_POINT ( 'NONE',  ( 1.270000000000000018, 3.479999999999999982, 0.3199999999999999512 ) ) ;
#7905 = PRESENTATION_LAYER_ASSIGNMENT (  '', '', ( #5717 ) ) ;
#7906 = ORIENTED_EDGE ( 'NONE', *, *, #3116, .T. ) ;
#7907 = SHAPE_DEFINITION_REPRESENTATION ( #6849, #8006 ) ;
#7908 = ORIENTED_EDGE ( 'NONE', *, *, #7919, .F. ) ;
#7909 = COLOUR_RGB ( '',0.000000000000000000, 0.000000000000000000, 0.000000000000000000 ) ;
#7910 = UNCERTAINTY_MEASURE_WITH_UNIT (LENGTH_MEASURE( 1.000000000000000082E-05 ), #2286, 'distance_accuracy_value', 'NONE');
#7911 = DIRECTION ( 'NONE',  ( 0.000000000000000000, 1.000000000000000000, 0.000000000000000000 ) ) ;
#7912 = DIRECTION ( 'NONE',  ( 0.000000000000000000, 0.000000000000000000, 1.000000000000000000 ) ) ;
#7913 = ORIENTED_EDGE ( 'NONE', *, *, #5747, .T. ) ;
#7914 = DIRECTION ( 'NONE',  ( 0.000000000000000000, 0.000000000000000000, 1.000000000000000000 ) ) ;
#7915 = CARTESIAN_POINT ( 'NONE',  ( 6.350000000000001421, -4.632925319547866572, 0.1370326030541654527 ) ) ;
#7916 = CARTESIAN_POINT ( 'NONE',  ( 0.9959347938916692788, -4.632925319547867460, -0.1370326030541655082 ) ) ;
#7917 = EDGE_CURVE ( 'NONE', #813, #2563, #2100, .T. ) ;
#7918 = ORIENTED_EDGE ( 'NONE', *, *, #4564, .F. ) ;
#7919 = EDGE_CURVE ( 'NONE', #4608, #3220, #7817, .T. ) ;
#7920 = DIRECTION ( 'NONE',  ( 0.000000000000000000, 0.000000000000000000, -1.000000000000000000 ) ) ;
#7921 = CARTESIAN_POINT ( 'NONE',  ( 9.315457655251437430, 3.330000000000000515, 0.2025509719038485201 ) ) ;
#7922 = SURFACE_STYLE_USAGE ( .BOTH. , #5237 ) ;
#7923 = LINE ( 'NONE', #3451, #5034 ) ;
#7924 = EDGE_CURVE ( 'NONE', #6715, #3498, #46, .T. ) ;
#7925 = ORIENTED_EDGE ( 'NONE', *, *, #9085, .T. ) ;
#7926 = VECTOR ( 'NONE', #6210, 1000.000000000000114 ) ;
#7927 = AXIS2_PLACEMENT_3D ( 'NONE', #7999, #1067, #7328 ) ;
#7928 = ADVANCED_FACE ( 'NONE', ( #381 ), #8687, .T. ) ;
#7929 = DIRECTION ( 'NONE',  ( -0.000000000000000000, -1.000000000000000000, -0.000000000000000000 ) ) ;
#7930 = CARTESIAN_POINT ( 'NONE',  ( 0.3865230632619999218, 7.776250346772100076E-17, -1.269999999999999796 ) ) ;
#7931 = VECTOR ( 'NONE', #1237, 1000.000000000000000 ) ;
#7932 = EDGE_CURVE ( 'NONE', #5582, #5562, #5052, .T. ) ;
#7933 = VERTEX_POINT ( 'NONE', #6737 ) ;
#7934 = CARTESIAN_POINT ( 'NONE',  ( 6.735000000000000320, -0.6699999999999979305, 2.710505431213761085E-17 ) ) ;
#7935 = FACE_OUTER_BOUND ( 'NONE', #2695, .T. ) ;
#7936 =( LENGTH_UNIT ( ) NAMED_UNIT ( * ) SI_UNIT ( .MILLI., .METRE. ) );
#7937 = AXIS2_PLACEMENT_3D ( 'NONE', #1476, #752, #6506 ) ;
#7938 = CARTESIAN_POINT ( 'NONE',  ( -4.574264068711928033, 3.329999999999999627, -0.3821320343559643784 ) ) ;
#7939 = CARTESIAN_POINT ( 'NONE',  ( -1.270000000000000018, 7.489960314960471877, -2.117582368135750848E-17 ) ) ;
#7940 = CARTESIAN_POINT ( 'NONE',  ( -5.280000000000000249, 2.799999999999999822, -0.8699999999999999956 ) ) ;
#7941 = CARTESIAN_POINT ( 'NONE',  ( 3.434078458646332876, -0.6699999999999417533, -0.09654514245896990421 ) ) ;
#7942 = DIRECTION ( 'NONE',  ( 0.000000000000000000, 6.123031769111889989E-17, -1.000000000000000000 ) ) ;
#7943 = ORIENTED_EDGE ( 'NONE', *, *, #2948, .T. ) ;
#7944 = CARTESIAN_POINT ( 'NONE',  ( -0.6300000000000002265, 3.479999999999999538, -0.3199999999999999512 ) ) ;
#7945 = CARTESIAN_POINT ( 'NONE',  ( 1.739999999999999991, 3.330000000000000071, 2.710505431213761085E-17 ) ) ;
#7946 = VECTOR ( 'NONE', #1766, 1000.000000000000000 ) ;
#7947 = AXIS2_PLACEMENT_3D ( 'NONE', #3521, #6424, #5857 ) ;
#7948 = ORIENTED_EDGE ( 'NONE', *, *, #3643, .F. ) ;
#7949 = LINE ( 'NONE', #8543, #3286 ) ;
#7950 = CARTESIAN_POINT ( 'NONE',  ( -8.890000000000000568, -0.6699999999999866063, -0.3849999999999998979 ) ) ;
#7951 = FACE_OUTER_BOUND ( 'NONE', #4333, .T. ) ;
#7952 = CARTESIAN_POINT ( 'NONE',  ( -3.810000000000000053, -0.6699999999999866063, 0.3850000000000000089 ) ) ;
#7953 =( LENGTH_UNIT ( ) NAMED_UNIT ( * ) SI_UNIT ( .MILLI., .METRE. ) );
#7954 = VECTOR ( 'NONE', #7657, 999.9999999999998863 ) ;
#7955 = VERTEX_POINT ( 'NONE', #332 ) ;
#7956 = FACE_BOUND ( 'NONE', #5808, .T. ) ;
#7957 = CARTESIAN_POINT ( 'NONE',  ( 1.299511675240611064, 3.330000000000002736, -0.4700000000000000844 ) ) ;
#7958 = CARTESIAN_POINT ( 'NONE',  ( 3.810000000000000053, 5.327499999999999680, 0.000000000000000000 ) ) ;
#7959 = CARTESIAN_POINT ( 'NONE',  ( -3.810000000000000053, -0.6699999999999866063, 0.3850000000000000089 ) ) ;
#7960 =( GEOMETRIC_REPRESENTATION_CONTEXT ( 3 ) GLOBAL_UNCERTAINTY_ASSIGNED_CONTEXT ( ( #6164 ) ) GLOBAL_UNIT_ASSIGNED_CONTEXT ( ( #3093, #7197, #1675 ) ) REPRESENTATION_CONTEXT ( 'NONE', 'WORKASPACE' ) );
#7961 = VECTOR ( 'NONE', #983, 1000.000000000000000 ) ;
#7962 = VERTEX_POINT ( 'NONE', #3883 ) ;
#7963 = PRESENTATION_STYLE_ASSIGNMENT (( #3492 ) ) ;
#7964 = AXIS2_PLACEMENT_3D ( 'NONE', #9058, #6369, #7690 ) ;
#7965 = DIRECTION ( 'NONE',  ( -0.4226182617407031605, 0.000000000000000000, -0.9063077870366482713 ) ) ;
#7966 = CARTESIAN_POINT ( 'NONE',  ( 6.196947960127213939, -0.6699999999999580735, 0.3534632452272083447 ) ) ;
#7967 = CARTESIAN_POINT ( 'NONE',  ( -4.450000000000001954, 7.175000000000000711, -0.3200000000000007838 ) ) ;
#7968 = AXIS2_PLACEMENT_3D ( 'NONE', #5206, #223, #1741 ) ;
#7969 = CARTESIAN_POINT ( 'NONE',  ( 8.250000000000000000, 3.392132034355963555, 0.3199999999999998956 ) ) ;
#7970 = CARTESIAN_POINT ( 'NONE',  ( -6.817300348649166786, 3.330000000000004068, -0.05898017951212784771 ) ) ;
#7971 = DIRECTION ( 'NONE',  ( 0.000000000000000000, 6.123031769111889989E-17, -1.000000000000000000 ) ) ;
#7972 = EDGE_CURVE ( 'NONE', #8907, #5185, #768, .T. ) ;
#7973 = CARTESIAN_POINT ( 'NONE',  ( 6.349999999999999645, 3.479999999999999982, 0.3199999999999999512 ) ) ;
#7974 = B_SPLINE_CURVE_WITH_KNOTS ( 'NONE', 3,
 ( #4898, #1474, #7694, #4205, #7012, #3518, #6331, #13, #2808, #2994, #281, #792, #2399, #5046, #4429, #881, #1528, #5177, #839, #7232, #5225, #2350, #109, #7101, #7140, #3656, #2899, #7952 ),
 .UNSPECIFIED., .F., .F.,
 ( 4, 2, 2, 2, 1, 2, 2, 2, 2, 2, 2, 1, 2, 2, 4 ),
 ( 0.000000000000000000, 0.06250000000000147105, 0.1250000000000029421, 0.2500000000000038858, 0.3125000000000036637, 0.3437500000000036082, 0.3750000000000034972, 0.5000000000000014433, 0.5625000000000003331, 0.6249999999999993339, 0.7499999999999981126, 0.8124999999999974465, 0.8437499999999972244, 0.8749999999999968914, 1.000000000000000000 ),
 .UNSPECIFIED. ) ;
#7975 = AXIS2_PLACEMENT_3D ( 'NONE', #5563, #7206, #7162 ) ;
#7976 = DIRECTION ( 'NONE',  ( -0.000000000000000000, -1.000000000000000000, -0.000000000000000000 ) ) ;
#7977 = CARTESIAN_POINT ( 'NONE',  ( 2.339999999999999858, 2.799999999999999822, 0.8700000000000002176 ) ) ;
#7978 = CARTESIAN_POINT ( 'NONE',  ( -1.270000000000000018, -0.6699999999999979305, -0.2971320343559630262 ) ) ;
#7979 = ORIENTED_EDGE ( 'NONE', *, *, #8789, .F. ) ;
#7980 = COLOUR_RGB ( '',0.000000000000000000, 0.000000000000000000, 0.000000000000000000 ) ;
#7981 = ORIENTED_EDGE ( 'NONE', *, *, #6441, .T. ) ;
#7982 = CARTESIAN_POINT ( 'NONE',  ( 1.270000000000000018, 3.330000000000000071, -0.3821320343559643784 ) ) ;
#7983 = ORIENTED_EDGE ( 'NONE', *, *, #8203, .T. ) ;
#7984 = PLANE ( 'NONE',  #2231 ) ;
#7985 = CARTESIAN_POINT ( 'NONE',  ( 6.774013881836349782, 3.330000000000001403, -0.2032625421542223754 ) ) ;
#7986 = CARTESIAN_POINT ( 'NONE',  ( -8.890000000000000568, 3.330000000000000515, 0.4700000000000000844 ) ) ;
#7987 = VECTOR ( 'NONE', #702, 1000.000000000000000 ) ;
#7988 = CARTESIAN_POINT ( 'NONE',  ( -8.990000000000000213, 7.776250346772101309E-17, -1.270000000000000018 ) ) ;
#7989 =( LENGTH_UNIT ( ) NAMED_UNIT ( * ) SI_UNIT ( .MILLI., .METRE. ) );
#7990 = EDGE_LOOP ( 'NONE', ( #1893, #3352, #503, #4029 ) ) ;
#7991 = CARTESIAN_POINT ( 'NONE',  ( -1.270000000000000018, 3.479999999999999982, 0.3199999999999999512 ) ) ;
#7992 = AXIS2_PLACEMENT_3D ( 'NONE', #4924, #176, #2973 ) ;
#7993 = VERTEX_POINT ( 'NONE', #7472 ) ;
#7994 = CARTESIAN_POINT ( 'NONE',  ( -8.890000000000000568, 3.392132034355963555, 0.3199999999999999512 ) ) ;
#7995 = UNCERTAINTY_MEASURE_WITH_UNIT (LENGTH_MEASURE( 1.000000000000000082E-05 ), #4821, 'distance_accuracy_value', 'NONE');
#7996 = DIRECTION ( 'NONE',  ( 0.000000000000000000, 0.000000000000000000, 1.000000000000000000 ) ) ;
#7997 = AXIS2_PLACEMENT_3D ( 'NONE', #4672, #8975, #3380 ) ;
#7998 = DIRECTION ( 'NONE',  ( 0.000000000000000000, 1.000000000000000000, 0.000000000000000000 ) ) ;
#7999 = CARTESIAN_POINT ( 'NONE',  ( -1.270000000000000018, 2.799999999999999822, 0.000000000000000000 ) ) ;
#8000 = DIRECTION ( 'NONE',  ( 0.000000000000000000, 0.000000000000000000, 1.000000000000000000 ) ) ;
#8001 = EDGE_CURVE ( 'NONE', #2901, #3991, #8315, .T. ) ;
#8002 = ORIENTED_EDGE ( 'NONE', *, *, #2533, .F. ) ;
#8003 = DIRECTION ( 'NONE',  ( 1.000000000000000000, 0.000000000000000000, 0.000000000000000000 ) ) ;
#8004 = CARTESIAN_POINT ( 'NONE',  ( -3.169999999999999929, 3.479999999999999538, -0.3199999999999999512 ) ) ;
#8005 = AXIS2_PLACEMENT_3D ( 'NONE', #9032, #1442, #5558 ) ;
#8006 = ADVANCED_BREP_SHAPE_REPRESENTATION ( '350-80-108-00-001101', ( #7788, #6226 ), #4906 ) ;
#8007 = CARTESIAN_POINT ( 'NONE',  ( -3.556224911733109728, -0.6699999999999883826, 0.2905236054765817921 ) ) ;
#8008 = VERTEX_POINT ( 'NONE', #5994 ) ;
#8009 = DIRECTION ( 'NONE',  ( 0.000000000000000000, -1.000000000000000000, -6.123031769111889989E-17 ) ) ;
#8010 = CARTESIAN_POINT ( 'NONE',  ( -10.06673846836899955, 7.776250346772095146E-17, -1.070000000000000062 ) ) ;
#8011 = FACE_OUTER_BOUND ( 'NONE', #7209, .T. ) ;
#8012 = FACE_OUTER_BOUND ( 'NONE', #2896, .T. ) ;
#8013 = VECTOR ( 'NONE', #4739, 1000.000000000000000 ) ;
#8014 =( LENGTH_UNIT ( ) NAMED_UNIT ( * ) SI_UNIT ( .MILLI., .METRE. ) );
#8015 = DIRECTION ( 'NONE',  ( -1.000000000000000000, 0.000000000000000000, -1.224646799147353207E-16 ) ) ;
#8016 = EDGE_CURVE ( 'NONE', #6026, #1550, #8747, .T. ) ;
#8017 = LINE ( 'NONE', #3055, #3911 ) ;
#8018 = CARTESIAN_POINT ( 'NONE',  ( -8.829506152579250866, 3.330000000000002292, 0.4699999999999999734 ) ) ;
#8019 = DIRECTION ( 'NONE',  ( 0.000000000000000000, 1.000000000000000000, 0.000000000000000000 ) ) ;
#8020 = EDGE_LOOP ( 'NONE', ( #1453, #8441, #4331 ) ) ;
#8021 =( BOUNDED_SURFACE ( )  B_SPLINE_SURFACE ( 3, 3, ( 
 ( #5965, #8759, #7391, #4496 ),
 ( #3194, #5870, #2627, #6704 ),
 ( #8235, #8656, #395, #4443 ),
 ( #5192, #1683, #1333, #6272 ) ),
 .UNSPECIFIED., .F., .F., .F. ) 
 B_SPLINE_SURFACE_WITH_KNOTS ( ( 4, 4 ),
 ( 4, 4 ),
 ( 0.000000000000000000, 1.000000000000000000 ),
 ( 0.000000000000000000, 1.000000000000000000 ),
 .UNSPECIFIED. ) 
 GEOMETRIC_REPRESENTATION_ITEM ( )  RATIONAL_B_SPLINE_SURFACE ( (
 ( 1.000000000000000000, 0.3333333333333334259, 0.3333333333333334259, 1.000000000000000000),
 ( 0.8009815829414672628, 0.2669938609804891616, 0.2669938609804891616, 0.8009815829414672628),
 ( 0.8009815829414672628, 0.2669938609804891616, 0.2669938609804891616, 0.8009815829414672628),
 ( 1.000000000000000000, 0.3333333333333334259, 0.3333333333333334259, 1.000000000000000000) ) ) 
 REPRESENTATION_ITEM ( '' )  SURFACE ( )  );
#8022 = CARTESIAN_POINT ( 'NONE',  ( -8.119999999999999218, -0.6699999999999979305, 0.3849999999999999534 ) ) ;
#8023 = CARTESIAN_POINT ( 'NONE',  ( 1.270000000000000018, 3.479999999999999982, 0.000000000000000000 ) ) ;
#8024 = FACE_OUTER_BOUND ( 'NONE', #8538, .T. ) ;
#8025 = ORIENTED_EDGE ( 'NONE', *, *, #8893, .F. ) ;
#8026 =( NAMED_UNIT ( * ) PLANE_ANGLE_UNIT ( ) SI_UNIT ( $, .RADIAN. ) );
#8027 = ORIENTED_EDGE ( 'NONE', *, *, #1803, .F. ) ;
#8028 = CARTESIAN_POINT ( 'NONE',  ( 1.270000000000000018, 3.329999999999999183, -0.4700000000000004730 ) ) ;
#8029 = ORIENTED_EDGE ( 'NONE', *, *, #4977, .T. ) ;
#8030 = PRESENTATION_STYLE_ASSIGNMENT (( #6535 ) ) ;
#8031 = CARTESIAN_POINT ( 'NONE',  ( 8.249999999999998224, 7.361853603950959446, 0.3200000000000007838 ) ) ;
#8032 = DIRECTION ( 'NONE',  ( 0.000000000000000000, 0.000000000000000000, 1.000000000000000000 ) ) ;
#8033 = CARTESIAN_POINT ( 'NONE',  ( -1.643660126678689881, 7.492926245181915412, -0.1868300633393455423 ) ) ;
#8034 =( LENGTH_UNIT ( ) NAMED_UNIT ( * ) SI_UNIT ( .MILLI., .METRE. ) );
#8035 = ADVANCED_FACE ( 'NONE', ( #7331 ), #2981, .T. ) ;
#8036 = DIRECTION ( 'NONE',  ( 0.000000000000000000, 0.000000000000000000, 1.000000000000000000 ) ) ;
#8037 = ORIENTED_EDGE ( 'NONE', *, *, #6978, .T. ) ;
#8038 = CARTESIAN_POINT ( 'NONE',  ( 9.275000000000000355, -0.6699999999999979305, 2.710505431213761085E-17 ) ) ;
#8039 = ORIENTED_EDGE ( 'NONE', *, *, #582, .T. ) ;
#8040 = EDGE_CURVE ( 'NONE', #4548, #3825, #7380, .T. ) ;
#8041 = AXIS2_PLACEMENT_3D ( 'NONE', #8476, #2149, #9084 ) ;
#8042 = ORIENTED_EDGE ( 'NONE', *, *, #8477, .F. ) ;
#8043 = DIRECTION ( 'NONE',  ( 0.000000000000000000, 0.000000000000000000, 1.000000000000000000 ) ) ;
#8044 = ORIENTED_EDGE ( 'NONE', *, *, #4874, .F. ) ;
#8045 = CARTESIAN_POINT ( 'NONE',  ( 4.234013881836355964, 3.330000000000000071, -0.2032625421542121891 ) ) ;
#8046 = SURFACE_STYLE_FILL_AREA ( #5269 ) ;
#8047 = AXIS2_PLACEMENT_3D ( 'NONE', #2094, #2138, #8293 ) ;
#8048 = CARTESIAN_POINT ( 'NONE',  ( 1.153344125345944216, 3.330000000000003180, 0.4555627194059621576 ) ) ;
#8049 = B_SPLINE_CURVE_WITH_KNOTS ( 'NONE', 3,
 ( #8210, #6754, #6928, #2602, #2691, #6850, #443, #1227, #3247, #2648, #8254, #8165, #4782, #6106, #8857, #2557, #6802 ),
 .UNSPECIFIED., .F., .F.,
 ( 4, 2, 2, 2, 2, 1, 2, 2, 4 ),
 ( 0.000000000000000000, 0.1250000000000003053, 0.2500000000000006106, 0.3750000000000008882, 0.5000000000000012212, 0.6250000000000015543, 0.6875000000000015543, 0.7500000000000015543, 1.000000000000000000 ),
 .UNSPECIFIED. ) ;
#8050 = CARTESIAN_POINT ( 'NONE',  ( 6.040452743138504665, 3.330000000000003180, -0.3551854049471733221 ) ) ;
#8051 = ADVANCED_FACE ( 'NONE', ( #7637 ), #2444, .F. ) ;
#8052 = CARTESIAN_POINT ( 'NONE',  ( -8.890000000000000568, -0.4200000000196268957, 0.000000000000000000 ) ) ;
#8053 = DIRECTION ( 'NONE',  ( 0.000000000000000000, 0.000000000000000000, 1.000000000000000000 ) ) ;
#8054 = COLOUR_RGB ( '',0.000000000000000000, 0.000000000000000000, 0.000000000000000000 ) ;
#8055 = ORIENTED_EDGE ( 'NONE', *, *, #3609, .T. ) ;
#8056 = CARTESIAN_POINT ( 'NONE',  ( -7.674266901142090092, -5.327037639127340260E-17, 0.8699999999999999956 ) ) ;
#8057 = FACE_OUTER_BOUND ( 'NONE', #5216, .T. ) ;
#8058 = CARTESIAN_POINT ( 'NONE',  ( 4.279999999999994920, -4.537064994640259030, 0.2349999999999976275 ) ) ;
#8059 = CARTESIAN_POINT ( 'NONE',  ( -8.990000000000000213, 0.000000000000000000, 0.000000000000000000 ) ) ;
#8060 = MECHANICAL_DESIGN_GEOMETRIC_PRESENTATION_REPRESENTATION (  '', ( #8646 ), #2048 ) ;
#8061 = CARTESIAN_POINT ( 'NONE',  ( -8.890000000000000568, -4.400000000000000355, -0.004999999999994560011 ) ) ;
#8062 = CARTESIAN_POINT ( 'NONE',  ( -2.740000000000000213, 5.327037639127341492E-17, -0.8700000000000001066 ) ) ;
#8063 = CARTESIAN_POINT ( 'NONE',  ( 6.349999999999999645, -0.6699999999568717612, -0.4150000000298862401 ) ) ;
#8064 = CARTESIAN_POINT ( 'NONE',  ( 8.890000000000000568, -4.400000000000000355, 0.2349999999999975719 ) ) ;
#8065 = AXIS2_PLACEMENT_3D ( 'NONE', #6045, #7386, #1034 ) ;
#8066 = CARTESIAN_POINT ( 'NONE',  ( -9.275033497883375944, -0.6699999999999409761, 0.02430434733783088525 ) ) ;
#8067 = CARTESIAN_POINT ( 'NONE',  ( -9.530000000000001137, 7.361853603950959446, -0.3200000000000007838 ) ) ;
#8068 = CARTESIAN_POINT ( 'NONE',  ( 1.270000000000000240, -4.632925319547866572, 0.1370326030541654527 ) ) ;
#8069 = EDGE_LOOP ( 'NONE', ( #8722, #4275, #2221, #7355 ) ) ;
#8070 = CARTESIAN_POINT ( 'NONE',  ( -4.279999999999994920, -4.537064994640259030, -0.2349999999999976275 ) ) ;
#8071 = AXIS2_PLACEMENT_3D ( 'NONE', #1805, #3226, #8833 ) ;
#8072 = ORIENTED_EDGE ( 'NONE', *, *, #508, .T. ) ;
#8073 = FACE_OUTER_BOUND ( 'NONE', #204, .T. ) ;
#8074 = ORIENTED_EDGE ( 'NONE', *, *, #1890, .F. ) ;
#8075 = SURFACE_STYLE_FILL_AREA ( #7267 ) ;
#8076 = CARTESIAN_POINT ( 'NONE',  ( 8.249999999999998224, 7.175000000000000711, 0.3200000000000007838 ) ) ;
#8077 =( BOUNDED_SURFACE ( )  B_SPLINE_SURFACE ( 3, 3, ( 
 ( #1040, #397, #8761, #8659 ),
 ( #3850, #3196, #1686, #3240 ),
 ( #2459, #1822, #2369, #3942 ),
 ( #4635, #7439, #1729, #7973 ) ),
 .UNSPECIFIED., .F., .F., .T. ) 
 B_SPLINE_SURFACE_WITH_KNOTS ( ( 4, 4 ),
 ( 4, 4 ),
 ( 0.000000000000000000, 1.000000000000000000 ),
 ( 0.000000000000000000, 1.000000000000000000 ),
 .UNSPECIFIED. ) 
 GEOMETRIC_REPRESENTATION_ITEM ( )  RATIONAL_B_SPLINE_SURFACE ( (
 ( 1.000000000000000000, 0.3333333333333334259, 0.3333333333333334259, 1.000000000000000000),
 ( 0.8047378541243652705, 0.2682459513747885160, 0.2682459513747885160, 0.8047378541243652705),
 ( 0.8047378541243652705, 0.2682459513747885160, 0.2682459513747885160, 0.8047378541243652705),
 ( 1.000000000000000000, 0.3333333333333334259, 0.3333333333333334259, 1.000000000000000000) ) ) 
 REPRESENTATION_ITEM ( '' )  SURFACE ( )  );
#8078 = CARTESIAN_POINT ( 'NONE',  ( -4.450000000000000178, 3.392132034355963555, 0.3199999999999998956 ) ) ;
#8079 = COLOUR_RGB ( '',0.000000000000000000, 0.000000000000000000, 0.000000000000000000 ) ;
#8080 =( LENGTH_UNIT ( ) NAMED_UNIT ( * ) SI_UNIT ( .MILLI., .METRE. ) );
#8081 = FILL_AREA_STYLE_COLOUR ( '', #892 ) ;
#8082 = LINE ( 'NONE', #5939, #4941 ) ;
#8083 = ORIENTED_EDGE ( 'NONE', *, *, #851, .F. ) ;
#8084 = CARTESIAN_POINT ( 'NONE',  ( -0.6300000000000002265, 3.479999999999999538, 0.3199999999999999512 ) ) ;
#8085 = ORIENTED_EDGE ( 'NONE', *, *, #4519, .T. ) ;
#8086 = ADVANCED_FACE ( 'NONE', ( #1855 ), #8399, .T. ) ;
#8087 = SURFACE_SIDE_STYLE ('',( #373 ) ) ;
#8088 = UNCERTAINTY_MEASURE_WITH_UNIT (LENGTH_MEASURE( 1.000000000000000082E-05 ), #4989, 'distance_accuracy_value', 'NONE');
#8089 = LINE ( 'NONE', #5307, #5001 ) ;
#8090 = DIRECTION ( 'NONE',  ( 0.000000000000000000, 0.000000000000000000, 1.000000000000000000 ) ) ;
#8091 = EDGE_CURVE ( 'NONE', #3498, #6715, #4027, .T. ) ;
#8092 = CARTESIAN_POINT ( 'NONE',  ( -0.05426690114209350990, 2.799999999999999822, 0.8700000000000002176 ) ) ;
#8093 = DIRECTION ( 'NONE',  ( 0.000000000000000000, 0.000000000000000000, 1.000000000000000000 ) ) ;
#8094 = CARTESIAN_POINT ( 'NONE',  ( 6.116959502035822283, 3.330000000000003180, 0.4133090432414378013 ) ) ;
#8095 = CARTESIAN_POINT ( 'NONE',  ( -3.170000000000000373, 3.392132034355963555, 0.3199999999999998956 ) ) ;
#8096 = CARTESIAN_POINT ( 'NONE',  ( 3.810000000000000053, 7.776250346772100076E-17, -1.270000000000000018 ) ) ;
#8097 = ORIENTED_EDGE ( 'NONE', *, *, #1015, .F. ) ;
#8098 = CARTESIAN_POINT ( 'NONE',  ( -3.810000000000000053, 1.967086183247610087, 0.9150000000000000355 ) ) ;
#8099 =( GEOMETRIC_REPRESENTATION_CONTEXT ( 3 ) GLOBAL_UNCERTAINTY_ASSIGNED_CONTEXT ( ( #5266 ) ) GLOBAL_UNIT_ASSIGNED_CONTEXT ( ( #5917, #1548, #1039 ) ) REPRESENTATION_CONTEXT ( 'NONE', 'WORKASPACE' ) );
#8100 = DIRECTION ( 'NONE',  ( -0.4226182617406989972, 0.000000000000000000, 0.9063077870366501587 ) ) ;
#8101 = CARTESIAN_POINT ( 'NONE',  ( -3.810000000000000053, -2.609999999999999876, 0.2349999999999989875 ) ) ;
#8102 = PRODUCT_RELATED_PRODUCT_CATEGORY ( 'part', '', ( #1845 ) ) ;
#8103 = CARTESIAN_POINT ( 'NONE',  ( -5.880000000000005222, -4.537064994640259030, 0.2349999999999976275 ) ) ;
#8104 = LINE ( 'NONE', #5419, #6332 ) ;
#8105 = AXIS2_PLACEMENT_3D ( 'NONE', #3115, #2522, #6764 ) ;
#8106 = DIRECTION ( 'NONE',  ( 0.000000000000000000, 0.000000000000000000, 1.000000000000000000 ) ) ;
#8107 = CARTESIAN_POINT ( 'NONE',  ( -6.349999999999999645, 3.392132034355963555, 0.3199999999999999512 ) ) ;
#8108 = LINE ( 'NONE', #527, #6512 ) ;
#8109 = DIRECTION ( 'NONE',  ( 0.000000000000000000, 0.000000000000000000, 1.000000000000000000 ) ) ;
#8110 = COLOUR_RGB ( '',0.000000000000000000, 0.000000000000000000, 0.000000000000000000 ) ;
#8111 = ORIENTED_EDGE ( 'NONE', *, *, #568, .F. ) ;
#8112 = AXIS2_PLACEMENT_3D ( 'NONE', #1847, #5356, #3786 ) ;
#8113 = LINE ( 'NONE', #8800, #3746 ) ;
#8114 = CARTESIAN_POINT ( 'NONE',  ( 3.810000000000000497, 3.392132034355963555, -0.3199999999999999512 ) ) ;
#8116 = SURFACE_STYLE_FILL_AREA ( #6152 ) ;
#8115 = CIRCLE ( 'NONE', #4454, 0.3199999999999999512 ) ;
#8117 = ADVANCED_FACE ( 'NONE', ( #8393 ), #2155, .T. ) ;
#8118 = SURFACE_STYLE_USAGE ( .BOTH. , #7405 ) ;
#8119 = ORIENTED_EDGE ( 'NONE', *, *, #6158, .T. ) ;
#8120 = ORIENTED_EDGE ( 'NONE', *, *, #1287, .T. ) ;
#8121 = DIRECTION ( 'NONE',  ( 0.000000000000000000, -1.000000000000000000, -6.123031769111889989E-17 ) ) ;
#8122 = COLOUR_RGB ( '',0.000000000000000000, 0.000000000000000000, 0.000000000000000000 ) ;
#8123 = SURFACE_STYLE_FILL_AREA ( #2382 ) ;
#8124 = FILL_AREA_STYLE ('',( #7592 ) ) ;
#8125 = CARTESIAN_POINT ( 'NONE',  ( -1.270000000000000240, -4.537064994640259918, -0.2349999999999975719 ) ) ;
#8126 = AXIS2_PLACEMENT_3D ( 'NONE', #1714, #376, #3182 ) ;
#8127 = FACE_OUTER_BOUND ( 'NONE', #2394, .T. ) ;
#8128 = DIRECTION ( 'NONE',  ( 0.000000000000000000, 0.000000000000000000, 1.000000000000000000 ) ) ;
#8129 = ORIENTED_EDGE ( 'NONE', *, *, #2658, .F. ) ;
#8130 = CARTESIAN_POINT ( 'NONE',  ( -1.501290550772737653, 3.330000000000001403, -0.4095412491426146939 ) ) ;
#8131 = ADVANCED_FACE ( 'NONE', ( #90 ), #2751, .T. ) ;
#8132 = ORIENTED_EDGE ( 'NONE', *, *, #1520, .T. ) ;
#8133 = EDGE_CURVE ( 'NONE', #2977, #6866, #4881, .T. ) ;
#8134 = FACE_OUTER_BOUND ( 'NONE', #5830, .T. ) ;
#8135 = ORIENTED_EDGE ( 'NONE', *, *, #5297, .F. ) ;
#8136 = CARTESIAN_POINT ( 'NONE',  ( -1.270000000000000018, 0.000000000000000000, 0.000000000000000000 ) ) ;
#8137 = EDGE_LOOP ( 'NONE', ( #8326, #890, #3950, #7893 ) ) ;
#8138 = CARTESIAN_POINT ( 'NONE',  ( -8.516263126704570752, -0.6699999999999970424, -0.09531021239257433941 ) ) ;
#8139 = CARTESIAN_POINT ( 'NONE',  ( 3.169999999999999929, 3.479999999999999538, 0.3199999999999999512 ) ) ;
#8140 = DIRECTION ( 'NONE',  ( 0.000000000000000000, 0.000000000000000000, 1.000000000000000000 ) ) ;
#8141 = VECTOR ( 'NONE', #8511, 1000.000000000000000 ) ;
#8142 = ADVANCED_FACE ( 'NONE', ( #4277 ), #5664, .T. ) ;
#8143 = CARTESIAN_POINT ( 'NONE',  ( 5.964598142417991689, 3.330000000000003624, 0.2725355999314474365 ) ) ;
#8144 = CARTESIAN_POINT ( 'NONE',  ( -3.045735931288071185, 3.329999999999999627, -0.3821320343559643784 ) ) ;
#8145 = SURFACE_SIDE_STYLE ('',( #5365 ) ) ;
#8146 = STYLED_ITEM ( 'NONE', ( #230 ), #7058 ) ;
#8147 = ORIENTED_EDGE ( 'NONE', *, *, #4972, .F. ) ;
#8148 = DIRECTION ( 'NONE',  ( 0.9063077870366482713, -2.587705042845171132E-17, 0.4226182617407031605 ) ) ;
#8149 = DIRECTION ( 'NONE',  ( 0.000000000000000000, 1.000000000000000000, 0.000000000000000000 ) ) ;
#8150 = CARTESIAN_POINT ( 'NONE',  ( 8.938071391332037763, -0.6699999999999729505, 0.3827473746590863701 ) ) ;
#8151 = EDGE_CURVE ( 'NONE', #9006, #9033, #1809, .T. ) ;
#8152 = CARTESIAN_POINT ( 'NONE',  ( 1.670000000000000151, -0.6699999999999990408, 0.000000000000000000 ) ) ;
#8153 = CARTESIAN_POINT ( 'NONE',  ( -8.430999832833554919, 3.330000000000001847, -0.1181620185854222183 ) ) ;
#8154 = STYLED_ITEM ( 'NONE', ( #8944 ), #7474 ) ;
#8155 = DIRECTION ( 'NONE',  ( 0.000000000000000000, 1.000000000000000000, 0.000000000000000000 ) ) ;
#8156 = EDGE_CURVE ( 'NONE', #8961, #935, #2978, .T. ) ;
#8157 = DIRECTION ( 'NONE',  ( 1.000000000000000000, 0.000000000000000000, 0.000000000000000000 ) ) ;
#8158 = EDGE_CURVE ( 'NONE', #8737, #4653, #3686, .T. ) ;
#8159 = CARTESIAN_POINT ( 'NONE',  ( -0.8000000000000017097, 3.330000000000000071, 2.710505431213761085E-17 ) ) ;
#8160 = EDGE_LOOP ( 'NONE', ( #372, #7229, #1518, #8528 ) ) ;
#8161 = CIRCLE ( 'NONE', #4354, 0.3199999999999999512 ) ;
#8162 = CARTESIAN_POINT ( 'NONE',  ( -8.939135335354864154, -0.6699999999999657341, 0.3850000000000001199 ) ) ;
#8163 = SURFACE_SIDE_STYLE ('',( #6054 ) ) ;
#8164 = CARTESIAN_POINT ( 'NONE',  ( -9.484264068711922846, -0.6699999999999978195, -0.2971320343559630262 ) ) ;
#8165 = CARTESIAN_POINT ( 'NONE',  ( -3.620011540297153108, -0.6699999999999834976, -0.3351279351845841137 ) ) ;
#8166 = ORIENTED_EDGE ( 'NONE', *, *, #3818, .T. ) ;
#8167 = ORIENTED_EDGE ( 'NONE', *, *, #1260, .T. ) ;
#8168 = SURFACE_STYLE_FILL_AREA ( #5518 ) ;
#8169 = VERTEX_POINT ( 'NONE', #6673 ) ;
#8170 = CARTESIAN_POINT ( 'NONE',  ( 6.990000000000001101, 7.175000000000000711, -0.3200000000000007838 ) ) ;
#8171 = EDGE_CURVE ( 'NONE', #7731, #4980, #6379, .T. ) ;
#8172 = CARTESIAN_POINT ( 'NONE',  ( 6.493458055084328606, 3.330000000000001847, -0.4485433477472239860 ) ) ;
#8173 = CIRCLE ( 'NONE', #3491, 0.3199999999999999512 ) ;
#8174 = FACE_OUTER_BOUND ( 'NONE', #7582, .T. ) ;
#8175 = CARTESIAN_POINT ( 'NONE',  ( -8.890000000000000568, -4.629945645751342376, 1.355252715606880543E-17 ) ) ;
#8176 = CARTESIAN_POINT ( 'NONE',  ( 8.889999999999998792, -0.6699999999999979305, 0.2971320343559630262 ) ) ;
#8177 = CARTESIAN_POINT ( 'NONE',  ( 9.173714065135202489, 3.330000000000001847, -0.3760777678184992201 ) ) ;
#8178 = VERTEX_POINT ( 'NONE', #263 ) ;
#8179 = CARTESIAN_POINT ( 'NONE',  ( 6.536715137221242422, 3.330000000000002292, 0.4315005850825659461 ) ) ;
#8180 = CARTESIAN_POINT ( 'NONE',  ( -1.459498767382683138, -0.6699999999999555200, 0.3354508356856826246 ) ) ;
#8181 = VERTEX_POINT ( 'NONE', #7313 ) ;
#8182 = CYLINDRICAL_SURFACE ( 'NONE', #4660, 0.3200000000000000067 ) ;
#8183 = EDGE_LOOP ( 'NONE', ( #2937, #165, #3964, #8119 ) ) ;
#8184 = ADVANCED_FACE ( 'NONE', ( #7935 ), #7984, .T. ) ;
#8185 = UNCERTAINTY_MEASURE_WITH_UNIT (LENGTH_MEASURE( 1.000000000000000082E-05 ), #6710, 'distance_accuracy_value', 'NONE');
#8186 = FACE_OUTER_BOUND ( 'NONE', #4008, .T. ) ;
#8187 =( NAMED_UNIT ( * ) PLANE_ANGLE_UNIT ( ) SI_UNIT ( $, .RADIAN. ) );
#8188 = CARTESIAN_POINT ( 'NONE',  ( 5.373261531630999954, -6.551643992949719860E-17, 1.070000000000000062 ) ) ;
#8189 = PRESENTATION_STYLE_ASSIGNMENT (( #7470 ) ) ;
#8190 = CARTESIAN_POINT ( 'NONE',  ( 1.270000000000000018, 7.174999999999999822, 0.005000000000000779862 ) ) ;
#8191 = SURFACE_SIDE_STYLE ('',( #1072 ) ) ;
#8192 = ORIENTED_EDGE ( 'NONE', *, *, #8477, .T. ) ;
#8193 = CARTESIAN_POINT ( 'NONE',  ( 7.574202835634090469, -5.327037639127340260E-17, 0.8699999999999999956 ) ) ;
#8194 = CARTESIAN_POINT ( 'NONE',  ( -3.579397826085992218, 3.330000000000001847, -0.4109645392657177432 ) ) ;
#8195 = CARTESIAN_POINT ( 'NONE',  ( 8.890000000000000568, -2.609999999999999876, 0.000000000000000000 ) ) ;
#8196 = CARTESIAN_POINT ( 'NONE',  ( 9.225127935184572081, -0.6699999999999941558, 0.1899884597028769773 ) ) ;
#8197 = PLANE ( 'NONE',  #6842 ) ;
#8198 = DIRECTION ( 'NONE',  ( 1.000000000000000000, -0.000000000000000000, 0.000000000000000000 ) ) ;
#8199 = CARTESIAN_POINT ( 'NONE',  ( 3.400458750857272783, 3.330000000000004068, 0.2312905507726030763 ) ) ;
#8200 = CIRCLE ( 'NONE', #5714, 0.6650000000000000355 ) ;
#8201 = CYLINDRICAL_SURFACE ( 'NONE', #8690, 0.3200000000000000067 ) ;
#8202 = CARTESIAN_POINT ( 'NONE',  ( -1.153647273183218136, 3.330000000000001847, -0.4562502089580592890 ) ) ;
#8203 = EDGE_CURVE ( 'NONE', #3355, #3906, #8723, .T. ) ;
#8204 = ORIENTED_EDGE ( 'NONE', *, *, #8882, .F. ) ;
#8205 = CARTESIAN_POINT ( 'NONE',  ( -6.624065206108329384, -4.632925319547867460, -0.1370326030541655082 ) ) ;
#8206 = CARTESIAN_POINT ( 'NONE',  ( 3.575155607679225689, -0.6699999999999521894, -0.3095233799348481862 ) ) ;
#8207 = CARTESIAN_POINT ( 'NONE',  ( 4.449999999999999289, 3.479999999999999538, 0.3199999999999999512 ) ) ;
#8208 = ADVANCED_FACE ( 'NONE', ( #1784 ), #4597, .T. ) ;
#8209 = EDGE_CURVE ( 'NONE', #8181, #2692, #1879, .T. ) ;
#8210 = CARTESIAN_POINT ( 'NONE',  ( -3.425000000000000266, -0.6699999999999979305, 2.710505431213761085E-17 ) ) ;
#8211 = CARTESIAN_POINT ( 'NONE',  ( -0.2000000000000009548, 2.799999999999999822, 0.8700000000000001066 ) ) ;
#8212 = VERTEX_POINT ( 'NONE', #8215 ) ;
#8213 =( NAMED_UNIT ( * ) SI_UNIT ( $, .STERADIAN. ) SOLID_ANGLE_UNIT ( ) );
#8214 = ORIENTED_EDGE ( 'NONE', *, *, #6189, .F. ) ;
#8215 = CARTESIAN_POINT ( 'NONE',  ( -3.810000000000000053, -0.4200000000000000400, 0.6650000000587533711 ) ) ;
#8216 = ADVANCED_FACE ( 'NONE', ( #409 ), #4094, .T. ) ;
#8217 = CARTESIAN_POINT ( 'NONE',  ( -9.275401857581721643, 3.330000000000003180, 0.2725355999316860789 ) ) ;
#8218 = CARTESIAN_POINT ( 'NONE',  ( -9.359999999999995879, -4.537064994640259030, -0.2349999999999976275 ) ) ;
#8219 = CARTESIAN_POINT ( 'NONE',  ( -4.404264068711926328, -0.6699999999999978195, 0.2971320343559630262 ) ) ;
#8220 = PRESENTATION_LAYER_ASSIGNMENT (  '', '', ( #4428 ) ) ;
#8221 = CARTESIAN_POINT ( 'NONE',  ( -2.594266901142090020, -5.327037639127340260E-17, 0.8699999999999999956 ) ) ;
#8222 = EDGE_LOOP ( 'NONE', ( #3673, #6302, #6777 ) ) ;
#8223 = CARTESIAN_POINT ( 'NONE',  ( -3.040000000000000036, -0.6699999999999979305, 0.3849999999999999534 ) ) ;
#8224 = CARTESIAN_POINT ( 'NONE',  ( -6.349999999999999645, -0.6700000000137151801, -1.018987004234723129E-17 ) ) ;
#8225 = LINE ( 'NONE', #3453, #3981 ) ;
#8226 = EDGE_LOOP ( 'NONE', ( #6902, #2168, #2128, #4176 ) ) ;
#8227 = CARTESIAN_POINT ( 'NONE',  ( -7.114264068711928068, 3.329999999999999627, -0.3821320343559643784 ) ) ;
#8228 = AXIS2_PLACEMENT_3D ( 'NONE', #5176, #8688, #2398 ) ;
#8229 = DIRECTION ( 'NONE',  ( 0.000000000000000000, 1.000000000000000000, 0.000000000000000000 ) ) ;
#8230 = FACE_OUTER_BOUND ( 'NONE', #8670, .T. ) ;
#8231 = CARTESIAN_POINT ( 'NONE',  ( 2.926523063262000512, -6.551643992949721092E-17, 1.270000000000000018 ) ) ;
#8232 = CARTESIAN_POINT ( 'NONE',  ( 0.8457162811666565361, 3.330000000000003624, 0.2028530975048533636 ) ) ;
#8233 = AXIS2_PLACEMENT_3D ( 'NONE', #4940, #7178, #2160 ) ;
#8234 = CARTESIAN_POINT ( 'NONE',  ( 1.456715137221241241, 3.330000000000002292, 0.4315005850825658906 ) ) ;
#8235 = CARTESIAN_POINT ( 'NONE',  ( -8.890000000000002345, 7.361853603950962111, 0.3200000000000008948 ) ) ;
#8236 = CYLINDRICAL_SURFACE ( 'NONE', #3119, 0.6650000000000000355 ) ;
#8237 = ORIENTED_EDGE ( 'NONE', *, *, #2315, .T. ) ;
#8238 = LINE ( 'NONE', #386, #5633 ) ;
#8239 = AXIS2_PLACEMENT_3D ( 'NONE', #6048, #3237, #1771 ) ;
#8240 = CYLINDRICAL_SURFACE ( 'NONE', #1065, 0.3200000000000000067 ) ;
#8241 = LINE ( 'NONE', #4159, #2782 ) ;
#8242 = CARTESIAN_POINT ( 'NONE',  ( -8.890000000000000568, -0.8199999999999999512, 0.2349999999999980160 ) ) ;
#8243 = CARTESIAN_POINT ( 'NONE',  ( 10.15999999999999837, 2.800000000000000266, -0.8699999999999994404 ) ) ;
#8244 = PLANE ( 'NONE',  #734 ) ;
#8245 = CARTESIAN_POINT ( 'NONE',  ( 3.396690956758636304, 3.330000000000004956, -0.2330404979642433094 ) ) ;
#8246 = DIRECTION ( 'NONE',  ( 1.000000000000000000, 0.000000000000000000, 0.000000000000000000 ) ) ;
#8247 = CARTESIAN_POINT ( 'NONE',  ( -2.740000000000000213, -5.939340816038532217E-17, 0.8699999999999999956 ) ) ;
#8248 = EDGE_CURVE ( 'NONE', #2080, #3999, #5770, .T. ) ;
#8249 = VERTEX_POINT ( 'NONE', #1966 ) ;
#8250 = CARTESIAN_POINT ( 'NONE',  ( -6.349999999999999645, -4.629945645751342376, 1.355252715606880543E-17 ) ) ;
#8251 = CARTESIAN_POINT ( 'NONE',  ( 3.810000000000000053, -4.400000000000000355, 0.2349999999999975719 ) ) ;
#8252 = CARTESIAN_POINT ( 'NONE',  ( 4.750000000000000888, 3.329999999999999183, 0.4700000000000004730 ) ) ;
#8253 = AXIS2_PLACEMENT_3D ( 'NONE', #8700, #2408, #8009 ) ;
#8254 = CARTESIAN_POINT ( 'NONE',  ( -3.586081960949724756, -0.6699999999999861622, -0.3152594482582449231 ) ) ;
#8255 = EDGE_CURVE ( 'NONE', #5284, #5930, #538, .T. ) ;
#8256 = LINE ( 'NONE', #6109, #1559 ) ;
#8257 = STYLED_ITEM ( 'NONE', ( #7568 ), #8921 ) ;
#8258 = ORIENTED_EDGE ( 'NONE', *, *, #6635, .T. ) ;
#8259 = CARTESIAN_POINT ( 'NONE',  ( -3.967995517376535108, 3.330000000000003624, 0.4429233660638268733 ) ) ;
#8260 = ORIENTED_EDGE ( 'NONE', *, *, #1133, .T. ) ;
#8261 = DIRECTION ( 'NONE',  ( 0.9063077870366482713, 2.587705042845171132E-17, -0.4226182617407031605 ) ) ;
#8262 = VECTOR ( 'NONE', #1029, 1000.000000000000000 ) ;
#8263 = PRESENTATION_LAYER_ASSIGNMENT (  '', '', ( #5933 ) ) ;
#8264 =( NAMED_UNIT ( * ) PLANE_ANGLE_UNIT ( ) SI_UNIT ( $, .RADIAN. ) );
#8265 = CARTESIAN_POINT ( 'NONE',  ( -7.913261531631000878, -6.551643992949719860E-17, 1.070000000000000062 ) ) ;
#8266 = UNCERTAINTY_MEASURE_WITH_UNIT (LENGTH_MEASURE( 1.000000000000000082E-05 ), #7524, 'distance_accuracy_value', 'NONE');
#8267 = FACE_OUTER_BOUND ( 'NONE', #84, .T. ) ;
#8268 = CARTESIAN_POINT ( 'NONE',  ( 9.244877019807695717, 3.330000000000000515, -0.3100151936037086609 ) ) ;
#8269 = VERTEX_POINT ( 'NONE', #6062 ) ;
#8270 = CARTESIAN_POINT ( 'NONE',  ( -3.810000000000000053, -0.6699999999999979305, -0.3849999999999999534 ) ) ;
#8271 = CIRCLE ( 'NONE', #5937, 0.2300000000000030076 ) ;
#8272 = DIRECTION ( 'NONE',  ( 2.345257230884581992E-17, 1.000000000000000000, 1.093611407104877670E-17 ) ) ;
#8273 = VERTEX_POINT ( 'NONE', #6201 ) ;
#8274 = CARTESIAN_POINT ( 'NONE',  ( 6.349999999999999645, -4.400000000000000355, 0.2349999999999975719 ) ) ;
#8275 = ORIENTED_EDGE ( 'NONE', *, *, #1637, .T. ) ;
#8276 = CARTESIAN_POINT ( 'NONE',  ( -6.349999999999999645, 3.330000000000000071, 0.3821320343559643784 ) ) ;
#8277 = ADVANCED_FACE ( 'NONE', ( #7494 ), #4789, .T. ) ;
#8278 = VECTOR ( 'NONE', #4638, 1000.000000000000000 ) ;
#8279 = DIRECTION ( 'NONE',  ( 0.000000000000000000, 0.000000000000000000, 1.000000000000000000 ) ) ;
#8280 = CARTESIAN_POINT ( 'NONE',  ( 6.349999999999999645, -4.400000000000000355, 0.2349999999999989875 ) ) ;
#8281 = CARTESIAN_POINT ( 'NONE',  ( -0.2932615316310019926, -6.551643992949719860E-17, 1.070000000000000062 ) ) ;
#8282 = DIRECTION ( 'NONE',  ( 0.000000000000000000, 1.000000000000000000, 0.000000000000000000 ) ) ;
#8283 = DIRECTION ( 'NONE',  ( 0.000000000000000000, 0.000000000000000000, 1.000000000000000000 ) ) ;
#8284 = ORIENTED_EDGE ( 'NONE', *, *, #7547, .T. ) ;
#8285 = CARTESIAN_POINT ( 'NONE',  ( -3.378499414917434329, 3.330000000000000071, -0.1867151372212449423 ) ) ;
#8286 = FILL_AREA_STYLE ('',( #1385 ) ) ;
#8287 = CARTESIAN_POINT ( 'NONE',  ( -6.640931969974808169, -0.6699999999999478595, -0.2535924761678442496 ) ) ;
#8288 = CARTESIAN_POINT ( 'NONE',  ( -6.349999999999999645, -4.400000000000000355, 0.2349999999999975719 ) ) ;
#8289 = CARTESIAN_POINT ( 'NONE',  ( 7.419999999999999929, 5.327037639127342725E-17, -0.8700000000000002176 ) ) ;
#8290 =( GEOMETRIC_REPRESENTATION_CONTEXT ( 3 ) GLOBAL_UNCERTAINTY_ASSIGNED_CONTEXT ( ( #7995 ) ) GLOBAL_UNIT_ASSIGNED_CONTEXT ( ( #4821, #3995, #1914 ) ) REPRESENTATION_CONTEXT ( 'NONE', 'WORKASPACE' ) );
#8291 = CARTESIAN_POINT ( 'NONE',  ( 8.890000000000000568, -0.6699999999999979305, 0.3849999999999999534 ) ) ;
#8292 = ORIENTED_EDGE ( 'NONE', *, *, #3556, .T. ) ;
#8293 = DIRECTION ( 'NONE',  ( 0.000000000000000000, 0.000000000000000000, 1.000000000000000000 ) ) ;
#8294 = CARTESIAN_POINT ( 'NONE',  ( 8.006523063261997919, 2.799999999999999822, -1.269999999999998908 ) ) ;
#8295 = SURFACE_STYLE_USAGE ( .BOTH. , #2819 ) ;
#8296 = AXIS2_PLACEMENT_3D ( 'NONE', #4293, #3613, #934 ) ;
#8297 = ADVANCED_FACE ( 'NONE', ( #4052 ), #8361, .T. ) ;
#8298 = FILL_AREA_STYLE_COLOUR ( '', #371 ) ;
#8299 = CARTESIAN_POINT ( 'NONE',  ( -3.810000000000000053, -4.629945645751342376, -1.355252715606880543E-17 ) ) ;
#8300 = ORIENTED_EDGE ( 'NONE', *, *, #1015, .T. ) ;
#8301 = DIRECTION ( 'NONE',  ( 0.4226182617407017728, 0.000000000000000000, -0.9063077870366488265 ) ) ;
#8302 = ORIENTED_EDGE ( 'NONE', *, *, #7270, .T. ) ;
#8303 = CARTESIAN_POINT ( 'NONE',  ( 6.349999999999999645, 7.489960314960472765, -2.117582368135750848E-17 ) ) ;
#8304 = CIRCLE ( 'NONE', #4499, 0.3150000000000000022 ) ;
#8305 = CARTESIAN_POINT ( 'NONE',  ( -8.890000000000000568, 3.330000000000000515, -0.4700000000000001954 ) ) ;
#8306 = DIRECTION ( 'NONE',  ( 0.000000000000000000, 0.000000000000000000, 1.000000000000000000 ) ) ;
#8307 = FACE_OUTER_BOUND ( 'NONE', #7589, .T. ) ;
#8308 = CARTESIAN_POINT ( 'NONE',  ( 8.919511675240608284, 3.330000000000001847, -0.4700000000000000289 ) ) ;
#8309 = AXIS2_PLACEMENT_3D ( 'NONE', #5167, #1102, #3913 ) ;
#8310 = EDGE_LOOP ( 'NONE', ( #4688, #7236, #8635, #100 ) ) ;
#8311 = CARTESIAN_POINT ( 'NONE',  ( -6.349999999999999645, 7.489960314960472765, -2.117582368135750848E-17 ) ) ;
#8312 = CARTESIAN_POINT ( 'NONE',  ( -4.880000000000000782, 2.799999999999999822, 0.8700000000000003286 ) ) ;
#8313 = CARTESIAN_POINT ( 'NONE',  ( 2.485733098857910051, -5.327037639127340260E-17, 0.8699999999999999956 ) ) ;
#8314 = MECHANICAL_DESIGN_GEOMETRIC_PRESENTATION_REPRESENTATION (  '', ( #4809 ), #4217 ) ;
#8315 = LINE ( 'NONE', #1162, #3871 ) ;
#8316 = EDGE_CURVE ( 'NONE', #3619, #2901, #329, .T. ) ;
#8317 = EDGE_CURVE ( 'NONE', #5157, #8692, #6938, .T. ) ;
#8318 = AXIS2_PLACEMENT_3D ( 'NONE', #4350, #8430, #7159 ) ;
#8319 = DIRECTION ( 'NONE',  ( -0.4226182617407017728, 0.000000000000000000, -0.9063077870366488265 ) ) ;
#8320 = ORIENTED_EDGE ( 'NONE', *, *, #4321, .T. ) ;
#8321 = SURFACE_SIDE_STYLE ('',( #5448 ) ) ;
#8322 =( BOUNDED_SURFACE ( )  B_SPLINE_SURFACE ( 3, 3, ( 
 ( #8415, #6187, #2725, #16 ),
 ( #6882, #1342, #1389, #5549 ),
 ( #566, #9066, #4956, #4251 ),
 ( #2133, #8332, #5634, #7655 ) ),
 .UNSPECIFIED., .F., .F., .F. ) 
 B_SPLINE_SURFACE_WITH_KNOTS ( ( 4, 4 ),
 ( 4, 4 ),
 ( 0.000000000000000000, 1.000000000000000000 ),
 ( 0.000000000000000000, 1.000000000000000000 ),
 .UNSPECIFIED. ) 
 GEOMETRIC_REPRESENTATION_ITEM ( )  RATIONAL_B_SPLINE_SURFACE ( (
 ( 1.000000000000000000, 0.3333333333333334259, 0.3333333333333334259, 1.000000000000000000),
 ( 0.7995857374534958151, 0.2665285791511653457, 0.2665285791511653457, 0.7995857374534958151),
 ( 0.7995857374534958151, 0.2665285791511653457, 0.2665285791511653457, 0.7995857374534958151),
 ( 1.000000000000000000, 0.3333333333333334259, 0.3333333333333334259, 1.000000000000000000) ) ) 
 REPRESENTATION_ITEM ( '' )  SURFACE ( )  );
#8323 = EDGE_CURVE ( 'NONE', #8637, #2805, #5916, .T. ) ;
#8324 = DIRECTION ( 'NONE',  ( 2.345257230884581992E-17, -1.000000000000000000, -1.093611407104877670E-17 ) ) ;
#8325 = ORIENTED_EDGE ( 'NONE', *, *, #7656, .T. ) ;
#8326 = ORIENTED_EDGE ( 'NONE', *, *, #5680, .F. ) ;
#8327 = SURFACE_SIDE_STYLE ('',( #8410 ) ) ;
#8328 = CARTESIAN_POINT ( 'NONE',  ( 1.387513513207384586, -0.6699999999999781686, 0.3674238061333604533 ) ) ;
#8329 = CARTESIAN_POINT ( 'NONE',  ( -6.349999999999999645, -0.6699999999999979305, -0.2971320343559630262 ) ) ;
#8330 = FACE_OUTER_BOUND ( 'NONE', #6057, .T. ) ;
#8331 = ADVANCED_FACE ( 'NONE', ( #1233 ), #8948, .T. ) ;
#8332 = CARTESIAN_POINT ( 'NONE',  ( 8.890000000000000568, -4.629945645751342376, 1.355252715606880543E-17 ) ) ;
#8333 = CARTESIAN_POINT ( 'NONE',  ( 7.820000000000000284, -6.551643992949719860E-17, 0.8700000000000002176 ) ) ;
#8334 = MECHANICAL_DESIGN_GEOMETRIC_PRESENTATION_REPRESENTATION (  '', ( #3805 ), #6884 ) ;
#8335 = EDGE_LOOP ( 'NONE', ( #4222, #8526 ) ) ;
#8336 = CARTESIAN_POINT ( 'NONE',  ( 3.810000000000000053, -0.8199999999999999512, 0.2349999999999980438 ) ) ;
#8337 = CARTESIAN_POINT ( 'NONE',  ( 2.153476936738000003, 7.776250346772100076E-17, -1.270000000000000018 ) ) ;
#8338 = CARTESIAN_POINT ( 'NONE',  ( -5.918499414917432588, 3.330000000000000071, -0.1867151372212447757 ) ) ;
#8339 = CIRCLE ( 'NONE', #2033, 0.9150000000000000355 ) ;
#8340 = ORIENTED_EDGE ( 'NONE', *, *, #67, .F. ) ;
#8341 = CARTESIAN_POINT ( 'NONE',  ( 8.890000000000000568, 7.489960314960471877, 2.117582368135750848E-17 ) ) ;
#8342 = ORIENTED_EDGE ( 'NONE', *, *, #7141, .T. ) ;
#8343 = DIRECTION ( 'NONE',  ( 0.000000000000000000, 0.000000000000000000, 1.000000000000000000 ) ) ;
#8344 = VERTEX_POINT ( 'NONE', #2825 ) ;
#8345 =( LENGTH_UNIT ( ) NAMED_UNIT ( * ) SI_UNIT ( .MILLI., .METRE. ) );
#8346 = CARTESIAN_POINT ( 'NONE',  ( 8.006523063261999695, -7.776250346772100076E-17, 1.270000000000000018 ) ) ;
#8347 = SURFACE_SIDE_STYLE ('',( #543 ) ) ;
#8348 = ORIENTED_EDGE ( 'NONE', *, *, #4242, .F. ) ;
#8349 = CARTESIAN_POINT ( 'NONE',  ( 8.890000000000000568, 3.392132034355963555, -0.3199999999999999512 ) ) ;
#8350 = DIRECTION ( 'NONE',  ( -0.000000000000000000, -1.000000000000000000, -0.000000000000000000 ) ) ;
#8351 = CARTESIAN_POINT ( 'NONE',  ( 5.709999999999999076, 7.361853603950959446, -0.3200000000000007838 ) ) ;
#8352 = LINE ( 'NONE', #8394, #6879 ) ;
#8353 = SURFACE_STYLE_USAGE ( .BOTH. , #184 ) ;
#8354 = ORIENTED_EDGE ( 'NONE', *, *, #2933, .F. ) ;
#8355 = CARTESIAN_POINT ( 'NONE',  ( -3.810000000000000053, -4.629945645751342376, -1.355252715606880543E-17 ) ) ;
#8356 = CYLINDRICAL_SURFACE ( 'NONE', #7207, 0.6650000000000000355 ) ;
#8357 = EDGE_CURVE ( 'NONE', #1000, #2161, #3583, .T. ) ;
#8358 = AXIS2_PLACEMENT_3D ( 'NONE', #2479, #8734, #2437 ) ;
#8359 =( GEOMETRIC_REPRESENTATION_CONTEXT ( 3 ) GLOBAL_UNCERTAINTY_ASSIGNED_CONTEXT ( ( #24 ) ) GLOBAL_UNIT_ASSIGNED_CONTEXT ( ( #1328, #2579, #4151 ) ) REPRESENTATION_CONTEXT ( 'NONE', 'WORKASPACE' ) );
#8360 = LINE ( 'NONE', #696, #4759 ) ;
#8361 =( BOUNDED_SURFACE ( )  B_SPLINE_SURFACE ( 3, 3, ( 
 ( #5340, #6719, #8303, #4645 ),
 ( #6018, #7590, #8991, #7452 ),
 ( #1096, #2698, #8811, #1144 ),
 ( #3953, #8864, #8170, #2010 ) ),
 .UNSPECIFIED., .F., .F., .F. ) 
 B_SPLINE_SURFACE_WITH_KNOTS ( ( 4, 4 ),
 ( 4, 4 ),
 ( 0.000000000000000000, 1.000000000000000000 ),
 ( 0.000000000000000000, 1.000000000000000000 ),
 .UNSPECIFIED. ) 
 GEOMETRIC_REPRESENTATION_ITEM ( )  RATIONAL_B_SPLINE_SURFACE ( (
 ( 1.000000000000000000, 0.3333333333333334259, 0.3333333333333334259, 1.000000000000000000),
 ( 0.8009815829414672628, 0.2669938609804891616, 0.2669938609804891616, 0.8009815829414672628),
 ( 0.8009815829414672628, 0.2669938609804891616, 0.2669938609804891616, 0.8009815829414672628),
 ( 1.000000000000000000, 0.3333333333333334259, 0.3333333333333334259, 1.000000000000000000) ) ) 
 REPRESENTATION_ITEM ( '' )  SURFACE ( )  );
#8362 = VERTEX_POINT ( 'NONE', #6436 ) ;
#8363 = EDGE_LOOP ( 'NONE', ( #6563, #3501, #7804, #1375 ) ) ;
#8364 = CARTESIAN_POINT ( 'NONE',  ( 8.512073952250048592, 3.330000000000004068, -0.2866497515787199690 ) ) ;
#8365 = CIRCLE ( 'NONE', #2515, 0.3199999999999999512 ) ;
#8366 = CARTESIAN_POINT ( 'NONE',  ( -6.503052039872812884, -0.6699999999999581846, 0.3534632452272083447 ) ) ;
#8367 = DIRECTION ( 'NONE',  ( -1.000000000000000000, -0.000000000000000000, -0.000000000000000000 ) ) ;
#8368 = LINE ( 'NONE', #7613, #3705 ) ;
#8369 = DIRECTION ( 'NONE',  ( 0.000000000000000000, 0.000000000000000000, 1.000000000000000000 ) ) ;
#8370 = CARTESIAN_POINT ( 'NONE',  ( -10.16000000000000014, 2.799999999999999822, -1.110223024625159992E-16 ) ) ;
#8371 = AXIS2_PLACEMENT_3D ( 'NONE', #5238, #3985, #345 ) ;
#8372 = ORIENTED_EDGE ( 'NONE', *, *, #1941, .T. ) ;
#8373 = CARTESIAN_POINT ( 'NONE',  ( -8.250000000000000000, 3.392132034355963555, 0.3199999999999998956 ) ) ;
#8374 = CARTESIAN_POINT ( 'NONE',  ( -6.349999999999999645, 3.329999999999999183, -0.4700000000000004730 ) ) ;
#8375 = CARTESIAN_POINT ( 'NONE',  ( 3.810000000000000497, -4.537064994640259918, -0.2349999999999975719 ) ) ;
#8376 = CARTESIAN_POINT ( 'NONE',  ( -2.246738468369000152, 7.776250346772097611E-17, -1.070000000000000062 ) ) ;
#8377 = CARTESIAN_POINT ( 'NONE',  ( -6.040196645492386551, 3.330000000000001847, -0.3546651807116901201 ) ) ;
#8378 = CIRCLE ( 'NONE', #29, 0.2349999999999980160 ) ;
#8379 = CARTESIAN_POINT ( 'NONE',  ( -4.084065206108330237, -4.632925319547867460, 0.1370326030541655082 ) ) ;
#8380 = VERTEX_POINT ( 'NONE', #1358 ) ;
#8381 =( LENGTH_UNIT ( ) NAMED_UNIT ( * ) SI_UNIT ( .MILLI., .METRE. ) );
#8382 = CARTESIAN_POINT ( 'NONE',  ( -8.574740551741792061, -0.6699999999999926015, 0.2239180390503129059 ) ) ;
#8383 = VERTEX_POINT ( 'NONE', #5649 ) ;
#8384 = FACE_OUTER_BOUND ( 'NONE', #8419, .T. ) ;
#8385 = EDGE_CURVE ( 'NONE', #719, #4826, #9080, .T. ) ;
#8386 = VECTOR ( 'NONE', #4689, 1000.000000000000114 ) ;
#8387 = DIRECTION ( 'NONE',  ( -1.000000000000000000, 3.492836481966780137E-15, 0.000000000000000000 ) ) ;
#8388 = CARTESIAN_POINT ( 'NONE',  ( 8.699159644773201805, -0.6699999999999551870, -0.3385969398819131948 ) ) ;
#8389 = ORIENTED_EDGE ( 'NONE', *, *, #6663, .F. ) ;
#8390 = CARTESIAN_POINT ( 'NONE',  ( -8.890000000000000568, -0.4200000000000000400, 0.6649999999810646267 ) ) ;
#8391 = LINE ( 'NONE', #730, #525 ) ;
#8392 = CARTESIAN_POINT ( 'NONE',  ( 6.350000000000001421, -4.537064994640259918, 0.2349999999999975719 ) ) ;
#8393 = FACE_OUTER_BOUND ( 'NONE', #5647, .T. ) ;
#8394 = CARTESIAN_POINT ( 'NONE',  ( -3.810000000000000053, 5.327499999999999680, 0.3200000000000000067 ) ) ;
#8395 = CARTESIAN_POINT ( 'NONE',  ( -9.973476936738002507, -6.551643992949718627E-17, 1.269999999999999796 ) ) ;
#8396 = ORIENTED_EDGE ( 'NONE', *, *, #4632, .F. ) ;
#8397 = DIRECTION ( 'NONE',  ( 0.000000000000000000, 1.000000000000000000, 0.000000000000000000 ) ) ;
#8398 = VECTOR ( 'NONE', #8636, 1000.000000000000000 ) ;
#8399 = CONICAL_SURFACE ( 'NONE', #4607, 0.6649999998894416953, 0.7853981633974482790 ) ;
#8400 = CARTESIAN_POINT ( 'NONE',  ( 3.040000000000000036, -0.6699999999999979305, -0.3849999999999999534 ) ) ;
#8401 = EDGE_CURVE ( 'NONE', #3187, #3900, #9041, .T. ) ;
#8402 = CARTESIAN_POINT ( 'NONE',  ( 1.270000000000000018, 3.392132034355963555, 0.3199999999999999512 ) ) ;
#8403 = EDGE_LOOP ( 'NONE', ( #559, #744, #1910, #8484 ) ) ;
#8404 = CARTESIAN_POINT ( 'NONE',  ( 6.732747374659087569, -0.6699999999999977085, -0.04807139133201669690 ) ) ;
#8405 = PRESENTATION_STYLE_ASSIGNMENT (( #6179 ) ) ;
#8406 = VECTOR ( 'NONE', #3817, 1000.000000000000000 ) ;
#8407 = VERTEX_POINT ( 'NONE', #2105 ) ;
#8408 = EDGE_LOOP ( 'NONE', ( #4917, #4642, #8496 ) ) ;
#8409 = EDGE_CURVE ( 'NONE', #7125, #1282, #2532, .T. ) ;
#8410 = SURFACE_STYLE_FILL_AREA ( #8286 ) ;
#8411 = CARTESIAN_POINT ( 'NONE',  ( -6.374389293864852313, -0.6699999999999679545, -0.3850000000000000089 ) ) ;
#8412 =( GEOMETRIC_REPRESENTATION_CONTEXT ( 3 ) GLOBAL_UNCERTAINTY_ASSIGNED_CONTEXT ( ( #7548 ) ) GLOBAL_UNIT_ASSIGNED_CONTEXT ( ( #3787, #3083, #5223 ) ) REPRESENTATION_CONTEXT ( 'NONE', 'WORKASPACE' ) );
#8413 = CARTESIAN_POINT ( 'NONE',  ( -3.691837981414565650, 3.330000000000001403, 0.4590001671664473704 ) ) ;
#8414 = PLANE ( 'NONE',  #4711 ) ;
#8415 = CARTESIAN_POINT ( 'NONE',  ( 8.890000000000000568, -4.400000000000000355, -0.2349999999999975719 ) ) ;
#8416 =( BOUNDED_SURFACE ( )  B_SPLINE_SURFACE ( 3, 3, ( 
 ( #7575, #1078, #6700, #4771 ),
 ( #6745, #5461, #564, #1168 ),
 ( #6881, #3236, #6095, #8890 ),
 ( #7529, #1127, #3191, #1904 ) ),
 .UNSPECIFIED., .F., .F., .F. ) 
 B_SPLINE_SURFACE_WITH_KNOTS ( ( 4, 4 ),
 ( 4, 4 ),
 ( 0.000000000000000000, 1.000000000000000000 ),
 ( 0.000000000000000000, 1.000000000000000000 ),
 .UNSPECIFIED. ) 
 GEOMETRIC_REPRESENTATION_ITEM ( )  RATIONAL_B_SPLINE_SURFACE ( (
 ( 1.000000000000000000, 0.3333333333333334259, 0.3333333333333334259, 1.000000000000000000),
 ( 0.8009815829414672628, 0.2669938609804891616, 0.2669938609804891616, 0.8009815829414672628),
 ( 0.8009815829414672628, 0.2669938609804891616, 0.2669938609804891616, 0.8009815829414672628),
 ( 1.000000000000000000, 0.3333333333333334259, 0.3333333333333334259, 1.000000000000000000) ) ) 
 REPRESENTATION_ITEM ( '' )  SURFACE ( )  );
#8417 = CARTESIAN_POINT ( 'NONE',  ( 9.359999999999997655, -0.7321320343559630794, -0.2349999999999980160 ) ) ;
#8418 = AXIS2_PLACEMENT_3D ( 'NONE', #6140, #5960, #8930 ) ;
#8419 = EDGE_LOOP ( 'NONE', ( #6907, #5678 ) ) ;
#8420 = CARTESIAN_POINT ( 'NONE',  ( -5.709999999999999964, 3.479999999999999538, -0.3199999999999999512 ) ) ;
#8421 = ADVANCED_FACE ( 'NONE', ( #5697 ), #3028, .T. ) ;
#8422 = DIRECTION ( 'NONE',  ( 0.000000000000000000, -6.123031769111889989E-17, 1.000000000000000000 ) ) ;
#8423 = DIRECTION ( 'NONE',  ( 2.345257230884581992E-17, 1.000000000000000000, 1.093611407104877670E-17 ) ) ;
#8424 = CARTESIAN_POINT ( 'NONE',  ( 1.270000000000000018, -4.400000000000000355, -0.004999999999994560011 ) ) ;
#8425 = CIRCLE ( 'NONE', #5666, 0.9150000000000000355 ) ;
#8426 = EDGE_CURVE ( 'NONE', #7542, #3825, #2966, .T. ) ;
#8427 = CARTESIAN_POINT ( 'NONE',  ( -3.809999999999999609, -4.629945645751342376, 1.355252715606880543E-17 ) ) ;
#8428 = FILL_AREA_STYLE ('',( #7791 ) ) ;
#8429 = ORIENTED_EDGE ( 'NONE', *, *, #8730, .T. ) ;
#8430 = DIRECTION ( 'NONE',  ( 0.000000000000000000, 1.000000000000000000, 0.000000000000000000 ) ) ;
#8431 = DIRECTION ( 'NONE',  ( -0.4226182617407031605, 0.000000000000000000, -0.9063077870366482713 ) ) ;
#8432 = DIRECTION ( 'NONE',  ( 0.000000000000000000, 0.000000000000000000, -1.000000000000000000 ) ) ;
#8433 = VERTEX_POINT ( 'NONE', #3058 ) ;
#8434 = STYLED_ITEM ( 'NONE', ( #6461 ), #6987 ) ;
#8435 = DIRECTION ( 'NONE',  ( 0.000000000000000000, 0.000000000000000000, 1.000000000000000000 ) ) ;
#8436 = CARTESIAN_POINT ( 'NONE',  ( 9.654264068711929880, 3.329999999999999627, 0.3821320343559643784 ) ) ;
#8437 = CARTESIAN_POINT ( 'NONE',  ( 3.810000000000000053, -2.609999999999999876, -0.2349999999999989875 ) ) ;
#8438 = ADVANCED_FACE ( 'NONE', ( #4497 ), #254, .T. ) ;
#8439 = EDGE_CURVE ( 'NONE', #7473, #821, #7233, .T. ) ;
#8440 = CARTESIAN_POINT ( 'NONE',  ( 6.349999999999999645, 3.330000000000000071, 0.9150000000000000355 ) ) ;
#8441 = ORIENTED_EDGE ( 'NONE', *, *, #7737, .T. ) ;
#8442 = EDGE_LOOP ( 'NONE', ( #6397, #5131, #7586, #5063 ) ) ;
#8443 = CIRCLE ( 'NONE', #8892, 0.6650000000000000355 ) ;
#8444 = SURFACE_SIDE_STYLE ('',( #4933 ) ) ;
#8445 = FACE_OUTER_BOUND ( 'NONE', #7722, .T. ) ;
#8446 = PLANE ( 'NONE',  #2023 ) ;
#8447 = SURFACE_STYLE_FILL_AREA ( #2841 ) ;
#8448 = CIRCLE ( 'NONE', #5822, 0.1500000000000020206 ) ;
#8449 = ORIENTED_EDGE ( 'NONE', *, *, #2356, .T. ) ;
#8450 = DIRECTION ( 'NONE',  ( 0.000000000000000000, 0.000000000000000000, 1.000000000000000000 ) ) ;
#8451 = CARTESIAN_POINT ( 'NONE',  ( -1.270000000000000018, -0.6699999999999866063, 0.3850000000000000089 ) ) ;
#8452 = AXIS2_PLACEMENT_3D ( 'NONE', #6905, #461, #3264 ) ;
#8453 = EDGE_LOOP ( 'NONE', ( #1274, #2831 ) ) ;
#8454 = CARTESIAN_POINT ( 'NONE',  ( -1.556649751578869312, 3.330000000000003624, 0.3779260477497969339 ) ) ;
#8455 = ORIENTED_EDGE ( 'NONE', *, *, #2685, .T. ) ;
#8456 = DIRECTION ( 'NONE',  ( 0.000000000000000000, 1.000000000000000000, 4.075948017540437167E-17 ) ) ;
#8457 = VERTEX_POINT ( 'NONE', #2418 ) ;
#8458 = ORIENTED_EDGE ( 'NONE', *, *, #1909, .F. ) ;
#8459 = CARTESIAN_POINT ( 'NONE',  ( -6.399135335354904974, -0.6699999999999658451, 0.3850000000000000089 ) ) ;
#8460 = CARTESIAN_POINT ( 'NONE',  ( -3.810000000000000053, 7.174999999999999822, 0.3200000000000000067 ) ) ;
#8461 = LINE ( 'NONE', #7237, #2935 ) ;
#8462 = CARTESIAN_POINT ( 'NONE',  ( 4.220964539265708027, 3.330000000000001403, 0.2306021739140133864 ) ) ;
#8463 = CARTESIAN_POINT ( 'NONE',  ( -7.420000000000000817, 2.799999999999999822, 0.8700000000000001066 ) ) ;
#8464 = ORIENTED_EDGE ( 'NONE', *, *, #2921, .F. ) ;
#8465 = MECHANICAL_DESIGN_GEOMETRIC_PRESENTATION_REPRESENTATION (  '', ( #6299 ), #5702 ) ;
#8466 = CARTESIAN_POINT ( 'NONE',  ( 4.279999999999995808, -0.7321320343559630794, 0.2349999999999980160 ) ) ;
#8467 = CARTESIAN_POINT ( 'NONE',  ( -3.810000000000000053, 1.967086183247610087, 0.000000000000000000 ) ) ;
#8468 = CARTESIAN_POINT ( 'NONE',  ( -5.940882780424010967, 3.330000000000000959, -0.2319339637930861731 ) ) ;
#8469 = EDGE_CURVE ( 'NONE', #8733, #2167, #3864, .T. ) ;
#8470 = CARTESIAN_POINT ( 'NONE',  ( 9.530000000000001137, 7.361853603950959446, -0.3200000000000007838 ) ) ;
#8471 = ORIENTED_EDGE ( 'NONE', *, *, #8151, .F. ) ;
#8472 = SURFACE_STYLE_USAGE ( .BOTH. , #9078 ) ;
#8473 = CARTESIAN_POINT ( 'NONE',  ( -8.890000000000000568, -0.6699999999999866063, 0.3850000000000000089 ) ) ;
#8474 = EDGE_CURVE ( 'NONE', #959, #112, #6596, .T. ) ;
#8475 = CYLINDRICAL_SURFACE ( 'NONE', #4911, 0.9150000000000000355 ) ;
#8476 = CARTESIAN_POINT ( 'NONE',  ( -1.270000000000000018, -0.4200000000196268957, 0.000000000000000000 ) ) ;
#8477 = EDGE_CURVE ( 'NONE', #8457, #4701, #7160, .T. ) ;
#8478 = AXIS2_PLACEMENT_3D ( 'NONE', #8265, #4055, #6765 ) ;
#8479 =( LENGTH_UNIT ( ) NAMED_UNIT ( * ) SI_UNIT ( .MILLI., .METRE. ) );
#8480 = B_SPLINE_CURVE_WITH_KNOTS ( 'NONE', 3,
 ( #5721, #4854, #1387, #751, #6333, #605, #7054, #4206, #64, #7653, #6421, #8500, #1297, #7696, #8413, #5631, #9064 ),
 .UNSPECIFIED., .F., .F.,
 ( 4, 2, 2, 2, 2, 1, 2, 2, 4 ),
 ( 0.000000000000000000, 0.1249999999999999722, 0.2499999999999999445, 0.3749999999999998890, 0.5000000000000000000, 0.6250000000000001110, 0.6875000000000001110, 0.7500000000000000000, 1.000000000000000000 ),
 .UNSPECIFIED. ) ;
#8481 = ORIENTED_EDGE ( 'NONE', *, *, #5956, .F. ) ;
#8482 = CARTESIAN_POINT ( 'NONE',  ( 8.890000000000000568, 5.327499999999999680, 0.000000000000000000 ) ) ;
#8483 = CARTESIAN_POINT ( 'NONE',  ( 6.350000000000001421, -4.537064994640259918, -0.2349999999999975719 ) ) ;
#8484 = ORIENTED_EDGE ( 'NONE', *, *, #6159, .T. ) ;
#8485 = DIRECTION ( 'NONE',  ( -1.000000000000000000, 0.000000000000000000, -1.224646799147353207E-16 ) ) ;
#8486 = AXIS2_PLACEMENT_3D ( 'NONE', #6751, #440, #8900 ) ;
#8487 = DIRECTION ( 'NONE',  ( 0.000000000000000000, 0.000000000000000000, 1.000000000000000000 ) ) ;
#8488 = EDGE_LOOP ( 'NONE', ( #8501, #70, #1831, #6980 ) ) ;
#8489 = DIRECTION ( 'NONE',  ( 0.000000000000000000, 0.000000000000000000, 1.000000000000000000 ) ) ;
#8490 = CARTESIAN_POINT ( 'NONE',  ( -8.890000000000000568, 2.799999999999999822, 0.000000000000000000 ) ) ;
#8491 = PRESENTATION_LAYER_ASSIGNMENT (  '', '', ( #7341 ) ) ;
#8492 = CARTESIAN_POINT ( 'NONE',  ( 1.270000000000000018, 3.330000000000000071, -0.3821320343559643784 ) ) ;
#8493 = CARTESIAN_POINT ( 'NONE',  ( 1.694013881836364366, 3.330000000000000959, -0.2032625421542078592 ) ) ;
#8494 = ORIENTED_EDGE ( 'NONE', *, *, #5873, .T. ) ;
#8495 = ORIENTED_EDGE ( 'NONE', *, *, #8255, .F. ) ;
#8496 = ORIENTED_EDGE ( 'NONE', *, *, #1699, .F. ) ;
#8497 = CARTESIAN_POINT ( 'NONE',  ( -5.755735931288073814, -0.6699999999999978195, 0.2971320343559648025 ) ) ;
#8498 = DIRECTION ( 'NONE',  ( 0.000000000000000000, 1.000000000000000000, 0.000000000000000000 ) ) ;
#8499 = VECTOR ( 'NONE', #7417, 1000.000000000000000 ) ;
#8500 = CARTESIAN_POINT ( 'NONE',  ( -3.578066036206915879, 3.330000000000001403, 0.4091172195759878449 ) ) ;
#8501 = ORIENTED_EDGE ( 'NONE', *, *, #640, .T. ) ;
#8502 = CARTESIAN_POINT ( 'NONE',  ( 1.270000000000000018, 7.174999999999999822, 0.000000000000000000 ) ) ;
#8503 = DIRECTION ( 'NONE',  ( 0.000000000000000000, 1.000000000000000000, 0.000000000000000000 ) ) ;
#8504 = DIRECTION ( 'NONE',  ( -0.000000000000000000, -1.000000000000000000, -0.000000000000000000 ) ) ;
#8505 = ORIENTED_EDGE ( 'NONE', *, *, #4136, .F. ) ;
#8506 = VECTOR ( 'NONE', #5539, 1000.000000000000000 ) ;
#8507 = CARTESIAN_POINT ( 'NONE',  ( -8.890000000000000568, 3.330000000000000071, 0.3821320343559643784 ) ) ;
#8508 = CARTESIAN_POINT ( 'NONE',  ( 4.119803354507636683, 3.330000000000002292, -0.3546651807116684152 ) ) ;
#8509 = CARTESIAN_POINT ( 'NONE',  ( 10.16000000000000014, 0.000000000000000000, 0.000000000000000000 ) ) ;
#8510 = CARTESIAN_POINT ( 'NONE',  ( 9.200015193603675812, 3.330000000000001847, 0.3548770198077372262 ) ) ;
#8511 = DIRECTION ( 'NONE',  ( -0.000000000000000000, -1.000000000000000000, -6.123031769111889989E-17 ) ) ;
#8512 = ADVANCED_FACE ( 'NONE', ( #350, #3849 ), #5966, .T. ) ;
#8513 = CARTESIAN_POINT ( 'NONE',  ( -1.270000000000000018, 3.329999999999999183, 0.4700000000000004730 ) ) ;
#8514 = ORIENTED_EDGE ( 'NONE', *, *, #3544, .T. ) ;
#8515 = CARTESIAN_POINT ( 'NONE',  ( -8.890000000000000568, -4.629945645751342376, 1.355252715606880543E-17 ) ) ;
#8516 = VECTOR ( 'NONE', #2433, 1000.000000000000000 ) ;
#8517 = EDGE_CURVE ( 'NONE', #6499, #5930, #8978, .T. ) ;
#8518 = CARTESIAN_POINT ( 'NONE',  ( 1.270000000000000240, 7.492926245181917189, 0.1868300633393450705 ) ) ;
#8519 = DIRECTION ( 'NONE',  ( 0.000000000000000000, 0.000000000000000000, 1.000000000000000000 ) ) ;
#8520 = ORIENTED_EDGE ( 'NONE', *, *, #6037, .T. ) ;
#8521 = CARTESIAN_POINT ( 'NONE',  ( -3.810000000000000053, 7.361853603950962111, 0.3200000000000008948 ) ) ;
#8522 = CARTESIAN_POINT ( 'NONE',  ( 9.529999999999999361, 3.392132034355963555, -0.3199999999999998956 ) ) ;
#8523 = CIRCLE ( 'NONE', #602, 0.3150000000000000022 ) ;
#8524 = ADVANCED_FACE ( 'NONE', ( #5421 ), #437, .T. ) ;
#8525 =( NAMED_UNIT ( * ) SI_UNIT ( $, .STERADIAN. ) SOLID_ANGLE_UNIT ( ) );
#8526 = ORIENTED_EDGE ( 'NONE', *, *, #7110, .F. ) ;
#8527 = CARTESIAN_POINT ( 'NONE',  ( 4.063775088266870839, -0.6699999999999882716, 0.2905236054765978349 ) ) ;
#8528 = ORIENTED_EDGE ( 'NONE', *, *, #3103, .F. ) ;
#8529 = FILL_AREA_STYLE_COLOUR ( '', #7146 ) ;
#8530 = VERTEX_POINT ( 'NONE', #6883 ) ;
#8531 = DIRECTION ( 'NONE',  ( 0.4226182617406989972, 0.000000000000000000, 0.9063077870366501587 ) ) ;
#8532 = FACE_OUTER_BOUND ( 'NONE', #957, .T. ) ;
#8533 = CIRCLE ( 'NONE', #1793, 0.4150000000194631888 ) ;
#8534 =( GEOMETRIC_REPRESENTATION_CONTEXT ( 3 ) GLOBAL_UNCERTAINTY_ASSIGNED_CONTEXT ( ( #6551 ) ) GLOBAL_UNIT_ASSIGNED_CONTEXT ( ( #6390, #6301, #1402 ) ) REPRESENTATION_CONTEXT ( 'NONE', 'WORKASPACE' ) );
#8535 = PRESENTATION_STYLE_ASSIGNMENT (( #3691 ) ) ;
#8536 = FACE_OUTER_BOUND ( 'NONE', #1421, .T. ) ;
#8537 = CARTESIAN_POINT ( 'NONE',  ( 3.810000000000000053, -0.6699999999999979305, -0.3849999999999999534 ) ) ;
#8538 = EDGE_LOOP ( 'NONE', ( #6680, #1134, #5017, #1184, #369 ) ) ;
#8539 = CARTESIAN_POINT ( 'NONE',  ( 0.8000000000000040412, -0.8199999999999998401, 0.2349999999999980715 ) ) ;
#8540 = ADVANCED_FACE ( 'NONE', ( #1265 ), #8201, .T. ) ;
#8541 = EDGE_CURVE ( 'NONE', #4157, #5517, #6008, .T. ) ;
#8542 = ORIENTED_EDGE ( 'NONE', *, *, #8970, .T. ) ;
#8543 = CARTESIAN_POINT ( 'NONE',  ( 6.349999999999999645, 2.799999999999999822, 1.270000000000000240 ) ) ;
#8544 = ORIENTED_EDGE ( 'NONE', *, *, #520, .T. ) ;
#8545 = VECTOR ( 'NONE', #430, 1000.000000000000000 ) ;
#8546 = PRESENTATION_LAYER_ASSIGNMENT (  '', '', ( #4462 ) ) ;
#8547 = COLOUR_RGB ( '',0.000000000000000000, 0.000000000000000000, 0.000000000000000000 ) ;
#8548 = UNCERTAINTY_MEASURE_WITH_UNIT (LENGTH_MEASURE( 1.000000000000000082E-05 ), #8080, 'distance_accuracy_value', 'NONE');
#8549 = CARTESIAN_POINT ( 'NONE',  ( -5.880000000000003446, -0.7321320343559630794, 0.2349999999999997924 ) ) ;
#8550 = DIRECTION ( 'NONE',  ( 0.000000000000000000, 1.000000000000000000, 0.000000000000000000 ) ) ;
#8551 = FACE_OUTER_BOUND ( 'NONE', #6971, .T. ) ;
#8552 = VERTEX_POINT ( 'NONE', #569 ) ;
#8553 = CARTESIAN_POINT ( 'NONE',  ( -4.693476936737999594, 7.776250346772100076E-17, -1.269999999999999796 ) ) ;
#8554 = VECTOR ( 'NONE', #4973, 999.9999999999998863 ) ;
#8555 = CARTESIAN_POINT ( 'NONE',  ( 6.819999999999994067, -4.399999999999999467, -0.2349999999999975719 ) ) ;
#8556 = CARTESIAN_POINT ( 'NONE',  ( 0.9345491643143036820, -0.6699999999999446398, -0.1894987673826519503 ) ) ;
#8557 = ORIENTED_EDGE ( 'NONE', *, *, #3250, .T. ) ;
#8558 = FILL_AREA_STYLE ('',( #4488 ) ) ;
#8559 = PRESENTATION_STYLE_ASSIGNMENT (( #5728 ) ) ;
#8560 = AXIS2_PLACEMENT_3D ( 'NONE', #3527, #8422, #5513 ) ;
#8561 = SURFACE_SIDE_STYLE ('',( #4438 ) ) ;
#8562 = CARTESIAN_POINT ( 'NONE',  ( 6.253625843584528887, -0.6699999999999622924, 0.3759894986363451763 ) ) ;
#8563 = DIRECTION ( 'NONE',  ( 0.000000000000000000, 0.000000000000000000, -1.000000000000000000 ) ) ;
#8564 = CARTESIAN_POINT ( 'NONE',  ( 7.949999999999999289, 3.329999999999999183, 0.4700000000000004730 ) ) ;
#8565 = CARTESIAN_POINT ( 'NONE',  ( -1.270000000000000018, 3.329999999999999183, -0.4700000000000004730 ) ) ;
#8566 = ORIENTED_EDGE ( 'NONE', *, *, #646, .T. ) ;
#8567 = CARTESIAN_POINT ( 'NONE',  ( 6.798543347747228793, 3.330000000000000515, 0.1434580550843137514 ) ) ;
#8568 = CIRCLE ( 'NONE', #4783, 0.9150000000000000355 ) ;
#8569 = FILL_AREA_STYLE ('',( #3764 ) ) ;
#8570 = CARTESIAN_POINT ( 'NONE',  ( 2.246738468369000152, -7.776250346772097611E-17, 1.070000000000000062 ) ) ;
#8571 = PRESENTATION_LAYER_ASSIGNMENT (  '', '', ( #1091 ) ) ;
#8572 = EDGE_CURVE ( 'NONE', #5690, #3653, #3988, .T. ) ;
#8573 = ORIENTED_EDGE ( 'NONE', *, *, #8746, .T. ) ;
#8574 = CARTESIAN_POINT ( 'NONE',  ( 8.890000000000000568, -4.400000000000000355, -0.004999999999994560011 ) ) ;
#8575 = EDGE_CURVE ( 'NONE', #8906, #3991, #4299, .T. ) ;
#8576 = CARTESIAN_POINT ( 'NONE',  ( 0.1999999999999990674, 2.799999999999999822, -0.8699999999999998845 ) ) ;
#8577 = AXIS2_PLACEMENT_3D ( 'NONE', #7260, #1600, #5201 ) ;
#8578 = CARTESIAN_POINT ( 'NONE',  ( 4.450000000000001954, 7.175000000000000711, 0.3200000000000007838 ) ) ;
#8579 = ORIENTED_EDGE ( 'NONE', *, *, #2456, .F. ) ;
#8580 = CARTESIAN_POINT ( 'NONE',  ( 4.145127935184594214, -0.6699999999999940448, 0.1899884597028464461 ) ) ;
#8581 = ORIENTED_EDGE ( 'NONE', *, *, #4014, .T. ) ;
#8582 = CARTESIAN_POINT ( 'NONE',  ( 6.349999999999999645, -4.629945645751342376, -1.355252715606880543E-17 ) ) ;
#8583 = CARTESIAN_POINT ( 'NONE',  ( 2.485733098857910051, -5.327037639127340260E-17, 0.8699999999999999956 ) ) ;
#8584 = CARTESIAN_POINT ( 'NONE',  ( -8.990000000000000213, -7.776250346772101309E-17, 1.270000000000000018 ) ) ;
#8585 = CARTESIAN_POINT ( 'NONE',  ( -3.810000000000000053, 3.330000000000000071, 0.9150000000000000355 ) ) ;
#8586 = DIRECTION ( 'NONE',  ( -1.000000000000000000, 0.000000000000000000, -0.000000000000000000 ) ) ;
#8587 = DIRECTION ( 'NONE',  ( -1.000000000000000000, -0.000000000000000000, -0.000000000000000000 ) ) ;
#8588 = PRESENTATION_LAYER_ASSIGNMENT (  '', '', ( #4948 ) ) ;
#8589 = CARTESIAN_POINT ( 'NONE',  ( 5.466523063261998772, 2.799999999999999822, -1.270000000000000018 ) ) ;
#8590 = ORIENTED_EDGE ( 'NONE', *, *, #2814, .T. ) ;
#8591 = CARTESIAN_POINT ( 'NONE',  ( -1.740033537905012917, 3.330000000000004956, -0.02970875781403071667 ) ) ;
#8592 = ORIENTED_EDGE ( 'NONE', *, *, #2015, .F. ) ;
#8593 = EDGE_CURVE ( 'NONE', #4701, #4174, #1219, .T. ) ;
#8594 = STYLED_ITEM ( 'NONE', ( #7713 ), #5456 ) ;
#8595 = ORIENTED_EDGE ( 'NONE', *, *, #4914, .F. ) ;
#8596 = CARTESIAN_POINT ( 'NONE',  ( -8.197499999999999787, 3.330000000000000071, 0.000000000000000000 ) ) ;
#8597 = DIRECTION ( 'NONE',  ( -1.000000000000000000, 0.000000000000000000, -1.224646799147353207E-16 ) ) ;
#8598 = SURFACE_STYLE_USAGE ( .BOTH. , #4481 ) ;
#8599 = ORIENTED_EDGE ( 'NONE', *, *, #3136, .T. ) ;
#8600 = CARTESIAN_POINT ( 'NONE',  ( 8.890000000000000568, 3.479999999999999982, 0.4700000000000009726 ) ) ;
#8601 = CIRCLE ( 'NONE', #241, 0.9150000000000000355 ) ;
#8602 = CARTESIAN_POINT ( 'NONE',  ( 6.350000000000001421, -4.537064994640259918, -0.2349999999999975719 ) ) ;
#8603 = AXIS2_PLACEMENT_3D ( 'NONE', #6389, #32, #5648 ) ;
#8604 = CARTESIAN_POINT ( 'NONE',  ( 1.270000000000000240, -4.537064994640259918, 0.2349999999999975719 ) ) ;
#8605 = VERTEX_POINT ( 'NONE', #8935 ) ;
#8606 = LINE ( 'NONE', #247, #2703 ) ;
#8607 = CARTESIAN_POINT ( 'NONE',  ( 9.244665180711685082, 3.330000000000000959, 0.3098033545076176454 ) ) ;
#8608 = LINE ( 'NONE', #3054, #7520 ) ;
#8609 = CARTESIAN_POINT ( 'NONE',  ( 3.810000000000000053, 3.330000000000000071, -0.9150000000000000355 ) ) ;
#8610 = VERTEX_POINT ( 'NONE', #6050 ) ;
#8611 = CARTESIAN_POINT ( 'NONE',  ( -8.658066036206916394, 3.330000000000001847, 0.4091172195759879004 ) ) ;
#8612 = CARTESIAN_POINT ( 'NONE',  ( -0.8000000000000017097, 3.330000000000000071, 2.710505431213761085E-17 ) ) ;
#8613 = ORIENTED_EDGE ( 'NONE', *, *, #5343, .T. ) ;
#8614 = CARTESIAN_POINT ( 'NONE',  ( -8.295735931288076515, -0.6699999999999978195, 0.2971320343559630262 ) ) ;
#8615 = CARTESIAN_POINT ( 'NONE',  ( -4.786738468369000188, -5.327037639127343341E-17, 1.070000000000000062 ) ) ;
#8616 = CARTESIAN_POINT ( 'NONE',  ( -0.8000000000000040412, -0.7321320343559630794, 0.2349999999999980160 ) ) ;
#8617 = ORIENTED_EDGE ( 'NONE', *, *, #4309, .T. ) ;
#8618 = SURFACE_STYLE_USAGE ( .BOTH. , #5117 ) ;
#8619 = ORIENTED_EDGE ( 'NONE', *, *, #498, .F. ) ;
#8620 = CARTESIAN_POINT ( 'NONE',  ( 1.270000000000000018, 3.330000000000000071, 0.3821320343559643784 ) ) ;
#8621 = VERTEX_POINT ( 'NONE', #4722 ) ;
#8622 = PRESENTATION_STYLE_ASSIGNMENT (( #913 ) ) ;
#8623 = DIRECTION ( 'NONE',  ( 0.000000000000000000, 0.000000000000000000, 1.000000000000000000 ) ) ;
#8624 = CARTESIAN_POINT ( 'NONE',  ( 6.349999999999999645, -0.4200000000000000400, 0.6649999999867579614 ) ) ;
#8625 = AXIS2_PLACEMENT_3D ( 'NONE', #7630, #2784, #35 ) ;
#8626 = DIRECTION ( 'NONE',  ( 0.000000000000000000, 1.000000000000000000, 0.000000000000000000 ) ) ;
#8627 = UNCERTAINTY_MEASURE_WITH_UNIT (LENGTH_MEASURE( 1.000000000000000082E-05 ), #7719, 'distance_accuracy_value', 'NONE');
#8628 = PLANE ( 'NONE',  #6171 ) ;
#8629 = CARTESIAN_POINT ( 'NONE',  ( 3.425066995766688382, -0.6699999999999407541, -0.04860869467581106773 ) ) ;
#8630 = FILL_AREA_STYLE_COLOUR ( '', #4421 ) ;
#8631 = ORIENTED_EDGE ( 'NONE', *, *, #8885, .T. ) ;
#8632 = CARTESIAN_POINT ( 'NONE',  ( 6.349999999999999645, 7.489960314960471877, 2.117582368135750848E-17 ) ) ;
#8633 = AXIS2_PLACEMENT_3D ( 'NONE', #1042, #7976, #1688 ) ;
#8634 = CARTESIAN_POINT ( 'NONE',  ( 1.270000000000000018, 0.000000000000000000, 0.6650000000000000355 ) ) ;
#8635 = ORIENTED_EDGE ( 'NONE', *, *, #80, .T. ) ;
#8636 = DIRECTION ( 'NONE',  ( 0.000000000000000000, 1.000000000000000000, 0.000000000000000000 ) ) ;
#8637 = VERTEX_POINT ( 'NONE', #8848 ) ;
#8638 = SURFACE_SIDE_STYLE ('',( #5849 ) ) ;
#8639 = CARTESIAN_POINT ( 'NONE',  ( 3.170000000000000373, 3.392132034355963555, 0.3199999999999998956 ) ) ;
#8640 = DIRECTION ( 'NONE',  ( 0.000000000000000000, 1.000000000000000000, 0.000000000000000000 ) ) ;
#8641 = EDGE_CURVE ( 'NONE', #4891, #1351, #4773, .T. ) ;
#8642 = SURFACE_STYLE_FILL_AREA ( #7142 ) ;
#8643 = ORIENTED_EDGE ( 'NONE', *, *, #6429, .F. ) ;
#8644 = CARTESIAN_POINT ( 'NONE',  ( 6.349999999999999645, 3.330000000000000515, -0.4700000000000001954 ) ) ;
#8645 = PLANE ( 'NONE',  #2969 ) ;
#8646 = STYLED_ITEM ( 'NONE', ( #4392 ), #1896 ) ;
#8647 = FACE_OUTER_BOUND ( 'NONE', #5608, .T. ) ;
#8648 = ORIENTED_EDGE ( 'NONE', *, *, #4056, .F. ) ;
#8649 = CARTESIAN_POINT ( 'NONE',  ( 2.246738468369000152, 6.551643992949719860E-17, -1.070000000000000062 ) ) ;
#8650 = DIRECTION ( 'NONE',  ( -0.4226182617406989972, 0.000000000000000000, 0.9063077870366501587 ) ) ;
#8651 = DIRECTION ( 'NONE',  ( 0.000000000000000000, 0.000000000000000000, 1.000000000000000000 ) ) ;
#8652 = DIRECTION ( 'NONE',  ( 0.000000000000000000, 1.000000000000000000, 0.000000000000000000 ) ) ;
#8653 = CARTESIAN_POINT ( 'NONE',  ( 6.115155607679325200, -0.6699999999999520783, -0.3095233799349910719 ) ) ;
#8654 = CARTESIAN_POINT ( 'NONE',  ( 8.125735931288071257, 3.329999999999999627, 0.3821320343559643784 ) ) ;
#8655 = CARTESIAN_POINT ( 'NONE',  ( 5.280000000000000249, 2.799999999999999822, 0.8700000000000001066 ) ) ;
#8656 = CARTESIAN_POINT ( 'NONE',  ( -8.249999999999998224, 7.361853603950959446, 0.3200000000000007838 ) ) ;
#8657 = DIRECTION ( 'NONE',  ( 0.000000000000000000, 0.000000000000000000, 1.000000000000000000 ) ) ;
#8658 = EDGE_CURVE ( 'NONE', #5955, #8269, #6146, .T. ) ;
#8659 = CARTESIAN_POINT ( 'NONE',  ( 6.349999999999999645, 3.329999999999999183, 0.4700000000000008060 ) ) ;
#8660 = AXIS2_PLACEMENT_3D ( 'NONE', #3330, #598, #8923 ) ;
#8661 = COLOUR_RGB ( '',0.000000000000000000, 0.000000000000000000, 0.000000000000000000 ) ;
#8662 = ORIENTED_EDGE ( 'NONE', *, *, #3954, .F. ) ;
#8663 =( BOUNDED_SURFACE ( )  B_SPLINE_SURFACE ( 3, 3, ( 
 ( #7041, #4884, #7177, #5082 ),
 ( #6408, #96, #4939, #6449 ),
 ( #2202, #185, #875, #4196 ),
 ( #8355, #7000, #3507, #4283 ) ),
 .UNSPECIFIED., .F., .F., .T. ) 
 B_SPLINE_SURFACE_WITH_KNOTS ( ( 4, 4 ),
 ( 4, 4 ),
 ( 0.000000000000000000, 1.000000000000000000 ),
 ( 0.000000000000000000, 1.000000000000000000 ),
 .UNSPECIFIED. ) 
 GEOMETRIC_REPRESENTATION_ITEM ( )  RATIONAL_B_SPLINE_SURFACE ( (
 ( 1.000000000000000000, 0.3333333333333334259, 0.3333333333333334259, 1.000000000000000000),
 ( 0.7995857374534958151, 0.2665285791511653457, 0.2665285791511653457, 0.7995857374534958151),
 ( 0.7995857374534958151, 0.2665285791511653457, 0.2665285791511653457, 0.7995857374534958151),
 ( 1.000000000000000000, 0.3333333333333334259, 0.3333333333333334259, 1.000000000000000000) ) ) 
 REPRESENTATION_ITEM ( '' )  SURFACE ( )  );
#8664 = CARTESIAN_POINT ( 'NONE',  ( -8.890000000000000568, -0.8199999999999999512, -0.2349999999999980438 ) ) ;
#8665 = CYLINDRICAL_SURFACE ( 'NONE', #390, 0.9150000000000000355 ) ;
#8666 = CARTESIAN_POINT ( 'NONE',  ( -1.270000000000000018, -0.6699999999999979305, 0.2971320343559630262 ) ) ;
#8667 = AXIS2_PLACEMENT_3D ( 'NONE', #1103, #7364, #4469 ) ;
#8668 = ORIENTED_EDGE ( 'NONE', *, *, #8893, .T. ) ;
#8669 = CARTESIAN_POINT ( 'NONE',  ( 4.185989498636345729, -0.6699999999999974865, 0.09679229181994843112 ) ) ;
#8670 = EDGE_LOOP ( 'NONE', ( #4298, #6110, #4253, #6932 ) ) ;
#8671 = CARTESIAN_POINT ( 'NONE',  ( 4.693476936737999594, -7.776250346772100076E-17, 1.270000000000000018 ) ) ;
#8672 = ORIENTED_EDGE ( 'NONE', *, *, #7737, .F. ) ;
#8673 = FILL_AREA_STYLE_COLOUR ( '', #784 ) ;
#8674 = CARTESIAN_POINT ( 'NONE',  ( 6.704877019807705452, 3.330000000000000959, -0.3100151936036981137 ) ) ;
#8675 = AXIS2_PLACEMENT_3D ( 'NONE', #240, #7736, #3563 ) ;
#8676 = ADVANCED_FACE ( 'NONE', ( #6188 ), #38, .T. ) ;
#8677 = CARTESIAN_POINT ( 'NONE',  ( -7.820000000000000284, 6.551643992949719860E-17, -0.8700000000000002176 ) ) ;
#8678 = FACE_OUTER_BOUND ( 'NONE', #3066, .T. ) ;
#8679 = FILL_AREA_STYLE_COLOUR ( '', #7860 ) ;
#8680 = ORIENTED_EDGE ( 'NONE', *, *, #22, .F. ) ;
#8681 = CARTESIAN_POINT ( 'NONE',  ( 9.198063703425797044, -0.6699999999999922684, -0.2324040746319962492 ) ) ;
#8682 = ORIENTED_EDGE ( 'NONE', *, *, #6592, .T. ) ;
#8683 = CARTESIAN_POINT ( 'NONE',  ( -9.654264068711929880, 3.329999999999999627, -0.3821320343559643784 ) ) ;
#8684 = EDGE_CURVE ( 'NONE', #5445, #8610, #1131, .T. ) ;
#8685 = CARTESIAN_POINT ( 'NONE',  ( 6.349999999999999645, -0.8199999999999999512, 0.2349999999999980438 ) ) ;
#8686 = EDGE_CURVE ( 'NONE', #1887, #2563, #8108, .T. ) ;
#8687 = CONICAL_SURFACE ( 'NONE', #4747, 0.6649999999614377710, 0.7853981633974482790 ) ;
#8688 = DIRECTION ( 'NONE',  ( 0.000000000000000000, 1.000000000000000000, 4.075948017000379909E-17 ) ) ;
#8689 = DIRECTION ( 'NONE',  ( 0.000000000000000000, 1.000000000000000000, 0.000000000000000000 ) ) ;
#8690 = AXIS2_PLACEMENT_3D ( 'NONE', #1907, #4633, #3195 ) ;
#8691 = VECTOR ( 'NONE', #8246, 1000.000000000000000 ) ;
#8692 = VERTEX_POINT ( 'NONE', #8063 ) ;
#8693 = CARTESIAN_POINT ( 'NONE',  ( 5.882699651350870695, 3.330000000000004068, -0.05898017951212306681 ) ) ;
#8694 = CARTESIAN_POINT ( 'NONE',  ( -3.810000000000000053, 3.479999999999999982, 0.3199999999999999512 ) ) ;
#8695 = CARTESIAN_POINT ( 'NONE',  ( 1.270000000000000018, -4.629945645751342376, 1.355252715606880543E-17 ) ) ;
#8696 = AXIS2_PLACEMENT_3D ( 'NONE', #1004, #8770, #8032 ) ;
#8697 = CIRCLE ( 'NONE', #7393, 0.2349999999999980160 ) ;
#8698 = ORIENTED_EDGE ( 'NONE', *, *, #1710, .F. ) ;
#8699 = EDGE_CURVE ( 'NONE', #7493, #6715, #3297, .T. ) ;
#8700 = CARTESIAN_POINT ( 'NONE',  ( 3.810000000000000053, -7.776250346772100076E-17, 1.270000000000000018 ) ) ;
#8701 = CARTESIAN_POINT ( 'NONE',  ( -6.349999999999999645, -0.2100000000000000200, -0.6650000000000000355 ) ) ;
#8702 = DIRECTION ( 'NONE',  ( 0.000000000000000000, -1.000000000000000000, -6.123031769111889989E-17 ) ) ;
#8703 = CARTESIAN_POINT ( 'NONE',  ( 5.967202378515911398, -0.6699999999999414202, 0.04826622627216186484 ) ) ;
#8704 = MECHANICAL_DESIGN_GEOMETRIC_PRESENTATION_REPRESENTATION (  '', ( #6817 ), #2681 ) ;
#8705 = CARTESIAN_POINT ( 'NONE',  ( -7.820000000000000284, 2.799999999999999822, 0.8700000000000001066 ) ) ;
#8706 = LINE ( 'NONE', #6746, #7779 ) ;
#8707 = CARTESIAN_POINT ( 'NONE',  ( -1.270000000000000018, 3.330000000000000071, -0.3821320343559643784 ) ) ;
#8708 = CARTESIAN_POINT ( 'NONE',  ( -8.513922232181521110, 3.330000000000001847, 0.2837140651352286214 ) ) ;
#8709 = DIRECTION ( 'NONE',  ( 0.000000000000000000, 1.000000000000000000, 6.123031769111889989E-17 ) ) ;
#8710 = EDGE_CURVE ( 'NONE', #1507, #970, #4675, .T. ) ;
#8711 = VECTOR ( 'NONE', #5111, 1000.000000000000000 ) ;
#8712 = EDGE_LOOP ( 'NONE', ( #2649, #6522, #8999, #2182 ) ) ;
#8713 = CARTESIAN_POINT ( 'NONE',  ( -8.889999999999998792, -0.6699999999999979305, 0.2971320343559630262 ) ) ;
#8714 = SURFACE_SIDE_STYLE ('',( #5923 ) ) ;
#8715 = ADVANCED_FACE ( 'NONE', ( #1171 ), #7819, .T. ) ;
#8716 = CARTESIAN_POINT ( 'NONE',  ( 1.270000000000000240, -4.629945645751342376, -1.355252715606880543E-17 ) ) ;
#8717 = B_SPLINE_CURVE_WITH_KNOTS ( 'NONE', 3,
 ( #6378, #7577, #66, #5686, #1299, #3475, #8462, #7015, #4772, #1264, #6286, #4123, #6922, #607, #3428, #2087, #2770 ),
 .UNSPECIFIED., .F., .F.,
 ( 4, 2, 2, 2, 2, 1, 2, 2, 4 ),
 ( 0.000000000000000000, 0.1250000000000003331, 0.2500000000000006661, 0.3750000000000009992, 0.5000000000000014433, 0.6250000000000018874, 0.6875000000000022204, 0.7500000000000024425, 1.000000000000000000 ),
 .UNSPECIFIED. ) ;
#8718 = VECTOR ( 'NONE', #8397, 1000.000000000000000 ) ;
#8719 = PRESENTATION_STYLE_ASSIGNMENT (( #3682 ) ) ;
#8720 = ORIENTED_EDGE ( 'NONE', *, *, #7727, .F. ) ;
#8721 = CARTESIAN_POINT ( 'NONE',  ( 6.398071391332038615, -0.6699999999999729505, 0.3827473746590864256 ) ) ;
#8722 = ORIENTED_EDGE ( 'NONE', *, *, #4802, .T. ) ;
#8723 = LINE ( 'NONE', #2470, #4297 ) ;
#8724 = CARTESIAN_POINT ( 'NONE',  ( 8.890000000000002345, 7.361853603950962111, -0.3200000000000008948 ) ) ;
#8725 =( BOUNDED_SURFACE ( )  B_SPLINE_SURFACE ( 3, 3, ( 
 ( #8341, #6931, #761, #6387 ),
 ( #2693, #77, #2869, #618 ),
 ( #3438, #5694, #8470, #1487 ),
 ( #6249, #4305, #3393, #2053 ) ),
 .UNSPECIFIED., .F., .F., .F. ) 
 B_SPLINE_SURFACE_WITH_KNOTS ( ( 4, 4 ),
 ( 4, 4 ),
 ( 0.000000000000000000, 1.000000000000000000 ),
 ( 0.000000000000000000, 1.000000000000000000 ),
 .UNSPECIFIED. ) 
 GEOMETRIC_REPRESENTATION_ITEM ( )  RATIONAL_B_SPLINE_SURFACE ( (
 ( 1.000000000000000000, 0.3333333333333334259, 0.3333333333333334259, 1.000000000000000000),
 ( 0.8009815829414672628, 0.2669938609804891616, 0.2669938609804891616, 0.8009815829414672628),
 ( 0.8009815829414672628, 0.2669938609804891616, 0.2669938609804891616, 0.8009815829414672628),
 ( 1.000000000000000000, 0.3333333333333334259, 0.3333333333333334259, 1.000000000000000000) ) ) 
 REPRESENTATION_ITEM ( '' )  SURFACE ( )  );
#8726 = LINE ( 'NONE', #3071, #4746 ) ;
#8727 = CIRCLE ( 'NONE', #2995, 0.1500000000000020206 ) ;
#8728 = CARTESIAN_POINT ( 'NONE',  ( -1.270000000000000240, 7.489960314960472765, 2.117582368135750848E-17 ) ) ;
#8729 = DIRECTION ( 'NONE',  ( 0.000000000000000000, 6.123031769111889989E-17, -1.000000000000000000 ) ) ;
#8730 = EDGE_CURVE ( 'NONE', #5761, #7877, #4584, .T. ) ;
#8731 = ADVANCED_FACE ( 'NONE', ( #5464 ), #4932, .F. ) ;
#8732 = ADVANCED_FACE ( 'NONE', ( #1343 ), #1300, .T. ) ;
#8733 = VERTEX_POINT ( 'NONE', #5637 ) ;
#8734 = DIRECTION ( 'NONE',  ( 0.000000000000000000, 1.000000000000000000, 0.000000000000000000 ) ) ;
#8735 = ORIENTED_EDGE ( 'NONE', *, *, #7855, .F. ) ;
#8736 = CARTESIAN_POINT ( 'NONE',  ( -0.8850000000000012301, -0.6699999999999979305, -0.02417445737794610139 ) ) ;
#8737 = VERTEX_POINT ( 'NONE', #8463 ) ;
#8738 = CARTESIAN_POINT ( 'NONE',  ( -9.530000000000001137, 3.479999999999999538, -0.3199999999999999512 ) ) ;
#8739 = UNCERTAINTY_MEASURE_WITH_UNIT (LENGTH_MEASURE( 1.000000000000000082E-05 ), #3029, 'distance_accuracy_value', 'NONE');
#8740 = DIRECTION ( 'NONE',  ( 0.000000000000000000, 0.000000000000000000, 1.000000000000000000 ) ) ;
#8741 = PRESENTATION_LAYER_ASSIGNMENT (  '', '', ( #516 ) ) ;
#8742 = PLANE ( 'NONE',  #3 ) ;
#8743 = LINE ( 'NONE', #5270, #4046 ) ;
#8744 = ORIENTED_EDGE ( 'NONE', *, *, #3334, .T. ) ;
#8745 = LINE ( 'NONE', #7330, #150 ) ;
#8746 = EDGE_CURVE ( 'NONE', #7369, #588, #2173, .T. ) ;
#8747 = LINE ( 'NONE', #427, #2683 ) ;
#8748 = AXIS2_PLACEMENT_3D ( 'NONE', #8224, #1933, #6863 ) ;
#8749 = ORIENTED_EDGE ( 'NONE', *, *, #2757, .F. ) ;
#8750 = DIRECTION ( 'NONE',  ( 0.000000000000000000, 1.000000000000000000, 0.000000000000000000 ) ) ;
#8751 =( LENGTH_UNIT ( ) NAMED_UNIT ( * ) SI_UNIT ( .MILLI., .METRE. ) );
#8752 = DIRECTION ( 'NONE',  ( -0.000000000000000000, -1.000000000000000000, -0.000000000000000000 ) ) ;
#8753 = CARTESIAN_POINT ( 'NONE',  ( -6.349999999999999645, -0.6699999999999866063, -0.3849999999999998979 ) ) ;
#8754 =( GEOMETRIC_REPRESENTATION_CONTEXT ( 3 ) GLOBAL_UNCERTAINTY_ASSIGNED_CONTEXT ( ( #1939 ) ) GLOBAL_UNIT_ASSIGNED_CONTEXT ( ( #8479, #7122, #4183 ) ) REPRESENTATION_CONTEXT ( 'NONE', 'WORKASPACE' ) );
#8755 = DIRECTION ( 'NONE',  ( 8.659560562354932858E-17, 0.7071067811865474617, -0.7071067811865474617 ) ) ;
#8756 = FILL_AREA_STYLE_COLOUR ( '', #3081 ) ;
#8757 = AXIS2_PLACEMENT_3D ( 'NONE', #8808, #2652, #5477 ) ;
#8758 = CARTESIAN_POINT ( 'NONE',  ( 3.607146902495127261, 3.330000000000003180, -0.4242837188333266063 ) ) ;
#8759 = CARTESIAN_POINT ( 'NONE',  ( -8.890000000000000568, 7.489960314960472765, 2.117582368135750848E-17 ) ) ;
#8760 = CARTESIAN_POINT ( 'NONE',  ( 4.209999999999999964, -0.6699999999999990408, 0.000000000000000000 ) ) ;
#8761 = CARTESIAN_POINT ( 'NONE',  ( 5.409999999999998366, 3.329999999999999183, 0.4700000000000008060 ) ) ;
#8762 = ORIENTED_EDGE ( 'NONE', *, *, #7138, .T. ) ;
#8763 = CARTESIAN_POINT ( 'NONE',  ( -9.274933004233250955, -0.6699999999999409761, -0.04860869467566194396 ) ) ;
#8764 = DIRECTION ( 'NONE',  ( -1.000000000000000000, 0.000000000000000000, -1.224646799147353207E-16 ) ) ;
#8765 = ADVANCED_FACE ( 'NONE', ( #4817 ), #3565, .T. ) ;
#8766 = DIRECTION ( 'NONE',  ( -0.000000000000000000, -1.000000000000000000, -0.000000000000000000 ) ) ;
#8767 = EDGE_CURVE ( 'NONE', #756, #3266, #5007, .T. ) ;
#8768 = ORIENTED_EDGE ( 'NONE', *, *, #7161, .F. ) ;
#8769 = EDGE_LOOP ( 'NONE', ( #6231, #8520, #4364 ) ) ;
#8770 = DIRECTION ( 'NONE',  ( -0.000000000000000000, -1.000000000000000000, -0.000000000000000000 ) ) ;
#8771 = CARTESIAN_POINT ( 'NONE',  ( 3.810000000000000053, -4.400000000000000355, 0.004999999999994560011 ) ) ;
#8772 = SURFACE_STYLE_USAGE ( .BOTH. , #5260 ) ;
#8773 = B_SPLINE_CURVE_WITH_KNOTS ( 'NONE', 3,
 ( #7959, #5859, #2404, #1673, #7293, #3795, #5231, #6604, #8007, #6830, #6650, #4712, #3332, #6694, #5274, #333, #5995 ),
 .UNSPECIFIED., .F., .F.,
 ( 4, 2, 2, 2, 2, 1, 2, 2, 4 ),
 ( 0.000000000000000000, 0.1250000000000004996, 0.2500000000000009992, 0.3750000000000014988, 0.5000000000000019984, 0.6250000000000024425, 0.6875000000000022204, 0.7500000000000018874, 1.000000000000000000 ),
 .UNSPECIFIED. ) ;
#8774 = PLANE ( 'NONE',  #1108 ) ;
#8775 = EDGE_LOOP ( 'NONE', ( #4945, #6154, #4076, #7294 ) ) ;
#8776 = CARTESIAN_POINT ( 'NONE',  ( 8.890000000000000568, -0.6699999999999866063, -0.3849999999999998979 ) ) ;
#8777 = ORIENTED_EDGE ( 'NONE', *, *, #8802, .T. ) ;
#8778 = ORIENTED_EDGE ( 'NONE', *, *, #1133, .F. ) ;
#8779 = DIRECTION ( 'NONE',  ( 0.000000000000000000, 1.000000000000000000, 4.075948017099156388E-17 ) ) ;
#8780 = CARTESIAN_POINT ( 'NONE',  ( 6.350000000000000533, -0.7321320343559627464, -0.2349999999999980438 ) ) ;
#8781 = CARTESIAN_POINT ( 'NONE',  ( -8.006523063262001472, -7.776250346772097611E-17, 1.269999999999999574 ) ) ;
#8782 = CARTESIAN_POINT ( 'NONE',  ( 3.810000000000000497, 3.392132034355963555, -0.3199999999999999512 ) ) ;
#8783 = AXIS2_PLACEMENT_3D ( 'NONE', #3270, #1325, #6130 ) ;
#8784 = CARTESIAN_POINT ( 'NONE',  ( -5.466523063261999660, 2.799999999999999822, 1.269999999999999796 ) ) ;
#8785 = DIRECTION ( 'NONE',  ( 1.000000000000000000, -7.401486830834319717E-14, 0.000000000000000000 ) ) ;
#8786 = CARTESIAN_POINT ( 'NONE',  ( 6.349999999999999645, -4.629945645751342376, 1.355252715606880543E-17 ) ) ;
#8787 =( LENGTH_UNIT ( ) NAMED_UNIT ( * ) SI_UNIT ( .MILLI., .METRE. ) );
#8788 = ORIENTED_EDGE ( 'NONE', *, *, #3836, .F. ) ;
#8789 = EDGE_CURVE ( 'NONE', #7617, #4195, #7783, .T. ) ;
#8790 = CARTESIAN_POINT ( 'NONE',  ( -10.06673846836899955, 6.551643992949719860E-17, -1.070000000000000062 ) ) ;
#8791 =( LENGTH_UNIT ( ) NAMED_UNIT ( * ) SI_UNIT ( .MILLI., .METRE. ) );
#8792 = CARTESIAN_POINT ( 'NONE',  ( 5.466523063261999660, -7.776250346772100076E-17, 1.270000000000000018 ) ) ;
#8793 = CARTESIAN_POINT ( 'NONE',  ( -5.880000000000005222, -4.399999999999999467, -0.2349999999999975719 ) ) ;
#8794 = SURFACE_STYLE_USAGE ( .BOTH. , #6701 ) ;
#8795 = DIRECTION ( 'NONE',  ( 1.000000000000000000, -0.000000000000000000, 0.000000000000000000 ) ) ;
#8796 = DIRECTION ( 'NONE',  ( -0.000000000000000000, -1.000000000000000000, -6.123031769111889989E-17 ) ) ;
#8797 = CARTESIAN_POINT ( 'NONE',  ( -6.350000000000000533, 7.361853603950962111, -0.3200000000000008948 ) ) ;
#8798 = VERTEX_POINT ( 'NONE', #7699 ) ;
#8799 = CARTESIAN_POINT ( 'NONE',  ( -9.043052039872822689, -0.6699999999999584066, 0.3534632452272084002 ) ) ;
#8800 = CARTESIAN_POINT ( 'NONE',  ( -7.674266901142090092, 5.327037639127340260E-17, -0.8699999999999999956 ) ) ;
#8801 = CARTESIAN_POINT ( 'NONE',  ( -7.674266901142090092, -5.327037639127340260E-17, 0.8699999999999999956 ) ) ;
#8802 = EDGE_CURVE ( 'NONE', #3619, #8906, #1391, .T. ) ;
#8803 = PRESENTATION_STYLE_ASSIGNMENT (( #6013 ) ) ;
#8804 = EDGE_CURVE ( 'NONE', #2357, #58, #2312, .T. ) ;
#8805 = CARTESIAN_POINT ( 'NONE',  ( 5.466523063261998772, 2.799999999999999822, -1.269999999999999796 ) ) ;
#8806 = VECTOR ( 'NONE', #6135, 1000.000000000000114 ) ;
#8807 = ORIENTED_EDGE ( 'NONE', *, *, #5765, .T. ) ;
#8808 = CARTESIAN_POINT ( 'NONE',  ( 0.2932615316309999942, 6.551643992949719860E-17, -1.070000000000000062 ) ) ;
#8809 = CIRCLE ( 'NONE', #5313, 0.1500000000000009936 ) ;
#8810 = ORIENTED_EDGE ( 'NONE', *, *, #8248, .T. ) ;
#8811 = CARTESIAN_POINT ( 'NONE',  ( 6.990000000000001101, 7.361853603950959446, -0.3200000000000007838 ) ) ;
#8812 = CARTESIAN_POINT ( 'NONE',  ( 6.659803354507648265, 3.330000000000000959, -0.3546651807116568134 ) ) ;
#8813 = CARTESIAN_POINT ( 'NONE',  ( -3.810000000000000053, 3.479999999999999982, -0.3199999999999999512 ) ) ;
#8814 = EDGE_CURVE ( 'NONE', #2827, #1028, #6287, .T. ) ;
#8815 = UNCERTAINTY_MEASURE_WITH_UNIT (LENGTH_MEASURE( 1.000000000000000082E-05 ), #5168, 'distance_accuracy_value', 'NONE');
#8816 = VECTOR ( 'NONE', #3403, 1000.000000000000000 ) ;
#8817 = CARTESIAN_POINT ( 'NONE',  ( -4.279999999999994920, -0.8199999999999998401, 0.2349999999999980715 ) ) ;
#8818 = CARTESIAN_POINT ( 'NONE',  ( -3.340000000000004299, -0.7321320343559630794, 0.2349999999999980160 ) ) ;
#8819 = CARTESIAN_POINT ( 'NONE',  ( -1.654933004233320570, -0.6699999999999408651, -0.04860869467588920662 ) ) ;
#8820 = ORIENTED_EDGE ( 'NONE', *, *, #6914, .F. ) ;
#8821 = CARTESIAN_POINT ( 'NONE',  ( 8.986792291819993395, -0.6699999999999763922, -0.3759894986363452873 ) ) ;
#8822 = AXIS2_PLACEMENT_3D ( 'NONE', #5095, #2309, #5723 ) ;
#8823 = ORIENTED_EDGE ( 'NONE', *, *, #955, .F. ) ;
#8824 = CARTESIAN_POINT ( 'NONE',  ( -8.890000000000000568, 3.479999999999999982, 0.4700000000000009726 ) ) ;
#8825 = CARTESIAN_POINT ( 'NONE',  ( 3.868684555652092349, 3.330000000000002736, -0.4672500417916118365 ) ) ;
#8826 = CARTESIAN_POINT ( 'NONE',  ( -8.723497704831128630, -0.6699999999999818323, -0.3473305202276618098 ) ) ;
#8827 = CARTESIAN_POINT ( 'NONE',  ( -8.890000000000000568, -0.6700000000137151801, -0.4149999999673494866 ) ) ;
#8828 =( NAMED_UNIT ( * ) PLANE_ANGLE_UNIT ( ) SI_UNIT ( $, .RADIAN. ) );
#8829 = EDGE_CURVE ( 'NONE', #841, #3092, #2135, .T. ) ;
#8830 = EDGE_CURVE ( 'NONE', #2967, #102, #7235, .T. ) ;
#8831 = COLOUR_RGB ( '',0.000000000000000000, 0.000000000000000000, 0.000000000000000000 ) ;
#8832 = ORIENTED_EDGE ( 'NONE', *, *, #462, .F. ) ;
#8833 = DIRECTION ( 'NONE',  ( 0.000000000000000000, 0.000000000000000000, 1.000000000000000000 ) ) ;
#8834 = CARTESIAN_POINT ( 'NONE',  ( -3.810000000000000497, 3.330000000000000071, -0.3821320343559643784 ) ) ;
#8835 = FILL_AREA_STYLE_COLOUR ( '', #4158 ) ;
#8836 = ORIENTED_EDGE ( 'NONE', *, *, #8995, .T. ) ;
#8837 = PLANE ( 'NONE',  #3123 ) ;
#8838 = AXIS2_PLACEMENT_3D ( 'NONE', #3208, #6895, #2655 ) ;
#8839 = DIRECTION ( 'NONE',  ( 0.000000000000000000, 0.000000000000000000, 1.000000000000000000 ) ) ;
#8840 = DIRECTION ( 'NONE',  ( 0.000000000000000000, 0.000000000000000000, 1.000000000000000000 ) ) ;
#8841 = CARTESIAN_POINT ( 'NONE',  ( 3.810000000000000053, -4.629945645751342376, 1.355252715606880543E-17 ) ) ;
#8842 = EDGE_CURVE ( 'NONE', #7004, #7130, #4339, .T. ) ;
#8843 = CARTESIAN_POINT ( 'NONE',  ( -6.350000000000001421, -4.632925319547866572, 0.1370326030541654527 ) ) ;
#8844 = FACE_BOUND ( 'NONE', #575, .T. ) ;
#8845 = EDGE_CURVE ( 'NONE', #5974, #4974, #2102, .T. ) ;
#8846 = MECHANICAL_DESIGN_GEOMETRIC_PRESENTATION_REPRESENTATION (  '', ( #3576 ), #4452 ) ;
#8847 = DIRECTION ( 'NONE',  ( 0.000000000000000000, 0.000000000000000000, 1.000000000000000000 ) ) ;
#8848 = CARTESIAN_POINT ( 'NONE',  ( 3.810000000000000053, -0.8199999999999999512, 0.2349999999999980160 ) ) ;
#8849 = VECTOR ( 'NONE', #2089, 1000.000000000000000 ) ;
#8850 = ORIENTED_EDGE ( 'NONE', *, *, #8829, .T. ) ;
#8851 = DIRECTION ( 'NONE',  ( 0.4226182617407031605, 0.000000000000000000, 0.9063077870366482713 ) ) ;
#8852 = CIRCLE ( 'NONE', #6666, 0.9150000000000000355 ) ;
#8853 = PRESENTATION_LAYER_ASSIGNMENT (  '', '', ( #7402 ) ) ;
#8854 = SURFACE_STYLE_USAGE ( .BOTH. , #8163 ) ;
#8855 =( NAMED_UNIT ( * ) PLANE_ANGLE_UNIT ( ) SI_UNIT ( $, .RADIAN. ) );
#8857 = CARTESIAN_POINT ( 'NONE',  ( -3.713207708180014777, -0.6699999999999769473, -0.3759894986363453429 ) ) ;
#8856 = CIRCLE ( 'NONE', #3130, 0.6650000000000000355 ) ;
#8858 = VERTEX_POINT ( 'NONE', #2904 ) ;
#8859 = CARTESIAN_POINT ( 'NONE',  ( -8.890000000000000568, 2.799999999999999822, -0.9150000000000000355 ) ) ;
#8860 = ORIENTED_EDGE ( 'NONE', *, *, #5908, .T. ) ;
#8861 = CARTESIAN_POINT ( 'NONE',  ( -0.3865230632620012541, 2.799999999999999822, 1.270000000000000018 ) ) ;
#8862 = EDGE_CURVE ( 'NONE', #8178, #2739, #5183, .T. ) ;
#8863 = ORIENTED_EDGE ( 'NONE', *, *, #5630, .T. ) ;
#8864 = CARTESIAN_POINT ( 'NONE',  ( 6.990000000000001101, 7.175000000000000711, 0.3200000000000007838 ) ) ;
#8865 = AXIS2_PLACEMENT_3D ( 'NONE', #8583, #6446, #5706 ) ;
#8866 = PLANE ( 'NONE',  #8253 ) ;
#8867 = LINE ( 'NONE', #2568, #1856 ) ;
#8868 = VECTOR ( 'NONE', #5711, 1000.000000000000000 ) ;
#8869 =( NAMED_UNIT ( * ) PLANE_ANGLE_UNIT ( ) SI_UNIT ( $, .RADIAN. ) );
#8870 = CARTESIAN_POINT ( 'NONE',  ( -9.973476936738002507, -7.776250346772100076E-17, 1.270000000000000018 ) ) ;
#8871 = CARTESIAN_POINT ( 'NONE',  ( -1.617536002364717396, -0.6699999999999434186, -0.1661906727833168396 ) ) ;
#8872 = ORIENTED_EDGE ( 'NONE', *, *, #1909, .T. ) ;
#8873 = DIRECTION ( 'NONE',  ( 0.000000000000000000, 0.000000000000000000, 1.000000000000000000 ) ) ;
#8874 = EDGE_LOOP ( 'NONE', ( #6355, #2124, #7092, #3720 ) ) ;
#8875 = FACE_BOUND ( 'NONE', #5603, .T. ) ;
#8876 = ORIENTED_EDGE ( 'NONE', *, *, #4406, .T. ) ;
#8877 = CARTESIAN_POINT ( 'NONE',  ( 0.8110676961480448588, 3.330000000000004068, 0.1177832789720247714 ) ) ;
#8878 = CIRCLE ( 'NONE', #3003, 0.2300000000000030076 ) ;
#8879 = ADVANCED_FACE ( 'NONE', ( #8647 ), #5858, .T. ) ;
#8880 = EDGE_LOOP ( 'NONE', ( #8039, #5778 ) ) ;
#8881 = LINE ( 'NONE', #4843, #2499 ) ;
#8882 = EDGE_CURVE ( 'NONE', #925, #7252, #8773, .T. ) ;
#8883 = CIRCLE ( 'NONE', #5810, 0.1500000000000009936 ) ;
#8884 = EDGE_LOOP ( 'NONE', ( #1228, #5303 ) ) ;
#8885 = EDGE_CURVE ( 'NONE', #5243, #2561, #4622, .T. ) ;
#8886 = DIRECTION ( 'NONE',  ( -0.4226182617407031605, 0.000000000000000000, 0.9063077870366482713 ) ) ;
#8887 = CYLINDRICAL_SURFACE ( 'NONE', #6202, 0.9150000000000000355 ) ;
#8888 = FACE_OUTER_BOUND ( 'NONE', #2697, .T. ) ;
#8889 = CARTESIAN_POINT ( 'NONE',  ( 3.810000000000000497, -4.632925319547866572, -0.1370326030541654527 ) ) ;
#8890 = CARTESIAN_POINT ( 'NONE',  ( -1.270000000000000240, 7.361853603950962111, -0.3200000000000008948 ) ) ;
#8891 = CARTESIAN_POINT ( 'NONE',  ( 1.270000000000000018, -0.4200000000000000400, -0.6649999999090686620 ) ) ;
#8892 = AXIS2_PLACEMENT_3D ( 'NONE', #6442, #8350, #1412 ) ;
#8893 = EDGE_CURVE ( 'NONE', #6590, #4312, #7541, .T. ) ;
#8894 = CARTESIAN_POINT ( 'NONE',  ( 6.349999999999999645, 3.329999999999999183, -0.4700000000000008060 ) ) ;
#8895 = DIRECTION ( 'NONE',  ( 0.000000000000000000, 1.000000000000000000, 4.075948017035275911E-17 ) ) ;
#8896 = CARTESIAN_POINT ( 'NONE',  ( 6.723736873295431238, -0.6699999999999970424, -0.09531021239245705823 ) ) ;
#8897 = ADVANCED_FACE ( 'NONE', ( #3977 ), #8236, .T. ) ;
#8898 = ORIENTED_EDGE ( 'NONE', *, *, #864, .T. ) ;
#8899 = AXIS2_PLACEMENT_3D ( 'NONE', #6438, #1554, #129 ) ;
#8900 = DIRECTION ( 'NONE',  ( 0.000000000000000000, 0.000000000000000000, 1.000000000000000000 ) ) ;
#8901 = FACE_OUTER_BOUND ( 'NONE', #3059, .T. ) ;
#8902 = VECTOR ( 'NONE', #3729, 1000.000000000000000 ) ;
#8903 = PLANE ( 'NONE',  #1836 ) ;
#8904 = ORIENTED_EDGE ( 'NONE', *, *, #5481, .F. ) ;
#8905 = FACE_OUTER_BOUND ( 'NONE', #4084, .T. ) ;
#8906 = VERTEX_POINT ( 'NONE', #6738 ) ;
#8907 = VERTEX_POINT ( 'NONE', #4667 ) ;
#8908 = AXIS2_PLACEMENT_3D ( 'NONE', #4863, #73, #6974 ) ;
#8909 = DIRECTION ( 'NONE',  ( 1.000000000000000000, 0.000000000000000000, 0.000000000000000000 ) ) ;
#8910 = SURFACE_STYLE_FILL_AREA ( #584 ) ;
#8911 = PRESENTATION_STYLE_ASSIGNMENT (( #3312 ) ) ;
#8912 = UNCERTAINTY_MEASURE_WITH_UNIT (LENGTH_MEASURE( 1.000000000000000082E-05 ), #465, 'distance_accuracy_value', 'NONE');
#8913 = CARTESIAN_POINT ( 'NONE',  ( -1.270000000000000240, -4.629945645751342376, -1.355252715606880543E-17 ) ) ;
#8914 = ORIENTED_EDGE ( 'NONE', *, *, #8572, .F. ) ;
#8915 = CARTESIAN_POINT ( 'NONE',  ( 6.410493847420734248, 3.330000000000001403, 0.4699999999999998623 ) ) ;
#8916 = DIRECTION ( 'NONE',  ( 0.000000000000000000, 1.000000000000000000, 0.000000000000000000 ) ) ;
#8917 = CARTESIAN_POINT ( 'NONE',  ( 6.349999999999999645, 7.174999999999999822, 0.3200000000000007838 ) ) ;
#8918 = ORIENTED_EDGE ( 'NONE', *, *, #6190, .T. ) ;
#8919 = SURFACE_STYLE_USAGE ( .BOTH. , #1983 ) ;
#8920 =( NAMED_UNIT ( * ) SI_UNIT ( $, .STERADIAN. ) SOLID_ANGLE_UNIT ( ) );
#8921 = ADVANCED_FACE ( 'NONE', ( #1763 ), #2495, .T. ) ;
#8922 = VERTEX_POINT ( 'NONE', #383 ) ;
#8923 = DIRECTION ( 'NONE',  ( 0.000000000000000000, 0.000000000000000000, 1.000000000000000000 ) ) ;
#8924 = EDGE_CURVE ( 'NONE', #4997, #6499, #6040, .T. ) ;
#8925 = ORIENTED_EDGE ( 'NONE', *, *, #2990, .T. ) ;
#8926 = FACE_OUTER_BOUND ( 'NONE', #910, .T. ) ;
#8927 = CARTESIAN_POINT ( 'NONE',  ( -2.833261531631000363, -6.551643992949719860E-17, 1.070000000000000062 ) ) ;
#8928 = ADVANCED_FACE ( 'NONE', ( #3281 ), #1945, .T. ) ;
#8929 = DIRECTION ( 'NONE',  ( -1.000000000000000000, 0.000000000000000000, -1.224646799147353207E-16 ) ) ;
#8930 = DIRECTION ( 'NONE',  ( 0.000000000000000000, 0.000000000000000000, 1.000000000000000000 ) ) ;
#8931 = CARTESIAN_POINT ( 'NONE',  ( -6.819999999999995843, -0.8199999999999998401, 0.2349999999999980715 ) ) ;
#8932 = FACE_OUTER_BOUND ( 'NONE', #8453, .T. ) ;
#8933 = CARTESIAN_POINT ( 'NONE',  ( 3.353699484184457624, 3.330000000000003624, -0.1166483506770515377 ) ) ;
#8934 = CIRCLE ( 'NONE', #5576, 0.2349999999999980160 ) ;
#8935 = CARTESIAN_POINT ( 'NONE',  ( -8.890000000000000568, 3.330000000000000515, -0.4700000000000001954 ) ) ;
#8936 = CARTESIAN_POINT ( 'NONE',  ( -0.9151229801922684537, 3.330000000000001847, -0.3100151936036724121 ) ) ;
#8937 = ORIENTED_EDGE ( 'NONE', *, *, #4116, .F. ) ;
#8938 = CARTESIAN_POINT ( 'NONE',  ( -8.985632467122798062, -0.6699999999999624034, -0.3737368732954314821 ) ) ;
#8939 = DIRECTION ( 'NONE',  ( -1.000000000000000000, 0.000000000000000000, -1.224646799147353207E-16 ) ) ;
#8940 = PRESENTATION_LAYER_ASSIGNMENT (  '', '', ( #7768 ) ) ;
#8941 = CARTESIAN_POINT ( 'NONE',  ( -9.359999999999997655, -0.7321320343559630794, -0.2349999999999980160 ) ) ;
#8942 =( NAMED_UNIT ( * ) SI_UNIT ( $, .STERADIAN. ) SOLID_ANGLE_UNIT ( ) );
#8943 = ADVANCED_FACE ( 'NONE', ( #2670 ), #5501, .T. ) ;
#8944 = PRESENTATION_STYLE_ASSIGNMENT (( #8118 ) ) ;
#8945 = ORIENTED_EDGE ( 'NONE', *, *, #3954, .T. ) ;
#8946 = SURFACE_STYLE_USAGE ( .BOTH. , #6060 ) ;
#8947 = ORIENTED_EDGE ( 'NONE', *, *, #8016, .F. ) ;
#8948 = PLANE ( 'NONE',  #36 ) ;
#8949 =( NAMED_UNIT ( * ) SI_UNIT ( $, .STERADIAN. ) SOLID_ANGLE_UNIT ( ) );
#8950 = VECTOR ( 'NONE', #3799, 1000.000000000000000 ) ;
#8951 = SURFACE_SIDE_STYLE ('',( #2011 ) ) ;
#8952 = CARTESIAN_POINT ( 'NONE',  ( -9.359999999999995879, -4.537064994640259030, 0.2349999999999976275 ) ) ;
#8953 = CARTESIAN_POINT ( 'NONE',  ( -4.279999999999995808, -0.7321320343559630794, 0.2349999999999980160 ) ) ;
#8954 = CIRCLE ( 'NONE', #8371, 0.6650000000000000355 ) ;
#8955 = DIRECTION ( 'NONE',  ( 1.000000000000000000, -0.000000000000000000, 0.000000000000000000 ) ) ;
#8956 = ORIENTED_EDGE ( 'NONE', *, *, #7876, .F. ) ;
#8957 = CARTESIAN_POINT ( 'NONE',  ( -6.723660126678689508, 7.492926245181915412, 0.1868300633393451260 ) ) ;
#8958 = CARTESIAN_POINT ( 'NONE',  ( -1.645921541353676298, -0.6699999999999416422, -0.09654514245897088953 ) ) ;
#8959 = CARTESIAN_POINT ( 'NONE',  ( 6.349999999999999645, -4.400000000000000355, -0.2349999999999975719 ) ) ;
#8960 = EDGE_CURVE ( 'NONE', #3685, #1230, #2393, .T. ) ;
#8961 = VERTEX_POINT ( 'NONE', #4240 ) ;
#8962 = DIRECTION ( 'NONE',  ( 0.4226182617407031605, 0.000000000000000000, 0.9063077870366482713 ) ) ;
#8963 = PRESENTATION_STYLE_ASSIGNMENT (( #1851 ) ) ;
#8964 =( BOUNDED_SURFACE ( )  B_SPLINE_SURFACE ( 3, 3, ( 
 ( #4256, #4909, #7618, #8374 ),
 ( #712, #4215, #6243, #7019 ),
 ( #1303, #5512, #4861, #2177 ),
 ( #3526, #4128, #8420, #7743 ) ),
 .UNSPECIFIED., .F., .F., .F. ) 
 B_SPLINE_SURFACE_WITH_KNOTS ( ( 4, 4 ),
 ( 4, 4 ),
 ( 0.000000000000000000, 1.000000000000000000 ),
 ( 0.000000000000000000, 1.000000000000000000 ),
 .UNSPECIFIED. ) 
 GEOMETRIC_REPRESENTATION_ITEM ( )  RATIONAL_B_SPLINE_SURFACE ( (
 ( 1.000000000000000000, 0.3333333333333334259, 0.3333333333333334259, 1.000000000000000000),
 ( 0.8047378541243658256, 0.2682459513747886826, 0.2682459513747886826, 0.8047378541243658256),
 ( 0.8047378541243658256, 0.2682459513747886826, 0.2682459513747886826, 0.8047378541243658256),
 ( 1.000000000000000000, 0.3333333333333334259, 0.3333333333333334259, 1.000000000000000000) ) ) 
 REPRESENTATION_ITEM ( '' )  SURFACE ( )  );
#8965 = SURFACE_STYLE_FILL_AREA ( #6175 ) ;
#8966 = PRESENTATION_STYLE_ASSIGNMENT (( #818 ) ) ;
#8967 = CYLINDRICAL_SURFACE ( 'NONE', #1033, 0.3200000000000000067 ) ;
#8968 = CARTESIAN_POINT ( 'NONE',  ( 1.270000000000000018, -0.6699999999568717612, -1.018987004129322684E-17 ) ) ;
#8969 = ORIENTED_EDGE ( 'NONE', *, *, #9069, .F. ) ;
#8970 = EDGE_CURVE ( 'NONE', #691, #6029, #1511, .T. ) ;
#8971 = VECTOR ( 'NONE', #5462, 1000.000000000000000 ) ;
#8972 = CARTESIAN_POINT ( 'NONE',  ( -3.810000000000000053, 3.330000000000000515, -0.4700000000000001954 ) ) ;
#8973 = CARTESIAN_POINT ( 'NONE',  ( 2.339999999999999858, 2.799999999999999822, -0.8699999999999999956 ) ) ;
#8974 = CARTESIAN_POINT ( 'NONE',  ( 1.585259448258234505, -0.6699999999999923794, 0.2239180390502971685 ) ) ;
#8975 = DIRECTION ( 'NONE',  ( 1.000000000000000000, 0.000000000000000000, 0.000000000000000000 ) ) ;
#8976 = CARTESIAN_POINT ( 'NONE',  ( 1.270000000000000018, 7.489960314960471877, -2.117582368135750848E-17 ) ) ;
#8977 = CARTESIAN_POINT ( 'NONE',  ( 9.359999999999997655, -0.8199999999999998401, 0.2349999999999980715 ) ) ;
#8978 = CIRCLE ( 'NONE', #474, 0.3200000000000000067 ) ;
#8979 = ORIENTED_EDGE ( 'NONE', *, *, #1013, .T. ) ;
#8980 = CARTESIAN_POINT ( 'NONE',  ( 3.810000000000000053, -0.8199999999999999512, -0.2349999999999980438 ) ) ;
#8981 = CARTESIAN_POINT ( 'NONE',  ( 1.270000000000000018, -0.4200000000196268957, 0.6649999998894416953 ) ) ;
#8982 = CARTESIAN_POINT ( 'NONE',  ( 4.450000000000000178, 3.392132034355963555, -0.3199999999999998956 ) ) ;
#8983 = LINE ( 'NONE', #3947, #2710 ) ;
#8984 = AXIS2_PLACEMENT_3D ( 'NONE', #6784, #1026, #3408 ) ;
#8985 = AXIS2_PLACEMENT_3D ( 'NONE', #6113, #8909, #4736 ) ;
#8986 = ADVANCED_FACE ( 'NONE', ( #4847 ), #6957, .T. ) ;
#8987 = CARTESIAN_POINT ( 'NONE',  ( 7.420000000000000817, 6.551643992949719860E-17, -0.8700000000000002176 ) ) ;
#8988 = EDGE_LOOP ( 'NONE', ( #8192, #6412, #3459, #1558 ) ) ;
#8989 = CARTESIAN_POINT ( 'NONE',  ( -3.869944237399964404, 3.330000000000003180, -0.4700000000000000289 ) ) ;
#8990 = ORIENTED_EDGE ( 'NONE', *, *, #7932, .T. ) ;
#8991 = CARTESIAN_POINT ( 'NONE',  ( 6.723660126678689508, 7.492926245181915412, -0.1868300633393451260 ) ) ;
#8992 = ADVANCED_FACE ( 'NONE', ( #7647 ), #4155, .T. ) ;
#8993 = AXIS2_PLACEMENT_3D ( 'NONE', #528, #1422, #3347 ) ;
#8994 = FILL_AREA_STYLE_COLOUR ( '', #7087 ) ;
#8995 = EDGE_CURVE ( 'NONE', #8552, #2268, #8360, .T. ) ;
#8996 = AXIS2_PLACEMENT_3D ( 'NONE', #6873, #2031, #6 ) ;
#8997 = CARTESIAN_POINT ( 'NONE',  ( -3.810000000000000053, -0.8199999999999999512, 0.2349999999999980438 ) ) ;
#8998 = CARTESIAN_POINT ( 'NONE',  ( 8.841606353937704554, -0.6699999999999659561, -0.3827473746590863701 ) ) ;
#8999 = ORIENTED_EDGE ( 'NONE', *, *, #3276, .F. ) ;
#9000 = CARTESIAN_POINT ( 'NONE',  ( -6.349999999999999645, 7.174999999999999822, 0.3200000000000007838 ) ) ;
#9001 = MECHANICAL_DESIGN_GEOMETRIC_PRESENTATION_REPRESENTATION (  '', ( #2543 ), #4612 ) ;
#9002 = CARTESIAN_POINT ( 'NONE',  ( -1.585670412532345974, -0.6699999999999460831, -0.2232947942791875806 ) ) ;
#9003 = EDGE_LOOP ( 'NONE', ( #7225, #2241 ) ) ;
#9004 = CARTESIAN_POINT ( 'NONE',  ( 5.976339873321310669, 7.492926245181915412, 0.1868300633393451260 ) ) ;
#9005 = DIRECTION ( 'NONE',  ( -0.000000000000000000, -1.000000000000000000, -0.000000000000000000 ) ) ;
#9006 = VERTEX_POINT ( 'NONE', #4947 ) ;
#9007 = EDGE_CURVE ( 'NONE', #7440, #2025, #3737, .T. ) ;
#9008 = CIRCLE ( 'NONE', #3443, 0.9150000000000000355 ) ;
#9009 = PRESENTATION_STYLE_ASSIGNMENT (( #8919 ) ) ;
#9010 = EDGE_LOOP ( 'NONE', ( #3397, #517, #3175, #4156, #4190 ) ) ;
#9011 = CARTESIAN_POINT ( 'NONE',  ( 1.270000000000000018, -0.6699999999999979305, -0.3850000000000002309 ) ) ;
#9012 = LINE ( 'NONE', #2717, #5887 ) ;
#9013 = VECTOR ( 'NONE', #7880, 1000.000000000000000 ) ;
#9014 =( GEOMETRIC_REPRESENTATION_CONTEXT ( 3 ) GLOBAL_UNCERTAINTY_ASSIGNED_CONTEXT ( ( #4792 ) ) GLOBAL_UNIT_ASSIGNED_CONTEXT ( ( #1541, #1678, #207 ) ) REPRESENTATION_CONTEXT ( 'NONE', 'WORKASPACE' ) );
#9015 =( NAMED_UNIT ( * ) PLANE_ANGLE_UNIT ( ) SI_UNIT ( $, .RADIAN. ) );
#9016 =( BOUNDED_SURFACE ( )  B_SPLINE_SURFACE ( 3, 3, ( 
 ( #4601, #413, #2612, #2567 ),
 ( #3912, #8218, #8952, #5395 ),
 ( #5435, #4647, #4738, #5482 ),
 ( #1970, #8175, #4003, #1276 ) ),
 .UNSPECIFIED., .F., .F., .F. ) 
 B_SPLINE_SURFACE_WITH_KNOTS ( ( 4, 4 ),
 ( 4, 4 ),
 ( 0.000000000000000000, 1.000000000000000000 ),
 ( 0.000000000000000000, 1.000000000000000000 ),
 .UNSPECIFIED. ) 
 GEOMETRIC_REPRESENTATION_ITEM ( )  RATIONAL_B_SPLINE_SURFACE ( (
 ( 1.000000000000000000, 0.3333333333333334259, 0.3333333333333334259, 1.000000000000000000),
 ( 0.7995857374534958151, 0.2665285791511653457, 0.2665285791511653457, 0.7995857374534958151),
 ( 0.7995857374534958151, 0.2665285791511653457, 0.2665285791511653457, 0.7995857374534958151),
 ( 1.000000000000000000, 0.3333333333333334259, 0.3333333333333334259, 1.000000000000000000) ) ) 
 REPRESENTATION_ITEM ( '' )  SURFACE ( )  );
#9017 = ORIENTED_EDGE ( 'NONE', *, *, #8409, .T. ) ;
#9018 =( GEOMETRIC_REPRESENTATION_CONTEXT ( 3 ) GLOBAL_UNCERTAINTY_ASSIGNED_CONTEXT ( ( #1572 ) ) GLOBAL_UNIT_ASSIGNED_CONTEXT ( ( #8014, #6517, #7881 ) ) REPRESENTATION_CONTEXT ( 'NONE', 'WORKASPACE' ) );
#9019 = DIRECTION ( 'NONE',  ( 1.000000000000000000, -0.000000000000000000, 0.000000000000000000 ) ) ;
#9020 = CARTESIAN_POINT ( 'NONE',  ( -6.539498767382616151, -0.6699999999999556310, 0.3354508356857115459 ) ) ;
#9021 = CARTESIAN_POINT ( 'NONE',  ( 7.820000000000000284, 6.551643992949719860E-17, -0.8700000000000002176 ) ) ;
#9022 = CARTESIAN_POINT ( 'NONE',  ( 6.349999999999999645, 5.327499999999999680, 0.3200000000000000067 ) ) ;
#9023 = DIRECTION ( 'NONE',  ( 0.000000000000000000, 1.000000000000000000, 0.000000000000000000 ) ) ;
#9024 =( GEOMETRIC_REPRESENTATION_CONTEXT ( 3 ) GLOBAL_UNCERTAINTY_ASSIGNED_CONTEXT ( ( #8739 ) ) GLOBAL_UNIT_ASSIGNED_CONTEXT ( ( #3029, #1706, #2435 ) ) REPRESENTATION_CONTEXT ( 'NONE', 'WORKASPACE' ) );
#9025 = CARTESIAN_POINT ( 'NONE',  ( 9.359999999999997655, -0.8199999999999998401, -0.2349999999999980715 ) ) ;
#9026 = ORIENTED_EDGE ( 'NONE', *, *, #6079, .F. ) ;
#9027 = CARTESIAN_POINT ( 'NONE',  ( -2.594266901142090020, 2.799999999999999822, -0.8699999999999997735 ) ) ;
#9028 = FACE_OUTER_BOUND ( 'NONE', #2603, .T. ) ;
#9029 = CARTESIAN_POINT ( 'NONE',  ( 6.349999999999999645, 2.799999999999999822, 0.000000000000000000 ) ) ;
#9030 = COLOUR_RGB ( '',0.000000000000000000, 0.000000000000000000, 0.000000000000000000 ) ;
#9031 = LINE ( 'NONE', #2051, #1383 ) ;
#9032 = CARTESIAN_POINT ( 'NONE',  ( -3.810000000000000053, -0.8199999999999999512, -0.3850000000000000089 ) ) ;
#9033 = VERTEX_POINT ( 'NONE', #3513 ) ;
#9034 = CARTESIAN_POINT ( 'NONE',  ( -8.890000000000000568, -4.632925319547866572, -0.1370326030541654527 ) ) ;
#9035 = ORIENTED_EDGE ( 'NONE', *, *, #6107, .F. ) ;
#9036 =( NAMED_UNIT ( * ) PLANE_ANGLE_UNIT ( ) SI_UNIT ( $, .RADIAN. ) );
#9037 = CARTESIAN_POINT ( 'NONE',  ( -9.303309043241412724, 3.330000000000004068, -0.2330404979641956809 ) ) ;
#9038 = CARTESIAN_POINT ( 'NONE',  ( 9.275000000000000355, -0.6699999999999979305, 2.710505431213761085E-17 ) ) ;
#9039 = FACE_OUTER_BOUND ( 'NONE', #4982, .T. ) ;
#9040 = ADVANCED_FACE ( 'NONE', ( #2079 ), #4999, .T. ) ;
#9041 = B_SPLINE_CURVE_WITH_KNOTS ( 'NONE', 3,
 ( #8473, #7026, #7627, #4871, #2781, #7118, #2184, #721, #5604, #6983, #8382, #672, #6935, #2872, #1491, #3490, #623 ),
 .UNSPECIFIED., .F., .F.,
 ( 4, 2, 2, 2, 2, 1, 2, 2, 4 ),
 ( 0.000000000000000000, 0.1250000000000004441, 0.2500000000000008882, 0.3750000000000013323, 0.5000000000000017764, 0.6250000000000022204, 0.6875000000000002220, 0.7499999999999982236, 1.000000000000000000 ),
 .UNSPECIFIED. ) ;
#9042 = CARTESIAN_POINT ( 'NONE',  ( 9.199803354507659847, 3.330000000000000959, -0.3546651807116461552 ) ) ;
#9043 = AXIS2_PLACEMENT_3D ( 'NONE', #574, #6151, #1828 ) ;
#9044 = VERTEX_POINT ( 'NONE', #56 ) ;
#9045 = CARTESIAN_POINT ( 'NONE',  ( 8.890000000000000568, 3.479999999999999982, 0.3199999999999999512 ) ) ;
#9046 = DIRECTION ( 'NONE',  ( 0.000000000000000000, 1.000000000000000000, 0.000000000000000000 ) ) ;
#9047 = ORIENTED_EDGE ( 'NONE', *, *, #3002, .T. ) ;
#9048 = CARTESIAN_POINT ( 'NONE',  ( 6.350000000000000533, 7.361853603950962111, -0.3200000000000008948 ) ) ;
#9049 = ORIENTED_EDGE ( 'NONE', *, *, #5070, .T. ) ;
#9050 = SURFACE_STYLE_USAGE ( .BOTH. , #6401 ) ;
#9051 = DIRECTION ( 'NONE',  ( 0.000000000000000000, 0.000000000000000000, 1.000000000000000000 ) ) ;
#9052 = VERTEX_POINT ( 'NONE', #2849 ) ;
#9053 = CARTESIAN_POINT ( 'NONE',  ( 7.233476936738000518, 2.799999999999999822, 1.270000000000000018 ) ) ;
#9054 = CARTESIAN_POINT ( 'NONE',  ( 1.646077767818498128, 3.330000000000000515, 0.2837140651351966469 ) ) ;
#9055 = CARTESIAN_POINT ( 'NONE',  ( 10.15999999999999837, -6.551643992949721092E-17, 0.8699999999999996625 ) ) ;
#9056 = CARTESIAN_POINT ( 'NONE',  ( 1.679117219575972708, 3.330000000000001847, -0.2319339637931092102 ) ) ;
#9057 = ORIENTED_EDGE ( 'NONE', *, *, #6688, .T. ) ;
#9058 = CARTESIAN_POINT ( 'NONE',  ( 1.270000000000000018, 5.327499999999999680, 0.000000000000000000 ) ) ;
#9059 = ORIENTED_EDGE ( 'NONE', *, *, #2711, .T. ) ;
#9060 = ORIENTED_EDGE ( 'NONE', *, *, #4004, .T. ) ;
#9061 = LINE ( 'NONE', #8973, #294 ) ;
#9062 = CIRCLE ( 'NONE', #258, 0.9150000000000000355 ) ;
#9063 = CARTESIAN_POINT ( 'NONE',  ( 1.523775088266885680, -0.6699999999999884936, 0.2905236054765844012 ) ) ;
#9064 = CARTESIAN_POINT ( 'NONE',  ( -3.810000000000000053, 3.330000000000000515, 0.4700000000000000844 ) ) ;
#9065 = CARTESIAN_POINT ( 'NONE',  ( -3.810000000000000053, -0.6700000000705585990, -0.4149999999881947566 ) ) ;
#9066 = CARTESIAN_POINT ( 'NONE',  ( 8.615934793891671717, -4.632925319547867460, -0.1370326030541655082 ) ) ;
#9067 = DIRECTION ( 'NONE',  ( 2.345257230884581992E-17, 1.000000000000000000, 1.093611407104877670E-17 ) ) ;
#9068 = COLOUR_RGB ( '',0.000000000000000000, 0.000000000000000000, 0.000000000000000000 ) ;
#9069 = EDGE_CURVE ( 'NONE', #5735, #970, #2166, .T. ) ;
#9070 = ORIENTED_EDGE ( 'NONE', *, *, #8151, .T. ) ;
#9071 = LINE ( 'NONE', #5143, #6224 ) ;
#9072 = CARTESIAN_POINT ( 'NONE',  ( -10.16000000000000014, 2.799999999999999822, 0.8699999999999999956 ) ) ;
#9073 = CARTESIAN_POINT ( 'NONE',  ( -6.161102474559783104, -0.6699999999999834976, 0.3366411651431855945 ) ) ;
#9074 = CARTESIAN_POINT ( 'NONE',  ( 3.810000000000000053, 3.479999999999999982, 0.4700000000000009726 ) ) ;
#9075 = CARTESIAN_POINT ( 'NONE',  ( -8.006523063261999695, 7.776250346772100076E-17, -1.270000000000000018 ) ) ;
#9076 = CARTESIAN_POINT ( 'NONE',  ( -3.810000000000000053, -4.629945645751342376, 1.355252715606880543E-17 ) ) ;
#9077 = ORIENTED_EDGE ( 'NONE', *, *, #4801, .F. ) ;
#9078 = SURFACE_SIDE_STYLE ('',( #7709 ) ) ;
#9079 = ORIENTED_EDGE ( 'NONE', *, *, #5726, .T. ) ;
#9080 = LINE ( 'NONE', #2916, #1499 ) ;
#9081 = VERTEX_POINT ( 'NONE', #2208 ) ;
#9082 = DIRECTION ( 'NONE',  ( 0.9063077870366482713, 2.587705042845171132E-17, -0.4226182617407031605 ) ) ;
#9083 = CIRCLE ( 'NONE', #2920, 0.2349999999999989875 ) ;
#9084 = DIRECTION ( 'NONE',  ( 0.000000000000000000, 0.000000000000000000, 1.000000000000000000 ) ) ;
#9085 = EDGE_CURVE ( 'NONE', #444, #1139, #8856, .T. ) ;
#9086 = CYLINDRICAL_SURFACE ( 'NONE', #3474, 0.9150000000000000355 ) ;
#9087 = EDGE_CURVE ( 'NONE', #1507, #4195, #7949, .T. ) ;
#9088 = CARTESIAN_POINT ( 'NONE',  ( 8.542463997635197259, -0.6699999999999437517, -0.1661906727832135888 ) ) ;
#9089 = ORIENTED_EDGE ( 'NONE', *, *, #8357, .T. ) ;
#9090 = CARTESIAN_POINT ( 'NONE',  ( -8.773647273183224016, 3.330000000000002292, -0.4562502089580592890 ) ) ;
#9091 = DIRECTION ( 'NONE',  ( 0.000000000000000000, 1.000000000000000000, 0.000000000000000000 ) ) ;
#9092 = ORIENTED_EDGE ( 'NONE', *, *, #5643, .F. ) ;
#9093 = CARTESIAN_POINT ( 'NONE',  ( 3.810000000000000053, -0.2100000000000000200, 0.000000000000000000 ) ) ;
#9094 = AXIS2_PLACEMENT_3D ( 'NONE', #2676, #6835, #1992 ) ;
#9095 = SURFACE_STYLE_FILL_AREA ( #135 ) ;
#9096 = EDGE_CURVE ( 'NONE', #9052, #6251, #8115, .T. ) ;
#9097 = CARTESIAN_POINT ( 'NONE',  ( -0.2932615316310019926, 5.327037639127339643E-17, -1.070000000000000062 ) ) ;
#9098 = AXIS2_PLACEMENT_3D ( 'NONE', #6918, #8929, #5628 ) ;
#9099 = EDGE_LOOP ( 'NONE', ( #904, #3785, #1061, #4234 ) ) ;
#9100 = FACE_OUTER_BOUND ( 'NONE', #1980, .T. ) ;
#9101 = DIRECTION ( 'NONE',  ( 0.000000000000000000, 0.000000000000000000, 1.000000000000000000 ) ) ;
ENDSEC;
END-ISO-10303-21;
